{"type": "FeatureCollection", "features": [{"type": "Feature", "properties": {"zone": "1", "zone_name": "PAMMAL", "area_km2": 14.15, "wards": [1, 2, 3, 4, 5, 6, 7, 8, 10, 11, 12, 29, 30, 31]}, "geometry": {"type": "Polygon", "coordinates": [[[80.1325538, 12.9475789], [80.1325538, 12.9475105], [80.1325079, 12.9474647], [80.132485, 12.9473049], [80.1324162, 12.9472133], [80.1324162, 12.9471221], [80.1323703, 12.9470535], [80.1323703, 12.946985], [80.1323015, 12.9468707], [80.1323015, 12.9467566], [80.1322786, 12.9467565], [80.1322785, 12.9466196], [80.1322556, 12.9466196], [80.1322555, 12.9465055], [80.1322326, 12.9465054], [80.1322326, 12.9463913], [80.1322097, 12.9463912], [80.1322094, 12.9458894], [80.1322551, 12.9458211], [80.132255, 12.9456614], [80.1322321, 12.9456613], [80.132232, 12.9455016], [80.1322549, 12.9455017], [80.1322544, 12.944498], [80.1322314, 12.9444523], [80.1321169, 12.9444062], [80.1320024, 12.9444057], [80.1320025, 12.9444285], [80.1318422, 12.9444279], [80.1318422, 12.9444507], [80.1316132, 12.9444497], [80.1316132, 12.9444269], [80.1314987, 12.9444264], [80.1314987, 12.9444036], [80.1313843, 12.9444031], [80.1313842, 12.9443803], [80.1312698, 12.9443799], [80.1312698, 12.9444027], [80.1311553, 12.9444022], [80.1310637, 12.9444475], [80.1309493, 12.944447], [80.1308577, 12.9444922], [80.1307432, 12.9444918], [80.1306517, 12.944537], [80.1305372, 12.9445365], [80.130354, 12.9446042], [80.1302396, 12.9446037], [80.130148, 12.944649], [80.1300335, 12.9446485], [80.129942, 12.9446938], [80.1298275, 12.9446933], [80.1298275, 12.9447161], [80.1296443, 12.9447382], [80.1295986, 12.9447836], [80.1292552, 12.9448734], [80.1292094, 12.9449189], [80.1289347, 12.9449862], [80.1288889, 12.9450316], [80.1287516, 12.9450538], [80.1286143, 12.9451445], [80.128477, 12.9453949], [80.1284084, 12.9454402], [80.1280881, 12.9459636], [80.1280195, 12.9460089], [80.1278136, 12.9462818], [80.1277678, 12.9462816], [80.1276763, 12.9463953], [80.1274932, 12.9465314], [80.1274932, 12.9465771], [80.1274016, 12.9466451], [80.1274017, 12.9466908], [80.1273101, 12.9467588], [80.1273102, 12.9468044], [80.1272186, 12.9468725], [80.1272186, 12.9469181], [80.1271042, 12.9470089], [80.1271042, 12.9470545], [80.1270127, 12.9471226], [80.1270127, 12.9471682], [80.1268983, 12.947259], [80.1268983, 12.9473046], [80.1268068, 12.9473727], [80.1268068, 12.9474183], [80.1266924, 12.9475091], [80.1266924, 12.9475547], [80.1266009, 12.9476228], [80.1266009, 12.9476684], [80.1265093, 12.9477364], [80.1265094, 12.9477821], [80.1264178, 12.9478501], [80.1264178, 12.9478957], [80.1263263, 12.9479638], [80.1263263, 12.9480094], [80.1262577, 12.9480548], [80.1260974, 12.9480769], [80.1260059, 12.9481222], [80.1258914, 12.9481217], [80.1257998, 12.9481669], [80.1256853, 12.9481665], [80.1256853, 12.9481893], [80.1255709, 12.9481888], [80.1254793, 12.9482341], [80.1253648, 12.9482336], [80.1252733, 12.9482788], [80.1251588, 12.9482784], [80.1251588, 12.9483012], [80.1250443, 12.9483007], [80.1249528, 12.9483459], [80.1248383, 12.9483455], [80.1246552, 12.9484132], [80.1245407, 12.9484127], [80.1244491, 12.9484579], [80.1243346, 12.9484575], [80.1242431, 12.9485027], [80.1241286, 12.9485022], [80.124037, 12.9485475], [80.1239226, 12.948547], [80.1239226, 12.9485698], [80.1238081, 12.9485693], [80.1238081, 12.9485922], [80.1236936, 12.9486145], [80.1236021, 12.9486141], [80.1235105, 12.9486594], [80.123396, 12.9486589], [80.1233045, 12.9487041], [80.12319, 12.9487037], [80.1230984, 12.9487489], [80.1229839, 12.9487484], [80.1228924, 12.9487937], [80.1227779, 12.9487932], [80.1226863, 12.9488385], [80.1225719, 12.948838], [80.1225719, 12.9488608], [80.1224574, 12.9488603], [80.1222743, 12.948928], [80.1220911, 12.9489272], [80.1220911, 12.9488816], [80.1220224, 12.9488357], [80.1220223, 12.9487673], [80.1219765, 12.9487443], [80.1219077, 12.9486071], [80.121862, 12.9486297], [80.1217475, 12.9486293], [80.1216788, 12.9486518], [80.1215873, 12.9487199], [80.1215186, 12.9487196], [80.1214728, 12.948765], [80.1213125, 12.9487872], [80.1211752, 12.948855], [80.1210836, 12.9488547], [80.1209463, 12.9489225], [80.1208547, 12.9489221], [80.120786, 12.9489675], [80.1206945, 12.9489671], [80.1205571, 12.949035], [80.1204655, 12.9490346], [80.1203282, 12.9491025], [80.1202366, 12.9491021], [80.1200993, 12.94917], [80.1200077, 12.9491696], [80.119939, 12.9492149], [80.1198474, 12.9492145], [80.1197788, 12.9492599], [80.1196872, 12.9492595], [80.1194812, 12.9493499], [80.1192065, 12.9494172], [80.119092, 12.9494395], [80.1190462, 12.949485], [80.1189547, 12.9494846], [80.1188173, 12.9495525], [80.1187257, 12.9495521], [80.1185884, 12.94962], [80.1184968, 12.9496196], [80.1183595, 12.9496875], [80.1182679, 12.9496871], [80.1181306, 12.949755], [80.118039, 12.9497546], [80.1179016, 12.9498224], [80.1178101, 12.9498221], [80.1176727, 12.9498899], [80.1175811, 12.9498896], [80.1175125, 12.9499349], [80.1173522, 12.9499342], [80.1173522, 12.949957], [80.1172148, 12.9499565], [80.1172148, 12.9499793], [80.1171004, 12.9499788], [80.1170317, 12.950047], [80.1169859, 12.950024], [80.1168028, 12.950046], [80.1167112, 12.9501369], [80.1166426, 12.9501594], [80.1164823, 12.9501588], [80.1164136, 12.9501813], [80.1163448, 12.9500441], [80.1163448, 12.9499301], [80.1163219, 12.94993], [80.1163217, 12.9495878], [80.1162987, 12.9494964], [80.11623, 12.9493593], [80.1161613, 12.9493362], [80.1159094, 12.9493352], [80.1159094, 12.949358], [80.115772, 12.9493574], [80.115772, 12.9493802], [80.1154972, 12.949265], [80.1154743, 12.9492193], [80.1152453, 12.9490815], [80.1152223, 12.9489673], [80.1151535, 12.9488302], [80.1151535, 12.9487389], [80.115245, 12.948648], [80.115245, 12.9486024], [80.1153136, 12.9485571], [80.1153136, 12.9485114], [80.1153823, 12.9484661], [80.1153822, 12.9484205], [80.1154509, 12.9483751], [80.1154966, 12.9482613], [80.1155653, 12.9482159], [80.1155653, 12.9481703], [80.1156339, 12.9481021], [80.1156339, 12.9479881], [80.115611, 12.947988], [80.1155651, 12.9478509], [80.1155193, 12.9478279], [80.1154963, 12.9477366], [80.1154276, 12.9476907], [80.1153818, 12.947622], [80.1153359, 12.947485], [80.1152901, 12.947462], [80.1152672, 12.9473706], [80.1151297, 12.9472104], [80.1151067, 12.947119], [80.1150609, 12.947096], [80.1149922, 12.9469589], [80.1148777, 12.9469584], [80.1148777, 12.9469356], [80.1147174, 12.9469349], [80.1147174, 12.9469121], [80.1145113, 12.9469113], [80.1145113, 12.9468885], [80.1143281, 12.9468877], [80.1143281, 12.9468649], [80.114145, 12.9468641], [80.1141449, 12.9468413], [80.1139847, 12.9468407], [80.1139847, 12.9468178], [80.1138015, 12.9468171], [80.1138015, 12.9467943], [80.1136183, 12.9467935], [80.1136183, 12.9467707], [80.1133206, 12.9467695], [80.1133207, 12.9467923], [80.1131604, 12.9467916], [80.1131604, 12.9468144], [80.1130459, 12.946814], [80.1130459, 12.9468368], [80.1128628, 12.946836], [80.1128628, 12.9468588], [80.1126796, 12.9468581], [80.1126109, 12.9468806], [80.1125194, 12.9469487], [80.1124507, 12.9469484], [80.1124049, 12.9469938], [80.1118325, 12.9469915], [80.1118325, 12.9469686], [80.1115807, 12.9469676], [80.1115806, 12.9469448], [80.1113288, 12.9469437], [80.1113288, 12.9469209], [80.1111914, 12.9469204], [80.1111456, 12.9468974], [80.1111227, 12.9468288], [80.1110768, 12.9468058], [80.111031, 12.9467144], [80.1104357, 12.9467119], [80.1103899, 12.9466661], [80.1100693, 12.9466648], [80.1100693, 12.9466876], [80.1098862, 12.9466869], [80.1098862, 12.9467097], [80.1096801, 12.9467088], [80.1096801, 12.9467316], [80.1094741, 12.9467308], [80.1094741, 12.9467536], [80.1093596, 12.9467531], [80.1093596, 12.9467759], [80.1092222, 12.9467754], [80.1092223, 12.9467982], [80.1091078, 12.9467977], [80.1091078, 12.9468205], [80.1089933, 12.94682], [80.1089933, 12.9468429], [80.1088788, 12.9468424], [80.1088789, 12.9468652], [80.1087644, 12.9468647], [80.1087644, 12.9468875], [80.1086499, 12.9468871], [80.1086499, 12.9469099], [80.1085354, 12.9469094], [80.1085355, 12.9469322], [80.108421, 12.9469317], [80.108421, 12.9469546], [80.1082836, 12.946954], [80.1082836, 12.9469768], [80.1081691, 12.9469763], [80.1081692, 12.9469991], [80.1080318, 12.9469986], [80.1080318, 12.9470214], [80.1079173, 12.9470209], [80.1079173, 12.9470437], [80.1077799, 12.9470432], [80.10778, 12.947066], [80.1075968, 12.9470652], [80.1075281, 12.9470193], [80.1074136, 12.9470188], [80.1074136, 12.946996], [80.1072533, 12.9469954], [80.1072533, 12.9469725], [80.107093, 12.9469719], [80.107093, 12.9469491], [80.1068869, 12.9469482], [80.106887, 12.946971], [80.1067725, 12.9469706], [80.1067725, 12.9469934], [80.106658, 12.9469929], [80.106658, 12.9470157], [80.1065435, 12.9470152], [80.1065436, 12.947038], [80.1064062, 12.9470375], [80.1064062, 12.9470603], [80.106223, 12.9470823], [80.1061544, 12.9471277], [80.1061315, 12.9472188], [80.10604, 12.9473097], [80.1059943, 12.9474464], [80.1059028, 12.9475373], [80.10588, 12.9476969], [80.1058113, 12.9477878], [80.1057198, 12.94797], [80.1055825, 12.948015], [80.1054451, 12.9480144], [80.1054451, 12.9480373], [80.1053307, 12.9480368], [80.1053307, 12.9480596], [80.1052162, 12.9480591], [80.1051246, 12.9481044], [80.1050101, 12.9481039], [80.1050102, 12.9481267], [80.1048957, 12.9481262], [80.1048041, 12.9481715], [80.1046896, 12.948171], [80.1043234, 12.9482836], [80.1043005, 12.9483291], [80.1041174, 12.9484196], [80.1040716, 12.9484878], [80.1040258, 12.9484876], [80.1036597, 12.9487599], [80.1035681, 12.9487823], [80.1035452, 12.9488278], [80.1026068, 12.9494171], [80.1025611, 12.9494853], [80.1024695, 12.9495078], [80.1024466, 12.9495533], [80.1018515, 12.9499158], [80.1016227, 12.9501202], [80.1015313, 12.950348], [80.1015542, 12.9504621], [80.1016, 12.9504851], [80.1016001, 12.9505992], [80.101623, 12.9505993], [80.1016231, 12.9507133], [80.1016002, 12.9507817], [80.1015315, 12.9508498], [80.1014858, 12.9508496], [80.1014171, 12.9509406], [80.1013713, 12.9509632], [80.1011654, 12.9511221], [80.1011655, 12.9513502], [80.1011885, 12.9514415], [80.1012343, 12.9515102], [80.1013031, 12.951807], [80.1013719, 12.9518985], [80.1013719, 12.951967], [80.1014636, 12.9521042], [80.1014636, 12.9521727], [80.1015324, 12.9522642], [80.1015554, 12.9524468], [80.1016012, 12.9525154], [80.1016242, 12.9526068], [80.1016244, 12.952949], [80.1016473, 12.952949], [80.1016702, 12.953086], [80.1017619, 12.9531548], [80.1018992, 12.9531554], [80.1018992, 12.9531326], [80.1023342, 12.9531344], [80.1023343, 12.9531572], [80.1025632, 12.9531581], [80.1026548, 12.9532041], [80.1026549, 12.953341], [80.102632, 12.9533409], [80.1026326, 12.9542991], [80.1026555, 12.9543904], [80.1027014, 12.954459], [80.1027473, 12.954733], [80.1027931, 12.9547788], [80.1028161, 12.9548701], [80.1028161, 12.9549842], [80.102839, 12.9549843], [80.102862, 12.9551212], [80.1030224, 12.9552588], [80.1030453, 12.9553273], [80.103114, 12.9553732], [80.1031141, 12.9554188], [80.1032057, 12.9554877], [80.1032515, 12.9556019], [80.1033202, 12.9556478], [80.1033203, 12.9556934], [80.103389, 12.9557394], [80.103389, 12.955785], [80.1034806, 12.9558538], [80.1034807, 12.9558994], [80.1035723, 12.9559682], [80.1035952, 12.9560368], [80.1036639, 12.9560827], [80.1037098, 12.9561513], [80.1037099, 12.9563566], [80.1037328, 12.9563567], [80.1037327, 12.9562426], [80.1037556, 12.9562427], [80.1037558, 12.9565393], [80.1037329, 12.9565392], [80.103733, 12.9567673], [80.1037559, 12.9567674], [80.103756, 12.9569043], [80.1037789, 12.9569044], [80.103779, 12.9570413], [80.1038019, 12.9570414], [80.1038019, 12.9571554], [80.1038478, 12.9572012], [80.1038478, 12.9573381], [80.1038707, 12.9573382], [80.1038708, 12.9574751], [80.1038937, 12.9574752], [80.1038938, 12.9576121], [80.1039396, 12.9576579], [80.1039397, 12.9577719], [80.1039626, 12.957772], [80.1039627, 12.9579089], [80.1040085, 12.9580003], [80.1040772, 12.9580234], [80.1041002, 12.9581148], [80.1041002, 12.9582517], [80.1041231, 12.9582518], [80.1041461, 12.9584343], [80.104192, 12.958503], [80.1041923, 12.9590733], [80.1042152, 12.9590734], [80.1042149, 12.9586171], [80.1042608, 12.9586629], [80.1042608, 12.9587314], [80.1043066, 12.9588], [80.1043067, 12.9588913], [80.1043983, 12.9590285], [80.1043984, 12.9591426], [80.1044214, 12.9592339], [80.1044901, 12.9593483], [80.1044904, 12.9598729], [80.1045133, 12.959873], [80.1045131, 12.9594396], [80.104536, 12.959531], [80.1046048, 12.9596681], [80.1046048, 12.9597594], [80.1046736, 12.9598737], [80.1046739, 12.9603528], [80.1046968, 12.9603529], [80.1046966, 12.9600335], [80.1047424, 12.9600793], [80.1047424, 12.9601477], [80.1048112, 12.9602393], [80.1048342, 12.9603762], [80.10488, 12.9603992], [80.10488, 12.9605133], [80.1049717, 12.9606506], [80.104972, 12.9611524], [80.1049949, 12.9611982], [80.1049948, 12.9609472], [80.1050177, 12.9609473], [80.1050178, 12.9611298], [80.1050407, 12.9611299], [80.1050407, 12.961244], [80.1050636, 12.9612441], [80.1050637, 12.9613809], [80.1050866, 12.9614495], [80.1051783, 12.9615183], [80.1051554, 12.9615638], [80.1052699, 12.9616099], [80.1053387, 12.9617471], [80.1054074, 12.961793], [80.1054532, 12.9618616], [80.1054533, 12.9619529], [80.1055678, 12.961999], [80.1055678, 12.9620446], [80.1056594, 12.9620906], [80.1059113, 12.9620916], [80.1060028, 12.9620692], [80.1060715, 12.962001], [80.1061172, 12.9618643], [80.1061859, 12.961819], [80.1062316, 12.9616823], [80.1063918, 12.9616374], [80.1064147, 12.9616831], [80.1065063, 12.9616835], [80.1065522, 12.9617293], [80.1067125, 12.9617756], [80.1067354, 12.9618441], [80.106827, 12.9618445], [80.1070102, 12.9619593], [80.1070789, 12.9619596], [80.1070789, 12.962028], [80.1071248, 12.9620738], [80.1071477, 12.9622336], [80.1071936, 12.9622794], [80.1071936, 12.9623479], [80.1072394, 12.9623937], [80.1072395, 12.9625077], [80.1072853, 12.9625307], [80.1073083, 12.9627133], [80.1073541, 12.962782], [80.1073542, 12.9628732], [80.1074, 12.962919], [80.1074459, 12.9630789], [80.107446, 12.963193], [80.1074689, 12.9632843], [80.1075377, 12.9634215], [80.1075378, 12.963718], [80.1075607, 12.9637181], [80.1075606, 12.9635584], [80.1076064, 12.9635586], [80.1076294, 12.9636271], [80.1078357, 12.9640842], [80.1078815, 12.9641072], [80.1080649, 12.9644274], [80.1083168, 12.9644969], [80.1083168, 12.9646109], [80.1083397, 12.964611], [80.1083397, 12.964497], [80.1084313, 12.964543], [80.1085229, 12.9645433], [80.1085458, 12.9645891], [80.1087977, 12.9646585], [80.1088206, 12.9647499], [80.1088206, 12.9646358], [80.1088435, 12.9646587], [80.1090037, 12.9646594], [80.1090038, 12.9646822], [80.1091182, 12.9646827], [80.1090954, 12.9648423], [80.1091641, 12.9648425], [80.1091869, 12.9647058], [80.1093472, 12.964752], [80.1093702, 12.964889], [80.1094389, 12.9648893], [80.1094389, 12.9648209], [80.1094846, 12.9647982], [80.1095076, 12.964844], [80.1097595, 12.9650047], [80.1097596, 12.9651872], [80.1097825, 12.9651873], [80.1097824, 12.9650276], [80.1098282, 12.9650278], [80.1098741, 12.9650964], [80.1099428, 12.9651195], [80.1099428, 12.9652336], [80.1099657, 12.9651652], [80.1100115, 12.9651654], [80.1100573, 12.965234], [80.1102405, 12.9653489], [80.1102406, 12.9654629], [80.1102635, 12.965463], [80.1102634, 12.965349], [80.1103551, 12.9654406], [80.1104467, 12.9654638], [80.1104467, 12.9655322], [80.1104925, 12.9656008], [80.110607, 12.9656469], [80.1106987, 12.9657614], [80.1107445, 12.9657616], [80.1108132, 12.9658531], [80.110859, 12.9658533], [80.1110423, 12.9660594], [80.1110881, 12.9660595], [80.1111339, 12.9661282], [80.1112026, 12.9661285], [80.1112714, 12.96622], [80.1113172, 12.9662202], [80.111363, 12.9662888], [80.1113631, 12.9664029], [80.1113859, 12.9663117], [80.1115004, 12.9663578], [80.1115462, 12.9664264], [80.111615, 12.9664723], [80.1117066, 12.9664955], [80.1117753, 12.9665871], [80.111844, 12.9666102], [80.1118441, 12.9667699], [80.111867, 12.9667699], [80.1118669, 12.9666559], [80.1119585, 12.9667019], [80.1120044, 12.9667705], [80.1120502, 12.9667707], [80.112096, 12.9668393], [80.1121418, 12.9668395], [80.1121419, 12.9669764], [80.1121648, 12.9669765], [80.1121647, 12.9668624], [80.1122563, 12.9669084], [80.1124166, 12.9669319], [80.112577, 12.9672291], [80.1126228, 12.9672293], [80.1126229, 12.9672978], [80.1126686, 12.9672523], [80.1128289, 12.967253], [80.1128976, 12.9672761], [80.1133097, 12.9672778], [80.1133556, 12.9673236], [80.1135846, 12.967393], [80.1135846, 12.967507], [80.1136075, 12.9675071], [80.1136075, 12.9673931], [80.1137907, 12.9674851], [80.1139052, 12.9675084], [80.113951, 12.9675542], [80.1141342, 12.9676006], [80.1142258, 12.9676922], [80.1142488, 12.9677835], [80.1143404, 12.9678752], [80.1143405, 12.9679436], [80.1144092, 12.9679667], [80.1144092, 12.9680123], [80.1145008, 12.9680811], [80.1145008, 12.9681268], [80.1145695, 12.9681727], [80.1145696, 12.9682183], [80.1146841, 12.9683556], [80.1146613, 12.968424], [80.1146615, 12.9687434], [80.1146386, 12.9687433], [80.1146388, 12.9691539], [80.1146617, 12.969154], [80.1147076, 12.969291], [80.1147534, 12.969314], [80.1147763, 12.9693826], [80.1150056, 12.9698854], [80.1150514, 12.9699084], [80.1151431, 12.9701369], [80.1151889, 12.9701599], [80.1151891, 12.9704337], [80.115212, 12.9704337], [80.1152118, 12.9702284], [80.1152805, 12.9702515], [80.1153722, 12.970366], [80.1153952, 12.9704801], [80.115441, 12.9705259], [80.115464, 12.9706857], [80.1155098, 12.9707087], [80.1154869, 12.9707543], [80.1155327, 12.9707773], [80.1155786, 12.9710056], [80.1156244, 12.9710514], [80.1156245, 12.9711198], [80.1156703, 12.9711884], [80.1156705, 12.9714394], [80.1156933, 12.9713482], [80.1157391, 12.971394], [80.115785, 12.9715995], [80.1158308, 12.9716225], [80.115808, 12.9716681], [80.1158538, 12.9716911], [80.1158767, 12.9717824], [80.1159684, 12.9718741], [80.1159685, 12.9720337], [80.1159913, 12.9719426], [80.11606, 12.9720113], [80.116083, 12.9721026], [80.1161517, 12.9721714], [80.1161518, 12.9723995], [80.1161747, 12.9723996], [80.1161747, 12.9722627], [80.1162205, 12.9722629], [80.1162205, 12.9723313], [80.1163351, 12.9724687], [80.116358, 12.97256], [80.1164038, 12.9725602], [80.1164038, 12.9726287], [80.1164497, 12.9726973], [80.1164497, 12.9728342], [80.1164727, 12.9728799], [80.1164726, 12.9727202], [80.1165184, 12.9728116], [80.116633, 12.972949], [80.1166331, 12.9731771], [80.116656, 12.9731772], [80.1166559, 12.9730631], [80.1167247, 12.9731319], [80.1167476, 12.9732232], [80.1168393, 12.9734517], [80.1168851, 12.9734747], [80.1169081, 12.9736345], [80.1169769, 12.9736804], [80.1169998, 12.9737946], [80.1170915, 12.9739318], [80.1171832, 12.9741831], [80.117229, 12.9742061], [80.117252, 12.9742975], [80.1173666, 12.9745717], [80.1174124, 12.9745947], [80.1174125, 12.9747772], [80.1174127, 12.9750966], [80.1173898, 12.9750965], [80.11739, 12.975393], [80.1174129, 12.9753931], [80.1174132, 12.9758722], [80.1174361, 12.9758723], [80.1174359, 12.9755529], [80.1174817, 12.9756443], [80.1174818, 12.9757584], [80.1175047, 12.9757585], [80.1175047, 12.9758726], [80.1175965, 12.9761467], [80.1175968, 12.9766942], [80.1176197, 12.9766943], [80.1176195, 12.9763749], [80.1176424, 12.976375], [80.1176425, 12.9764891], [80.1176654, 12.9765804], [80.1177113, 12.9766262], [80.1177113, 12.9767859], [80.1177572, 12.9768774], [80.1177573, 12.9771283], [80.1177577, 12.9777899], [80.1177348, 12.9777898], [80.1177351, 12.9782232], [80.1177809, 12.9782462], [80.1178268, 12.9784061], [80.1178955, 12.9784748], [80.1178957, 12.9787485], [80.1179186, 12.9787486], [80.1179185, 12.9785661], [80.1180789, 12.9788406], [80.1180789, 12.978909], [80.1181476, 12.9789549], [80.1181706, 12.9790462], [80.1182622, 12.9791151], [80.1182623, 12.9791835], [80.1183081, 12.9792065], [80.1183539, 12.9793207], [80.118354, 12.9795032], [80.1183311, 12.9795032], [80.1183313, 12.9797541], [80.1183084, 12.979754], [80.1183085, 12.9799821], [80.1182856, 12.979982], [80.1182857, 12.9802101], [80.1182629, 12.9802101], [80.118263, 12.9804382], [80.1182401, 12.9804381], [80.1182631, 12.9805751], [80.1183318, 12.9806438], [80.1183318, 12.980735], [80.1184006, 12.9808037], [80.1184006, 12.9808494], [80.1184923, 12.9809866], [80.1184923, 12.9810551], [80.118561, 12.9811238], [80.1185611, 12.981215], [80.1186298, 12.9812609], [80.1186528, 12.9813523], [80.1188132, 12.9817179], [80.1188819, 12.981741], [80.118882, 12.9817867], [80.1190194, 12.9819013], [80.1190205, 12.9837035], [80.118929, 12.9839084], [80.1189062, 12.9840908], [80.1188376, 12.9842046], [80.1188147, 12.9842958], [80.1188148, 12.9844098], [80.118769, 12.9844324], [80.1187692, 12.9847518], [80.1187921, 12.9847519], [80.1187922, 12.9849344], [80.1188381, 12.9850258], [80.1190213, 12.9851635], [80.1190214, 12.985346], [80.1190443, 12.9853461], [80.1190443, 12.985232], [80.119113, 12.9852551], [80.1191359, 12.9853008], [80.1192962, 12.9853471], [80.1194107, 12.9853476], [80.1195023, 12.9853708], [80.1195023, 12.9854848], [80.1195252, 12.9854849], [80.1195252, 12.9853709], [80.1195939, 12.9854168], [80.1196855, 12.98544], [80.1198228, 12.9854405], [80.1198229, 12.9854633], [80.1199831, 12.9854868], [80.1199832, 12.9856009], [80.1200061, 12.9855097], [80.1202121, 12.9855106], [80.1202808, 12.9854424], [80.1204639, 12.9853747], [80.120464, 12.9856029], [80.1204869, 12.985603], [80.1204868, 12.9853748], [80.1205784, 12.985398], [80.1207616, 12.9853988], [80.1207617, 12.9856041], [80.1208075, 12.9856043], [80.1211509, 12.9856057], [80.1211509, 12.9855145], [80.1213111, 12.9855151], [80.1213111, 12.9855379], [80.1214943, 12.9855387], [80.1215859, 12.9855619], [80.1216317, 12.9856077], [80.1219065, 12.9856773], [80.1220897, 12.985678], [80.1220897, 12.9856552], [80.122685, 12.9856577], [80.122685, 12.9856349], [80.1228452, 12.9856355], [80.122891, 12.9856585], [80.122914, 12.9857271], [80.1230514, 12.9857732], [80.1230743, 12.985819], [80.1233262, 12.9859569], [80.1233265, 12.9863219], [80.1233494, 12.986322], [80.1233492, 12.9860026], [80.1234866, 12.9860716], [80.1235553, 12.9861631], [80.1236469, 12.9861863], [80.1237157, 12.9862779], [80.1238073, 12.9863239], [80.1238076, 12.9868029], [80.1238305, 12.986803], [80.1238302, 12.9863696], [80.1238531, 12.9863697], [80.1238532, 12.9865294], [80.1239219, 12.9865296], [80.1239676, 12.9864842], [80.1240363, 12.9864845], [80.1240364, 12.9865301], [80.1241051, 12.9865532], [80.1241053, 12.9869182], [80.1240366, 12.9869407], [80.1238764, 12.9870541], [80.1238765, 12.9872366], [80.1239223, 12.9872596], [80.1239453, 12.987351], [80.123991, 12.9873512], [80.1239911, 12.9874196], [80.1241056, 12.987557], [80.1241286, 12.9876483], [80.1241744, 12.9876485], [80.1241744, 12.9877169], [80.124289, 12.9878543], [80.1243119, 12.9879456], [80.1244036, 12.9880373], [80.1244265, 12.9881286], [80.1244723, 12.9881288], [80.1244724, 12.9881972], [80.1245869, 12.9883346], [80.1246099, 12.9884259], [80.1246557, 12.9884261], [80.1246557, 12.9884945], [80.1247703, 12.9886319], [80.1247932, 12.9887232], [80.124839, 12.9887462], [80.1249078, 12.9888834], [80.1248391, 12.9888831], [80.1247933, 12.9889285], [80.1247935, 12.9891567], [80.1248393, 12.9891569], [80.1247706, 12.9892706], [80.1248394, 12.9893166], [80.1248851, 12.9892483], [80.1249537, 12.9890661], [80.1249995, 12.9890663], [80.1249538, 12.9891801], [80.1249767, 12.9893171], [80.1250912, 12.989386], [80.1251141, 12.9892949], [80.1251599, 12.9892722], [80.1251828, 12.9893636], [80.1251141, 12.9893633], [80.1251371, 12.9894547], [80.1252744, 12.9894096], [80.1252745, 12.9894552], [80.1252058, 12.9894778], [80.1252058, 12.9895234], [80.1252974, 12.9895238], [80.1253202, 12.9894554], [80.1253203, 12.9896151], [80.125412, 12.9897067], [80.1254578, 12.9897069], [80.1254806, 12.9896158], [80.1255264, 12.9896388], [80.1255265, 12.9897072], [80.1254807, 12.9897526], [80.1255723, 12.9898443], [80.125641, 12.9898217], [80.125641, 12.9897533], [80.1257097, 12.989822], [80.1258013, 12.989868], [80.1257327, 12.9900502], [80.125664, 12.99005], [80.1257099, 12.9901186], [80.1257557, 12.9901188], [80.1257786, 12.9901873], [80.1258473, 12.9902104], [80.1259389, 12.990188], [80.1259388, 12.9900739], [80.1259159, 12.990051], [80.1259846, 12.9900057], [80.1260304, 12.9900743], [80.1260304, 12.9901427], [80.1259847, 12.9901653], [80.1260076, 12.9902339], [80.1260992, 12.9902571], [80.1260992, 12.9903255], [80.1261679, 12.9903258], [80.1262137, 12.9902575], [80.1262595, 12.9903033], [80.1261908, 12.9903259], [80.1261909, 12.9904171], [80.1262824, 12.9903719], [80.1263053, 12.9902807], [80.1263054, 12.990486], [80.1263283, 12.9905318], [80.1264428, 12.9905322], [80.1264656, 12.9904183], [80.1264886, 12.9905324], [80.1282516, 12.9905397], [80.1282515, 12.99038], [80.1284118, 12.9903807], [80.1284118, 12.9904947], [80.1284347, 12.9904948], [80.1284347, 12.9903808], [80.1286865, 12.9903818], [80.1286865, 12.9904046], [80.1293734, 12.9904075], [80.1293735, 12.9905215], [80.129259, 12.990521], [80.129259, 12.9905439], [80.1293964, 12.9905444], [80.1293963, 12.9904076], [80.129694, 12.9904088], [80.129694, 12.9904316], [80.1307014, 12.9904358], [80.1307014, 12.9904586], [80.1308159, 12.990459], [80.1308159, 12.9904362], [80.130999, 12.990437], [80.131022, 12.9904599], [80.1314799, 12.9904618], [80.1315486, 12.9904849], [80.131892, 12.9904863], [80.1319378, 12.9904637], [80.132121, 12.9904644], [80.1322125, 12.9904192], [80.1324873, 12.9904203], [80.1324873, 12.9903975], [80.1326704, 12.9903983], [80.1327391, 12.9903757], [80.1328993, 12.9902623], [80.1328989, 12.9896236], [80.1328761, 12.9896235], [80.1328759, 12.9892813], [80.1330132, 12.9892819], [80.1330819, 12.9892365], [80.1331735, 12.9892369], [80.1333566, 12.9891692], [80.1334711, 12.9891697], [80.1334711, 12.9891469], [80.1335855, 12.9891474], [80.1335855, 12.9891245], [80.1337, 12.989125], [80.1337, 12.9891022], [80.1338145, 12.9891027], [80.1340205, 12.9889895], [80.1340434, 12.9889439], [80.1340432, 12.9887158], [80.134089, 12.9886704], [80.134295, 12.9886028], [80.1343179, 12.9885573], [80.1344095, 12.9885348], [80.1346384, 12.9884445], [80.1346841, 12.9883763], [80.134684, 12.9882166], [80.1346611, 12.9882165], [80.134661, 12.9880796], [80.1346381, 12.9879883], [80.1345923, 12.9879653], [80.1345922, 12.9878284], [80.1345693, 12.9877599], [80.134638, 12.9877602], [80.1346379, 12.9876461], [80.1346149, 12.9875547], [80.1345691, 12.9874861], [80.1345232, 12.9872122], [80.1344773, 12.9871436], [80.1344773, 12.9870523], [80.1344314, 12.9869609], [80.1344313, 12.9866643], [80.134477, 12.9865961], [80.134477, 12.9865048], [80.1345227, 12.9864366], [80.1345226, 12.9863453], [80.1344768, 12.9862767], [80.1344768, 12.9861854], [80.134408, 12.9860026], [80.1344079, 12.9858886], [80.134385, 12.9858885], [80.1343391, 12.9856146], [80.1344535, 12.9855922], [80.1344993, 12.9855468], [80.1346595, 12.9855018], [80.1346824, 12.9854563], [80.1347969, 12.9854111], [80.1348426, 12.9853429], [80.1348884, 12.9853431], [80.1349799, 12.9852294], [80.1350486, 12.9852297], [80.1350944, 12.9851614], [80.1352088, 12.9851163], [80.1352546, 12.985048], [80.135369, 12.9850029], [80.1354148, 12.9849346], [80.1354606, 12.9849348], [80.1355521, 12.9848211], [80.1356208, 12.9848214], [80.1356665, 12.984776], [80.1356895, 12.9848673], [80.1357582, 12.9848448], [80.1357352, 12.9847078], [80.135781, 12.9846852], [80.1358039, 12.9848222], [80.1358498, 12.9848908], [80.1359185, 12.9849367], [80.1360559, 12.9849373], [80.1360558, 12.9849145], [80.1361932, 12.984915], [80.1361932, 12.9848922], [80.1363077, 12.9848927], [80.1365366, 12.9847568], [80.1365365, 12.9847111], [80.1366052, 12.9847342], [80.1366282, 12.9848712], [80.136697, 12.9849627], [80.136697, 12.9850312], [80.1367657, 12.9851227], [80.1367658, 12.9851911], [80.1368345, 12.9852827], [80.1369262, 12.9854655], [80.136972, 12.9854886], [80.1371552, 12.9854893], [80.1371552, 12.9854665], [80.1372926, 12.9854671], [80.1372925, 12.9854442], [80.1374299, 12.9854448], [80.1374299, 12.985422], [80.1375673, 12.9854226], [80.1375673, 12.9853998], [80.1377047, 12.9854003], [80.1377046, 12.9853775], [80.1378191, 12.985378], [80.1378191, 12.9853552], [80.1380709, 12.985265], [80.1381167, 12.9852195], [80.1381624, 12.9850828], [80.1381621, 12.9846038], [80.1381392, 12.9846037], [80.1380705, 12.9844893], [80.137956, 12.9844661], [80.1379101, 12.9843974], [80.1377956, 12.984397], [80.1377956, 12.9843741], [80.1376354, 12.9843735], [80.1376353, 12.9843507], [80.1374522, 12.9843499], [80.1374522, 12.9843271], [80.1372919, 12.9843264], [80.1372919, 12.9843036], [80.1371545, 12.9843031], [80.1371545, 12.9842802], [80.1370171, 12.9842569], [80.1369713, 12.9842111], [80.1368568, 12.9842106], [80.1368568, 12.984165], [80.1367193, 12.9840503], [80.1367193, 12.9840047], [80.1368338, 12.9839824], [80.1368337, 12.9838911], [80.1367193, 12.9839363], [80.136559, 12.9839128], [80.1365589, 12.9838444], [80.1364902, 12.9837072], [80.136742, 12.9836398], [80.1367419, 12.9835714], [80.1366275, 12.9835709], [80.1366275, 12.9835937], [80.1364672, 12.9836387], [80.1364443, 12.9835245], [80.1363984, 12.9834559], [80.1363984, 12.9833418], [80.1365357, 12.9832968], [80.1365128, 12.9832282], [80.1364441, 12.9832508], [80.1363067, 12.9832274], [80.1363296, 12.9831362], [80.1364211, 12.9831138], [80.1363982, 12.9830453], [80.1362608, 12.9830447], [80.1362608, 12.9829762], [80.1361462, 12.9828389], [80.1362378, 12.982748], [80.1361919, 12.982725], [80.1360317, 12.98277], [80.135963, 12.9826785], [80.1359172, 12.9826783], [80.1358255, 12.9825638], [80.1357797, 12.9825408], [80.1360315, 12.9824278], [80.1360315, 12.9823594], [80.1359399, 12.982359], [80.1357568, 12.9824723], [80.1356881, 12.982472], [80.1355048, 12.9823116], [80.1355048, 12.9822659], [80.1356193, 12.9822436], [80.1356192, 12.9821752], [80.1355047, 12.9821747], [80.1354361, 12.98222], [80.1351841, 12.9819452], [80.1349321, 12.9817161], [80.134932, 12.9816705], [80.1346571, 12.9814184], [80.1346571, 12.9813728], [80.1347487, 12.9813275], [80.1347486, 12.9812591], [80.1346571, 12.9812587], [80.1345884, 12.9813268], [80.1345654, 12.9811671], [80.1346112, 12.9811216], [80.134657, 12.9811674], [80.134657, 12.9812131], [80.1348402, 12.9812138], [80.1348631, 12.9812595], [80.1349089, 12.9812369], [80.1350463, 12.9812375], [80.1351379, 12.9812607], [80.1351608, 12.9813977], [80.1352524, 12.981398], [80.1352524, 12.9813068], [80.1353669, 12.9813073], [80.1353669, 12.9813301], [80.1354814, 12.9813305], [80.1354814, 12.9813533], [80.1358935, 12.9813551], [80.1358935, 12.9813322], [80.1360538, 12.9813329], [80.1360537, 12.9813101], [80.1362827, 12.9812654], [80.13642, 12.9811747], [80.1364657, 12.981038], [80.1369923, 12.9810402], [80.1371755, 12.9810182], [80.1372441, 12.9809728], [80.1374273, 12.9809508], [80.137496, 12.9809054], [80.1375875, 12.9809058], [80.1375188, 12.9807915], [80.1375646, 12.9807688], [80.1377019, 12.9807694], [80.1377019, 12.9807466], [80.1378393, 12.9807472], [80.1378622, 12.9807244], [80.1378852, 12.9808614], [80.1379768, 12.9808846], [80.1379767, 12.9807021], [80.138114, 12.9807027], [80.138114, 12.9806798], [80.1382743, 12.9806805], [80.1382972, 12.980749], [80.138343, 12.980772], [80.1383659, 12.9807265], [80.1385033, 12.9807271], [80.1385033, 12.9807499], [80.1386178, 12.9807504], [80.1387094, 12.9807964], [80.1388239, 12.9807968], [80.1389155, 12.9808428], [80.1391215, 12.9808437], [80.1391215, 12.9808209], [80.1393047, 12.9807988], [80.1393504, 12.9807534], [80.1395107, 12.9807541], [80.1395107, 12.9807312], [80.1396939, 12.9807092], [80.1397396, 12.9806638], [80.1398999, 12.9806644], [80.1399915, 12.9806192], [80.1401059, 12.9806196], [80.1401059, 12.9805968], [80.1402433, 12.9805974], [80.1402433, 12.9805746], [80.1403578, 12.9805751], [80.1403578, 12.9805522], [80.1404722, 12.9805527], [80.1404722, 12.9805299], [80.1406096, 12.9805305], [80.1406783, 12.9805079], [80.1407011, 12.9804396], [80.1407698, 12.9803943], [80.1407697, 12.9801889], [80.1407468, 12.9801889], [80.1407467, 12.9800292], [80.1407925, 12.9799837], [80.1408154, 12.9800294], [80.1409299, 12.9800527], [80.1409757, 12.9801898], [80.1410445, 12.9802357], [80.1411591, 12.9805327], [80.1412049, 12.9805329], [80.1412049, 12.9806014], [80.1412737, 12.9806701], [80.1413195, 12.9808072], [80.1414799, 12.9809447], [80.14148, 12.9810587], [80.1415029, 12.9811273], [80.1415716, 12.981196], [80.141709, 12.981265], [80.1418693, 12.9812657], [80.1418694, 12.9813341], [80.141961, 12.9813573], [80.1419609, 12.981266], [80.1422586, 12.9812673], [80.1423044, 12.9812903], [80.1423044, 12.9813587], [80.142396, 12.9813591], [80.1423959, 12.9812907], [80.1425562, 12.9812913], [80.1425562, 12.9812685], [80.1427165, 12.9812692], [80.1427623, 12.9812465], [80.1427623, 12.9813606], [80.1428539, 12.981361], [80.1428538, 12.9812469], [80.1428767, 12.9811786], [80.1429454, 12.9811561], [80.1429453, 12.9811104], [80.1431743, 12.981157], [80.1431973, 12.9812027], [80.1432889, 12.9812487], [80.1432889, 12.9813628], [80.1433805, 12.981386], [80.1433805, 12.9812947], [80.1435179, 12.9813181], [80.1436095, 12.9813641], [80.1438155, 12.981365], [80.1438155, 12.9813421], [80.1442048, 12.9813438], [80.1442047, 12.9813209], [80.1444566, 12.981322], [80.1445482, 12.9812995], [80.1445939, 12.9812313], [80.1449832, 12.9812329], [80.1450748, 12.9812789], [80.1453266, 12.9812799], [80.1453266, 12.9813028], [80.1455098, 12.9813035], [80.1455098, 12.9813263], [80.1458762, 12.9813278], [80.1458762, 12.981305], [80.1460364, 12.9813057], [80.1461051, 12.9812832], [80.1461738, 12.9813291], [80.146357, 12.9813298], [80.146357, 12.9813526], [80.1468607, 12.9813547], [80.1469294, 12.9814234], [80.1470897, 12.9814241], [80.1470897, 12.9814469], [80.1472042, 12.9814474], [80.1472042, 12.9814246], [80.1473874, 12.9814253], [80.1473873, 12.9814025], [80.1475705, 12.9814033], [80.1475705, 12.9813805], [80.1477537, 12.9813812], [80.1477537, 12.9813584], [80.1478681, 12.9813589], [80.1479597, 12.9812908], [80.1479596, 12.9812224], [80.1480054, 12.9811998], [80.1479595, 12.9809943], [80.1478908, 12.9809027], [80.1478907, 12.9808343], [80.147822, 12.9807428], [80.1478219, 12.9806743], [80.1477532, 12.9805828], [80.1477532, 12.9805143], [80.1476844, 12.9804228], [80.1476156, 12.9802172], [80.1475698, 12.9801942], [80.147501, 12.9799658], [80.1474552, 12.9799428], [80.1474551, 12.9798516], [80.1474093, 12.9797601], [80.1473635, 12.9797371], [80.1473634, 12.9796459], [80.1473176, 12.9796001], [80.1473176, 12.9795316], [80.1472488, 12.9794629], [80.1472258, 12.9792803], [80.1472716, 12.9791892], [80.1469968, 12.9790969], [80.1469738, 12.9790511], [80.1468135, 12.9789364], [80.1467677, 12.9788678], [80.1467447, 12.9787536], [80.146653, 12.9786164], [80.1466529, 12.9783426], [80.1466299, 12.9782741], [80.1465154, 12.9781824], [80.1464009, 12.9781591], [80.1463779, 12.9779765], [80.1462863, 12.9779077], [80.1462404, 12.977725], [80.1461487, 12.9775877], [80.1461487, 12.9774965], [80.1460799, 12.9773593], [80.1460799, 12.9772681], [80.1459882, 12.9770624], [80.1459881, 12.9769255], [80.146011, 12.9769256], [80.145988, 12.9767658], [80.1459193, 12.9767199], [80.1458734, 12.9766513], [80.1458505, 12.9765371], [80.1458046, 12.9764913], [80.1457817, 12.9763543], [80.1457359, 12.9763085], [80.1457358, 12.9762401], [80.14569, 12.9761943], [80.145667, 12.9760573], [80.1456212, 12.9760115], [80.1456212, 12.9759431], [80.1455753, 12.9758744], [80.1452547, 12.9756906], [80.145186, 12.9756903], [80.1451173, 12.9756216], [80.1450714, 12.9755074], [80.1450713, 12.9754161], [80.1450026, 12.9752789], [80.1450025, 12.9751877], [80.1449338, 12.9750505], [80.1449337, 12.9749593], [80.1448879, 12.9748907], [80.1448419, 12.9746167], [80.1445667, 12.9738628], [80.1445667, 12.9737487], [80.1444749, 12.9734746], [80.1444748, 12.9733605], [80.1444519, 12.9733604], [80.144429, 12.9732007], [80.1443602, 12.9731547], [80.1442686, 12.9729719], [80.1441998, 12.972926], [80.1441998, 12.9728803], [80.1441082, 12.9727887], [80.1440852, 12.9726974], [80.1440394, 12.9726744], [80.1439936, 12.9725829], [80.1439935, 12.9725145], [80.1439248, 12.9724458], [80.1439248, 12.9724001], [80.1438331, 12.9722629], [80.1438329, 12.9719663], [80.1437413, 12.9718291], [80.1437412, 12.9717606], [80.1436266, 12.9714864], [80.1436265, 12.9713952], [80.1435578, 12.971258], [80.1435577, 12.9710755], [80.1434889, 12.9710068], [80.1434889, 12.9709612], [80.1434202, 12.9708924], [80.1433972, 12.9708239], [80.1433972, 12.970687], [80.1433055, 12.9705954], [80.1432367, 12.9704126], [80.1432138, 12.9704125], [80.1432138, 12.9702985], [80.1432367, 12.9702986], [80.1432365, 12.9700932], [80.1431907, 12.969979], [80.143122, 12.9699103], [80.1431219, 12.9698418], [80.1430532, 12.9697503], [80.1430531, 12.9696819], [80.1430073, 12.969636], [80.1430073, 12.9695676], [80.1429385, 12.9694761], [80.1429385, 12.9694076], [80.1428698, 12.9693161], [80.1428697, 12.9692477], [80.1428239, 12.9692019], [80.1428239, 12.9691334], [80.1427551, 12.9690419], [80.1427551, 12.9689734], [80.1426634, 12.9688362], [80.1426405, 12.9687677], [80.1426404, 12.9686308], [80.1427319, 12.9684715], [80.1428005, 12.9684261], [80.1430293, 12.9680393], [80.1430979, 12.9679939], [80.1431208, 12.9679028], [80.1431665, 12.9678345], [80.1432352, 12.9677892], [80.1433267, 12.9676071], [80.1434411, 12.9675163], [80.1434868, 12.9674024], [80.1435555, 12.9673571], [80.1435783, 12.9672659], [80.1437156, 12.9671068], [80.1437385, 12.9670156], [80.14383, 12.9669248], [80.14383, 12.9668791], [80.1438986, 12.9668338], [80.1440359, 12.9665834], [80.1441045, 12.9665381], [80.144196, 12.966356], [80.1442418, 12.9663333], [80.1444018, 12.965969], [80.1444476, 12.9659464], [80.1446534, 12.965491], [80.1446992, 12.9654227], [80.1446991, 12.9653315], [80.1446304, 12.9652628], [80.1446304, 12.9652171], [80.1444242, 12.9650338], [80.1444012, 12.9649653], [80.1443325, 12.9649194], [80.1443096, 12.964828], [80.1442179, 12.9647364], [80.144195, 12.964645], [80.1441492, 12.964622], [80.1441262, 12.9645307], [80.1440346, 12.9644391], [80.1440117, 12.9643477], [80.14392, 12.9642561], [80.1438971, 12.9641647], [80.1438512, 12.9640961], [80.1437825, 12.9640502], [80.1437825, 12.9640046], [80.1436909, 12.963913], [80.1436679, 12.963776], [80.1436221, 12.963753], [80.1435991, 12.9636388], [80.1435533, 12.9635702], [80.1434158, 12.9634556], [80.14337, 12.9633869], [80.1433471, 12.9632956], [80.1432096, 12.9631353], [80.1431637, 12.9629983], [80.143095, 12.9629524], [80.143072, 12.962861], [80.1430262, 12.962838], [80.1430033, 12.9627467], [80.1429346, 12.9627008], [80.1428887, 12.9626321], [80.1428658, 12.9625408], [80.14282, 12.9625178], [80.1427741, 12.9623807], [80.1427283, 12.9623577], [80.1426366, 12.9621292], [80.1425908, 12.9621062], [80.1424303, 12.9617406], [80.1423845, 12.9617176], [80.1422928, 12.9614891], [80.142247, 12.9614661], [80.1422011, 12.961329], [80.1421553, 12.961306], [80.1420636, 12.9610775], [80.1420178, 12.9610545], [80.141949, 12.9608717], [80.1419032, 12.9608487], [80.1418573, 12.9607116], [80.1418115, 12.9606886], [80.1417427, 12.9605059], [80.1416969, 12.9604829], [80.1416052, 12.9602544], [80.1415594, 12.9602314], [80.1415135, 12.9600943], [80.1414448, 12.9600484], [80.1413531, 12.9599111], [80.1413302, 12.9598882], [80.1413072, 12.9597284], [80.1412385, 12.9596597], [80.1411926, 12.9595227], [80.1411468, 12.9594997], [80.1411009, 12.9593626], [80.1410551, 12.9593396], [80.1409405, 12.9590654], [80.1408947, 12.9590424], [80.1408259, 12.9588596], [80.1407801, 12.9588366], [80.1407113, 12.9586538], [80.1404822, 12.9583563], [80.1403448, 12.9583329], [80.1403446, 12.958082], [80.1403217, 12.9580819], [80.1402987, 12.9579221], [80.14023, 12.9578534], [80.1401841, 12.9577391], [80.1400467, 12.9576245], [80.1400237, 12.9575331], [80.1399779, 12.9575101], [80.139955, 12.9574188], [80.1399092, 12.9573958], [80.1398633, 12.9572587], [80.1398175, 12.9572357], [80.1397946, 12.9571444], [80.1397488, 12.9571214], [80.1397029, 12.9569843], [80.1396571, 12.9569613], [80.1396341, 12.95687], [80.1394509, 12.9567095], [80.1394508, 12.9566639], [80.1391759, 12.9564118], [80.139153, 12.9563661], [80.138901, 12.9560913], [80.1388094, 12.956091], [80.1387178, 12.9560449], [80.1386033, 12.9560445], [80.1385117, 12.9559985], [80.1383972, 12.955998], [80.1383972, 12.9559752], [80.1382827, 12.9559747], [80.138214, 12.9559516], [80.1380767, 12.9560651], [80.1379623, 12.9561103], [80.1379165, 12.9561785], [80.1377334, 12.956269], [80.1376877, 12.9563373], [80.1375732, 12.9563824], [80.1375274, 12.9564507], [80.1373672, 12.9565641], [80.1373673, 12.9566097], [80.1372986, 12.956655], [80.1372986, 12.9567006], [80.1369783, 12.9571328], [80.1369555, 12.9572467], [80.1367267, 12.9574967], [80.136658, 12.9574964], [80.1364749, 12.9576097], [80.1364062, 12.9576323], [80.1362917, 12.9576318], [80.136223, 12.9575631], [80.1360856, 12.9574713], [80.1360168, 12.9572885], [80.1359481, 12.9572426], [80.1357191, 12.9572416], [80.1356503, 12.9570132], [80.1356274, 12.9570131], [80.1356273, 12.9568991], [80.1356044, 12.956899], [80.1356043, 12.9567393], [80.1355814, 12.9567392], [80.1355813, 12.9565567], [80.1355584, 12.9565566], [80.1355583, 12.9563285], [80.1355354, 12.9563284], [80.1355353, 12.9562143], [80.1354436, 12.9559402], [80.1354436, 12.9558489], [80.1353748, 12.9557118], [80.1353747, 12.9556205], [80.1353289, 12.9555519], [80.1353059, 12.9554605], [80.1353058, 12.955278], [80.1352371, 12.9552093], [80.1351912, 12.954981], [80.1351683, 12.9549809], [80.1351682, 12.9548212], [80.1351453, 12.9548211], [80.1351452, 12.9547071], [80.1350994, 12.9546841], [80.1350765, 12.9546155], [80.1350307, 12.9546154], [80.1350306, 12.9543644], [80.1350076, 12.9543187], [80.1349389, 12.9542728], [80.1347783, 12.9537246], [80.1347325, 12.9536788], [80.1346866, 12.9534733], [80.1346408, 12.9534047], [80.134572, 12.9533588], [80.1345262, 12.9532445], [80.1344575, 12.9531986], [80.1344574, 12.953153], [80.1343887, 12.9531071], [80.1343658, 12.9530386], [80.1342742, 12.9530154], [80.1342055, 12.9529695], [80.1340908, 12.9526724], [80.134045, 12.952581], [80.1340449, 12.9524669], [80.1339991, 12.9523755], [80.133999, 12.9522614], [80.1339302, 12.9520786], [80.1339302, 12.9519874], [80.1338843, 12.9519188], [80.1338843, 12.9518503], [80.1337468, 12.9516216], [80.1337467, 12.9515532], [80.1336551, 12.9514159], [80.133655, 12.9513475], [80.1334946, 12.9510731], [80.1334945, 12.9509134], [80.13338, 12.9508217], [80.1333799, 12.9507761], [80.1332196, 12.9506385], [80.1332194, 12.9503648], [80.1331506, 12.950182], [80.133059, 12.9500904], [80.133036, 12.9499306], [80.1330589, 12.9499307], [80.1330587, 12.9495885], [80.1330357, 12.9494971], [80.1329899, 12.9494285], [80.1329899, 12.9493601], [80.1329441, 12.9493143], [80.132944, 12.949223], [80.1328982, 12.9491544], [80.1328981, 12.9489947], [80.1328752, 12.9489946], [80.1328749, 12.948584], [80.132852, 12.9485839], [80.1328519, 12.9483786], [80.132829, 12.9482872], [80.1327602, 12.9481729], [80.1327602, 12.9480816], [80.1327143, 12.9480358], [80.1325996, 12.9476247], [80.1325538, 12.9475789]]]}}, {"type": "Feature", "properties": {"zone": "2", "zone_name": "PALLAVARAM", "area_km2": 12.0, "wards": [9, 13, 14, 15, 16, 17, 18, 19, 20, 21, 24, 26, 27, 28]}, "geometry": {"type": "Polygon", "coordinates": [[[80.1397215, 12.9496616], [80.1396528, 12.9496157], [80.1396069, 12.9495015], [80.1395382, 12.9494556], [80.1394465, 12.9492727], [80.1393778, 12.9492268], [80.1393319, 12.9491125], [80.1392632, 12.9490666], [80.1391715, 12.9488837], [80.1391028, 12.9488378], [80.139057, 12.9487236], [80.1389882, 12.9486777], [80.1389424, 12.9485634], [80.1388737, 12.9485175], [80.138782, 12.9483346], [80.1387133, 12.9482887], [80.1386674, 12.9481745], [80.1385987, 12.9481286], [80.138507, 12.9479457], [80.1384383, 12.9478998], [80.1383924, 12.9477855], [80.1383237, 12.9477396], [80.138232, 12.9475567], [80.1381633, 12.9475108], [80.1381174, 12.9473966], [80.1380487, 12.9473507], [80.137957, 12.9471678], [80.1378883, 12.9471219], [80.1378425, 12.9470076], [80.1377738, 12.9469617], [80.1377279, 12.9468475], [80.1376592, 12.9468016], [80.1376133, 12.9466873], [80.1375446, 12.9466414], [80.1374529, 12.9464585], [80.1373842, 12.9464126], [80.1373383, 12.9462984], [80.1372696, 12.9462524], [80.1371779, 12.9460696], [80.1371092, 12.9460237], [80.1370634, 12.9459094], [80.1369946, 12.9458635], [80.136903, 12.9456806], [80.1368342, 12.9456347], [80.1367884, 12.9455205], [80.1367197, 12.9454746], [80.1366738, 12.9453603], [80.1366051, 12.9453144], [80.1365134, 12.9451315], [80.1364447, 12.9450856], [80.1363988, 12.9449714], [80.1363301, 12.9449254], [80.1362384, 12.9447426], [80.1361697, 12.9446967], [80.1361238, 12.9445824], [80.1360551, 12.9445365], [80.1360093, 12.9444223], [80.1359406, 12.9443763], [80.1358489, 12.9441935], [80.1357801, 12.9441476], [80.1357343, 12.9440333], [80.1356656, 12.9439874], [80.1355739, 12.9438045], [80.1355052, 12.9437586], [80.1354593, 12.9436444], [80.1353906, 12.9435984], [80.1353906, 12.9435528], [80.1353219, 12.9435069], [80.1353218, 12.9434613], [80.1352302, 12.9433925], [80.1352073, 12.9433924], [80.13507, 12.9434374], [80.1349327, 12.9435966], [80.1348869, 12.9435964], [80.1348411, 12.9436646], [80.1347953, 12.9436644], [80.1347038, 12.9437553], [80.1345664, 12.9437547], [80.1344519, 12.9436858], [80.1343832, 12.9436855], [80.1343375, 12.943731], [80.1342688, 12.9437307], [80.1341314, 12.9438214], [80.1340628, 12.9438211], [80.1339941, 12.9438664], [80.1339255, 12.9439802], [80.1338568, 12.9440256], [80.1333532, 12.9442516], [80.1333304, 12.9442971], [80.1330785, 12.9442961], [80.1330785, 12.9442733], [80.132964, 12.9442728], [80.1328724, 12.9442268], [80.1327579, 12.9442263], [80.1327579, 12.9442035], [80.1326434, 12.944203], [80.1326434, 12.9441802], [80.1324602, 12.9441795], [80.1323687, 12.9442703], [80.1322314, 12.9444523], [80.1322544, 12.944498], [80.1322549, 12.9455017], [80.132232, 12.9455016], [80.1322321, 12.9456613], [80.132255, 12.9456614], [80.1322551, 12.9458211], [80.1322094, 12.9458894], [80.1322097, 12.9463912], [80.1322326, 12.9463913], [80.1322326, 12.9465054], [80.1322555, 12.9465055], [80.1322556, 12.9466196], [80.1322785, 12.9466196], [80.1322786, 12.9467565], [80.1323015, 12.9467566], [80.1323015, 12.9468707], [80.1323703, 12.946985], [80.1323703, 12.9470535], [80.1324162, 12.9471221], [80.1324162, 12.9472133], [80.132485, 12.9473049], [80.1325079, 12.9474647], [80.1325538, 12.9475105], [80.1325538, 12.9475789], [80.1325996, 12.9476247], [80.1327143, 12.9480358], [80.1327602, 12.9480816], [80.1327602, 12.9481729], [80.132829, 12.9482872], [80.1328519, 12.9483786], [80.132852, 12.9485839], [80.1328749, 12.948584], [80.1328752, 12.9489946], [80.1328981, 12.9489947], [80.1328982, 12.9491544], [80.132944, 12.949223], [80.1329441, 12.9493143], [80.1329899, 12.9493601], [80.1329899, 12.9494285], [80.1330357, 12.9494971], [80.1330587, 12.9495885], [80.1330589, 12.9499307], [80.133036, 12.9499306], [80.133059, 12.9500904], [80.1331506, 12.950182], [80.1332194, 12.9503648], [80.1332196, 12.9506385], [80.1333799, 12.9507761], [80.13338, 12.9508217], [80.1334945, 12.9509134], [80.1334946, 12.9510731], [80.133655, 12.9513475], [80.1336551, 12.9514159], [80.1337467, 12.9515532], [80.1337468, 12.9516216], [80.1338843, 12.9518503], [80.1338843, 12.9519188], [80.1339302, 12.9519874], [80.1339302, 12.9520786], [80.133999, 12.9522614], [80.1339991, 12.9523755], [80.1340449, 12.9524669], [80.134045, 12.952581], [80.1340908, 12.9526724], [80.1342055, 12.9529695], [80.1342742, 12.9530154], [80.1343658, 12.9530386], [80.1343887, 12.9531071], [80.1344574, 12.953153], [80.1344575, 12.9531986], [80.1345262, 12.9532445], [80.134572, 12.9533588], [80.1346408, 12.9534047], [80.1346866, 12.9534733], [80.1347325, 12.9536788], [80.1347783, 12.9537246], [80.1349389, 12.9542728], [80.1350076, 12.9543187], [80.1350306, 12.9543644], [80.1350307, 12.9546154], [80.1350765, 12.9546155], [80.1350994, 12.9546841], [80.1351452, 12.9547071], [80.1351453, 12.9548211], [80.1351682, 12.9548212], [80.1351683, 12.9549809], [80.1351912, 12.954981], [80.1352371, 12.9552093], [80.1353058, 12.955278], [80.1353059, 12.9554605], [80.1353289, 12.9555519], [80.1353747, 12.9556205], [80.1353748, 12.9557118], [80.1354436, 12.9558489], [80.1354436, 12.9559402], [80.1355353, 12.9562143], [80.1355354, 12.9563284], [80.1355583, 12.9563285], [80.1355584, 12.9565566], [80.1355813, 12.9565567], [80.1355814, 12.9567392], [80.1356043, 12.9567393], [80.1356044, 12.956899], [80.1356273, 12.9568991], [80.1356274, 12.9570131], [80.1356503, 12.9570132], [80.1357191, 12.9572416], [80.1359481, 12.9572426], [80.1360168, 12.9572885], [80.1360856, 12.9574713], [80.136223, 12.9575631], [80.1362917, 12.9576318], [80.1364062, 12.9576323], [80.1364749, 12.9576097], [80.136658, 12.9574964], [80.1367267, 12.9574967], [80.1369555, 12.9572467], [80.1369783, 12.9571328], [80.1372986, 12.9567006], [80.1372986, 12.956655], [80.1373673, 12.9566097], [80.1373672, 12.9565641], [80.1375274, 12.9564507], [80.1375732, 12.9563824], [80.1376877, 12.9563373], [80.1377334, 12.956269], [80.1379165, 12.9561785], [80.1379623, 12.9561103], [80.1380767, 12.9560651], [80.138214, 12.9559516], [80.1382827, 12.9559747], [80.1383972, 12.9559752], [80.1383972, 12.955998], [80.1385117, 12.9559985], [80.1386033, 12.9560445], [80.1387178, 12.9560449], [80.1388094, 12.956091], [80.138901, 12.9560913], [80.139153, 12.9563661], [80.1391759, 12.9564118], [80.1394508, 12.9566639], [80.1394509, 12.9567095], [80.1396341, 12.95687], [80.1396571, 12.9569613], [80.1397029, 12.9569843], [80.1397488, 12.9571214], [80.1397946, 12.9571444], [80.1398175, 12.9572357], [80.1398633, 12.9572587], [80.1399092, 12.9573958], [80.139955, 12.9574188], [80.1399779, 12.9575101], [80.1400237, 12.9575331], [80.1400467, 12.9576245], [80.1401841, 12.9577391], [80.14023, 12.9578534], [80.1402987, 12.9579221], [80.1403217, 12.9580819], [80.1403446, 12.958082], [80.1403448, 12.9583329], [80.1404822, 12.9583563], [80.1407113, 12.9586538], [80.1407801, 12.9588366], [80.1408259, 12.9588596], [80.1408947, 12.9590424], [80.1409405, 12.9590654], [80.1410551, 12.9593396], [80.1411009, 12.9593626], [80.1411468, 12.9594997], [80.1411926, 12.9595227], [80.1412385, 12.9596597], [80.1413072, 12.9597284], [80.1413302, 12.9598882], [80.1413531, 12.9599111], [80.1414448, 12.9600484], [80.1415135, 12.9600943], [80.1415594, 12.9602314], [80.1416052, 12.9602544], [80.1416969, 12.9604829], [80.1417427, 12.9605059], [80.1418115, 12.9606886], [80.1418573, 12.9607116], [80.1419032, 12.9608487], [80.141949, 12.9608717], [80.1420178, 12.9610545], [80.1420636, 12.9610775], [80.1421553, 12.961306], [80.1422011, 12.961329], [80.142247, 12.9614661], [80.1422928, 12.9614891], [80.1423845, 12.9617176], [80.1424303, 12.9617406], [80.1425908, 12.9621062], [80.1426366, 12.9621292], [80.1427283, 12.9623577], [80.1427741, 12.9623807], [80.14282, 12.9625178], [80.1428658, 12.9625408], [80.1428887, 12.9626321], [80.1429346, 12.9627008], [80.1430033, 12.9627467], [80.1430262, 12.962838], [80.143072, 12.962861], [80.143095, 12.9629524], [80.1431637, 12.9629983], [80.1432096, 12.9631353], [80.1433471, 12.9632956], [80.14337, 12.9633869], [80.1434158, 12.9634556], [80.1435533, 12.9635702], [80.1435991, 12.9636388], [80.1436221, 12.963753], [80.1436679, 12.963776], [80.1436909, 12.963913], [80.1437825, 12.9640046], [80.1437825, 12.9640502], [80.1438512, 12.9640961], [80.1438971, 12.9641647], [80.14392, 12.9642561], [80.1440117, 12.9643477], [80.1440346, 12.9644391], [80.1441262, 12.9645307], [80.1441492, 12.964622], [80.144195, 12.964645], [80.1442179, 12.9647364], [80.1443096, 12.964828], [80.1443325, 12.9649194], [80.1444012, 12.9649653], [80.1444242, 12.9650338], [80.1446304, 12.9652171], [80.1446304, 12.9652628], [80.1446991, 12.9653315], [80.1446992, 12.9654227], [80.1446534, 12.965491], [80.1444476, 12.9659464], [80.1444018, 12.965969], [80.1442418, 12.9663333], [80.144196, 12.966356], [80.1441045, 12.9665381], [80.1440359, 12.9665834], [80.1438986, 12.9668338], [80.14383, 12.9668791], [80.14383, 12.9669248], [80.1437385, 12.9670156], [80.1437156, 12.9671068], [80.1435783, 12.9672659], [80.1435555, 12.9673571], [80.1434868, 12.9674024], [80.1434411, 12.9675163], [80.1433267, 12.9676071], [80.1432352, 12.9677892], [80.1431665, 12.9678345], [80.1431208, 12.9679028], [80.1430979, 12.9679939], [80.1430293, 12.9680393], [80.1428005, 12.9684261], [80.1427319, 12.9684715], [80.1426404, 12.9686308], [80.1426405, 12.9687677], [80.1426634, 12.9688362], [80.1427551, 12.9689734], [80.1427551, 12.9690419], [80.1428239, 12.9691334], [80.1428239, 12.9692019], [80.1428697, 12.9692477], [80.1428698, 12.9693161], [80.1429385, 12.9694076], [80.1429385, 12.9694761], [80.1430073, 12.9695676], [80.1430073, 12.969636], [80.1430531, 12.9696819], [80.1430532, 12.9697503], [80.1431219, 12.9698418], [80.143122, 12.9699103], [80.1431907, 12.969979], [80.1432365, 12.9700932], [80.1432367, 12.9702986], [80.1432138, 12.9702985], [80.1432138, 12.9704125], [80.1432367, 12.9704126], [80.1433055, 12.9705954], [80.1433972, 12.970687], [80.1433972, 12.9708239], [80.1434202, 12.9708924], [80.1434889, 12.9709612], [80.1434889, 12.9710068], [80.1435577, 12.9710755], [80.1435578, 12.971258], [80.1436265, 12.9713952], [80.1436266, 12.9714864], [80.1437412, 12.9717606], [80.1437413, 12.9718291], [80.1438329, 12.9719663], [80.1438331, 12.9722629], [80.1439248, 12.9724001], [80.1439248, 12.9724458], [80.1439935, 12.9725145], [80.1439936, 12.9725829], [80.1440394, 12.9726744], [80.1440852, 12.9726974], [80.1441082, 12.9727887], [80.1441998, 12.9728803], [80.1441998, 12.972926], [80.1442686, 12.9729719], [80.1443602, 12.9731547], [80.144429, 12.9732007], [80.1444519, 12.9733604], [80.1444748, 12.9733605], [80.1444749, 12.9734746], [80.1445667, 12.9737487], [80.1445667, 12.9738628], [80.1448419, 12.9746167], [80.1448879, 12.9748907], [80.1449337, 12.9749593], [80.1449338, 12.9750505], [80.1450025, 12.9751877], [80.1450026, 12.9752789], [80.1450713, 12.9754161], [80.1450714, 12.9755074], [80.1451173, 12.9756216], [80.145186, 12.9756903], [80.1452547, 12.9756906], [80.1455753, 12.9758744], [80.1456212, 12.9759431], [80.1456212, 12.9760115], [80.145667, 12.9760573], [80.14569, 12.9761943], [80.1457358, 12.9762401], [80.1457359, 12.9763085], [80.1457817, 12.9763543], [80.1458046, 12.9764913], [80.1458505, 12.9765371], [80.1458734, 12.9766513], [80.1459193, 12.9767199], [80.145988, 12.9767658], [80.146011, 12.9769256], [80.1459881, 12.9769255], [80.1459882, 12.9770624], [80.1460799, 12.9772681], [80.1460799, 12.9773593], [80.1461487, 12.9774965], [80.1461487, 12.9775877], [80.1462404, 12.977725], [80.1462863, 12.9779077], [80.1463779, 12.9779765], [80.1464009, 12.9781591], [80.1465154, 12.9781824], [80.1466299, 12.9782741], [80.1466529, 12.9783426], [80.146653, 12.9786164], [80.1467447, 12.9787536], [80.1467677, 12.9788678], [80.1468135, 12.9789364], [80.1469738, 12.9790511], [80.1469968, 12.9790969], [80.1472716, 12.9791892], [80.1472944, 12.9790981], [80.1473402, 12.9790755], [80.1473859, 12.9789844], [80.1473859, 12.9788932], [80.1475003, 12.9787339], [80.1475002, 12.9786655], [80.1475917, 12.978529], [80.1475917, 12.9784378], [80.1477061, 12.9782785], [80.147706, 12.9782101], [80.1477975, 12.9780736], [80.1477974, 12.9778911], [80.1477745, 12.977891], [80.1477744, 12.9776401], [80.1477515, 12.97764], [80.1477513, 12.9773662], [80.1477284, 12.9773661], [80.1477283, 12.9771152], [80.1477054, 12.9771151], [80.1477052, 12.9768414], [80.1476823, 12.9768413], [80.1476822, 12.9765903], [80.1476593, 12.9765902], [80.1476592, 12.9763849], [80.1476363, 12.9763848], [80.1476362, 12.9762708], [80.1476133, 12.9762707], [80.1476132, 12.9761338], [80.1475903, 12.9761337], [80.1475903, 12.9759968], [80.1475674, 12.9759967], [80.1475673, 12.9758827], [80.1475444, 12.9758826], [80.1475443, 12.9757457], [80.1475214, 12.9757456], [80.1475213, 12.9756087], [80.1474984, 12.9756086], [80.1474984, 12.9754718], [80.1474755, 12.9754717], [80.1474754, 12.9753576], [80.1474525, 12.9753575], [80.1474524, 12.9752206], [80.1474295, 12.9752205], [80.1474294, 12.9750837], [80.1474065, 12.9750836], [80.1474065, 12.9749695], [80.1473607, 12.9749237], [80.1473377, 12.9748323], [80.1473376, 12.9746955], [80.1473147, 12.9746954], [80.1473147, 12.9745813], [80.1472917, 12.9745128], [80.147223, 12.9744441], [80.1472001, 12.9743527], [80.1471084, 12.9742611], [80.1470855, 12.9741697], [80.1469938, 12.9740781], [80.1469709, 12.9739868], [80.1469251, 12.9739866], [80.1469251, 12.9739181], [80.1468792, 12.9738495], [80.1468562, 12.9736897], [80.1466042, 12.9734606], [80.1465813, 12.9734149], [80.1463064, 12.9731172], [80.1460544, 12.972888], [80.1460315, 12.9728423], [80.1457565, 12.9725446], [80.1455046, 12.9723154], [80.1454816, 12.9722697], [80.1452067, 12.971972], [80.1449547, 12.9717428], [80.1449547, 12.9716972], [80.144886, 12.9716285], [80.1448859, 12.9715372], [80.1448172, 12.9714229], [80.1448171, 12.971286], [80.1447713, 12.971263], [80.1447712, 12.9711261], [80.1447254, 12.9710575], [80.1447253, 12.9709663], [80.1446795, 12.9708976], [80.1448394, 12.970328], [80.1448852, 12.970351], [80.1448853, 12.9704194], [80.1449311, 12.9704424], [80.1449082, 12.970488], [80.144954, 12.970511], [80.1449541, 12.970625], [80.144977, 12.9706251], [80.1450229, 12.9708306], [80.1450687, 12.9708536], [80.1451831, 12.9708313], [80.1451827, 12.9701469], [80.1450683, 12.9701692], [80.1450685, 12.9706027], [80.1450227, 12.9705797], [80.1450456, 12.9705341], [80.1449998, 12.9705111], [80.1449997, 12.9703971], [80.1449768, 12.970397], [80.1448851, 12.9701457], [80.1448164, 12.9701454], [80.1447707, 12.9702136], [80.1447936, 12.9702594], [80.1447478, 12.970282], [80.1447707, 12.9703277], [80.1447249, 12.9703503], [80.144725, 12.9704188], [80.1446335, 12.9706237], [80.1446332, 12.9701446], [80.1445645, 12.9701443], [80.1445645, 12.9699847], [80.1445415, 12.9699618], [80.1446102, 12.9699164], [80.144656, 12.9698482], [80.1446559, 12.9697797], [80.1447703, 12.969689], [80.1449076, 12.9694386], [80.1449762, 12.9693932], [80.145022, 12.969325], [80.1450219, 12.9692566], [80.1450677, 12.9692567], [80.1451135, 12.9691429], [80.1451821, 12.9690975], [80.1451821, 12.9690519], [80.1452965, 12.9689155], [80.1452964, 12.9686874], [80.1453421, 12.9685963], [80.1453879, 12.9685737], [80.1454107, 12.9684597], [80.1454565, 12.9684599], [80.1454793, 12.9683459], [80.1455251, 12.9683461], [80.145548, 12.9682322], [80.1455938, 12.9682324], [80.1456166, 12.9681184], [80.1456624, 12.9681186], [80.1456852, 12.9680046], [80.145731, 12.9680048], [80.1457538, 12.9678908], [80.1457996, 12.967891], [80.1458224, 12.9677771], [80.1458682, 12.9677772], [80.1458911, 12.9676861], [80.1459369, 12.9676635], [80.1459597, 12.9675723], [80.1460055, 12.9675497], [80.1460283, 12.9674585], [80.1460741, 12.9674359], [80.1460969, 12.9673448], [80.1462342, 12.96714], [80.146257, 12.9670032], [80.1463028, 12.9669578], [80.1463256, 12.966821], [80.1463714, 12.9667756], [80.1463713, 12.9667071], [80.1464171, 12.9666389], [80.146417, 12.9665476], [80.1464628, 12.966525], [80.1464856, 12.9663654], [80.1465314, 12.9663428], [80.1465542, 12.9661832], [80.1466, 12.9661606], [80.1466457, 12.9660467], [80.1467601, 12.9659559], [80.146783, 12.9659104], [80.1468747, 12.9660477], [80.1470349, 12.9660483], [80.1471265, 12.9660259], [80.1471035, 12.9659117], [80.1469433, 12.9659111], [80.1468974, 12.9658424], [80.1468974, 12.9657512], [80.146966, 12.9657058], [80.1471033, 12.9655239], [80.1472865, 12.9655247], [80.1473552, 12.9656162], [80.1473553, 12.9657303], [80.1473095, 12.9657757], [80.1472637, 12.9657527], [80.1472179, 12.9656613], [80.1471034, 12.9657292], [80.1472409, 12.9659579], [80.1473325, 12.9659355], [80.1473554, 12.96589], [80.1475156, 12.9657994], [80.1475155, 12.9655941], [80.1474926, 12.965594], [80.147378, 12.965411], [80.1472406, 12.9653648], [80.1472634, 12.9652965], [80.1473779, 12.9652057], [80.1473778, 12.9651601], [80.1474465, 12.9651147], [80.1474465, 12.9650691], [80.147538, 12.965001], [80.1475609, 12.9649099], [80.1476067, 12.9649101], [80.1476525, 12.9649331], [80.1477213, 12.9651387], [80.1477671, 12.9651388], [80.1478359, 12.9653444], [80.1478817, 12.9653674], [80.1479505, 12.9655502], [80.1479963, 12.9655732], [80.1480651, 12.965756], [80.1481109, 12.965779], [80.1482026, 12.9660075], [80.1482484, 12.9660077], [80.1483172, 12.9662133], [80.148363, 12.9662135], [80.1485235, 12.966602], [80.1485693, 12.9666022], [80.1486152, 12.966762], [80.148661, 12.966785], [80.1486839, 12.9668764], [80.1488444, 12.967242], [80.1488902, 12.967265], [80.1489132, 12.9673564], [80.1490737, 12.967722], [80.1491195, 12.967745], [80.1491424, 12.9678364], [80.1493029, 12.9682021], [80.1493487, 12.9682251], [80.1493488, 12.9683163], [80.1495321, 12.9686364], [80.1495324, 12.9690471], [80.1496011, 12.9691158], [80.1497385, 12.9691392], [80.149853, 12.9691396], [80.1499217, 12.9692768], [80.1499904, 12.9693227], [80.1499905, 12.9693683], [80.1501738, 12.9695972], [80.1502196, 12.9697343], [80.1502654, 12.9697573], [80.1503342, 12.9699401], [80.15038, 12.9699631], [80.1504718, 12.9701916], [80.1505176, 12.9702146], [80.1505864, 12.9703973], [80.1506322, 12.9704203], [80.150701, 12.9706031], [80.1507468, 12.9706261], [80.1508156, 12.9708089], [80.1508614, 12.9708319], [80.1509302, 12.9710147], [80.150976, 12.9710377], [80.1510448, 12.9712205], [80.1510906, 12.9712435], [80.1511594, 12.9714263], [80.1512052, 12.9714493], [80.151274, 12.9716321], [80.1514573, 12.9718609], [80.1517549, 12.9718622], [80.1517549, 12.9718393], [80.151938, 12.9717717], [80.1518922, 12.9717259], [80.1519151, 12.9716575], [80.1520066, 12.9716351], [80.1520295, 12.9715895], [80.1521211, 12.9715671], [80.1526704, 12.9713184], [80.1527163, 12.9713871], [80.1528078, 12.9713646], [80.1528307, 12.9713191], [80.1529223, 12.9712967], [80.1529452, 12.9712511], [80.1530367, 12.9712287], [80.1530596, 12.9711832], [80.1531512, 12.9711607], [80.153174, 12.9711152], [80.1532656, 12.9710928], [80.1532885, 12.9710472], [80.15338, 12.9710248], [80.1534029, 12.9709793], [80.1534945, 12.9709569], [80.1535174, 12.9709113], [80.1536089, 12.9708889], [80.1536318, 12.9708434], [80.1537234, 12.9708209], [80.1538149, 12.9707072], [80.1538836, 12.9706619], [80.1540209, 12.9706168], [80.1540438, 12.9705713], [80.1541811, 12.9705263], [80.1543413, 12.9704129], [80.15441, 12.9703903], [80.15441, 12.9704359], [80.1545245, 12.970368], [80.1547307, 12.970597], [80.1548451, 12.9705974], [80.1549138, 12.9705065], [80.1548451, 12.9705518], [80.1547764, 12.9705287], [80.1545473, 12.9703225], [80.1545702, 12.9702769], [80.1546618, 12.9702545], [80.1546846, 12.970209], [80.1547762, 12.9701865], [80.1547991, 12.970141], [80.1548678, 12.9701185], [80.1548907, 12.9701642], [80.1553487, 12.9702573], [80.1553716, 12.9703259], [80.155532, 12.9704634], [80.155532, 12.970509], [80.1556923, 12.9706466], [80.1556924, 12.9706922], [80.1558298, 12.9708068], [80.1558298, 12.9708524], [80.1559444, 12.9709442], [80.1565402, 12.9718819], [80.1570671, 12.9724316], [80.1571129, 12.9724318], [80.1571588, 12.9725004], [80.1572046, 12.9725006], [80.1572733, 12.9725921], [80.1573649, 12.9726153], [80.1573878, 12.9726839], [80.1574794, 12.9727071], [80.1575024, 12.9727756], [80.157594, 12.9727988], [80.157594, 12.9728444], [80.1576627, 12.9728675], [80.1577314, 12.972959], [80.1577772, 12.9729592], [80.157846, 12.9730508], [80.1578918, 12.9730509], [80.1579605, 12.9731425], [80.1580063, 12.9731427], [80.158075, 12.9732342], [80.1581208, 12.9732344], [80.1581896, 12.9733259], [80.1582354, 12.9733261], [80.1582812, 12.9733947], [80.1583728, 12.9734407], [80.1585102, 12.9734413], [80.1585102, 12.9734185], [80.1586246, 12.9733505], [80.1586474, 12.9732137], [80.1594483, 12.9723958], [80.1595627, 12.972305], [80.1595627, 12.9722594], [80.1597458, 12.9721233], [80.1597458, 12.9720549], [80.1597916, 12.972055], [80.1598144, 12.9719867], [80.1598831, 12.9719414], [80.159883, 12.9718957], [80.1599517, 12.9718504], [80.1599517, 12.9718048], [80.1600432, 12.9717367], [80.1600432, 12.9716683], [80.160089, 12.9716685], [80.1601118, 12.9716001], [80.1601805, 12.9715548], [80.1601805, 12.9715091], [80.1602491, 12.9714638], [80.160272, 12.9713727], [80.1603177, 12.9713272], [80.1603864, 12.9713275], [80.1604093, 12.971282], [80.1606611, 12.9711461], [80.1607526, 12.9710096], [80.1607524, 12.9707815], [80.160844, 12.9707819], [80.1608669, 12.9708276], [80.1609586, 12.9708736], [80.1610501, 12.970874], [80.1612105, 12.9709887], [80.1613937, 12.9709895], [80.1614852, 12.9709214], [80.1615539, 12.9709217], [80.1615997, 12.9708763], [80.1617599, 12.9708541], [80.1618286, 12.9708088], [80.1620117, 12.9707867], [80.1620346, 12.9707412], [80.162172, 12.9707418], [80.1622406, 12.9706964], [80.1623322, 12.9706968], [80.1624467, 12.9706288], [80.162584, 12.9706294], [80.1626527, 12.9705841], [80.1627443, 12.9705844], [80.1628129, 12.9705391], [80.1629961, 12.970517], [80.163019, 12.9704715], [80.1631563, 12.9704721], [80.163225, 12.9704267], [80.1633166, 12.9704271], [80.163431, 12.9703591], [80.1635684, 12.9703597], [80.1636371, 12.9703144], [80.1638202, 12.9702923], [80.1638431, 12.9702468], [80.1639805, 12.9702473], [80.1640949, 12.9701794], [80.1642323, 12.97018], [80.164301, 12.9701346], [80.1644841, 12.9701126], [80.164507, 12.970067], [80.1646444, 12.9700676], [80.1647588, 12.9699996], [80.1648962, 12.9700002], [80.1649648, 12.9699549], [80.1650564, 12.9699552], [80.1651709, 12.9698873], [80.1653082, 12.9698878], [80.1653769, 12.9698425], [80.1654685, 12.9698429], [80.1655371, 12.9697975], [80.1656287, 12.9697979], [80.1656974, 12.9697526], [80.165789, 12.9697529], [80.1659034, 12.969685], [80.1660408, 12.9696855], [80.1660637, 12.96964], [80.1661781, 12.9696405], [80.1661781, 12.9696177], [80.1662926, 12.9695497], [80.1663154, 12.9694129], [80.1663611, 12.9693447], [80.1663611, 12.9692078], [80.1664068, 12.9691852], [80.1664296, 12.9690028], [80.1664754, 12.9689345], [80.1664753, 12.9688433], [80.1665211, 12.968775], [80.1665439, 12.9685926], [80.1665896, 12.9685244], [80.1665896, 12.9684331], [80.1666353, 12.9683649], [80.1666352, 12.968228], [80.166681, 12.9682054], [80.1667038, 12.968023], [80.1667496, 12.9679547], [80.1667495, 12.9678635], [80.1667953, 12.9677952], [80.1667952, 12.967704], [80.1669097, 12.9676588], [80.1669783, 12.9676591], [80.1670241, 12.9676137], [80.1671844, 12.9676143], [80.167276, 12.9675919], [80.1673217, 12.9675465], [80.167482, 12.9675471], [80.1675736, 12.9675247], [80.1676193, 12.9674793], [80.1677567, 12.9674798], [80.1678254, 12.9674117], [80.1678711, 12.9674119], [80.1679398, 12.9673209], [80.1680085, 12.9673212], [80.1680313, 12.9672757], [80.1681458, 12.9672305], [80.1682832, 12.9672311], [80.1682832, 12.9672083], [80.1683976, 12.9672087], [80.1683976, 12.9671859], [80.168535, 12.9671865], [80.168535, 12.9671637], [80.1686724, 12.9671642], [80.1686724, 12.9671414], [80.1688097, 12.967142], [80.1688097, 12.9671192], [80.1689471, 12.9671197], [80.1690387, 12.9670973], [80.1691073, 12.967052], [80.1691531, 12.9669609], [80.169153, 12.9667784], [80.1691987, 12.966733], [80.1692903, 12.9667334], [80.1693361, 12.9666879], [80.1694048, 12.9666882], [80.1694734, 12.96662], [80.169565, 12.9666204], [80.1696108, 12.966575], [80.1696794, 12.9665753], [80.1697481, 12.9665071], [80.1698397, 12.9665075], [80.1698854, 12.9664621], [80.1699541, 12.9664623], [80.1700228, 12.9663942], [80.1701373, 12.9663947], [80.1701372, 12.9663719], [80.1703433, 12.9663727], [80.1703433, 12.9663499], [80.1705494, 12.9663507], [80.1705494, 12.9663279], [80.1707783, 12.9663289], [80.1707783, 12.9663061], [80.1709844, 12.9663069], [80.1709844, 12.9662841], [80.1711904, 12.966285], [80.1711904, 12.9662621], [80.1713965, 12.966263], [80.1713965, 12.9662402], [80.1716254, 12.9662411], [80.1716254, 12.9662183], [80.1718086, 12.9662191], [80.1718086, 12.9661963], [80.171923, 12.9661967], [80.171923, 12.9661739], [80.1720604, 12.9661745], [80.1720604, 12.9661517], [80.1721749, 12.9661521], [80.1721749, 12.9661293], [80.1722893, 12.9661298], [80.1722893, 12.966107], [80.1724038, 12.9661075], [80.1724038, 12.9660847], [80.1726785, 12.9660858], [80.1726786, 12.9661086], [80.1730449, 12.9661101], [80.1730449, 12.9661329], [80.1731823, 12.9661107], [80.1732051, 12.9660652], [80.1732967, 12.9660655], [80.1733196, 12.96602], [80.1734112, 12.9660204], [80.1734341, 12.9659748], [80.1735256, 12.9659524], [80.1736859, 12.9659531], [80.1737088, 12.9660444], [80.1737776, 12.9660903], [80.1742126, 12.9660921], [80.1742126, 12.9660693], [80.1745102, 12.9660705], [80.1745102, 12.9660477], [80.1759754, 12.9657116], [80.1761127, 12.9655981], [80.1761126, 12.965484], [80.1761813, 12.9654843], [80.1762042, 12.9654388], [80.1763186, 12.9654393], [80.1764331, 12.9653713], [80.1765705, 12.9653719], [80.1765704, 12.9653491], [80.1769368, 12.9653506], [80.1769368, 12.9653278], [80.1771199, 12.9653285], [80.1771199, 12.9653057], [80.1772802, 12.9653064], [80.1773261, 12.9654206], [80.1774177, 12.9654666], [80.1774177, 12.9655579], [80.1774636, 12.9656265], [80.1775323, 12.9656724], [80.1779902, 12.9656743], [80.1780818, 12.9657203], [80.1781047, 12.965766], [80.1781963, 12.9657892], [80.178288, 12.9658808], [80.1783796, 12.965904], [80.1784025, 12.9659497], [80.1784941, 12.9659957], [80.1787002, 12.9659966], [80.1787001, 12.9659738], [80.1788833, 12.9659745], [80.1788833, 12.9659517], [80.1790436, 12.9659524], [80.1790436, 12.9659296], [80.1791809, 12.9659301], [80.1791809, 12.9659073], [80.1792954, 12.9659078], [80.1792954, 12.965885], [80.1794786, 12.9658857], [80.1795702, 12.9659774], [80.1794557, 12.9659769], [80.1794328, 12.9660224], [80.1794329, 12.9661365], [80.1794787, 12.9661823], [80.1796161, 12.9662057], [80.1796162, 12.9662741], [80.1795246, 12.9662737], [80.1795016, 12.9662052], [80.1794559, 12.966205], [80.1794559, 12.9662963], [80.1795017, 12.9663421], [80.1796391, 12.9663427], [80.1796849, 12.9662972], [80.1796848, 12.9661375], [80.1797306, 12.9661377], [80.1797307, 12.966343], [80.1797994, 12.9663433], [80.1797994, 12.9664574], [80.1798224, 12.9665487], [80.1798682, 12.9666174], [80.1798683, 12.9667086], [80.179937, 12.9668458], [80.1799371, 12.966937], [80.1799829, 12.96696], [80.179983, 12.9670741], [80.1800059, 12.9671654], [80.1800747, 12.9673026], [80.1800977, 12.9674624], [80.1802123, 12.9676225], [80.1803267, 12.9676458], [80.1803726, 12.9676916], [80.180487, 12.9676921], [80.18051, 12.9677378], [80.1805787, 12.9677381], [80.1806245, 12.9677839], [80.180739, 12.9677844], [80.1807619, 12.9678301], [80.1808306, 12.9678304], [80.1808764, 12.9678762], [80.1809909, 12.9678767], [80.1810138, 12.9679224], [80.1810825, 12.9679227], [80.1811512, 12.9679686], [80.1812428, 12.967969], [80.1812657, 12.9680147], [80.1813344, 12.968015], [80.1814031, 12.9680609], [80.1814947, 12.9680613], [80.1815176, 12.968107], [80.1815863, 12.9681073], [80.181655, 12.9681532], [80.1817466, 12.9681535], [80.1817695, 12.9681993], [80.181884, 12.9681997], [80.181884, 12.9681769], [80.1820213, 12.9680862], [80.1820212, 12.9678581], [80.1819754, 12.9678123], [80.1819753, 12.9677211], [80.1820211, 12.9676984], [80.1821356, 12.9676989], [80.1821356, 12.9676761], [80.18225, 12.9676766], [80.1823416, 12.9676313], [80.1824561, 12.9676318], [80.1824561, 12.967609], [80.1825934, 12.9675867], [80.1826621, 12.9674958], [80.1826619, 12.9673133], [80.1826391, 12.9673132], [80.1825703, 12.9671988], [80.1825245, 12.9671986], [80.182387, 12.9669928], [80.1823412, 12.9669926], [80.1822037, 12.9667867], [80.1821579, 12.9667865], [80.1821121, 12.9666722], [80.1820434, 12.9666492], [80.1820662, 12.9665808], [80.1819746, 12.9665804], [80.1817913, 12.9663287], [80.1819516, 12.9663522], [80.1819974, 12.966284], [80.1819972, 12.9659874], [80.1819285, 12.9659871], [80.1819287, 12.9662609], [80.18186, 12.9662834], [80.1818142, 12.9662148], [80.181814, 12.9659866], [80.1817911, 12.9659865], [80.1817908, 12.9654391], [80.1818137, 12.9654391], [80.1818136, 12.9652566], [80.1818365, 12.9652567], [80.1818364, 12.9650514], [80.1818593, 12.9650515], [80.1818592, 12.964869], [80.1818362, 12.9647777], [80.1817904, 12.9647091], [80.1817903, 12.9646178], [80.1817445, 12.964572], [80.1817445, 12.9644807], [80.1816986, 12.9643893], [80.1816985, 12.9642524], [80.1816756, 12.9642523], [80.181492, 12.9634303], [80.1814461, 12.9633617], [80.1814461, 12.9632704], [80.1814003, 12.9632246], [80.1814002, 12.9631334], [80.1813314, 12.9629506], [80.1813313, 12.9628137], [80.1813084, 12.9628136], [80.1812395, 12.9624483], [80.1811937, 12.9624253], [80.1811937, 12.9622885], [80.1811478, 12.9622198], [80.1811478, 12.9621286], [80.181102, 12.9621056], [80.1811019, 12.9619915], [80.1810561, 12.9619457], [80.1810102, 12.9617402], [80.1809644, 12.9617172], [80.1809643, 12.9616032], [80.1809185, 12.9615573], [80.1809184, 12.9614889], [80.1808726, 12.9614203], [80.1808724, 12.9611009], [80.1808266, 12.9610779], [80.1808495, 12.9610324], [80.1808953, 12.9610097], [80.18117, 12.9610109], [80.18117, 12.9609881], [80.1814448, 12.9609892], [80.1814447, 12.9609664], [80.1816966, 12.9609674], [80.1816966, 12.9609446], [80.1819713, 12.9609458], [80.1819713, 12.9609229], [80.1822232, 12.960924], [80.1822232, 12.9609012], [80.1830245, 12.9609045], [80.1830245, 12.9608817], [80.183139, 12.9608821], [80.183139, 12.960905], [80.1833909, 12.960906], [80.1833909, 12.9608832], [80.1835969, 12.960884], [80.1836199, 12.9610666], [80.1836657, 12.9611124], [80.1836658, 12.9612037], [80.1837575, 12.9614778], [80.1837576, 12.9616147], [80.1838264, 12.9617975], [80.1838265, 12.9619115], [80.1838494, 12.9620029], [80.183964, 12.9621859], [80.1840098, 12.9622089], [80.184193, 12.9622096], [80.1842388, 12.9622326], [80.1842388, 12.962301], [80.1842847, 12.9623697], [80.1843534, 12.9624156], [80.1843992, 12.9624842], [80.1843995, 12.9629405], [80.1845598, 12.9629411], [80.1845826, 12.96285], [80.1846513, 12.9628503], [80.1846513, 12.9628959], [80.18472, 12.9629418], [80.1848117, 12.9631247], [80.1848804, 12.9631706], [80.1848805, 12.9632162], [80.1849721, 12.963285], [80.1851782, 12.9632859], [80.1851781, 12.963263], [80.1853613, 12.9632638], [80.1853613, 12.963241], [80.1855445, 12.9632418], [80.1855445, 12.9632189], [80.1857276, 12.9632197], [80.1857276, 12.9631969], [80.1859108, 12.9631976], [80.1859108, 12.9631748], [80.1860939, 12.9631756], [80.186094, 12.963244], [80.1861398, 12.963267], [80.1861399, 12.9633811], [80.1861628, 12.9634496], [80.1862774, 12.9636326], [80.1863232, 12.9636328], [80.1864377, 12.9637701], [80.1864835, 12.9637703], [80.1865294, 12.9638389], [80.1865523, 12.9639759], [80.1865981, 12.9639989], [80.1866211, 12.9641359], [80.1867127, 12.9642047], [80.1867128, 12.9643644], [80.1867815, 12.9643647], [80.1868044, 12.9642963], [80.186873, 12.9642054], [80.1869417, 12.9642056], [80.1869646, 12.9642514], [80.1869647, 12.9643654], [80.1870334, 12.964457], [80.1870335, 12.9645938], [80.1870106, 12.9646394], [80.1870108, 12.9648447], [80.1870337, 12.9648448], [80.1871482, 12.9649821], [80.1872169, 12.9649824], [80.1872398, 12.9649141], [80.1872856, 12.9649142], [80.1873314, 12.9649829], [80.187423, 12.9650061], [80.1874917, 12.965052], [80.1875375, 12.9651206], [80.1875833, 12.9651208], [80.187675, 12.9652124], [80.1877436, 12.9652127], [80.1878353, 12.9653271], [80.1878811, 12.9653273], [80.187904, 12.9654187], [80.1879499, 12.9655557], [80.1879957, 12.9655787], [80.1879958, 12.96567], [80.1880874, 12.9658072], [80.1881562, 12.9660128], [80.1882021, 12.9660358], [80.1881792, 12.9660814], [80.188225, 12.9661044], [80.1882479, 12.9661729], [80.1883166, 12.9661732], [80.1883395, 12.9662189], [80.1884769, 12.9662195], [80.1884769, 12.9662423], [80.1885914, 12.9662428], [80.1886601, 12.9661974], [80.189118, 12.9661993], [80.189118, 12.9661765], [80.189553, 12.9661783], [80.189553, 12.9661555], [80.1896675, 12.966156], [80.1899421, 12.9659974], [80.1900566, 12.9659751], [80.190171, 12.9658387], [80.1903313, 12.9658393], [80.1903313, 12.9658165], [80.1904915, 12.9658172], [80.1904915, 12.9657944], [80.190606, 12.9657948], [80.1906518, 12.9657722], [80.1907204, 12.9656812], [80.1907202, 12.9653847], [80.1906744, 12.9653389], [80.1906744, 12.9652476], [80.1906285, 12.9651562], [80.1906285, 12.9650421], [80.1906056, 12.965042], [80.1905826, 12.9649051], [80.1906742, 12.9649054], [80.1906512, 12.9647456], [80.1906053, 12.9646542], [80.1906053, 12.9645401], [80.1905366, 12.9645855], [80.1905137, 12.9646538], [80.1904908, 12.9645625], [80.1904907, 12.9644484], [80.1904449, 12.9644254], [80.1904448, 12.9642657], [80.190399, 12.9642199], [80.1903989, 12.9640602], [80.190376, 12.9640601], [80.190376, 12.9639461], [80.190353, 12.9639004], [80.1904445, 12.9637639], [80.1904444, 12.9635814], [80.1904215, 12.96349], [80.1903757, 12.9634442], [80.1903756, 12.9632845], [80.1903297, 12.9632387], [80.1903297, 12.963079], [80.1903068, 12.9630789], [80.1903067, 12.9629649], [80.1904212, 12.9629425], [80.1904208, 12.9623038], [80.1903063, 12.9622805], [80.1903066, 12.9627595], [80.1902608, 12.9627365], [80.1902607, 12.9626225], [80.1901461, 12.9623483], [80.190146, 12.9622342], [80.1901231, 12.9622341], [80.190123, 12.96212], [80.1901001, 12.9621199], [80.1901001, 12.9620059], [80.1900772, 12.9620058], [80.1900771, 12.9618917], [80.1900313, 12.9618003], [80.1900312, 12.9616862], [80.1900083, 12.9616861], [80.1900082, 12.9615721], [80.1899853, 12.961572], [80.1899853, 12.9614579], [80.1899624, 12.9614578], [80.1899623, 12.9613438], [80.1899394, 12.9613437], [80.1899393, 12.9612296], [80.1899164, 12.9612295], [80.1899164, 12.9611154], [80.1898935, 12.9611153], [80.1898934, 12.9610013], [80.1898705, 12.9610012], [80.1898705, 12.9608871], [80.1898476, 12.960887], [80.1898475, 12.960773], [80.1898016, 12.9606815], [80.1898016, 12.9605675], [80.1897787, 12.9605674], [80.1897786, 12.9604533], [80.1897328, 12.9603619], [80.1897327, 12.9602478], [80.1897098, 12.9602477], [80.1897097, 12.9601337], [80.1896639, 12.9600422], [80.1896638, 12.9599282], [80.1896409, 12.9599281], [80.1896409, 12.959814], [80.189595, 12.9597226], [80.189595, 12.9596085], [80.1895721, 12.9596084], [80.189572, 12.9594943], [80.1895261, 12.9594029], [80.1895261, 12.9592888], [80.1895032, 12.9592887], [80.1894802, 12.9591746], [80.1893886, 12.9591058], [80.1892741, 12.9591053], [80.1892741, 12.9590825], [80.1891596, 12.959082], [80.1891596, 12.9590136], [80.1891138, 12.9589678], [80.1891137, 12.9588993], [80.189045, 12.9588078], [80.1890449, 12.9587394], [80.1889762, 12.9586706], [80.1889762, 12.9585794], [80.1889303, 12.9585336], [80.1889303, 12.9584651], [80.1888845, 12.9584193], [80.1888844, 12.9583509], [80.1888157, 12.9582822], [80.1888157, 12.9581909], [80.188724, 12.9580537], [80.1890902, 12.9578955], [80.1891589, 12.9578273], [80.1892505, 12.9578277], [80.1892962, 12.9577823], [80.1893878, 12.9577598], [80.1895481, 12.9577605], [80.1895481, 12.9577377], [80.1897083, 12.9577383], [80.1897083, 12.9577155], [80.1898686, 12.9577162], [80.1898686, 12.9576934], [80.190006, 12.9576939], [80.1900059, 12.9576711], [80.1901662, 12.9576718], [80.1901662, 12.957649], [80.1903036, 12.9576496], [80.1903036, 12.9576267], [80.1904638, 12.9576274], [80.1904638, 12.9576046], [80.1906241, 12.9576053], [80.1906241, 12.9575824], [80.1907615, 12.957583], [80.1907615, 12.9575602], [80.1909217, 12.9575609], [80.1909217, 12.957538], [80.191082, 12.9575387], [80.191082, 12.9575159], [80.1912193, 12.9575165], [80.1912193, 12.9574936], [80.1913567, 12.9574942], [80.1914483, 12.9575402], [80.1915628, 12.9575407], [80.1915628, 12.9575635], [80.1916773, 12.957564], [80.1917689, 12.95761], [80.1918834, 12.9576105], [80.1918834, 12.9576333], [80.1919979, 12.9576337], [80.1919979, 12.9576566], [80.192204, 12.9576574], [80.1923184, 12.957521], [80.1923183, 12.9573841], [80.1922954, 12.957384], [80.1922953, 12.9572015], [80.1922724, 12.9572014], [80.1922723, 12.9570418], [80.1922494, 12.9570417], [80.1922493, 12.9568592], [80.1922264, 12.9568591], [80.1922263, 12.9566766], [80.1922034, 12.9566765], [80.1922033, 12.9565168], [80.1921804, 12.9565167], [80.1921574, 12.9563341], [80.1920429, 12.9562424], [80.1919284, 12.9562191], [80.1918825, 12.9560364], [80.1917451, 12.9559674], [80.1917451, 12.9560358], [80.1918138, 12.9560361], [80.1918367, 12.9560818], [80.1918139, 12.9561958], [80.1916994, 12.9561953], [80.1916993, 12.9561041], [80.1916307, 12.9561038], [80.1916307, 12.9561722], [80.1915162, 12.9561489], [80.1915162, 12.9561033], [80.1913559, 12.9561255], [80.1913101, 12.9560797], [80.1910811, 12.9560787], [80.1910811, 12.9560559], [80.1909666, 12.9560554], [80.1909666, 12.9559414], [80.1909437, 12.9559413], [80.1909435, 12.9557131], [80.1909206, 12.955713], [80.1909205, 12.9554849], [80.1908976, 12.9554848], [80.1908975, 12.9553251], [80.1908288, 12.9552108], [80.1908287, 12.9550739], [80.1907829, 12.9550053], [80.1907599, 12.954914], [80.1907598, 12.9547999], [80.1907369, 12.9547998], [80.1907368, 12.9546401], [80.190714, 12.95464], [80.1907139, 12.9545259], [80.1906452, 12.9545029], [80.1906451, 12.9543432], [80.1907824, 12.9542981], [80.1911259, 12.9542995], [80.1911259, 12.9542767], [80.1914693, 12.9542781], [80.1914693, 12.9542553], [80.1918127, 12.9542567], [80.1918127, 12.9542339], [80.1921562, 12.9542353], [80.1922935, 12.9541675], [80.1923621, 12.9540537], [80.1923621, 12.9539396], [80.1924078, 12.9538486], [80.1924077, 12.9537345], [80.1924535, 12.9536435], [80.1924534, 12.9535294], [80.1924763, 12.9535295], [80.1924762, 12.9533926], [80.1924991, 12.9533927], [80.192499, 12.9532786], [80.1925219, 12.9532787], [80.1925219, 12.9531419], [80.1925448, 12.953142], [80.1925447, 12.9530279], [80.1925676, 12.953028], [80.1925675, 12.9529139], [80.1925904, 12.952914], [80.1925898, 12.9519331], [80.192567, 12.951933], [80.1925664, 12.9510205], [80.1925435, 12.9510204], [80.1925434, 12.9508607], [80.1924518, 12.9507463], [80.192406, 12.9507233], [80.1922457, 12.9507226], [80.1922457, 12.9507454], [80.1920168, 12.9507445], [80.1920168, 12.9507673], [80.1911696, 12.9507638], [80.1911696, 12.950741], [80.190414, 12.9507379], [80.190414, 12.950715], [80.1897042, 12.9507121], [80.1897042, 12.9506893], [80.1890173, 12.9506865], [80.1890173, 12.9506636], [80.1884449, 12.9506613], [80.1884449, 12.9506385], [80.1881244, 12.9506371], [80.1880556, 12.9505912], [80.1879641, 12.9505909], [80.1878953, 12.950545], [80.187758, 12.9505444], [80.187735, 12.9504987], [80.1875519, 12.9504751], [80.1874831, 12.9504292], [80.1873, 12.9504056], [80.1872312, 12.9503597], [80.1870481, 12.9503361], [80.1869793, 12.9502902], [80.1867962, 12.9502667], [80.1866588, 12.9501977], [80.1865443, 12.9501972], [80.1865213, 12.9501515], [80.1864756, 12.9501741], [80.1864526, 12.9501284], [80.1863611, 12.950128], [80.1862923, 12.9500821], [80.1862008, 12.9500817], [80.186132, 12.9500358], [80.1859947, 12.9500352], [80.1859489, 12.9499894], [80.1858344, 12.9499889], [80.1858343, 12.9498749], [80.1857198, 12.9498516], [80.1855824, 12.9497826], [80.1853305, 12.9497359], [80.1853076, 12.9496902], [80.1851702, 12.949644], [80.1851473, 12.9495983], [80.1850557, 12.9495751], [80.1850327, 12.9495294], [80.1849641, 12.9495291], [80.1849871, 12.9497117], [80.1849184, 12.9496886], [80.1848039, 12.9496881], [80.1847809, 12.9496424], [80.1846894, 12.949642], [80.1846206, 12.9495961], [80.1845291, 12.9495957], [80.1844603, 12.9495498], [80.1843459, 12.9495494], [80.1842543, 12.9495034], [80.1842771, 12.949435], [80.184277, 12.9492297], [80.1842541, 12.9492296], [80.1842082, 12.9490697], [80.1841395, 12.9490238], [80.1841394, 12.9489326], [80.1840936, 12.9488868], [80.1840477, 12.9486128], [80.183956, 12.948544], [80.1836813, 12.9485429], [80.1836813, 12.9485657], [80.1834752, 12.9485648], [80.1834753, 12.9485876], [80.1833608, 12.9485872], [80.1833149, 12.9484957], [80.1833149, 12.9484045], [80.1832461, 12.9482673], [80.1832232, 12.948176], [80.1832229, 12.947811], [80.1832458, 12.9478111], [80.1832457, 12.9475145], [80.1832686, 12.9475146], [80.1832684, 12.947218], [80.1832913, 12.9472181], [80.1832911, 12.9469216], [80.183314, 12.9469217], [80.1833139, 12.9467392], [80.183291, 12.9466478], [80.1831764, 12.9465561], [80.1829475, 12.9465552], [80.1829474, 12.9465323], [80.1824666, 12.9465304], [80.1824666, 12.9465075], [80.1822834, 12.9465068], [80.1822835, 12.9465296], [80.1814821, 12.9465263], [80.1814592, 12.9464806], [80.1813676, 12.9464346], [80.1812989, 12.9464343], [80.1811614, 12.9463197], [80.1810927, 12.9463194], [80.1809553, 12.9462047], [80.1808866, 12.9462045], [80.1807492, 12.9460898], [80.1805889, 12.9460892], [80.1805889, 12.946112], [80.1804515, 12.9461114], [80.1804515, 12.9461342], [80.1803142, 12.9461337], [80.1803142, 12.9461565], [80.1801997, 12.946156], [80.1801997, 12.9461788], [80.1800623, 12.9461782], [80.1800623, 12.9462011], [80.179925, 12.9462005], [80.179925, 12.9462233], [80.1797876, 12.9462227], [80.1797876, 12.9462455], [80.1796502, 12.946245], [80.1796503, 12.9462678], [80.1795129, 12.9462672], [80.1795129, 12.94629], [80.1793755, 12.9462895], [80.1793755, 12.9463123], [80.1792382, 12.9463117], [80.1792382, 12.9463345], [80.1791237, 12.9463341], [80.1791237, 12.9463569], [80.1790092, 12.9463564], [80.1790092, 12.9463792], [80.1788947, 12.9463787], [80.1788948, 12.9464015], [80.1787803, 12.9464011], [80.1786887, 12.9464463], [80.1785742, 12.9464458], [80.1785743, 12.9464687], [80.1784598, 12.9464682], [80.1784598, 12.946491], [80.1783453, 12.9464905], [80.1782995, 12.946536], [80.1781393, 12.9465353], [80.1781393, 12.9465581], [80.1780248, 12.9465576], [80.1780248, 12.9465805], [80.1779103, 12.94658], [80.1779103, 12.9466028], [80.1777959, 12.9466023], [80.1777043, 12.9466248], [80.1776128, 12.9467156], [80.177567, 12.9467154], [80.1775212, 12.9468065], [80.1775213, 12.9469206], [80.1774984, 12.9469205], [80.1774985, 12.9470802], [80.1774756, 12.9470801], [80.1774757, 12.9472169], [80.1774528, 12.947194], [80.1773383, 12.9472392], [80.177178, 12.9472385], [80.1771552, 12.9472612], [80.1769949, 12.9472606], [80.1769262, 12.9472147], [80.1768346, 12.9472143], [80.1768117, 12.9471686], [80.1767659, 12.9471912], [80.176743, 12.9471455], [80.1766056, 12.9471221], [80.1765598, 12.9470763], [80.1764682, 12.9470759], [80.1763995, 12.94703], [80.176285, 12.9470067], [80.1762391, 12.9469609], [80.1761247, 12.9469604], [80.1761017, 12.9469147], [80.176056, 12.9469373], [80.176033, 12.9468916], [80.1759644, 12.9468913], [80.1757582, 12.9467992], [80.1753919, 12.9467977], [80.1753003, 12.9467745], [80.1752087, 12.9468198], [80.1752087, 12.9467513], [80.1751171, 12.9467281], [80.17514, 12.9467967], [80.1750027, 12.9467961], [80.1749798, 12.9468416], [80.1749111, 12.9468413], [80.1749111, 12.9467729], [80.1748195, 12.9468182], [80.1747966, 12.9467724], [80.1746821, 12.946772], [80.1746364, 12.9468402], [80.1745905, 12.9467716], [80.1745218, 12.9467713], [80.174499, 12.9468168], [80.1744532, 12.9467938], [80.1741555, 12.9467926], [80.1741555, 12.9467698], [80.1738349, 12.9467685], [80.1738349, 12.9467456], [80.1735373, 12.9467444], [80.1735373, 12.9467216], [80.1732396, 12.9467204], [80.1732396, 12.9466976], [80.1731251, 12.9466971], [80.1731022, 12.9467198], [80.1731022, 12.9466057], [80.1730563, 12.9465371], [80.1729876, 12.9464912], [80.1728503, 12.9464906], [80.1728502, 12.9464678], [80.1725297, 12.9464665], [80.1725297, 12.9464437], [80.1721862, 12.9464423], [80.1721862, 12.9464195], [80.1718657, 12.9464181], [80.1718657, 12.9463953], [80.1715451, 12.946394], [80.1715451, 12.9463712], [80.1712017, 12.9463698], [80.1712017, 12.946347], [80.1708811, 12.9463456], [80.1708811, 12.9463228], [80.1705377, 12.9463214], [80.1704917, 12.9461159], [80.1704001, 12.9460471], [80.1698277, 12.9460447], [80.1698277, 12.9460675], [80.1694843, 12.9460661], [80.1694843, 12.9460889], [80.169324, 12.9460883], [80.1692782, 12.9461109], [80.1691867, 12.9462246], [80.1691409, 12.9462244], [80.1689578, 12.9463377], [80.1688662, 12.9463373], [80.1687289, 12.9464052], [80.1686373, 12.9464048], [80.1685687, 12.9464501], [80.1684771, 12.9464498], [80.1683397, 12.9465176], [80.1682482, 12.9465173], [80.1681108, 12.9465851], [80.1680192, 12.9465848], [80.1679506, 12.9466301], [80.167859, 12.9466297], [80.1677217, 12.9466976], [80.1676301, 12.9466972], [80.1675614, 12.9467426], [80.1674698, 12.9467422], [80.1673325, 12.94681], [80.1672409, 12.9468097], [80.1671036, 12.9468775], [80.167012, 12.9468772], [80.1669433, 12.9469225], [80.1668517, 12.9469221], [80.1667144, 12.94699], [80.1666228, 12.9469896], [80.1665542, 12.947035], [80.1664626, 12.9470574], [80.1663481, 12.9471254], [80.1663253, 12.9471709], [80.1663253, 12.9472849], [80.1662339, 12.9475583], [80.166234, 12.9476724], [80.1661654, 12.9478546], [80.1661655, 12.9479687], [80.1660969, 12.9481509], [80.166097, 12.9482649], [80.1660284, 12.9484471], [80.1660284, 12.9485612], [80.165937, 12.9488346], [80.1659371, 12.9489486], [80.1658685, 12.9491309], [80.1658686, 12.9492449], [80.1658, 12.9494271], [80.1658, 12.9495412], [80.1657315, 12.9497234], [80.1657316, 12.9499287], [80.1658232, 12.9499975], [80.1658232, 12.9500432], [80.165892, 12.9500891], [80.165892, 12.9501347], [80.1659836, 12.9502035], [80.1659836, 12.9502491], [80.1660753, 12.950318], [80.1660753, 12.9503636], [80.1661669, 12.9504324], [80.1661669, 12.950478], [80.1662356, 12.9505239], [80.1662357, 12.9505696], [80.1663044, 12.9506155], [80.1663273, 12.9507068], [80.1663275, 12.9509577], [80.1663504, 12.9509578], [80.1663506, 12.9512772], [80.1663735, 12.9512773], [80.1663737, 12.9515967], [80.1663965, 12.9515968], [80.1663967, 12.9519162], [80.1664196, 12.9519163], [80.1664198, 12.9522356], [80.1664427, 12.9522357], [80.1664429, 12.9525551], [80.1664658, 12.9525552], [80.1664659, 12.9526693], [80.166443, 12.9526692], [80.166443, 12.952806], [80.1663057, 12.9528967], [80.1661912, 12.9528962], [80.1661913, 12.9529191], [80.1660768, 12.9529186], [80.1659852, 12.9529638], [80.1658707, 12.9529634], [80.1658708, 12.9529862], [80.1657563, 12.9529857], [80.1656647, 12.9530309], [80.1655502, 12.9530305], [80.1655502, 12.9530533], [80.1654358, 12.9530528], [80.1653442, 12.9530981], [80.1652297, 12.9530976], [80.1652297, 12.9531204], [80.1651153, 12.9531199], [80.1650237, 12.9531652], [80.1649092, 12.9531647], [80.1649092, 12.9531875], [80.1647948, 12.953187], [80.1647032, 12.9532323], [80.1645887, 12.9532318], [80.1645887, 12.9532546], [80.1644742, 12.9532541], [80.1643827, 12.9532994], [80.1642682, 12.9532989], [80.1642682, 12.9533217], [80.1641537, 12.9533213], [80.1640622, 12.9533665], [80.1639477, 12.953366], [80.1638561, 12.9534113], [80.1637417, 12.9534108], [80.1637417, 12.9534336], [80.1636272, 12.9534331], [80.1635356, 12.9534784], [80.1634212, 12.9534779], [80.1634212, 12.9535007], [80.1633067, 12.9535003], [80.1632151, 12.9535455], [80.1631007, 12.953545], [80.1631007, 12.9535678], [80.1629862, 12.9535674], [80.1628946, 12.9536126], [80.1627801, 12.9536122], [80.1627802, 12.953635], [80.1626657, 12.9536345], [80.1625741, 12.9536797], [80.1624596, 12.9536793], [80.1624597, 12.9537021], [80.1623452, 12.9537016], [80.1622536, 12.9537468], [80.1621391, 12.9537464], [80.1621392, 12.9537692], [80.1620247, 12.9537687], [80.1619331, 12.953814], [80.1618186, 12.9538135], [80.1617271, 12.9538587], [80.1616126, 12.9538583], [80.1616126, 12.9538811], [80.1614981, 12.9538806], [80.1614066, 12.9539259], [80.1612921, 12.9539254], [80.1612921, 12.9539482], [80.1611776, 12.9539477], [80.1610861, 12.953993], [80.1609716, 12.9539925], [80.1609716, 12.9540153], [80.1608571, 12.9540148], [80.1607656, 12.9540601], [80.1606511, 12.9540596], [80.1606511, 12.9540824], [80.1605366, 12.9540819], [80.1605366, 12.9541048], [80.1604221, 12.9541043], [80.1603306, 12.9541495], [80.1602161, 12.9541491], [80.1601245, 12.9541943], [80.1600101, 12.9541938], [80.1600101, 12.9542166], [80.1598956, 12.9542162], [80.1598956, 12.954239], [80.1597582, 12.9542384], [80.1595751, 12.9543061], [80.1594377, 12.9543055], [80.1594377, 12.9543283], [80.1593004, 12.9543278], [80.1592088, 12.9543502], [80.1591401, 12.9543956], [80.1589799, 12.9543949], [80.1589799, 12.9544177], [80.1587967, 12.9544626], [80.1586594, 12.954462], [80.1584762, 12.9545297], [80.1582473, 12.9545287], [80.1582014, 12.9544145], [80.1581785, 12.9544144], [80.1581784, 12.9542091], [80.1581555, 12.954209], [80.1581554, 12.9540265], [80.1581325, 12.9540264], [80.1581324, 12.9539123], [80.1581095, 12.953821], [80.1580407, 12.9536838], [80.1580407, 12.9535926], [80.1579948, 12.9535239], [80.1579718, 12.9533414], [80.1578801, 12.9531357], [80.1578801, 12.9530672], [80.1578343, 12.9530214], [80.1577883, 12.9528159], [80.1577425, 12.9527701], [80.1576966, 12.9525646], [80.1576508, 12.9525188], [80.1576507, 12.9524503], [80.1575362, 12.9522674], [80.1573072, 12.9522664], [80.1571241, 12.9523341], [80.1570096, 12.9523336], [80.156918, 12.9523789], [80.1568036, 12.9523784], [80.1566204, 12.9524461], [80.1564602, 12.9524454], [80.1564601, 12.9523998], [80.1563914, 12.9523539], [80.1563455, 12.9521484], [80.1562997, 12.9521026], [80.1562538, 12.9518971], [80.1562079, 12.9518513], [80.156162, 12.9516458], [80.1561162, 12.9515999], [80.1560703, 12.9513944], [80.1560245, 12.9513486], [80.1559786, 12.9511431], [80.1559328, 12.9510973], [80.1558868, 12.9508918], [80.155841, 12.950846], [80.155818, 12.950709], [80.1557722, 12.9506632], [80.1557034, 12.9503892], [80.1556576, 12.9503434], [80.1556346, 12.9502064], [80.1555888, 12.9501606], [80.1555429, 12.9499551], [80.155497, 12.9499093], [80.1554511, 12.9497038], [80.1554053, 12.949658], [80.1553594, 12.9494525], [80.1553136, 12.9494066], [80.1552677, 12.9492011], [80.1552218, 12.9491097], [80.1551531, 12.949041], [80.1550386, 12.9490405], [80.1550386, 12.9490177], [80.154718, 12.9490164], [80.154718, 12.9489936], [80.154283, 12.9489918], [80.1541456, 12.9488771], [80.1539853, 12.9488765], [80.1539853, 12.9488993], [80.1538708, 12.9489444], [80.1538479, 12.9488987], [80.1537334, 12.9488982], [80.1536419, 12.9489207], [80.1535732, 12.9489888], [80.1535275, 12.9490799], [80.153413, 12.9490794], [80.153413, 12.9491022], [80.1532298, 12.9491015], [80.1532299, 12.9491243], [80.1530695, 12.9490324], [80.1530237, 12.9488953], [80.1529091, 12.9488264], [80.1522681, 12.9488238], [80.1522681, 12.9488466], [80.1521307, 12.948846], [80.1521307, 12.9488688], [80.1519704, 12.9488682], [80.1518789, 12.9489134], [80.1515812, 12.9489122], [80.1515812, 12.948935], [80.1513981, 12.9489342], [80.1513751, 12.9488885], [80.1510546, 12.9488872], [80.1508715, 12.9490461], [80.1508487, 12.9491145], [80.1507571, 12.9491141], [80.150574, 12.9491818], [80.1504595, 12.9491813], [80.1503679, 12.9492037], [80.1502993, 12.9492719], [80.1502306, 12.9492944], [80.1500932, 12.9492938], [80.1500016, 12.9493391], [80.1497498, 12.949338], [80.1497498, 12.9493609], [80.1496353, 12.9493604], [80.1495438, 12.9494056], [80.1494293, 12.9494052], [80.1494293, 12.949428], [80.1489485, 12.94954], [80.1489028, 12.9495855], [80.1486967, 12.9496303], [80.1485823, 12.9496982], [80.1484678, 12.9496977], [80.1484678, 12.9497206], [80.1483076, 12.9497199], [80.1483076, 12.9497427], [80.147987, 12.9497414], [80.1478955, 12.9497638], [80.1478497, 12.9498777], [80.1478498, 12.9499918], [80.1478727, 12.9499918], [80.1478728, 12.9502428], [80.1478957, 12.9502429], [80.1478959, 12.950471], [80.1479188, 12.9504711], [80.1479189, 12.9507677], [80.1477816, 12.9508812], [80.1477129, 12.9508809], [80.1476672, 12.9509263], [80.1475985, 12.950926], [80.1475527, 12.9509715], [80.147484, 12.9509712], [80.1474383, 12.9510166], [80.1473696, 12.9510163], [80.1473238, 12.9510618], [80.1472551, 12.9510615], [80.1472094, 12.9511069], [80.147072, 12.9511292], [80.1470491, 12.9511747], [80.1469804, 12.9511744], [80.1469118, 12.9512426], [80.1468202, 12.951265], [80.1467058, 12.9514014], [80.1466142, 12.9514238], [80.1463624, 12.9514228], [80.1462709, 12.9515137], [80.1461563, 12.9514676], [80.1460188, 12.9512389], [80.1459959, 12.9511703], [80.1459272, 12.9511472], [80.1459043, 12.9510787], [80.1459042, 12.9508962], [80.1457896, 12.9508045], [80.1457438, 12.9507359], [80.1454228, 12.9500502], [80.1453541, 12.9499358], [80.145354, 12.9498674], [80.1452853, 12.949753], [80.1452852, 12.9496162], [80.1455599, 12.9494576], [80.1456286, 12.9494579], [80.1456743, 12.9494125], [80.145743, 12.9494127], [80.1458346, 12.9493447], [80.1459032, 12.949345], [80.1459948, 12.9492769], [80.1460635, 12.9492772], [80.146155, 12.9492091], [80.1462237, 12.9492094], [80.1463153, 12.9491414], [80.1463611, 12.9491415], [80.1464068, 12.9490733], [80.1464526, 12.9490735], [80.1464525, 12.9489138], [80.1464296, 12.9488225], [80.1463608, 12.9487309], [80.1463608, 12.9486625], [80.146292, 12.948571], [80.146292, 12.9485025], [80.1462232, 12.948411], [80.1462232, 12.9483425], [80.1461545, 12.948251], [80.1461544, 12.9481826], [80.1460857, 12.9480682], [80.1460627, 12.9479769], [80.1460627, 12.9478628], [80.1460398, 12.9478627], [80.1460397, 12.9477487], [80.1459938, 12.9476572], [80.1459938, 12.9475432], [80.1459709, 12.9475431], [80.1459708, 12.947429], [80.1459479, 12.9474289], [80.1459479, 12.9473148], [80.145925, 12.9473148], [80.1459249, 12.9472007], [80.145902, 12.9472006], [80.1459019, 12.9470865], [80.145879, 12.9470864], [80.145879, 12.9469724], [80.1458561, 12.9469723], [80.145856, 12.9468582], [80.1458331, 12.9468581], [80.145833, 12.9467441], [80.1457872, 12.9466526], [80.1457871, 12.9465614], [80.1457184, 12.946447], [80.1456726, 12.946424], [80.1450773, 12.9464216], [80.1450773, 12.9464444], [80.144482, 12.9464419], [80.144482, 12.9464647], [80.1439096, 12.9464624], [80.1439096, 12.9464852], [80.1437036, 12.9464843], [80.1437036, 12.9465071], [80.1435891, 12.9465067], [80.1435891, 12.9465295], [80.1434289, 12.9465973], [80.1434518, 12.9466886], [80.1437498, 12.9472373], [80.1437727, 12.9473287], [80.1437728, 12.9474656], [80.1437499, 12.9474655], [80.14375, 12.9475795], [80.1436584, 12.9476248], [80.1436127, 12.947693], [80.143544, 12.9477384], [80.1434524, 12.9477608], [80.1433609, 12.9478517], [80.1432693, 12.9478741], [80.1432007, 12.9479422], [80.1430633, 12.9479645], [80.1429947, 12.9480326], [80.1429489, 12.9480325], [80.1428345, 12.9481689], [80.1427887, 12.9481687], [80.1426972, 12.9482595], [80.1426056, 12.948282], [80.1425827, 12.9483275], [80.1424912, 12.9483499], [80.142331, 12.9485318], [80.1422394, 12.948577], [80.1421707, 12.9485767], [80.1421479, 12.9486223], [80.1420105, 12.9486673], [80.1419877, 12.9487129], [80.1418732, 12.9487352], [80.1418503, 12.9487807], [80.1417587, 12.9488032], [80.1416672, 12.948894], [80.1415756, 12.9489165], [80.1414841, 12.9490073], [80.1413925, 12.9490298], [80.1413697, 12.9490753], [80.1412781, 12.9490977], [80.1411866, 12.9491886], [80.141095, 12.949211], [80.1410721, 12.9492566], [80.1409806, 12.949279], [80.140889, 12.9493699], [80.1407975, 12.9493923], [80.1407746, 12.9494378], [80.140683, 12.9494603], [80.1406601, 12.9495058], [80.1405686, 12.9495282], [80.1405457, 12.9495738], [80.1404541, 12.9495962], [80.1404313, 12.9496417], [80.1403397, 12.9496642], [80.1402482, 12.949755], [80.1401566, 12.9497775], [80.1401337, 12.949823], [80.1399277, 12.9498906], [80.1397903, 12.9497988], [80.1397902, 12.9497532], [80.1397215, 12.9497072], [80.1397215, 12.9496616]]]}}, {"type": "Feature", "properties": {"zone": "3", "zone_name": "SEMBAKKAM", "area_km2": 12.26, "wards": [22, 23, 25, 34, 35, 36, 37, 38, 39, 40, 41, 42, 43, 44]}, "geometry": {"type": "Polygon", "coordinates": [[[80.1476533, 12.9271785], [80.1474244, 12.9273145], [80.1473557, 12.9273142], [80.1472413, 12.9273822], [80.1470581, 12.9274042], [80.1470124, 12.9274725], [80.1469666, 12.9274723], [80.146875, 12.9275403], [80.1468063, 12.92754], [80.1467606, 12.9275855], [80.1465545, 12.9276303], [80.1464859, 12.9276984], [80.1464859, 12.927744], [80.1464173, 12.927835], [80.1463257, 12.9278802], [80.1461883, 12.9278797], [80.1461884, 12.9279025], [80.1460739, 12.927902], [80.1460739, 12.9279248], [80.1459594, 12.9279244], [80.1459594, 12.9279472], [80.1458449, 12.9279467], [80.145845, 12.9279695], [80.1457305, 12.927969], [80.1457305, 12.9279918], [80.145616, 12.9279914], [80.145616, 12.9280142], [80.1455015, 12.9279909], [80.1454557, 12.9279223], [80.1452725, 12.9278531], [80.1451122, 12.9278524], [80.1451122, 12.9278296], [80.1449748, 12.927829], [80.1449748, 12.9278062], [80.1448145, 12.9278056], [80.1448145, 12.9277828], [80.1446542, 12.9277821], [80.1446542, 12.9277593], [80.1445169, 12.9277587], [80.1445168, 12.9277359], [80.1443795, 12.9277353], [80.1443795, 12.9277125], [80.1442192, 12.9277119], [80.1442192, 12.927689], [80.1440818, 12.9276885], [80.1440818, 12.9276657], [80.1439215, 12.927665], [80.1439215, 12.9276422], [80.1437612, 12.9276415], [80.1437612, 12.9276187], [80.1436009, 12.9276181], [80.1436009, 12.9275952], [80.1434406, 12.9275946], [80.143349, 12.9275258], [80.1432574, 12.9273885], [80.1431429, 12.927388], [80.1431429, 12.9273652], [80.1428452, 12.927364], [80.1427765, 12.9273181], [80.1425933, 12.9272945], [80.1425246, 12.9272486], [80.1422956, 12.927202], [80.1421582, 12.9270874], [80.1420666, 12.9270642], [80.1420437, 12.9270185], [80.1415628, 12.9270165], [80.1415628, 12.9270393], [80.1414026, 12.9270387], [80.1411278, 12.9269235], [80.1410362, 12.9269231], [80.1409446, 12.9268771], [80.1408301, 12.9268766], [80.1408072, 12.9268537], [80.140624, 12.9268529], [80.140624, 12.9268301], [80.1404179, 12.9268293], [80.1403263, 12.9267377], [80.1400057, 12.9267363], [80.1398226, 12.926804], [80.1397997, 12.9268495], [80.1397082, 12.926872], [80.1396853, 12.9269175], [80.1393648, 12.9269162], [80.1393648, 12.926939], [80.1389755, 12.9269374], [80.1389068, 12.9268687], [80.1388152, 12.9268911], [80.1386321, 12.9268903], [80.1385863, 12.9269358], [80.138426, 12.9269351], [80.138426, 12.9269579], [80.1382886, 12.9269346], [80.1382199, 12.9268658], [80.1381054, 12.9268654], [80.1381055, 12.9268882], [80.1378994, 12.9269558], [80.1378079, 12.9271151], [80.137808, 12.9272519], [80.1377623, 12.927343], [80.1376707, 12.9274111], [80.1375104, 12.9273648], [80.137396, 12.9273643], [80.1373044, 12.9274095], [80.1369382, 12.9276818], [80.1367551, 12.9277038], [80.1366864, 12.9277492], [80.1365948, 12.9277488], [80.1365262, 12.9277941], [80.1364346, 12.9277938], [80.1363659, 12.9278391], [80.1362743, 12.9278387], [80.1362057, 12.9278841], [80.1361141, 12.9278837], [80.1360225, 12.9279518], [80.1359538, 12.9279515], [80.1356792, 12.92811], [80.1356105, 12.9281097], [80.1354274, 12.928223], [80.1353129, 12.9282454], [80.1352901, 12.9283137], [80.1351757, 12.9284958], [80.1351762, 12.9292942], [80.1351533, 12.9292941], [80.1351534, 12.9295907], [80.1350848, 12.9297044], [80.1350849, 12.9298185], [80.1351537, 12.9299557], [80.135108, 12.9301608], [80.1350851, 12.9302519], [80.1350854, 12.9306169], [80.1350625, 12.9306168], [80.1350625, 12.9307537], [80.1350397, 12.9308221], [80.1349939, 12.9308447], [80.1349482, 12.9309586], [80.1348795, 12.9310039], [80.1348338, 12.9311178], [80.1347651, 12.9311631], [80.1346279, 12.9314135], [80.1345592, 12.9314588], [80.1345135, 12.9315727], [80.1344448, 12.931618], [80.1343534, 12.9318002], [80.1342847, 12.9318455], [80.134239, 12.9319594], [80.1341703, 12.9320047], [80.1341703, 12.9320503], [80.1340788, 12.9321412], [80.134056, 12.9322324], [80.1339644, 12.9323232], [80.1339416, 12.9324144], [80.1338958, 12.9324826], [80.1338043, 12.9325507], [80.1337814, 12.9325962], [80.1334153, 12.9329825], [80.1333695, 12.9329823], [80.133278, 12.9330732], [80.1331864, 12.9330956], [80.1331178, 12.9331638], [80.1329804, 12.933186], [80.1329118, 12.9332542], [80.132866, 12.933254], [80.1327973, 12.933345], [80.1325456, 12.9334808], [80.1325227, 12.9335948], [80.1324541, 12.9336401], [80.1322709, 12.9337078], [80.1322252, 12.933776], [80.1321336, 12.9337985], [80.1320421, 12.9338893], [80.1318361, 12.9339569], [80.1311951, 12.9340912], [80.1311264, 12.9341365], [80.1309432, 12.9341586], [80.1308516, 12.9340897], [80.1307829, 12.9340666], [80.1306455, 12.9340661], [80.1306455, 12.9340889], [80.1304166, 12.9340879], [80.1304166, 12.9341108], [80.1301876, 12.9341098], [80.1301876, 12.9341326], [80.1299587, 12.9341317], [80.1299587, 12.9341545], [80.1297297, 12.9341535], [80.1297298, 12.9341764], [80.1295008, 12.9341754], [80.1295008, 12.9341982], [80.1293634, 12.9341977], [80.1293405, 12.9342204], [80.1292032, 12.9342426], [80.1291574, 12.9342881], [80.1292033, 12.9344936], [80.12957, 12.9350654], [80.1296387, 12.9351113], [80.1299596, 12.9356373], [80.1300283, 12.9356832], [80.1303491, 12.9362092], [80.1304179, 12.9362551], [80.1307387, 12.9367811], [80.1308074, 12.9368271], [80.1308533, 12.9369413], [80.1308991, 12.9369643], [80.1308992, 12.937124], [80.1308763, 12.9372151], [80.1309451, 12.9372839], [80.130968, 12.9373752], [80.1311055, 12.9375355], [80.1311284, 12.9376268], [80.1312659, 12.9377871], [80.1312889, 12.9378784], [80.1314034, 12.9379701], [80.131495, 12.9380161], [80.1316324, 12.9380395], [80.1319074, 12.9384969], [80.1319761, 12.9385428], [80.132297, 12.9390688], [80.1323657, 12.9391147], [80.1326865, 12.9396407], [80.1327553, 12.9396866], [80.1330761, 12.9402127], [80.1331448, 12.9402586], [80.1332365, 12.9404414], [80.1333052, 12.9404874], [80.1333282, 12.9405787], [80.1334198, 12.9406703], [80.1334198, 12.9407159], [80.1334886, 12.9407619], [80.1334886, 12.9408075], [80.1335573, 12.9408534], [80.1335803, 12.9409447], [80.1338094, 12.9412422], [80.1338094, 12.9412879], [80.1338781, 12.9413338], [80.1342448, 12.9419284], [80.1343135, 12.9419743], [80.1346344, 12.9425003], [80.1347031, 12.9425462], [80.1348406, 12.9427977], [80.1349322, 12.9427981], [80.1350238, 12.9428441], [80.1351842, 12.9431185], [80.1352072, 12.9432099], [80.1352073, 12.9433924], [80.1352302, 12.9433925], [80.1353218, 12.9434613], [80.1353219, 12.9435069], [80.1353906, 12.9435528], [80.1353906, 12.9435984], [80.1354593, 12.9436444], [80.1355052, 12.9437586], [80.1355739, 12.9438045], [80.1356656, 12.9439874], [80.1357343, 12.9440333], [80.1357801, 12.9441476], [80.1358489, 12.9441935], [80.1359406, 12.9443763], [80.1360093, 12.9444223], [80.1360551, 12.9445365], [80.1361238, 12.9445824], [80.1361697, 12.9446967], [80.1362384, 12.9447426], [80.1363301, 12.9449254], [80.1363988, 12.9449714], [80.1364447, 12.9450856], [80.1365134, 12.9451315], [80.1366051, 12.9453144], [80.1366738, 12.9453603], [80.1367197, 12.9454746], [80.1367884, 12.9455205], [80.1368342, 12.9456347], [80.136903, 12.9456806], [80.1369946, 12.9458635], [80.1370634, 12.9459094], [80.1371092, 12.9460237], [80.1371779, 12.9460696], [80.1372696, 12.9462524], [80.1373383, 12.9462984], [80.1373842, 12.9464126], [80.1374529, 12.9464585], [80.1375446, 12.9466414], [80.1376133, 12.9466873], [80.1376592, 12.9468016], [80.1377279, 12.9468475], [80.1377738, 12.9469617], [80.1378425, 12.9470076], [80.1378883, 12.9471219], [80.137957, 12.9471678], [80.1380487, 12.9473507], [80.1381174, 12.9473966], [80.1381633, 12.9475108], [80.138232, 12.9475567], [80.1383237, 12.9477396], [80.1383924, 12.9477855], [80.1384383, 12.9478998], [80.138507, 12.9479457], [80.1385987, 12.9481286], [80.1386674, 12.9481745], [80.1387133, 12.9482887], [80.138782, 12.9483346], [80.1388737, 12.9485175], [80.1389424, 12.9485634], [80.1389882, 12.9486777], [80.139057, 12.9487236], [80.1391028, 12.9488378], [80.1391715, 12.9488837], [80.1392632, 12.9490666], [80.1393319, 12.9491125], [80.1393778, 12.9492268], [80.1394465, 12.9492727], [80.1395382, 12.9494556], [80.1396069, 12.9495015], [80.1396528, 12.9496157], [80.1397215, 12.9496616], [80.1397215, 12.9497072], [80.1397902, 12.9497532], [80.1397903, 12.9497988], [80.1399277, 12.9498906], [80.1401337, 12.949823], [80.1401566, 12.9497775], [80.1402482, 12.949755], [80.1403397, 12.9496642], [80.1404313, 12.9496417], [80.1404541, 12.9495962], [80.1405457, 12.9495738], [80.1405686, 12.9495282], [80.1406601, 12.9495058], [80.140683, 12.9494603], [80.1407746, 12.9494378], [80.1407975, 12.9493923], [80.140889, 12.9493699], [80.1409806, 12.949279], [80.1410721, 12.9492566], [80.141095, 12.949211], [80.1411866, 12.9491886], [80.1412781, 12.9490977], [80.1413697, 12.9490753], [80.1413925, 12.9490298], [80.1414841, 12.9490073], [80.1415756, 12.9489165], [80.1416672, 12.948894], [80.1417587, 12.9488032], [80.1418503, 12.9487807], [80.1418732, 12.9487352], [80.1419877, 12.9487129], [80.1420105, 12.9486673], [80.1421479, 12.9486223], [80.1421707, 12.9485767], [80.1422394, 12.948577], [80.142331, 12.9485318], [80.1424912, 12.9483499], [80.1425827, 12.9483275], [80.1426056, 12.948282], [80.1426972, 12.9482595], [80.1427887, 12.9481687], [80.1428345, 12.9481689], [80.1429489, 12.9480325], [80.1429947, 12.9480326], [80.1430633, 12.9479645], [80.1432007, 12.9479422], [80.1432693, 12.9478741], [80.1433609, 12.9478517], [80.1434524, 12.9477608], [80.143544, 12.9477384], [80.1436127, 12.947693], [80.1436584, 12.9476248], [80.14375, 12.9475795], [80.1437499, 12.9474655], [80.1437728, 12.9474656], [80.1437727, 12.9473287], [80.1437498, 12.9472373], [80.1434518, 12.9466886], [80.1434289, 12.9465973], [80.1435891, 12.9465295], [80.1435891, 12.9465067], [80.1437036, 12.9465071], [80.1437036, 12.9464843], [80.1439096, 12.9464852], [80.1439096, 12.9464624], [80.144482, 12.9464647], [80.144482, 12.9464419], [80.1450773, 12.9464444], [80.1450773, 12.9464216], [80.1456726, 12.946424], [80.1457184, 12.946447], [80.1457871, 12.9465614], [80.1457872, 12.9466526], [80.145833, 12.9467441], [80.1458331, 12.9468581], [80.145856, 12.9468582], [80.1458561, 12.9469723], [80.145879, 12.9469724], [80.145879, 12.9470864], [80.1459019, 12.9470865], [80.145902, 12.9472006], [80.1459249, 12.9472007], [80.145925, 12.9473148], [80.1459479, 12.9473148], [80.1459479, 12.9474289], [80.1459708, 12.947429], [80.1459709, 12.9475431], [80.1459938, 12.9475432], [80.1459938, 12.9476572], [80.1460397, 12.9477487], [80.1460398, 12.9478627], [80.1460627, 12.9478628], [80.1460627, 12.9479769], [80.1460857, 12.9480682], [80.1461544, 12.9481826], [80.1461545, 12.948251], [80.1462232, 12.9483425], [80.1462232, 12.948411], [80.146292, 12.9485025], [80.146292, 12.948571], [80.1463608, 12.9486625], [80.1463608, 12.9487309], [80.1464296, 12.9488225], [80.1464525, 12.9489138], [80.1464526, 12.9490735], [80.1464068, 12.9490733], [80.1463611, 12.9491415], [80.1463153, 12.9491414], [80.1462237, 12.9492094], [80.146155, 12.9492091], [80.1460635, 12.9492772], [80.1459948, 12.9492769], [80.1459032, 12.949345], [80.1458346, 12.9493447], [80.145743, 12.9494127], [80.1456743, 12.9494125], [80.1456286, 12.9494579], [80.1455599, 12.9494576], [80.1452852, 12.9496162], [80.1452853, 12.949753], [80.145354, 12.9498674], [80.1453541, 12.9499358], [80.1454228, 12.9500502], [80.1457438, 12.9507359], [80.1457896, 12.9508045], [80.1459042, 12.9508962], [80.1459043, 12.9510787], [80.1459272, 12.9511472], [80.1459959, 12.9511703], [80.1460188, 12.9512389], [80.1461563, 12.9514676], [80.1462709, 12.9515137], [80.1463624, 12.9514228], [80.1466142, 12.9514238], [80.1467058, 12.9514014], [80.1468202, 12.951265], [80.1469118, 12.9512426], [80.1469804, 12.9511744], [80.1470491, 12.9511747], [80.147072, 12.9511292], [80.1472094, 12.9511069], [80.1472551, 12.9510615], [80.1473238, 12.9510618], [80.1473696, 12.9510163], [80.1474383, 12.9510166], [80.147484, 12.9509712], [80.1475527, 12.9509715], [80.1475985, 12.950926], [80.1476672, 12.9509263], [80.1477129, 12.9508809], [80.1477816, 12.9508812], [80.1479189, 12.9507677], [80.1479188, 12.9504711], [80.1478959, 12.950471], [80.1478957, 12.9502429], [80.1478728, 12.9502428], [80.1478727, 12.9499918], [80.1478498, 12.9499918], [80.1478497, 12.9498777], [80.1478955, 12.9497638], [80.147987, 12.9497414], [80.1483076, 12.9497427], [80.1483076, 12.9497199], [80.1484678, 12.9497206], [80.1484678, 12.9496977], [80.1485823, 12.9496982], [80.1486967, 12.9496303], [80.1489028, 12.9495855], [80.1489485, 12.94954], [80.1494293, 12.949428], [80.1494293, 12.9494052], [80.1495438, 12.9494056], [80.1496353, 12.9493604], [80.1497498, 12.9493609], [80.1497498, 12.949338], [80.1500016, 12.9493391], [80.1500932, 12.9492938], [80.1502306, 12.9492944], [80.1502993, 12.9492719], [80.1503679, 12.9492037], [80.1504595, 12.9491813], [80.150574, 12.9491818], [80.1507571, 12.9491141], [80.1508487, 12.9491145], [80.1508715, 12.9490461], [80.1510546, 12.9488872], [80.1513751, 12.9488885], [80.1513981, 12.9489342], [80.1515812, 12.948935], [80.1515812, 12.9489122], [80.1518789, 12.9489134], [80.1519704, 12.9488682], [80.1521307, 12.9488688], [80.1521307, 12.948846], [80.1522681, 12.9488466], [80.1522681, 12.9488238], [80.1529091, 12.9488264], [80.1530237, 12.9488953], [80.1530695, 12.9490324], [80.1532299, 12.9491243], [80.1532298, 12.9491015], [80.153413, 12.9491022], [80.153413, 12.9490794], [80.1535275, 12.9490799], [80.1535732, 12.9489888], [80.1536419, 12.9489207], [80.1537334, 12.9488982], [80.1538479, 12.9488987], [80.1538708, 12.9489444], [80.1539853, 12.9488993], [80.1539853, 12.9488765], [80.1541456, 12.9488771], [80.154283, 12.9489918], [80.154718, 12.9489936], [80.154718, 12.9490164], [80.1550386, 12.9490177], [80.1550386, 12.9490405], [80.1551531, 12.949041], [80.1552218, 12.9491097], [80.1552677, 12.9492011], [80.1553136, 12.9494066], [80.1553594, 12.9494525], [80.1554053, 12.949658], [80.1554511, 12.9497038], [80.155497, 12.9499093], [80.1555429, 12.9499551], [80.1555888, 12.9501606], [80.1556346, 12.9502064], [80.1556576, 12.9503434], [80.1557034, 12.9503892], [80.1557722, 12.9506632], [80.155818, 12.950709], [80.155841, 12.950846], [80.1558868, 12.9508918], [80.1559328, 12.9510973], [80.1559786, 12.9511431], [80.1560245, 12.9513486], [80.1560703, 12.9513944], [80.1561162, 12.9515999], [80.156162, 12.9516458], [80.1562079, 12.9518513], [80.1562538, 12.9518971], [80.1562997, 12.9521026], [80.1563455, 12.9521484], [80.1563914, 12.9523539], [80.1564601, 12.9523998], [80.1564602, 12.9524454], [80.1566204, 12.9524461], [80.1568036, 12.9523784], [80.156918, 12.9523789], [80.1570096, 12.9523336], [80.1571241, 12.9523341], [80.1573072, 12.9522664], [80.1575362, 12.9522674], [80.1576507, 12.9524503], [80.1576508, 12.9525188], [80.1576966, 12.9525646], [80.1577425, 12.9527701], [80.1577883, 12.9528159], [80.1578343, 12.9530214], [80.1578801, 12.9530672], [80.1578801, 12.9531357], [80.1579718, 12.9533414], [80.1579948, 12.9535239], [80.1580407, 12.9535926], [80.1580407, 12.9536838], [80.1581095, 12.953821], [80.1581324, 12.9539123], [80.1581325, 12.9540264], [80.1581554, 12.9540265], [80.1581555, 12.954209], [80.1581784, 12.9542091], [80.1581785, 12.9544144], [80.1582014, 12.9544145], [80.1582473, 12.9545287], [80.1584762, 12.9545297], [80.1586594, 12.954462], [80.1587967, 12.9544626], [80.1589799, 12.9544177], [80.1589799, 12.9543949], [80.1591401, 12.9543956], [80.1592088, 12.9543502], [80.1593004, 12.9543278], [80.1594377, 12.9543283], [80.1594377, 12.9543055], [80.1595751, 12.9543061], [80.1597582, 12.9542384], [80.1598956, 12.954239], [80.1598956, 12.9542162], [80.1600101, 12.9542166], [80.1600101, 12.9541938], [80.1601245, 12.9541943], [80.1602161, 12.9541491], [80.1603306, 12.9541495], [80.1604221, 12.9541043], [80.1605366, 12.9541048], [80.1605366, 12.9540819], [80.1606511, 12.9540824], [80.1606511, 12.9540596], [80.1607656, 12.9540601], [80.1608571, 12.9540148], [80.1609716, 12.9540153], [80.1609716, 12.9539925], [80.1610861, 12.953993], [80.1611776, 12.9539477], [80.1612921, 12.9539482], [80.1612921, 12.9539254], [80.1614066, 12.9539259], [80.1614981, 12.9538806], [80.1616126, 12.9538811], [80.1616126, 12.9538583], [80.1617271, 12.9538587], [80.1618186, 12.9538135], [80.1619331, 12.953814], [80.1620247, 12.9537687], [80.1621392, 12.9537692], [80.1621391, 12.9537464], [80.1622536, 12.9537468], [80.1623452, 12.9537016], [80.1624597, 12.9537021], [80.1624596, 12.9536793], [80.1625741, 12.9536797], [80.1626657, 12.9536345], [80.1627802, 12.953635], [80.1627801, 12.9536122], [80.1628946, 12.9536126], [80.1629862, 12.9535674], [80.1631007, 12.9535678], [80.1631007, 12.953545], [80.1632151, 12.9535455], [80.1633067, 12.9535003], [80.1634212, 12.9535007], [80.1634212, 12.9534779], [80.1635356, 12.9534784], [80.1636272, 12.9534331], [80.1637417, 12.9534336], [80.1637417, 12.9534108], [80.1638561, 12.9534113], [80.1639477, 12.953366], [80.1640622, 12.9533665], [80.1641537, 12.9533213], [80.1642682, 12.9533217], [80.1642682, 12.9532989], [80.1643827, 12.9532994], [80.1644742, 12.9532541], [80.1645887, 12.9532546], [80.1645887, 12.9532318], [80.1647032, 12.9532323], [80.1647948, 12.953187], [80.1649092, 12.9531875], [80.1649092, 12.9531647], [80.1650237, 12.9531652], [80.1651153, 12.9531199], [80.1652297, 12.9531204], [80.1652297, 12.9530976], [80.1653442, 12.9530981], [80.1654358, 12.9530528], [80.1655502, 12.9530533], [80.1655502, 12.9530305], [80.1656647, 12.9530309], [80.1657563, 12.9529857], [80.1658708, 12.9529862], [80.1658707, 12.9529634], [80.1659852, 12.9529638], [80.1660768, 12.9529186], [80.1661913, 12.9529191], [80.1661912, 12.9528962], [80.1663057, 12.9528967], [80.166443, 12.952806], [80.166443, 12.9526692], [80.1664659, 12.9526693], [80.1664658, 12.9525552], [80.1664429, 12.9525551], [80.1664427, 12.9522357], [80.1664198, 12.9522356], [80.1664196, 12.9519163], [80.1663967, 12.9519162], [80.1663965, 12.9515968], [80.1663737, 12.9515967], [80.1663735, 12.9512773], [80.1663506, 12.9512772], [80.1663504, 12.9509578], [80.1663275, 12.9509577], [80.1663273, 12.9507068], [80.1663044, 12.9506155], [80.1662357, 12.9505696], [80.1662356, 12.9505239], [80.1661669, 12.950478], [80.1661669, 12.9504324], [80.1660753, 12.9503636], [80.1660753, 12.950318], [80.1659836, 12.9502491], [80.1659836, 12.9502035], [80.165892, 12.9501347], [80.165892, 12.9500891], [80.1658232, 12.9500432], [80.1658232, 12.9499975], [80.1657316, 12.9499287], [80.1657315, 12.9497234], [80.1658, 12.9495412], [80.1658, 12.9494271], [80.1658686, 12.9492449], [80.1658685, 12.9491309], [80.1659371, 12.9489486], [80.165937, 12.9488346], [80.1660284, 12.9485612], [80.1660284, 12.9484471], [80.166097, 12.9482649], [80.1660969, 12.9481509], [80.1661655, 12.9479687], [80.1661654, 12.9478546], [80.166234, 12.9476724], [80.1662339, 12.9475583], [80.1663253, 12.9472849], [80.1663253, 12.9471709], [80.1663481, 12.9471254], [80.1664626, 12.9470574], [80.1665542, 12.947035], [80.1666228, 12.9469896], [80.1667144, 12.94699], [80.1668517, 12.9469221], [80.1669433, 12.9469225], [80.167012, 12.9468772], [80.1671036, 12.9468775], [80.1672409, 12.9468097], [80.1673325, 12.94681], [80.1674698, 12.9467422], [80.1675614, 12.9467426], [80.1676301, 12.9466972], [80.1677217, 12.9466976], [80.167859, 12.9466297], [80.1679506, 12.9466301], [80.1680192, 12.9465848], [80.1681108, 12.9465851], [80.1682482, 12.9465173], [80.1683397, 12.9465176], [80.1684771, 12.9464498], [80.1685687, 12.9464501], [80.1686373, 12.9464048], [80.1687289, 12.9464052], [80.1688662, 12.9463373], [80.1689578, 12.9463377], [80.1691409, 12.9462244], [80.1691867, 12.9462246], [80.1692782, 12.9461109], [80.169324, 12.9460883], [80.1693469, 12.9460656], [80.169324, 12.9459742], [80.1693238, 12.9457461], [80.1693009, 12.945746], [80.1693008, 12.9455863], [80.1692779, 12.9455862], [80.1692778, 12.9453809], [80.169232, 12.9453579], [80.169232, 12.9452666], [80.1691862, 12.9452436], [80.1691861, 12.9451524], [80.1691403, 12.9451294], [80.1690715, 12.9448782], [80.169163, 12.9448557], [80.1691401, 12.9447872], [80.1690943, 12.9447642], [80.1690485, 12.9448096], [80.1690027, 12.944741], [80.1690026, 12.9445129], [80.168911, 12.9445125], [80.1689109, 12.9444441], [80.1688651, 12.9443983], [80.1688651, 12.9443298], [80.1687276, 12.9442152], [80.1684758, 12.9442142], [80.1684071, 12.9441682], [80.1683611, 12.9439399], [80.1682465, 12.943757], [80.1681092, 12.9437336], [80.1680633, 12.9436878], [80.1679259, 12.9436644], [80.1679259, 12.9436188], [80.1678572, 12.9435957], [80.1677656, 12.943504], [80.1677426, 12.9433214], [80.1676738, 12.9432299], [80.167628, 12.9432297], [80.1676051, 12.9431612], [80.1675364, 12.9431609], [80.1675364, 12.9431153], [80.167399, 12.9430463], [80.1672386, 12.9429087], [80.167147, 12.9428855], [80.1671241, 12.9428398], [80.1670554, 12.9428167], [80.1668951, 12.9428161], [80.1668951, 12.9427933], [80.1666433, 12.9427922], [80.1666432, 12.9427694], [80.1663914, 12.9427684], [80.1663914, 12.9427455], [80.1662082, 12.9427448], [80.1662082, 12.942722], [80.1659334, 12.9427208], [80.1659334, 12.9427437], [80.1655213, 12.942742], [80.1653152, 12.9426499], [80.1652007, 12.9426494], [80.1651778, 12.9426037], [80.1651091, 12.9426034], [80.1649717, 12.9425344], [80.1648801, 12.942534], [80.1648572, 12.9424883], [80.1647885, 12.942488], [80.1647427, 12.9424422], [80.1646282, 12.9424417], [80.1646053, 12.942396], [80.1645366, 12.9423957], [80.1644679, 12.9423498], [80.164216, 12.9423488], [80.164216, 12.9423259], [80.1640328, 12.9423252], [80.1640328, 12.9423024], [80.1638268, 12.9423015], [80.1638267, 12.9422787], [80.1635978, 12.9422778], [80.1635978, 12.942255], [80.1634375, 12.9422543], [80.1634375, 12.9422315], [80.1633001, 12.9422309], [80.1633001, 12.9422081], [80.1630711, 12.9422072], [80.1630711, 12.9421843], [80.1629108, 12.9421837], [80.1628193, 12.9422289], [80.1627048, 12.9422285], [80.1626132, 12.9422509], [80.1628648, 12.9418413], [80.1630022, 12.9418419], [80.1630709, 12.9417965], [80.1632998, 12.9417518], [80.1634829, 12.9416385], [80.1635058, 12.941593], [80.1635056, 12.9413193], [80.1634827, 12.9413192], [80.1634826, 12.9410226], [80.1634597, 12.9410225], [80.1634595, 12.9407944], [80.1634366, 12.9407943], [80.1634365, 12.9405662], [80.1634136, 12.9405661], [80.1634135, 12.9403608], [80.1633906, 12.9403607], [80.1633905, 12.9401554], [80.1633676, 12.9401553], [80.1633675, 12.9399499], [80.1633446, 12.9399499], [80.1633444, 12.9397217], [80.1633215, 12.9397216], [80.1633214, 12.9394935], [80.1632985, 12.9394934], [80.1632984, 12.9392425], [80.1632755, 12.9392424], [80.1632753, 12.9390371], [80.1632524, 12.939037], [80.1632523, 12.9388317], [80.1632294, 12.9388316], [80.1632293, 12.9386491], [80.1632522, 12.9386264], [80.1633667, 12.9386268], [80.1634353, 12.9385815], [80.1641678, 12.9382423], [80.1643509, 12.9381062], [80.1644196, 12.9380837], [80.1664796, 12.9370884], [80.1666627, 12.9369523], [80.1667314, 12.9369298], [80.1673037, 12.9366584], [80.1673723, 12.9366131], [80.1677386, 12.9364549], [80.1677385, 12.9364093], [80.1678072, 12.9364095], [80.1678758, 12.9362958], [80.1678757, 12.9361133], [80.1678986, 12.9361134], [80.1678985, 12.9359081], [80.1679214, 12.9359081], [80.1679213, 12.9357256], [80.1679442, 12.9357257], [80.1679441, 12.9355204], [80.167967, 12.9355205], [80.1679669, 12.935338], [80.1679898, 12.9353381], [80.1679897, 12.9351556], [80.1680126, 12.9351557], [80.1680124, 12.9349504], [80.1680353, 12.9349505], [80.1680352, 12.934768], [80.1680581, 12.9347681], [80.168058, 12.9345628], [80.1680809, 12.9345629], [80.1680808, 12.9343804], [80.1681037, 12.9343805], [80.1681036, 12.9341752], [80.1681265, 12.9341753], [80.1681264, 12.9339928], [80.1681492, 12.9339928], [80.1681491, 12.9338103], [80.168172, 12.9338104], [80.1681719, 12.9336051], [80.1681948, 12.9336052], [80.1681947, 12.9334227], [80.1682176, 12.9334228], [80.1682175, 12.9332175], [80.1682404, 12.9332176], [80.1682403, 12.9330351], [80.1682632, 12.9330352], [80.168263, 12.9328299], [80.1682859, 12.93283], [80.1682858, 12.9326475], [80.1683087, 12.9326476], [80.1683086, 12.9324651], [80.1683315, 12.9324652], [80.1683314, 12.9322599], [80.1683543, 12.93226], [80.1686971, 12.9311664], [80.1687429, 12.9311209], [80.1687428, 12.9310525], [80.1690171, 12.9303008], [80.1690171, 12.9302096], [80.1691542, 12.9297539], [80.1691541, 12.9296398], [80.1692912, 12.9291841], [80.1692912, 12.9290701], [80.1694511, 12.9285232], [80.1694511, 12.9284092], [80.169611, 12.9278623], [80.1696109, 12.9277483], [80.1697481, 12.9272926], [80.169748, 12.9271785], [80.1699079, 12.9266317], [80.1699079, 12.9265176], [80.1699993, 12.9262443], [80.1699992, 12.9260618], [80.1699763, 12.9260617], [80.1699762, 12.9258336], [80.1699533, 12.9258335], [80.1699531, 12.9256053], [80.1699302, 12.9256052], [80.1699301, 12.9253771], [80.1699072, 12.925377], [80.1699071, 12.9251489], [80.1698842, 12.9251488], [80.169884, 12.9248979], [80.1698611, 12.9248978], [80.169861, 12.9246696], [80.1698381, 12.9246695], [80.169838, 12.9244414], [80.1698151, 12.9244413], [80.1698149, 12.9242132], [80.169792, 12.9242131], [80.1697919, 12.923985], [80.169769, 12.9239849], [80.1697689, 12.9237568], [80.169746, 12.9237567], [80.1697458, 12.9235057], [80.1697229, 12.9235056], [80.1697228, 12.9232775], [80.1696999, 12.9232774], [80.1696998, 12.9230493], [80.1696769, 12.9230492], [80.1696768, 12.9228211], [80.1696539, 12.922821], [80.1696537, 12.9225929], [80.1696308, 12.9225928], [80.1696307, 12.9223418], [80.1696078, 12.9223417], [80.1696076, 12.9221136], [80.1695847, 12.9220223], [80.1694473, 12.9219076], [80.1693099, 12.9219071], [80.1693099, 12.9219299], [80.1691496, 12.9219292], [80.1691267, 12.9218835], [80.1691266, 12.9217466], [80.1691037, 12.9216553], [80.1690578, 12.9215867], [80.1690348, 12.9214041], [80.1689661, 12.9212897], [80.168966, 12.9211528], [80.168943, 12.9210615], [80.1688743, 12.9209471], [80.1688742, 12.9207875], [80.1688971, 12.9207876], [80.168897, 12.9206735], [80.1688741, 12.9206734], [80.1688053, 12.920445], [80.1687137, 12.9203534], [80.1687136, 12.9202165], [80.1686906, 12.9201251], [80.1686219, 12.9200108], [80.1686218, 12.9198739], [80.1685989, 12.9197826], [80.1686904, 12.9197373], [80.168782, 12.9197377], [80.168988, 12.9196473], [80.1690796, 12.9196477], [80.1692169, 12.9195798], [80.1693085, 12.9195802], [80.1693314, 12.9195347], [80.1694459, 12.9195351], [80.1695374, 12.9195127], [80.1695603, 12.9194672], [80.1696748, 12.9194676], [80.1696748, 12.9194448], [80.1697892, 12.9194225], [80.1698121, 12.9193542], [80.1698579, 12.9193315], [80.1698578, 12.9191718], [80.1698348, 12.9190805], [80.1697661, 12.9189662], [80.169766, 12.9188293], [80.1696972, 12.9187149], [80.1696972, 12.9185781], [80.1696284, 12.9184637], [80.1696283, 12.9183268], [80.1695596, 12.9182125], [80.1695595, 12.9180756], [80.1694907, 12.9179613], [80.1694907, 12.9178244], [80.1694219, 12.91771], [80.1694218, 12.9175732], [80.169376, 12.9175045], [80.1693988, 12.9174134], [80.1693987, 12.9171625], [80.1694216, 12.9171625], [80.1694215, 12.9170029], [80.1693757, 12.9169342], [80.1691693, 12.9164771], [80.1691235, 12.9164541], [80.1690318, 12.9162713], [80.1689631, 12.9162253], [80.1685964, 12.9156307], [80.1685048, 12.9155619], [80.1684819, 12.9154705], [80.1684818, 12.9153337], [80.1684589, 12.9153336], [80.1684588, 12.9151967], [80.1684359, 12.9151966], [80.1684358, 12.9150597], [80.1684129, 12.9150596], [80.1684128, 12.9149228], [80.16839, 12.9149227], [80.1683899, 12.9147858], [80.1683669, 12.9146945], [80.1683211, 12.9146258], [80.1682295, 12.9145798], [80.1680921, 12.9145793], [80.1680921, 12.9145564], [80.167886, 12.9145556], [80.1677945, 12.9146465], [80.1677029, 12.9146689], [80.1675884, 12.9146684], [80.1675884, 12.9146456], [80.1666955, 12.9146419], [80.1666955, 12.9146647], [80.1665352, 12.9146641], [80.1664664, 12.9145269], [80.1663977, 12.9145038], [80.1663977, 12.9144582], [80.166329, 12.9144351], [80.1660772, 12.9145025], [80.1660543, 12.914548], [80.1659627, 12.9145476], [80.1658712, 12.9146157], [80.1658025, 12.9146154], [80.165711, 12.9146835], [80.1655507, 12.9147284], [80.1655279, 12.914774], [80.1654363, 12.9147736], [80.1653676, 12.9148646], [80.1652761, 12.914887], [80.1651387, 12.9148864], [80.1651387, 12.9149092], [80.1650013, 12.9149087], [80.1650013, 12.9149315], [80.164864, 12.9149309], [80.164864, 12.9149537], [80.1647266, 12.9149532], [80.1647266, 12.914976], [80.1645892, 12.9149754], [80.1645892, 12.9149982], [80.1644519, 12.9149977], [80.1644519, 12.9150205], [80.1643145, 12.9150199], [80.1643145, 12.9150427], [80.1641771, 12.9150421], [80.1641772, 12.915065], [80.1640398, 12.9150644], [80.1640398, 12.9150872], [80.1639253, 12.9150867], [80.1639253, 12.9151095], [80.1637422, 12.9151316], [80.1637192, 12.9149946], [80.1636734, 12.914926], [80.1636733, 12.9148348], [80.1636275, 12.9147661], [80.1636274, 12.9146749], [80.1635816, 12.9146519], [80.1635815, 12.914515], [80.1635357, 12.914492], [80.1635357, 12.9143551], [80.1634898, 12.9143321], [80.1634898, 12.9142181], [80.163444, 12.9141722], [80.1634439, 12.9140582], [80.1634209, 12.9139668], [80.1633751, 12.9138982], [80.1633751, 12.913807], [80.1633292, 12.9137383], [80.1633292, 12.9136471], [80.1632833, 12.9135785], [80.1632833, 12.9134872], [80.1632145, 12.9133729], [80.1632145, 12.913236], [80.1631916, 12.9132359], [80.1631915, 12.9131218], [80.1631686, 12.9131217], [80.1631456, 12.9129391], [80.1630998, 12.9128933], [80.1630997, 12.9127336], [80.1630768, 12.9127336], [80.1630538, 12.912551], [80.163008, 12.9125051], [80.1630079, 12.9123683], [80.162985, 12.9123682], [80.1629849, 12.9122541], [80.162962, 12.912254], [80.162939, 12.9120714], [80.1628932, 12.9120256], [80.1628931, 12.9118659], [80.1628702, 12.9118658], [80.1628472, 12.9116832], [80.1628014, 12.9116374], [80.1628013, 12.9115005], [80.1627784, 12.9114548], [80.162641, 12.9114543], [80.162641, 12.9114314], [80.1623891, 12.9114304], [80.1623891, 12.9114076], [80.1617938, 12.9114051], [80.1617938, 12.9113823], [80.1610153, 12.9113791], [80.1610153, 12.9113563], [80.1606261, 12.9113547], [80.1606261, 12.9113319], [80.1605116, 12.9113314], [80.1605116, 12.9113086], [80.1603742, 12.911308], [80.1603742, 12.9112852], [80.1602597, 12.9112847], [80.1602597, 12.9112619], [80.1601223, 12.9112614], [80.1601223, 12.9112385], [80.1600078, 12.9112381], [80.1600078, 12.9112153], [80.1598704, 12.9112147], [80.1598704, 12.9111919], [80.159756, 12.9111914], [80.1597559, 12.9111686], [80.1596186, 12.911168], [80.1596185, 12.9111452], [80.1594812, 12.9111446], [80.1594812, 12.9111218], [80.1593667, 12.9111214], [80.1593667, 12.9110985], [80.1592293, 12.911098], [80.1592293, 12.9110752], [80.1591148, 12.9110747], [80.1591148, 12.9110519], [80.1589774, 12.9110513], [80.1589774, 12.9110285], [80.1588629, 12.911028], [80.1588629, 12.9110052], [80.1587255, 12.9110047], [80.1587255, 12.9109818], [80.158611, 12.9109814], [80.158611, 12.9109586], [80.1584736, 12.910958], [80.1584736, 12.9109352], [80.1583362, 12.9109346], [80.1583362, 12.9109118], [80.1582218, 12.9109113], [80.1581301, 12.9107969], [80.1580385, 12.9107509], [80.1579698, 12.9107506], [80.1578324, 12.9106816], [80.1577408, 12.9106812], [80.1576951, 12.9107723], [80.1576264, 12.910772], [80.1576034, 12.9107263], [80.1575118, 12.9106803], [80.1574431, 12.91068], [80.1574203, 12.9107255], [80.1573516, 12.9107252], [80.1572829, 12.9106565], [80.1572828, 12.9106109], [80.1571913, 12.9106105], [80.1570997, 12.9106786], [80.1569852, 12.9106781], [80.1569852, 12.9106553], [80.1568707, 12.9106548], [80.1567791, 12.9106088], [80.1566646, 12.9106083], [80.1565502, 12.9107447], [80.1564817, 12.9109269], [80.1564359, 12.9109496], [80.1563673, 12.9111318], [80.1563215, 12.9111544], [80.1562301, 12.9113822], [80.1561843, 12.9114048], [80.1561157, 12.911587], [80.1560699, 12.9116096], [80.1560013, 12.9117918], [80.1559556, 12.9118145], [80.155887, 12.9119967], [80.1558412, 12.9120193], [80.1557498, 12.912247], [80.155704, 12.9122697], [80.1556354, 12.9124519], [80.1555896, 12.9124745], [80.155521, 12.9126567], [80.1554753, 12.9126793], [80.1554067, 12.9128616], [80.1553609, 12.9128842], [80.1552923, 12.9130664], [80.1552465, 12.913089], [80.1552008, 12.9132257], [80.155155, 12.9132483], [80.1551322, 12.9133395], [80.1550864, 12.9133621], [80.1550407, 12.9134988], [80.1549949, 12.9135214], [80.1549721, 12.9136126], [80.1549263, 12.9136352], [80.1548806, 12.9137719], [80.1548348, 12.9137945], [80.1547891, 12.9139312], [80.1547433, 12.9139538], [80.1546747, 12.914136], [80.1545832, 12.9142269], [80.1545604, 12.9143181], [80.1545146, 12.9143407], [80.1543773, 12.914477], [80.1542857, 12.9144994], [80.1542629, 12.914545], [80.1541255, 12.91459], [80.1541026, 12.9146355], [80.1539653, 12.9146806], [80.1539424, 12.9147261], [80.1538051, 12.9147712], [80.1537822, 12.9148167], [80.1536448, 12.9148618], [80.153622, 12.9149073], [80.1534846, 12.9149524], [80.1534618, 12.9149979], [80.1533244, 12.915043], [80.1533015, 12.9150885], [80.1531642, 12.9151335], [80.1531413, 12.9151791], [80.1530497, 12.9152015], [80.1530269, 12.915247], [80.1528895, 12.9152921], [80.1528667, 12.9153376], [80.1527293, 12.9153827], [80.1527064, 12.9154282], [80.1525691, 12.9154733], [80.1525462, 12.9155188], [80.1524089, 12.9155639], [80.152386, 12.9156094], [80.1522944, 12.9156318], [80.1522258, 12.9156772], [80.1521572, 12.9158138], [80.1521572, 12.9159278], [80.1521343, 12.9159277], [80.1521344, 12.9160646], [80.1521115, 12.9160645], [80.1521116, 12.9162926], [80.1521345, 12.9162927], [80.1521347, 12.9164752], [80.1521575, 12.9164753], [80.1521577, 12.9166806], [80.1521806, 12.9166807], [80.1521807, 12.916886], [80.1522036, 12.9168861], [80.1522037, 12.9170914], [80.1522266, 12.9170915], [80.1522267, 12.917274], [80.1522496, 12.9172741], [80.1522497, 12.9174794], [80.1522726, 12.9174795], [80.1522727, 12.9176848], [80.1522956, 12.9176849], [80.1522958, 12.9178903], [80.1523186, 12.9178903], [80.1523187, 12.91805], [80.1522958, 12.9180499], [80.1522962, 12.9185746], [80.1522733, 12.9185745], [80.1522735, 12.9189395], [80.1522506, 12.9189394], [80.1522509, 12.9195554], [80.152228, 12.9195553], [80.1522283, 12.9200115], [80.1522054, 12.9200114], [80.1522056, 12.920308], [80.1521827, 12.9203079], [80.1521829, 12.9206045], [80.15216, 12.9206044], [80.1521601, 12.9208781], [80.1521372, 12.920878], [80.1521374, 12.9211518], [80.1521145, 12.9211517], [80.1521146, 12.9214026], [80.1520689, 12.9214937], [80.152069, 12.9216077], [80.1520461, 12.9216076], [80.1520462, 12.9218814], [80.1520691, 12.9218815], [80.1520692, 12.9219956], [80.1520005, 12.9220409], [80.1520006, 12.9220865], [80.151909, 12.9221774], [80.1518862, 12.9222685], [80.1518862, 12.9223826], [80.1518634, 12.9223825], [80.1517262, 12.9228382], [80.1508333, 12.9228345], [80.1508333, 12.9228117], [80.1499403, 12.922808], [80.1499403, 12.9227852], [80.1490703, 12.9227816], [80.1490703, 12.9227588], [80.1482689, 12.9227555], [80.1482002, 12.922778], [80.1481545, 12.9228919], [80.1481546, 12.9230972], [80.1482004, 12.923143], [80.1482005, 12.9232114], [80.1482921, 12.9233487], [80.148338, 12.9235086], [80.1485213, 12.923669], [80.1485671, 12.9237376], [80.148613, 12.9238975], [80.1486131, 12.9240116], [80.148636, 12.9240117], [80.148636, 12.9241257], [80.1486589, 12.9241258], [80.148659, 12.9243083], [80.1485904, 12.9243765], [80.1485217, 12.9243762], [80.148453, 12.9244215], [80.1483615, 12.924444], [80.148247, 12.9244435], [80.1481554, 12.9244888], [80.1480409, 12.9244883], [80.148041, 12.9245111], [80.1479265, 12.9245106], [80.1479265, 12.9245334], [80.1476289, 12.9246235], [80.1476291, 12.9248972], [80.1476519, 12.9248973], [80.1476521, 12.9250798], [80.147675, 12.9250799], [80.1476751, 12.9252852], [80.147698, 12.9252853], [80.1476981, 12.9254678], [80.147721, 12.9254679], [80.1477211, 12.9256504], [80.147744, 12.9256505], [80.1477441, 12.925833], [80.147767, 12.9258331], [80.1477671, 12.9260156], [80.14779, 12.9260157], [80.1477901, 12.926221], [80.147813, 12.9262211], [80.1478131, 12.9264036], [80.147836, 12.9264037], [80.1478361, 12.9265862], [80.147859, 12.9265863], [80.1478591, 12.9267688], [80.147882, 12.9267689], [80.1478822, 12.9270426], [80.147722, 12.9271788], [80.1476533, 12.9271785]]]}}, {"type": "Feature", "properties": {"zone": "4", "zone_name": "PERUNGALATHUR", "area_km2": 20.14, "wards": [32, 33, 49, 50, 51, 52, 53, 54, 55, 56, 57, 58, 59, 60, 61]}, "geometry": {"type": "Polygon", "coordinates": [[[80.1022414, 12.9118207], [80.10231, 12.9117298], [80.1023558, 12.91173], [80.1024473, 12.9115935], [80.102516, 12.9115481], [80.1026762, 12.9115032], [80.1026991, 12.9114576], [80.1028593, 12.9113442], [80.1028593, 12.911253], [80.102905, 12.9111619], [80.1029049, 12.9110479], [80.1029278, 12.911048], [80.1029735, 12.9107744], [80.1030192, 12.9107061], [80.1031108, 12.9106837], [80.1031336, 12.9106382], [80.1033168, 12.9105705], [80.1033396, 12.910525], [80.1035228, 12.9104573], [80.1035456, 12.9104118], [80.1037288, 12.9103441], [80.1037516, 12.9102985], [80.1039348, 12.9102309], [80.1039576, 12.9101853], [80.1041408, 12.9101177], [80.1041636, 12.9100721], [80.1043468, 12.9100044], [80.1043696, 12.9099589], [80.1045528, 12.9098912], [80.1046214, 12.9098459], [80.1050792, 12.9095968], [80.1051479, 12.9095971], [80.1054226, 12.9094386], [80.1056286, 12.909371], [80.1056514, 12.9093255], [80.1057659, 12.9092575], [80.1057656, 12.9088241], [80.1057427, 12.908824], [80.1057425, 12.9084133], [80.1057654, 12.9084134], [80.1062225, 12.9069781], [80.1062911, 12.90691], [80.1063598, 12.9069103], [80.1065887, 12.9067287], [80.1065886, 12.9066831], [80.1066573, 12.9066378], [80.106703, 12.9065239], [80.1066801, 12.9064553], [80.1066343, 12.9064323], [80.1065426, 12.9062495], [80.106451, 12.9061807], [80.1064509, 12.9061122], [80.1064051, 12.906112], [80.1064051, 12.9060436], [80.1062218, 12.9058147], [80.1061988, 12.9057234], [80.1061301, 12.9056775], [80.1061301, 12.9056318], [80.1060385, 12.905563], [80.1060384, 12.9054946], [80.1059926, 12.905426], [80.1058781, 12.9053342], [80.105878, 12.9052658], [80.1058322, 12.9051972], [80.1057635, 12.9051513], [80.1056718, 12.9049684], [80.1056031, 12.9049225], [80.1056031, 12.9048768], [80.1055114, 12.904808], [80.1055114, 12.9047396], [80.1054656, 12.904671], [80.1053968, 12.9046251], [80.1053968, 12.9045794], [80.1053052, 12.9045106], [80.1053052, 12.9044422], [80.1052593, 12.9044192], [80.1052135, 12.9043049], [80.1051448, 12.904259], [80.1051447, 12.9042134], [80.1050531, 12.9041446], [80.1050531, 12.9040761], [80.1050072, 12.9040075], [80.1049385, 12.9039616], [80.1048468, 12.9037787], [80.1047323, 12.903687], [80.1047323, 12.9036186], [80.1046177, 12.9035268], [80.1046177, 12.9034584], [80.1045032, 12.9033667], [80.1045031, 12.9032982], [80.1044344, 12.9032523], [80.1043885, 12.9031381], [80.1043198, 12.9030922], [80.1042052, 12.9029092], [80.1040907, 12.9028631], [80.1040449, 12.9027945], [80.1039991, 12.9027943], [80.1039533, 12.9027257], [80.1038846, 12.9027254], [80.1037929, 12.9026109], [80.1037471, 12.9026108], [80.1037013, 12.9025421], [80.1035868, 12.902496], [80.103541, 12.9024274], [80.1033578, 12.9023354], [80.1033119, 12.9022668], [80.1032432, 12.9022665], [80.1031516, 12.902152], [80.1030829, 12.9021518], [80.1029912, 12.9020373], [80.102808, 12.9019453], [80.1027622, 12.9018767], [80.1026935, 12.9018764], [80.1026018, 12.901762], [80.1024186, 12.90167], [80.1023728, 12.9016013], [80.1023041, 12.901601], [80.1022583, 12.9015552], [80.1022124, 12.9013725], [80.1021666, 12.9013267], [80.1021436, 12.9011898], [80.1020978, 12.9011439], [80.1020748, 12.901007], [80.102029, 12.9009612], [80.1020289, 12.9008927], [80.1019831, 12.9008469], [80.1019831, 12.9007785], [80.1019373, 12.9007555], [80.1019143, 12.9005957], [80.1018685, 12.9005727], [80.1018455, 12.9004129], [80.1017997, 12.9003899], [80.1017538, 12.9001616], [80.1017079, 12.9001158], [80.101685, 12.8999788], [80.1016391, 12.899933], [80.1016391, 12.8998646], [80.1015933, 12.8998187], [80.1015932, 12.8997503], [80.1015474, 12.8997273], [80.1015244, 12.8995675], [80.1014786, 12.8995445], [80.1014557, 12.8993847], [80.1014098, 12.8993617], [80.1013639, 12.8991334], [80.1013181, 12.8990876], [80.1012951, 12.8989506], [80.1012493, 12.8989048], [80.1012493, 12.8988364], [80.1012035, 12.8987906], [80.1012034, 12.8987221], [80.1011576, 12.8986991], [80.1011346, 12.8985394], [80.1010888, 12.8985164], [80.1010658, 12.8983566], [80.10102, 12.8983336], [80.1009741, 12.8981053], [80.1009283, 12.8980594], [80.1009053, 12.8979225], [80.1008595, 12.8978767], [80.1008594, 12.8978082], [80.1008136, 12.8977624], [80.1007906, 12.8976254], [80.1007448, 12.8975796], [80.1007448, 12.8975112], [80.100699, 12.8974882], [80.100676, 12.8973284], [80.1006302, 12.8973054], [80.1005843, 12.8970771], [80.1005384, 12.8970313], [80.1005155, 12.8968943], [80.1004696, 12.8968485], [80.1004696, 12.8967801], [80.1004238, 12.8967342], [80.1004008, 12.8965973], [80.100355, 12.8965515], [80.1003549, 12.896483], [80.1003091, 12.89646], [80.1002862, 12.8963002], [80.1002403, 12.8962772], [80.1001257, 12.8959118], [80.1000569, 12.8958659], [80.0996219, 12.8958641], [80.0996219, 12.8958412], [80.0984542, 12.8958364], [80.0984542, 12.8958592], [80.0982939, 12.8958586], [80.0982939, 12.8958358], [80.0965538, 12.8958286], [80.0965538, 12.8958514], [80.0964393, 12.8958509], [80.0963478, 12.8958962], [80.0962333, 12.8958957], [80.0961418, 12.8959409], [80.0960273, 12.8959405], [80.0959357, 12.8959857], [80.0958212, 12.8959852], [80.0957297, 12.8960305], [80.0956152, 12.89603], [80.0955236, 12.8960753], [80.0954092, 12.8960748], [80.0953176, 12.89612], [80.0952031, 12.8961196], [80.0951116, 12.8961648], [80.0949971, 12.8961643], [80.0949055, 12.8962096], [80.094791, 12.8962091], [80.0946995, 12.8962543], [80.094585, 12.8962539], [80.0944934, 12.8962991], [80.094379, 12.8962987], [80.0942874, 12.8963439], [80.0941729, 12.8963434], [80.0940814, 12.8963887], [80.0939669, 12.8963882], [80.0938753, 12.8964334], [80.0937608, 12.896433], [80.0937151, 12.8964784], [80.0935548, 12.8964777], [80.093509, 12.8965232], [80.0933488, 12.8965225], [80.093303, 12.896568], [80.0931427, 12.8965673], [80.093097, 12.8966127], [80.0929367, 12.8966121], [80.0928909, 12.8966575], [80.0927307, 12.8966568], [80.0926849, 12.8967023], [80.0925246, 12.8967016], [80.0924789, 12.8967471], [80.0923186, 12.8967464], [80.0922728, 12.8967918], [80.0920896, 12.8967911], [80.0920897, 12.8968139], [80.0918836, 12.896813], [80.0918836, 12.8968358], [80.0916775, 12.896835], [80.0916776, 12.8968578], [80.0914486, 12.8968569], [80.0914486, 12.8968797], [80.0912425, 12.8968788], [80.0912426, 12.8969016], [80.0911052, 12.8969011], [80.0911052, 12.8969239], [80.0909678, 12.8969233], [80.0909678, 12.8969461], [80.0908305, 12.8969456], [80.0908305, 12.8969684], [80.090716, 12.8969679], [80.090716, 12.8969907], [80.0906015, 12.8969902], [80.0906015, 12.897013], [80.0904642, 12.8970125], [80.0904642, 12.8970353], [80.0903497, 12.8970348], [80.0903497, 12.8970576], [80.0902352, 12.8970572], [80.0902352, 12.89708], [80.0901208, 12.8970795], [80.0901208, 12.8971023], [80.0899834, 12.8971017], [80.0899147, 12.8971471], [80.0898231, 12.8971467], [80.0898002, 12.8970782], [80.0896399, 12.8970775], [80.0896399, 12.8971003], [80.0895026, 12.8970998], [80.0895026, 12.8971226], [80.0893881, 12.8971221], [80.0893881, 12.8971449], [80.0892736, 12.8971444], [80.0891821, 12.8971897], [80.0890447, 12.8971891], [80.0890905, 12.8972349], [80.0890448, 12.8973032], [80.0889303, 12.8973027], [80.0888387, 12.897348], [80.0887242, 12.8973475], [80.0887243, 12.8973703], [80.0884495, 12.8974148], [80.0884038, 12.8974602], [80.0883122, 12.8974827], [80.0881519, 12.897482], [80.0881519, 12.8975048], [80.0877856, 12.8975717], [80.0877399, 12.8976172], [80.0876483, 12.8976396], [80.087488, 12.8976389], [80.087488, 12.8976617], [80.0872362, 12.8977063], [80.0872133, 12.8977291], [80.087076, 12.8977513], [80.0870302, 12.8977967], [80.0868928, 12.8977962], [80.0867784, 12.8978641], [80.0865723, 12.8978633], [80.0865266, 12.8979315], [80.0863892, 12.897931], [80.0862976, 12.8979534], [80.086229, 12.8979987], [80.0860916, 12.8979982], [80.0860458, 12.8980436], [80.0859771, 12.8980433], [80.0859085, 12.8980887], [80.0859084, 12.8979974], [80.0858397, 12.8979971], [80.0858398, 12.8980884], [80.0857253, 12.8981107], [80.0856795, 12.8981562], [80.0855422, 12.8981556], [80.0855193, 12.8982011], [80.0853819, 12.8982005], [80.0853591, 12.8982461], [80.0852217, 12.8982455], [80.085153, 12.8982909], [80.0850614, 12.8982905], [80.0849928, 12.8983358], [80.0849012, 12.8983354], [80.0848325, 12.8983808], [80.0847409, 12.8983804], [80.0846723, 12.8984257], [80.0845807, 12.8984254], [80.0844663, 12.8984933], [80.0840541, 12.8984916], [80.0840541, 12.8984688], [80.0838481, 12.8985136], [80.0838023, 12.898559], [80.0836421, 12.898604], [80.0835047, 12.8986034], [80.0835047, 12.8986262], [80.0833444, 12.8986256], [80.0833444, 12.8986484], [80.0831842, 12.8986477], [80.0831842, 12.8986705], [80.0830239, 12.8986699], [80.0830239, 12.8986927], [80.0828865, 12.8986921], [80.0828866, 12.8987149], [80.0819938, 12.898985], [80.0819709, 12.8990305], [80.0819251, 12.8990075], [80.0819022, 12.899053], [80.0818564, 12.89903], [80.0818335, 12.8990756], [80.0817877, 12.8990526], [80.0817649, 12.8990981], [80.0816504, 12.8990976], [80.0816504, 12.8991204], [80.0813757, 12.8991877], [80.0813299, 12.8992332], [80.0810323, 12.8993232], [80.0810095, 12.8993687], [80.0809179, 12.8993912], [80.0809179, 12.8994368], [80.0808492, 12.8994365], [80.0808264, 12.899482], [80.0807348, 12.8995045], [80.0807348, 12.8995501], [80.0806661, 12.8995498], [80.0806433, 12.8995953], [80.0805517, 12.8996178], [80.0805517, 12.8996634], [80.080483, 12.8996631], [80.0804601, 12.8997087], [80.0803686, 12.8997311], [80.0803686, 12.8997767], [80.0802999, 12.8997764], [80.080277, 12.899822], [80.0801855, 12.8998444], [80.0801855, 12.89989], [80.0801168, 12.8998897], [80.0800939, 12.8999353], [80.0800024, 12.8999577], [80.0800024, 12.9000033], [80.0799337, 12.900003], [80.0799108, 12.9000486], [80.0798193, 12.900071], [80.0798193, 12.9001166], [80.0797506, 12.9001163], [80.0797277, 12.9001619], [80.0796362, 12.9001843], [80.0796362, 12.9002299], [80.0795675, 12.9002296], [80.0795446, 12.9002752], [80.0794531, 12.9002976], [80.0794531, 12.9003432], [80.0793844, 12.900343], [80.0793615, 12.9003885], [80.0791784, 12.9005018], [80.0791785, 12.9006615], [80.0792014, 12.9006616], [80.0792932, 12.9009357], [80.079339, 12.9009587], [80.079339, 12.90105], [80.0794995, 12.9013244], [80.079637, 12.9016671], [80.0796828, 12.9016901], [80.0797058, 12.9017815], [80.0798204, 12.9020557], [80.0798662, 12.9020787], [80.0798892, 12.90217], [80.0800497, 12.9025357], [80.0801184, 12.9026044], [80.0801414, 12.9026958], [80.0803248, 12.9031071], [80.0803935, 12.9031759], [80.0804623, 12.9034043], [80.0805081, 12.9034273], [80.0805769, 12.9036557], [80.0806457, 12.9037244], [80.0806686, 12.9038157], [80.0808062, 12.9041357], [80.080852, 12.9041587], [80.0808749, 12.90425], [80.0810125, 12.90457], [80.0810583, 12.904593], [80.0810813, 12.9046843], [80.081173, 12.9049128], [80.0812188, 12.9049358], [80.0812189, 12.9050955], [80.0812647, 12.905187], [80.0812648, 12.905301], [80.0812877, 12.9053011], [80.0812878, 12.9054836], [80.0813107, 12.9054837], [80.0813107, 12.9055978], [80.0812879, 12.9055977], [80.0812885, 12.9067611], [80.0812428, 12.9068065], [80.0812426, 12.9064872], [80.0811968, 12.906487], [80.0811971, 12.9069889], [80.0812657, 12.9069435], [80.0812659, 12.9072629], [80.0811972, 12.9072398], [80.0811975, 12.9077188], [80.0812891, 12.9077192], [80.0812892, 12.9078333], [80.0812663, 12.9078332], [80.0812663, 12.9079701], [80.0812206, 12.9079927], [80.0812206, 12.9080839], [80.0811749, 12.9081522], [80.0811749, 12.9082434], [80.0811292, 12.9083117], [80.0811063, 12.9084028], [80.0811064, 12.9085169], [80.0810606, 12.9085395], [80.0810607, 12.9086764], [80.0810149, 12.908699], [80.081015, 12.9087903], [80.0809692, 12.9088585], [80.0809694, 12.9091323], [80.0809923, 12.9091324], [80.0809924, 12.9092921], [80.0810153, 12.9092922], [80.0810154, 12.9094518], [80.0810382, 12.9094519], [80.0810383, 12.9096116], [80.0810612, 12.9096117], [80.0810613, 12.9097942], [80.0810156, 12.909794], [80.0810157, 12.9100906], [80.0810386, 12.9100907], [80.0810387, 12.9102504], [80.0810845, 12.9102734], [80.0810843, 12.909954], [80.0811072, 12.9099541], [80.0811073, 12.9101138], [80.0811302, 12.9101139], [80.0811303, 12.9102736], [80.0811532, 12.9102737], [80.0811533, 12.9104333], [80.0811762, 12.9104334], [80.0811763, 12.9106159], [80.0811992, 12.910616], [80.0811993, 12.9107757], [80.0812222, 12.9107758], [80.0812223, 12.9109355], [80.0812452, 12.9109356], [80.0812453, 12.9110953], [80.0812682, 12.9110954], [80.0812683, 12.9112779], [80.0812912, 12.911278], [80.0812913, 12.9114377], [80.0813142, 12.9114378], [80.0813143, 12.9115974], [80.0813372, 12.9115975], [80.0813372, 12.9117572], [80.0813601, 12.9117573], [80.0813602, 12.911917], [80.0813831, 12.9119171], [80.0813832, 12.9120768], [80.0814061, 12.9120769], [80.0814062, 12.9122366], [80.0814291, 12.9122367], [80.0814292, 12.9123963], [80.0814521, 12.9123964], [80.0814522, 12.9125561], [80.0814751, 12.9125562], [80.0814752, 12.9127159], [80.0814981, 12.912716], [80.0814982, 12.9128529], [80.0815211, 12.9128758], [80.081544, 12.9130128], [80.0816127, 12.9130359], [80.0816129, 12.913264], [80.0816816, 12.9134011], [80.0816817, 12.913538], [80.0816588, 12.9135379], [80.0816589, 12.9136976], [80.0817048, 12.9137662], [80.081659, 12.9137889], [80.0816361, 12.9138572], [80.0816591, 12.9139485], [80.0816593, 12.9142679], [80.0816135, 12.9142905], [80.0816364, 12.9143363], [80.0815906, 12.9143589], [80.0816135, 12.9144046], [80.0814533, 12.9144496], [80.0814533, 12.9144952], [80.0813618, 12.9145404], [80.0813161, 12.9146999], [80.0813161, 12.914814], [80.0812932, 12.9148139], [80.0812704, 12.9149279], [80.0810643, 12.914927], [80.0810644, 12.9149498], [80.0808812, 12.9149491], [80.0807896, 12.9150171], [80.0807439, 12.9150854], [80.080744, 12.9152451], [80.0806525, 12.9153359], [80.0806526, 12.9155184], [80.0806297, 12.9155183], [80.0806298, 12.9157008], [80.0806069, 12.9157008], [80.080607, 12.9158833], [80.0805841, 12.9158832], [80.0805842, 12.9160657], [80.0805613, 12.9160656], [80.0805614, 12.9162481], [80.0805385, 12.916248], [80.0805386, 12.9164305], [80.0805157, 12.9164304], [80.0805159, 12.9167497], [80.0805388, 12.9167498], [80.080539, 12.9170008], [80.0805618, 12.9170009], [80.080562, 12.917229], [80.0805849, 12.9172291], [80.080585, 12.917366], [80.0806079, 12.9174573], [80.0806537, 12.9175031], [80.0806539, 12.9177541], [80.080631, 12.917754], [80.0806769, 12.9179367], [80.0807456, 12.9179598], [80.0807456, 12.918051], [80.0807914, 12.9180968], [80.0807915, 12.9182565], [80.0808144, 12.9182566], [80.0808146, 12.9184619], [80.0807917, 12.9184618], [80.0807919, 12.9189181], [80.0808148, 12.9189182], [80.0808149, 12.919055], [80.0808378, 12.9190551], [80.0808379, 12.9191692], [80.0808608, 12.9191693], [80.0808608, 12.9192833], [80.0808837, 12.9192834], [80.0808609, 12.9194202], [80.0808151, 12.9194428], [80.0806549, 12.9194422], [80.0805633, 12.9194874], [80.0804488, 12.919487], [80.0804488, 12.9195098], [80.0802886, 12.9195319], [80.0799224, 12.9198726], [80.0799225, 12.919941], [80.0798767, 12.9199865], [80.0796937, 12.9203051], [80.0796938, 12.9203735], [80.079648, 12.9203733], [80.0795565, 12.9206011], [80.079465, 12.9206235], [80.079465, 12.9206691], [80.079282, 12.9209649], [80.079282, 12.9210334], [80.0792134, 12.9210787], [80.0791676, 12.9211926], [80.0789845, 12.9213059], [80.0789846, 12.9213515], [80.0788015, 12.9214648], [80.0788015, 12.9215105], [80.078687, 12.9215556], [80.0785498, 12.9217147], [80.0784353, 12.9217827], [80.0784124, 12.9218282], [80.0784125, 12.9220107], [80.0784354, 12.9220108], [80.0785729, 12.9221711], [80.0786187, 12.9221713], [80.0787333, 12.9223086], [80.0788249, 12.9223318], [80.0788249, 12.9223774], [80.0789165, 12.9224234], [80.0790311, 12.9225608], [80.0791227, 12.922584], [80.0791227, 12.9226296], [80.0792143, 12.9226756], [80.0793289, 12.9228129], [80.0794434, 12.922859], [80.079535, 12.9229963], [80.0795808, 12.9229965], [80.0797641, 12.9232026], [80.0798786, 12.9232486], [80.0799703, 12.9233859], [80.0801306, 12.9235006], [80.0801307, 12.9236375], [80.0803368, 12.9236384], [80.0804971, 12.9237759], [80.0805658, 12.9237762], [80.0806575, 12.9238906], [80.0807262, 12.9239365], [80.0807949, 12.9239368], [80.0808865, 12.9240512], [80.0809552, 12.9240972], [80.0810239, 12.9240974], [80.0811156, 12.9242119], [80.0811843, 12.9242578], [80.081253, 12.9242581], [80.0813446, 12.9243725], [80.0814133, 12.9243728], [80.081505, 12.9244872], [80.0816882, 12.9245792], [80.081734, 12.9246479], [80.0818027, 12.9246482], [80.0818944, 12.9247626], [80.0819631, 12.9248085], [80.0820318, 12.9248088], [80.0820318, 12.9248544], [80.0821463, 12.9249005], [80.0821921, 12.9249691], [80.0823066, 12.9250152], [80.0823525, 12.9250839], [80.0824212, 12.9250841], [80.0824212, 12.9251298], [80.0824899, 12.9251529], [80.0825357, 12.9252215], [80.0826273, 12.9252447], [80.082719, 12.9253591], [80.0827648, 12.9253593], [80.0828335, 12.9254508], [80.0829251, 12.925474], [80.082948, 12.9255426], [80.0830167, 12.9255428], [80.0830397, 12.9256114], [80.0831083, 12.9256117], [80.0831313, 12.9256802], [80.0832, 12.9256805], [80.0832229, 12.925749], [80.0832916, 12.9257493], [80.0833145, 12.9258178], [80.0833832, 12.9258181], [80.0834062, 12.9258866], [80.0834748, 12.9258869], [80.0834978, 12.9259555], [80.0835665, 12.9259557], [80.0835894, 12.9260243], [80.0835895, 12.9261383], [80.0835666, 12.9262523], [80.083498, 12.9262976], [80.0834522, 12.9263659], [80.0834294, 12.926457], [80.0833379, 12.9265479], [80.0833379, 12.9266164], [80.083132, 12.9268664], [80.083132, 12.9269805], [80.0831549, 12.9269806], [80.083155, 12.9271175], [80.0832238, 12.9273003], [80.0832239, 12.9274143], [80.0834074, 12.9280538], [80.0834075, 12.9282135], [80.0833846, 12.9282134], [80.0833847, 12.9284187], [80.0833618, 12.9284186], [80.083362, 12.9286011], [80.0833391, 12.928601], [80.0833392, 12.9287835], [80.0833163, 12.9287834], [80.0833164, 12.9289888], [80.0832935, 12.9289887], [80.0832936, 12.929194], [80.0833394, 12.9292398], [80.0833395, 12.9293082], [80.0833853, 12.929354], [80.0833854, 12.9294681], [80.0833396, 12.9295135], [80.0833396, 12.929582], [80.0832938, 12.9295818], [80.083271, 12.9296958], [80.0832252, 12.9297412], [80.0832939, 12.9297415], [80.0833168, 12.9296959], [80.0835, 12.9296739], [80.0834771, 12.9297194], [80.0833627, 12.9298102], [80.0833627, 12.9299243], [80.083294, 12.929924], [80.083317, 12.9300153], [80.0834085, 12.9299244], [80.0834772, 12.9299247], [80.0834544, 12.9300387], [80.0834544, 12.9301528], [80.0835003, 12.9302442], [80.0836148, 12.9302219], [80.0835919, 12.9302674], [80.0835232, 12.9302671], [80.0835232, 12.9303127], [80.0836148, 12.9303131], [80.083569, 12.9303585], [80.083592, 12.9305183], [80.0836607, 12.930473], [80.083798, 12.9304279], [80.0838668, 12.9304967], [80.0838668, 12.9305879], [80.0839126, 12.9306109], [80.0839356, 12.9307707], [80.0840044, 12.9308622], [80.0840044, 12.9309307], [80.0840502, 12.9309765], [80.0840503, 12.9310449], [80.0840961, 12.9310907], [80.0840961, 12.9311592], [80.0841649, 12.9312279], [80.0841649, 12.9313191], [80.0842107, 12.9313421], [80.0842337, 12.9315019], [80.0843024, 12.9315934], [80.0843025, 12.9316619], [80.0843483, 12.9316849], [80.0843942, 12.9318904], [80.08444, 12.9319134], [80.0844629, 12.9319819], [80.0846234, 12.9323476], [80.0846692, 12.9323706], [80.0846693, 12.9324618], [80.0848068, 12.9326905], [80.0848068, 12.932759], [80.0848756, 12.9328505], [80.0849215, 12.9330104], [80.0849673, 12.9330334], [80.0849673, 12.9331246], [80.0850361, 12.9332162], [80.0850361, 12.9332846], [80.0851048, 12.9333761], [80.0851507, 12.933536], [80.0851965, 12.933559], [80.0851966, 12.9336503], [80.0852653, 12.9337418], [80.0852654, 12.9338102], [80.0853341, 12.9339018], [80.08538, 12.9340616], [80.0854258, 12.9340846], [80.0854259, 12.9341759], [80.0854946, 12.9342674], [80.0855405, 12.9344273], [80.0855863, 12.9344503], [80.0855863, 12.9345415], [80.0856551, 12.9346103], [80.0856551, 12.9347015], [80.0857239, 12.9347931], [80.0857698, 12.9349529], [80.0858156, 12.9349759], [80.0858156, 12.9350672], [80.0858844, 12.9351587], [80.0858844, 12.9352272], [80.0859531, 12.9353187], [80.085999, 12.9354786], [80.0860448, 12.9355016], [80.0860449, 12.9355928], [80.0860907, 12.9356843], [80.0861365, 12.9357073], [80.0861366, 12.9357985], [80.0862053, 12.93589], [80.0862054, 12.9359585], [80.0862741, 12.93605], [80.0862742, 12.9361413], [80.08632, 12.9362099], [80.0863201, 12.9363011], [80.0863659, 12.9363241], [80.0863659, 12.936461], [80.0863889, 12.9365295], [80.0864347, 12.9365525], [80.0864347, 12.9366666], [80.0864806, 12.9367352], [80.0865036, 12.936895], [80.0865494, 12.936918], [80.0865494, 12.9370321], [80.0866182, 12.9371692], [80.0866183, 12.9372605], [80.0866641, 12.9372835], [80.0866641, 12.9373975], [80.0866871, 12.9374889], [80.0867329, 12.9375575], [80.086733, 12.9376488], [80.0867788, 12.9376718], [80.0867789, 12.9378086], [80.0868247, 12.9378316], [80.0868247, 12.9379685], [80.0868705, 12.9379915], [80.0868706, 12.9381056], [80.0868936, 12.9381969], [80.0869394, 12.9382199], [80.0869394, 12.938334], [80.0869853, 12.9384026], [80.0870083, 12.9385624], [80.0870541, 12.9385854], [80.0870541, 12.9386995], [80.0871, 12.9387681], [80.0871, 12.9388593], [80.0871458, 12.9388823], [80.0871459, 12.9390192], [80.0871917, 12.939065], [80.0872606, 12.9393619], [80.0873064, 12.9393849], [80.0873065, 12.9394989], [80.0873752, 12.9396133], [80.0873752, 12.9396817], [80.087467, 12.9398874], [80.087467, 12.9399787], [80.0875128, 12.9400473], [80.0875129, 12.9401385], [80.0875587, 12.9401844], [80.0875588, 12.9403212], [80.0875817, 12.9403213], [80.0876276, 12.9405953], [80.0876735, 12.9406639], [80.0876735, 12.9407551], [80.0877194, 12.9408238], [80.0877194, 12.940915], [80.0877652, 12.9409836], [80.0877653, 12.9410749], [80.0878111, 12.9411435], [80.0878571, 12.9413718], [80.0879029, 12.9413948], [80.0880175, 12.9416919], [80.0880633, 12.9416921], [80.088178, 12.9419891], [80.0882238, 12.9420121], [80.0882696, 12.9421492], [80.0883154, 12.9421722], [80.0883842, 12.9423549], [80.08843, 12.9423551], [80.0884759, 12.942515], [80.0885217, 12.942538], [80.0885905, 12.9427208], [80.0886363, 12.942721], [80.0886822, 12.9428809], [80.0887509, 12.9429268], [80.0887739, 12.9430181], [80.089049, 12.9436124], [80.0891177, 12.9436811], [80.0891406, 12.9437724], [80.0894157, 12.9443667], [80.0894845, 12.9444354], [80.0895074, 12.9445268], [80.0897596, 12.9450753], [80.0898054, 12.9450983], [80.0898283, 12.9451896], [80.0899659, 12.9455096], [80.0900117, 12.9455326], [80.0900118, 12.9456238], [80.0900576, 12.9456697], [80.0900576, 12.9457381], [80.0901264, 12.9458296], [80.0901264, 12.9458981], [80.0901952, 12.9459896], [80.0901952, 12.946058], [80.0902639, 12.9461496], [80.090264, 12.946218], [80.0903327, 12.9463095], [80.0903328, 12.946378], [80.0904473, 12.9465153], [80.0904703, 12.9466067], [80.0905161, 12.9466069], [80.0905161, 12.9466753], [80.0905848, 12.946744], [80.0906078, 12.9468354], [80.0906994, 12.946927], [80.0907224, 12.9470183], [80.0907682, 12.9470185], [80.0907911, 12.9471327], [80.0908369, 12.9471329], [80.090837, 12.9472013], [80.0909515, 12.9473387], [80.0909745, 12.94743], [80.0910203, 12.947453], [80.0910432, 12.9475443], [80.091089, 12.9475445], [80.0911807, 12.9477274], [80.0912265, 12.9477504], [80.0914097, 12.9477512], [80.0914097, 12.947774], [80.0919134, 12.9477761], [80.0919134, 12.9477989], [80.0923027, 12.9478005], [80.0923026, 12.9477777], [80.0924858, 12.9477784], [80.0924858, 12.9477556], [80.092669, 12.9477564], [80.0926689, 12.9477336], [80.0928521, 12.9477343], [80.0928521, 12.9477115], [80.0929895, 12.9477121], [80.0930582, 12.9476895], [80.0931955, 12.9475989], [80.0932642, 12.9475991], [80.0934015, 12.9475085], [80.0936075, 12.9474409], [80.0936304, 12.9473953], [80.093722, 12.9473957], [80.0938593, 12.947305], [80.093928, 12.9473053], [80.0940653, 12.9472146], [80.0942027, 12.9471924], [80.0942484, 12.947147], [80.0944087, 12.9471476], [80.0944087, 12.9471248], [80.0945232, 12.9471253], [80.0945232, 12.9471025], [80.0946376, 12.9471029], [80.0946376, 12.9470801], [80.0947521, 12.9470806], [80.0947521, 12.9470578], [80.0948666, 12.9470583], [80.0949581, 12.947013], [80.0950726, 12.9470135], [80.0950726, 12.9469907], [80.0951871, 12.9469911], [80.0951871, 12.9469683], [80.0953015, 12.9469688], [80.0953015, 12.946946], [80.095416, 12.9469465], [80.095416, 12.9469237], [80.0955534, 12.9469242], [80.0955534, 12.9469014], [80.0957823, 12.9469024], [80.0957823, 12.9468795], [80.0959884, 12.9468804], [80.0959884, 12.9468576], [80.0962173, 12.9468585], [80.0962173, 12.9468357], [80.0963776, 12.9468364], [80.0963776, 12.9468136], [80.0965378, 12.9468142], [80.0965378, 12.9467914], [80.0966981, 12.9467921], [80.0966981, 12.9467693], [80.0968355, 12.9467698], [80.0968355, 12.946747], [80.0969957, 12.9467477], [80.0969957, 12.9467249], [80.0971331, 12.9467254], [80.0971331, 12.9467026], [80.0972705, 12.9467032], [80.0972704, 12.9466804], [80.0973849, 12.9466808], [80.0973849, 12.946658], [80.0975223, 12.9466586], [80.0975223, 12.9466358], [80.0976596, 12.9466364], [80.0976596, 12.9466135], [80.097797, 12.9466141], [80.097797, 12.9465913], [80.0979344, 12.9465919], [80.0979344, 12.9465691], [80.0980488, 12.9465695], [80.0980488, 12.9465467], [80.0981862, 12.9465473], [80.0981862, 12.9465245], [80.0983236, 12.946525], [80.0983236, 12.9465022], [80.0984609, 12.9465028], [80.0984609, 12.94648], [80.0985983, 12.9464805], [80.0985983, 12.9464577], [80.0987128, 12.9464582], [80.0987128, 12.9464354], [80.0988501, 12.946436], [80.0988501, 12.9464132], [80.0989875, 12.9464137], [80.0990791, 12.9463913], [80.0994459, 12.9471684], [80.0994916, 12.9471686], [80.0995375, 12.94726], [80.0996063, 12.9474656], [80.099675, 12.9475116], [80.0997209, 12.9476258], [80.0997896, 12.9476489], [80.0997896, 12.9477173], [80.0998583, 12.9477404], [80.0998584, 12.9478089], [80.0999271, 12.947832], [80.0999271, 12.9479004], [80.0999958, 12.9479235], [80.0999958, 12.9479919], [80.1000645, 12.948015], [80.1000646, 12.9480835], [80.1001333, 12.9481294], [80.1001333, 12.948175], [80.100202, 12.9482209], [80.1002021, 12.9482665], [80.1002708, 12.9483124], [80.1002708, 12.9483581], [80.1003395, 12.948404], [80.1003395, 12.9484496], [80.1004083, 12.9484955], [80.1004084, 12.9487236], [80.1004313, 12.9487237], [80.1004315, 12.9490431], [80.1004544, 12.9490432], [80.1004546, 12.9493626], [80.1004775, 12.9493627], [80.1004775, 12.9494767], [80.1005463, 12.9495683], [80.1006151, 12.9497739], [80.1006609, 12.9497969], [80.1006609, 12.9498881], [80.1007068, 12.9499796], [80.1007526, 12.9500026], [80.1007526, 12.9500938], [80.1007985, 12.9501852], [80.1008443, 12.9502082], [80.1009131, 12.9504367], [80.1010048, 12.9505511], [80.1010506, 12.9505741], [80.1012337, 12.950552], [80.1013024, 12.9504839], [80.1015313, 12.950348], [80.1016227, 12.9501202], [80.1018515, 12.9499158], [80.1024466, 12.9495533], [80.1024695, 12.9495078], [80.1025611, 12.9494853], [80.1026068, 12.9494171], [80.1035452, 12.9488278], [80.1035681, 12.9487823], [80.1036597, 12.9487599], [80.1040258, 12.9484876], [80.1040716, 12.9484878], [80.1041174, 12.9484196], [80.1043005, 12.9483291], [80.1043234, 12.9482836], [80.1046896, 12.948171], [80.1048041, 12.9481715], [80.1048957, 12.9481262], [80.1050102, 12.9481267], [80.1050101, 12.9481039], [80.1051246, 12.9481044], [80.1052162, 12.9480591], [80.1053307, 12.9480596], [80.1053307, 12.9480368], [80.1054451, 12.9480373], [80.1054451, 12.9480144], [80.1055825, 12.948015], [80.1057198, 12.94797], [80.1058113, 12.9477878], [80.10588, 12.9476969], [80.1059028, 12.9475373], [80.1059943, 12.9474464], [80.10604, 12.9473097], [80.1061315, 12.9472188], [80.1061544, 12.9471277], [80.106223, 12.9470823], [80.1064062, 12.9470603], [80.1064062, 12.9470375], [80.1065436, 12.947038], [80.1065435, 12.9470152], [80.106658, 12.9470157], [80.106658, 12.9469929], [80.1067725, 12.9469934], [80.1067725, 12.9469706], [80.106887, 12.946971], [80.1068869, 12.9469482], [80.107093, 12.9469491], [80.107093, 12.9469719], [80.1072533, 12.9469725], [80.1072533, 12.9469954], [80.1074136, 12.946996], [80.1074136, 12.9470188], [80.1075281, 12.9470193], [80.1075968, 12.9470652], [80.10778, 12.947066], [80.1077799, 12.9470432], [80.1079173, 12.9470437], [80.1079173, 12.9470209], [80.1080318, 12.9470214], [80.1080318, 12.9469986], [80.1081692, 12.9469991], [80.1081691, 12.9469763], [80.1082836, 12.9469768], [80.1082836, 12.946954], [80.108421, 12.9469546], [80.108421, 12.9469317], [80.1085355, 12.9469322], [80.1085354, 12.9469094], [80.1086499, 12.9469099], [80.1086499, 12.9468871], [80.1087644, 12.9468875], [80.1087644, 12.9468647], [80.1088789, 12.9468652], [80.1088788, 12.9468424], [80.1089933, 12.9468429], [80.1089933, 12.94682], [80.1091078, 12.9468205], [80.1091078, 12.9467977], [80.1092223, 12.9467982], [80.1092222, 12.9467754], [80.1093596, 12.9467759], [80.1093596, 12.9467531], [80.1094741, 12.9467536], [80.1094741, 12.9467308], [80.1096801, 12.9467316], [80.1096801, 12.9467088], [80.1098862, 12.9467097], [80.1098862, 12.9466869], [80.1100693, 12.9466876], [80.1100693, 12.9466648], [80.1103899, 12.9466661], [80.1104357, 12.9467119], [80.111031, 12.9467144], [80.1110768, 12.9468058], [80.1111227, 12.9468288], [80.1111456, 12.9468974], [80.1111914, 12.9469204], [80.1113288, 12.9469209], [80.1113288, 12.9469437], [80.1115806, 12.9469448], [80.1115807, 12.9469676], [80.1118325, 12.9469686], [80.1118325, 12.9469915], [80.1124049, 12.9469938], [80.1124507, 12.9469484], [80.1125194, 12.9469487], [80.1126109, 12.9468806], [80.1126796, 12.9468581], [80.1128628, 12.9468588], [80.1128628, 12.946836], [80.1130459, 12.9468368], [80.1130459, 12.946814], [80.1131604, 12.9468144], [80.1131604, 12.9467916], [80.1133207, 12.9467923], [80.1133206, 12.9467695], [80.1136183, 12.9467707], [80.1136183, 12.9467935], [80.1138015, 12.9467943], [80.1138015, 12.9468171], [80.1139847, 12.9468178], [80.1139847, 12.9468407], [80.1141449, 12.9468413], [80.114145, 12.9468641], [80.1143281, 12.9468649], [80.1143281, 12.9468877], [80.1145113, 12.9468885], [80.1145113, 12.9469113], [80.1147174, 12.9469121], [80.1147174, 12.9469349], [80.1148777, 12.9469356], [80.1148777, 12.9469584], [80.1149922, 12.9469589], [80.1150609, 12.947096], [80.1151067, 12.947119], [80.1151297, 12.9472104], [80.1152672, 12.9473706], [80.1152901, 12.947462], [80.1153359, 12.947485], [80.1153818, 12.947622], [80.1154276, 12.9476907], [80.1154963, 12.9477366], [80.1155193, 12.9478279], [80.1155651, 12.9478509], [80.115611, 12.947988], [80.1156339, 12.9479881], [80.1156339, 12.9481021], [80.1155653, 12.9481703], [80.1155653, 12.9482159], [80.1154966, 12.9482613], [80.1154509, 12.9483751], [80.1153822, 12.9484205], [80.1153823, 12.9484661], [80.1153136, 12.9485114], [80.1153136, 12.9485571], [80.115245, 12.9486024], [80.115245, 12.948648], [80.1151535, 12.9487389], [80.1151535, 12.9488302], [80.1152223, 12.9489673], [80.1152453, 12.9490815], [80.1154743, 12.9492193], [80.1154972, 12.949265], [80.115772, 12.9493802], [80.115772, 12.9493574], [80.1159094, 12.949358], [80.1159094, 12.9493352], [80.1161613, 12.9493362], [80.11623, 12.9493593], [80.1162987, 12.9494964], [80.1163217, 12.9495878], [80.1163219, 12.94993], [80.1163448, 12.9499301], [80.1163448, 12.9500441], [80.1164136, 12.9501813], [80.1164823, 12.9501588], [80.1166426, 12.9501594], [80.1167112, 12.9501369], [80.1168028, 12.950046], [80.1169859, 12.950024], [80.1170317, 12.950047], [80.1171004, 12.9499788], [80.1172148, 12.9499793], [80.1172148, 12.9499565], [80.1173522, 12.949957], [80.1173522, 12.9499342], [80.1175125, 12.9499349], [80.1175811, 12.9498896], [80.1176727, 12.9498899], [80.1178101, 12.9498221], [80.1179016, 12.9498224], [80.118039, 12.9497546], [80.1181306, 12.949755], [80.1182679, 12.9496871], [80.1183595, 12.9496875], [80.1184968, 12.9496196], [80.1185884, 12.94962], [80.1187257, 12.9495521], [80.1188173, 12.9495525], [80.1189547, 12.9494846], [80.1190462, 12.949485], [80.119092, 12.9494395], [80.1192065, 12.9494172], [80.1194812, 12.9493499], [80.1196872, 12.9492595], [80.1197788, 12.9492599], [80.1198474, 12.9492145], [80.119939, 12.9492149], [80.1200077, 12.9491696], [80.1200993, 12.94917], [80.1202366, 12.9491021], [80.1203282, 12.9491025], [80.1204655, 12.9490346], [80.1205571, 12.949035], [80.1206945, 12.9489671], [80.120786, 12.9489675], [80.1208547, 12.9489221], [80.1209463, 12.9489225], [80.1210836, 12.9488547], [80.1211752, 12.948855], [80.1213125, 12.9487872], [80.1214728, 12.948765], [80.1215186, 12.9487196], [80.1215873, 12.9487199], [80.1216788, 12.9486518], [80.1217475, 12.9486293], [80.121862, 12.9486297], [80.1219077, 12.9486071], [80.1219765, 12.9487443], [80.1220223, 12.9487673], [80.1220224, 12.9488357], [80.1220911, 12.9488816], [80.1220911, 12.9489272], [80.1222743, 12.948928], [80.1224574, 12.9488603], [80.1225719, 12.9488608], [80.1225719, 12.948838], [80.1226863, 12.9488385], [80.1227779, 12.9487932], [80.1228924, 12.9487937], [80.1229839, 12.9487484], [80.1230984, 12.9487489], [80.12319, 12.9487037], [80.1233045, 12.9487041], [80.123396, 12.9486589], [80.1235105, 12.9486594], [80.1236021, 12.9486141], [80.1236936, 12.9486145], [80.1238081, 12.9485922], [80.1238081, 12.9485693], [80.1239226, 12.9485698], [80.1239226, 12.948547], [80.124037, 12.9485475], [80.1241286, 12.9485022], [80.1242431, 12.9485027], [80.1243346, 12.9484575], [80.1244491, 12.9484579], [80.1245407, 12.9484127], [80.1246552, 12.9484132], [80.1248383, 12.9483455], [80.1249528, 12.9483459], [80.1250443, 12.9483007], [80.1251588, 12.9483012], [80.1251588, 12.9482784], [80.1252733, 12.9482788], [80.1253648, 12.9482336], [80.1254793, 12.9482341], [80.1255709, 12.9481888], [80.1256853, 12.9481893], [80.1256853, 12.9481665], [80.1257998, 12.9481669], [80.1258914, 12.9481217], [80.1260059, 12.9481222], [80.1260974, 12.9480769], [80.1262577, 12.9480548], [80.1263263, 12.9480094], [80.1263263, 12.9479638], [80.1264178, 12.9478957], [80.1264178, 12.9478501], [80.1265094, 12.9477821], [80.1265093, 12.9477364], [80.1266009, 12.9476684], [80.1266009, 12.9476228], [80.1266924, 12.9475547], [80.1266924, 12.9475091], [80.1268068, 12.9474183], [80.1268068, 12.9473727], [80.1268983, 12.9473046], [80.1268983, 12.947259], [80.1270127, 12.9471682], [80.1270127, 12.9471226], [80.1271042, 12.9470545], [80.1271042, 12.9470089], [80.1272186, 12.9469181], [80.1272186, 12.9468725], [80.1273102, 12.9468044], [80.1273101, 12.9467588], [80.1274017, 12.9466908], [80.1274016, 12.9466451], [80.1274932, 12.9465771], [80.1274932, 12.9465314], [80.1276763, 12.9463953], [80.1277678, 12.9462816], [80.1278136, 12.9462818], [80.1280195, 12.9460089], [80.1280881, 12.9459636], [80.1284084, 12.9454402], [80.128477, 12.9453949], [80.1286143, 12.9451445], [80.1287516, 12.9450538], [80.1288889, 12.9450316], [80.1289347, 12.9449862], [80.1292094, 12.9449189], [80.1292552, 12.9448734], [80.1295986, 12.9447836], [80.1296443, 12.9447382], [80.1298275, 12.9447161], [80.1298275, 12.9446933], [80.129942, 12.9446938], [80.1300335, 12.9446485], [80.130148, 12.944649], [80.1302396, 12.9446037], [80.130354, 12.9446042], [80.1305372, 12.9445365], [80.1306517, 12.944537], [80.1307432, 12.9444918], [80.1308577, 12.9444922], [80.1309493, 12.944447], [80.1310637, 12.9444475], [80.1311553, 12.9444022], [80.1312698, 12.9444027], [80.1312698, 12.9443799], [80.1313842, 12.9443803], [80.1313843, 12.9444031], [80.1314987, 12.9444036], [80.1314987, 12.9444264], [80.1316132, 12.9444269], [80.1316132, 12.9444497], [80.1318422, 12.9444507], [80.1318422, 12.9444279], [80.1320025, 12.9444285], [80.1320024, 12.9444057], [80.1321169, 12.9444062], [80.1322314, 12.9444523], [80.1323687, 12.9442703], [80.1324602, 12.9441795], [80.1326434, 12.9441802], [80.1326434, 12.944203], [80.1327579, 12.9442035], [80.1327579, 12.9442263], [80.1328724, 12.9442268], [80.132964, 12.9442728], [80.1330785, 12.9442733], [80.1330785, 12.9442961], [80.1333304, 12.9442971], [80.1333532, 12.9442516], [80.1338568, 12.9440256], [80.1339255, 12.9439802], [80.1339941, 12.9438664], [80.1340628, 12.9438211], [80.1341314, 12.9438214], [80.1342688, 12.9437307], [80.1343375, 12.943731], [80.1343832, 12.9436855], [80.1344519, 12.9436858], [80.1345664, 12.9437547], [80.1347038, 12.9437553], [80.1347953, 12.9436644], [80.1348411, 12.9436646], [80.1348869, 12.9435964], [80.1349327, 12.9435966], [80.13507, 12.9434374], [80.1352073, 12.9433924], [80.1352072, 12.9432099], [80.1351842, 12.9431185], [80.1350238, 12.9428441], [80.1349322, 12.9427981], [80.1348406, 12.9427977], [80.1347031, 12.9425462], [80.1346344, 12.9425003], [80.1343135, 12.9419743], [80.1342448, 12.9419284], [80.1338781, 12.9413338], [80.1338094, 12.9412879], [80.1338094, 12.9412422], [80.1335803, 12.9409447], [80.1335573, 12.9408534], [80.1334886, 12.9408075], [80.1334886, 12.9407619], [80.1334198, 12.9407159], [80.1334198, 12.9406703], [80.1333282, 12.9405787], [80.1333052, 12.9404874], [80.1332365, 12.9404414], [80.1331448, 12.9402586], [80.1330761, 12.9402127], [80.1327553, 12.9396866], [80.1326865, 12.9396407], [80.1323657, 12.9391147], [80.132297, 12.9390688], [80.1319761, 12.9385428], [80.1319074, 12.9384969], [80.1316324, 12.9380395], [80.131495, 12.9380161], [80.1314034, 12.9379701], [80.1312889, 12.9378784], [80.1312659, 12.9377871], [80.1311284, 12.9376268], [80.1311055, 12.9375355], [80.130968, 12.9373752], [80.1309451, 12.9372839], [80.1308763, 12.9372151], [80.1308992, 12.937124], [80.1308991, 12.9369643], [80.1308533, 12.9369413], [80.1308074, 12.9368271], [80.1307387, 12.9367811], [80.1304179, 12.9362551], [80.1303491, 12.9362092], [80.1300283, 12.9356832], [80.1299596, 12.9356373], [80.1296387, 12.9351113], [80.12957, 12.9350654], [80.1292033, 12.9344936], [80.1291574, 12.9342881], [80.1291345, 12.9342652], [80.1289971, 12.9342418], [80.1289513, 12.934196], [80.1288368, 12.9341727], [80.1287681, 12.9340811], [80.1287223, 12.934081], [80.1286535, 12.9339894], [80.1286077, 12.9339892], [80.1285161, 12.9338748], [80.1284703, 12.9338746], [80.1284016, 12.9337831], [80.1283558, 12.9337829], [80.128287, 12.9336913], [80.1282412, 12.9336912], [80.1281725, 12.9335996], [80.1281267, 12.9335994], [80.1280579, 12.9335079], [80.1280122, 12.9335077], [80.1279434, 12.9334162], [80.1278976, 12.933416], [80.127806, 12.9333015], [80.1277602, 12.9333014], [80.1276914, 12.9332098], [80.1276456, 12.9332096], [80.1275769, 12.9331181], [80.1275311, 12.9331179], [80.1274624, 12.9330264], [80.1274166, 12.9330262], [80.1273478, 12.9329347], [80.127302, 12.9329345], [80.1272333, 12.9328429], [80.1271875, 12.9328427], [80.1270959, 12.9327283], [80.1270501, 12.9327281], [80.1269813, 12.9326366], [80.1269355, 12.9326364], [80.1268897, 12.9325678], [80.1268439, 12.9325676], [80.1267981, 12.9324989], [80.1267523, 12.9324988], [80.1266377, 12.9323614], [80.1265919, 12.9323612], [80.1265232, 12.9322697], [80.1264774, 12.9322695], [80.1263857, 12.9321551], [80.12634, 12.9321549], [80.1262483, 12.9320404], [80.1262025, 12.9320402], [80.126065, 12.93188], [80.1260192, 12.9318798], [80.1258818, 12.9317195], [80.125836, 12.9317194], [80.1257214, 12.931582], [80.1256756, 12.9315818], [80.1255382, 12.9314216], [80.1254924, 12.9314214], [80.1253549, 12.9312611], [80.1253091, 12.9312609], [80.1251945, 12.9311236], [80.1251488, 12.9311234], [80.1250113, 12.9309631], [80.1249655, 12.9309629], [80.1248509, 12.9308256], [80.1248051, 12.9308254], [80.1246677, 12.9306652], [80.1246219, 12.930665], [80.1244844, 12.9305047], [80.1244386, 12.9305045], [80.1243241, 12.9303672], [80.1242783, 12.930367], [80.1241408, 12.9302067], [80.124095, 12.9302065], [80.1239575, 12.9300463], [80.1239117, 12.9300461], [80.1237972, 12.9299088], [80.1237514, 12.9299086], [80.1236139, 12.9297483], [80.1235681, 12.9297481], [80.1234307, 12.9295879], [80.1233849, 12.9295877], [80.1232703, 12.9294503], [80.1232245, 12.9294501], [80.123087, 12.9292899], [80.1230412, 12.9292897], [80.1229267, 12.9291523], [80.1228809, 12.9291522], [80.1227205, 12.928969], [80.1226747, 12.9289688], [80.1224456, 12.9287169], [80.1223998, 12.9287167], [80.1222853, 12.9285794], [80.1222395, 12.9285792], [80.1222165, 12.9285107], [80.1220562, 12.9283731], [80.1220104, 12.9283501], [80.1217125, 12.9280295], [80.1216667, 12.9280293], [80.1213689, 12.9277087], [80.1213231, 12.9277085], [80.1210253, 12.9273879], [80.1209795, 12.9273878], [80.1206129, 12.9269984], [80.12059, 12.9268843], [80.1205213, 12.9268612], [80.1204754, 12.9267925], [80.1203609, 12.9267693], [80.1202693, 12.9267233], [80.1201089, 12.9265401], [80.1200402, 12.9265398], [80.1199944, 12.926494], [80.1198799, 12.9264935], [80.119857, 12.926425], [80.1197654, 12.9263562], [80.1197425, 12.9262876], [80.1196967, 12.9262875], [80.1196508, 12.9262188], [80.1195363, 12.9261727], [80.1194905, 12.9261041], [80.119376, 12.926058], [80.1193301, 12.9259894], [80.1190782, 12.9258515], [80.1190324, 12.9257828], [80.1189179, 12.9257367], [80.118872, 12.9256681], [80.1186888, 12.9255761], [80.118643, 12.9255075], [80.1185285, 12.9254614], [80.1184826, 12.9253928], [80.1183681, 12.9253467], [80.1183223, 12.925278], [80.1181391, 12.925186], [80.1180933, 12.9251174], [80.1179787, 12.9250713], [80.1179329, 12.9250027], [80.1177497, 12.9249107], [80.1177039, 12.924842], [80.1175206, 12.92475], [80.1174748, 12.9246814], [80.1173603, 12.9246353], [80.1173145, 12.9245667], [80.1171312, 12.9244747], [80.1170854, 12.9244061], [80.1169709, 12.92436], [80.1169251, 12.9242913], [80.1167418, 12.9241993], [80.116696, 12.9241307], [80.1164441, 12.9239928], [80.1163524, 12.9238783], [80.1163295, 12.9238782], [80.1161691, 12.9236951], [80.1161234, 12.9236949], [80.1160317, 12.9235805], [80.1159859, 12.9235803], [80.1159172, 12.9234887], [80.1158714, 12.9234885], [80.1158255, 12.9234199], [80.1157798, 12.9234197], [80.115711, 12.9233282], [80.1156652, 12.923328], [80.1155965, 12.9232365], [80.1155507, 12.9232363], [80.1154819, 12.9231448], [80.1154362, 12.9231446], [80.1153674, 12.923053], [80.1153216, 12.9230528], [80.1152529, 12.9229613], [80.1152071, 12.9229611], [80.1151383, 12.9228696], [80.1150926, 12.9228694], [80.1150238, 12.9227779], [80.114978, 12.9227777], [80.1149093, 12.9226861], [80.1148635, 12.922686], [80.1147947, 12.9225944], [80.1147489, 12.9225942], [80.1146802, 12.9225027], [80.1146344, 12.9225025], [80.1145657, 12.922411], [80.1145199, 12.9224108], [80.1144511, 12.9223192], [80.1144053, 12.9223191], [80.1143366, 12.9222275], [80.1142908, 12.9222273], [80.1142221, 12.9221358], [80.1141763, 12.9221356], [80.1140846, 12.9220212], [80.1140388, 12.922021], [80.1139701, 12.9219295], [80.1138785, 12.9219063], [80.113741, 12.921746], [80.1135807, 12.9216541], [80.1133974, 12.921448], [80.1133516, 12.9214478], [80.1132829, 12.9213563], [80.1132371, 12.9213561], [80.1131225, 12.9212188], [80.1130767, 12.9212186], [80.113008, 12.921127], [80.1129622, 12.9211269], [80.1128705, 12.9210124], [80.1128248, 12.9210122], [80.1127331, 12.9208978], [80.1126873, 12.9208976], [80.1125957, 12.9207832], [80.1125499, 12.920783], [80.1124582, 12.9206685], [80.1124124, 12.9206683], [80.1123437, 12.9205768], [80.1122979, 12.9205766], [80.1122062, 12.9204622], [80.1121604, 12.920462], [80.1120688, 12.9203475], [80.112023, 12.9203474], [80.1119314, 12.9202329], [80.1118856, 12.9202327], [80.1117939, 12.9201183], [80.1117481, 12.9201181], [80.1116794, 12.9200266], [80.1116336, 12.9200264], [80.1115419, 12.9199119], [80.1114961, 12.9199117], [80.1114274, 12.9198202], [80.1113129, 12.9197741], [80.1112442, 12.9197966], [80.1111527, 12.9198647], [80.1110382, 12.9198642], [80.1110382, 12.9198414], [80.1108779, 12.9197495], [80.1107862, 12.9196579], [80.1107404, 12.9196577], [80.110603, 12.9194974], [80.1105114, 12.9194742], [80.1104426, 12.9193827], [80.1103968, 12.9193825], [80.1103281, 12.919291], [80.1102823, 12.9192908], [80.1102135, 12.9191993], [80.1101678, 12.9191991], [80.110099, 12.9191075], [80.1100532, 12.9191073], [80.1099845, 12.9190158], [80.1099387, 12.9190156], [80.1098699, 12.9189241], [80.1098241, 12.9189239], [80.1097554, 12.9188324], [80.1097096, 12.9188322], [80.1096409, 12.9187406], [80.1095951, 12.9187405], [80.1095263, 12.9186489], [80.1094805, 12.9186487], [80.1094118, 12.9185572], [80.109366, 12.918557], [80.1092973, 12.9184655], [80.1092515, 12.9184653], [80.1091827, 12.9183738], [80.1091369, 12.9183736], [80.1090682, 12.918282], [80.1090224, 12.9182818], [80.1089537, 12.9181903], [80.1089079, 12.9181901], [80.1088391, 12.9180986], [80.1087933, 12.9180984], [80.1087246, 12.9180069], [80.1086788, 12.9180067], [80.1086101, 12.9179151], [80.1084956, 12.917869], [80.1084497, 12.9178004], [80.1084039, 12.9178002], [80.1083581, 12.9177316], [80.1083123, 12.9177314], [80.1082665, 12.9176628], [80.108152, 12.9176167], [80.1081061, 12.9175481], [80.1080603, 12.9175479], [80.1080145, 12.9174792], [80.1079687, 12.9174791], [80.1079229, 12.9174104], [80.1078084, 12.9173643], [80.1077625, 12.9172957], [80.1077168, 12.9172955], [80.1076709, 12.9172269], [80.1076251, 12.9172267], [80.1075793, 12.9171581], [80.1074648, 12.917112], [80.107419, 12.9170434], [80.1073732, 12.9170432], [80.1073273, 12.9169745], [80.1072815, 12.9169743], [80.1069379, 12.9166079], [80.1068921, 12.9166077], [80.1065484, 12.9162413], [80.1065026, 12.9162411], [80.106159, 12.9158747], [80.1061132, 12.9158745], [80.1057925, 12.915531], [80.1057467, 12.9155308], [80.1052426, 12.9150041], [80.1051968, 12.9150039], [80.1051052, 12.9149122], [80.1049678, 12.9148661], [80.1049449, 12.9148203], [80.1049448, 12.9147063], [80.1048303, 12.9146602], [80.1047616, 12.9145686], [80.1047158, 12.9145685], [80.1046699, 12.9144998], [80.1045325, 12.9144536], [80.1045096, 12.9143623], [80.104418, 12.9142935], [80.104395, 12.9142478], [80.104143, 12.913973], [80.1040972, 12.9139728], [80.1039827, 12.9138354], [80.1038682, 12.9137893], [80.1036849, 12.9136745], [80.1036849, 12.9136289], [80.1036162, 12.913583], [80.1035017, 12.9135825], [80.103433, 12.9135366], [80.1034558, 12.9134454], [80.1034557, 12.9132401], [80.1034328, 12.9131488], [80.1033411, 12.91308], [80.1032725, 12.9130797], [80.1032266, 12.9130339], [80.1030892, 12.9130105], [80.1030205, 12.9129646], [80.1029747, 12.912896], [80.1028144, 12.9128953], [80.1028144, 12.9128725], [80.102677, 12.9127807], [80.102654, 12.9127121], [80.102654, 12.9125981], [80.102631, 12.9125295], [80.1024478, 12.9124375], [80.1023562, 12.9123003], [80.1023104, 12.9123001], [80.1020813, 12.9120938], [80.1020583, 12.9120253], [80.1021956, 12.9118206], [80.1022414, 12.9118207]]]}}, {"type": "Feature", "properties": {"zone": "5", "zone_name": "EAST TAMBARAM", "area_km2": 19.52, "wards": [45, 46, 47, 48, 62, 63, 64, 65, 66, 67, 68, 69, 70]}, "geometry": {"type": "Polygon", "coordinates": [[[80.1024478, 12.9124375], [80.102631, 12.9125295], [80.102654, 12.9125981], [80.102654, 12.9127121], [80.102677, 12.9127807], [80.1028144, 12.9128725], [80.1028144, 12.9128953], [80.1029747, 12.912896], [80.1030205, 12.9129646], [80.1030892, 12.9130105], [80.1032266, 12.9130339], [80.1032725, 12.9130797], [80.1033411, 12.91308], [80.1034328, 12.9131488], [80.1034557, 12.9132401], [80.1034558, 12.9134454], [80.103433, 12.9135366], [80.1035017, 12.9135825], [80.1036162, 12.913583], [80.1036849, 12.9136289], [80.1036849, 12.9136745], [80.1038682, 12.9137893], [80.1039827, 12.9138354], [80.1040972, 12.9139728], [80.104143, 12.913973], [80.104395, 12.9142478], [80.104418, 12.9142935], [80.1045096, 12.9143623], [80.1045325, 12.9144536], [80.1046699, 12.9144998], [80.1047158, 12.9145685], [80.1047616, 12.9145686], [80.1048303, 12.9146602], [80.1049448, 12.9147063], [80.1049449, 12.9148203], [80.1049678, 12.9148661], [80.1051052, 12.9149122], [80.1051968, 12.9150039], [80.1052426, 12.9150041], [80.1057467, 12.9155308], [80.1057925, 12.915531], [80.1061132, 12.9158745], [80.106159, 12.9158747], [80.1065026, 12.9162411], [80.1065484, 12.9162413], [80.1068921, 12.9166077], [80.1069379, 12.9166079], [80.1072815, 12.9169743], [80.1073273, 12.9169745], [80.1073732, 12.9170432], [80.107419, 12.9170434], [80.1074648, 12.917112], [80.1075793, 12.9171581], [80.1076251, 12.9172267], [80.1076709, 12.9172269], [80.1077168, 12.9172955], [80.1077625, 12.9172957], [80.1078084, 12.9173643], [80.1079229, 12.9174104], [80.1079687, 12.9174791], [80.1080145, 12.9174792], [80.1080603, 12.9175479], [80.1081061, 12.9175481], [80.108152, 12.9176167], [80.1082665, 12.9176628], [80.1083123, 12.9177314], [80.1083581, 12.9177316], [80.1084039, 12.9178002], [80.1084497, 12.9178004], [80.1084956, 12.917869], [80.1086101, 12.9179151], [80.1086788, 12.9180067], [80.1087246, 12.9180069], [80.1087933, 12.9180984], [80.1088391, 12.9180986], [80.1089079, 12.9181901], [80.1089537, 12.9181903], [80.1090224, 12.9182818], [80.1090682, 12.918282], [80.1091369, 12.9183736], [80.1091827, 12.9183738], [80.1092515, 12.9184653], [80.1092973, 12.9184655], [80.109366, 12.918557], [80.1094118, 12.9185572], [80.1094805, 12.9186487], [80.1095263, 12.9186489], [80.1095951, 12.9187405], [80.1096409, 12.9187406], [80.1097096, 12.9188322], [80.1097554, 12.9188324], [80.1098241, 12.9189239], [80.1098699, 12.9189241], [80.1099387, 12.9190156], [80.1099845, 12.9190158], [80.1100532, 12.9191073], [80.110099, 12.9191075], [80.1101678, 12.9191991], [80.1102135, 12.9191993], [80.1102823, 12.9192908], [80.1103281, 12.919291], [80.1103968, 12.9193825], [80.1104426, 12.9193827], [80.1105114, 12.9194742], [80.110603, 12.9194974], [80.1107404, 12.9196577], [80.1107862, 12.9196579], [80.1108779, 12.9197495], [80.1110382, 12.9198414], [80.1110382, 12.9198642], [80.1111527, 12.9198647], [80.1112442, 12.9197966], [80.1113129, 12.9197741], [80.1114274, 12.9198202], [80.1114961, 12.9199117], [80.1115419, 12.9199119], [80.1116336, 12.9200264], [80.1116794, 12.9200266], [80.1117481, 12.9201181], [80.1117939, 12.9201183], [80.1118856, 12.9202327], [80.1119314, 12.9202329], [80.112023, 12.9203474], [80.1120688, 12.9203475], [80.1121604, 12.920462], [80.1122062, 12.9204622], [80.1122979, 12.9205766], [80.1123437, 12.9205768], [80.1124124, 12.9206683], [80.1124582, 12.9206685], [80.1125499, 12.920783], [80.1125957, 12.9207832], [80.1126873, 12.9208976], [80.1127331, 12.9208978], [80.1128248, 12.9210122], [80.1128705, 12.9210124], [80.1129622, 12.9211269], [80.113008, 12.921127], [80.1130767, 12.9212186], [80.1131225, 12.9212188], [80.1132371, 12.9213561], [80.1132829, 12.9213563], [80.1133516, 12.9214478], [80.1133974, 12.921448], [80.1135807, 12.9216541], [80.113741, 12.921746], [80.1138785, 12.9219063], [80.1139701, 12.9219295], [80.1140388, 12.922021], [80.1140846, 12.9220212], [80.1141763, 12.9221356], [80.1142221, 12.9221358], [80.1142908, 12.9222273], [80.1143366, 12.9222275], [80.1144053, 12.9223191], [80.1144511, 12.9223192], [80.1145199, 12.9224108], [80.1145657, 12.922411], [80.1146344, 12.9225025], [80.1146802, 12.9225027], [80.1147489, 12.9225942], [80.1147947, 12.9225944], [80.1148635, 12.922686], [80.1149093, 12.9226861], [80.114978, 12.9227777], [80.1150238, 12.9227779], [80.1150926, 12.9228694], [80.1151383, 12.9228696], [80.1152071, 12.9229611], [80.1152529, 12.9229613], [80.1153216, 12.9230528], [80.1153674, 12.923053], [80.1154362, 12.9231446], [80.1154819, 12.9231448], [80.1155507, 12.9232363], [80.1155965, 12.9232365], [80.1156652, 12.923328], [80.115711, 12.9233282], [80.1157798, 12.9234197], [80.1158255, 12.9234199], [80.1158714, 12.9234885], [80.1159172, 12.9234887], [80.1159859, 12.9235803], [80.1160317, 12.9235805], [80.1161234, 12.9236949], [80.1161691, 12.9236951], [80.1163295, 12.9238782], [80.1163524, 12.9238783], [80.1164441, 12.9239928], [80.116696, 12.9241307], [80.1167418, 12.9241993], [80.1169251, 12.9242913], [80.1169709, 12.92436], [80.1170854, 12.9244061], [80.1171312, 12.9244747], [80.1173145, 12.9245667], [80.1173603, 12.9246353], [80.1174748, 12.9246814], [80.1175206, 12.92475], [80.1177039, 12.924842], [80.1177497, 12.9249107], [80.1179329, 12.9250027], [80.1179787, 12.9250713], [80.1180933, 12.9251174], [80.1181391, 12.925186], [80.1183223, 12.925278], [80.1183681, 12.9253467], [80.1184826, 12.9253928], [80.1185285, 12.9254614], [80.118643, 12.9255075], [80.1186888, 12.9255761], [80.118872, 12.9256681], [80.1189179, 12.9257367], [80.1190324, 12.9257828], [80.1190782, 12.9258515], [80.1193301, 12.9259894], [80.119376, 12.926058], [80.1194905, 12.9261041], [80.1195363, 12.9261727], [80.1196508, 12.9262188], [80.1196967, 12.9262875], [80.1197425, 12.9262876], [80.1197654, 12.9263562], [80.119857, 12.926425], [80.1198799, 12.9264935], [80.1199944, 12.926494], [80.1200402, 12.9265398], [80.1201089, 12.9265401], [80.1202693, 12.9267233], [80.1203609, 12.9267693], [80.1204754, 12.9267925], [80.1205213, 12.9268612], [80.12059, 12.9268843], [80.1206129, 12.9269984], [80.1209795, 12.9273878], [80.1210253, 12.9273879], [80.1213231, 12.9277085], [80.1213689, 12.9277087], [80.1216667, 12.9280293], [80.1217125, 12.9280295], [80.1220104, 12.9283501], [80.1220562, 12.9283731], [80.1222165, 12.9285107], [80.1222395, 12.9285792], [80.1222853, 12.9285794], [80.1223998, 12.9287167], [80.1224456, 12.9287169], [80.1226747, 12.9289688], [80.1227205, 12.928969], [80.1228809, 12.9291522], [80.1229267, 12.9291523], [80.1230412, 12.9292897], [80.123087, 12.9292899], [80.1232245, 12.9294501], [80.1232703, 12.9294503], [80.1233849, 12.9295877], [80.1234307, 12.9295879], [80.1235681, 12.9297481], [80.1236139, 12.9297483], [80.1237514, 12.9299086], [80.1237972, 12.9299088], [80.1239117, 12.9300461], [80.1239575, 12.9300463], [80.124095, 12.9302065], [80.1241408, 12.9302067], [80.1242783, 12.930367], [80.1243241, 12.9303672], [80.1244386, 12.9305045], [80.1244844, 12.9305047], [80.1246219, 12.930665], [80.1246677, 12.9306652], [80.1248051, 12.9308254], [80.1248509, 12.9308256], [80.1249655, 12.9309629], [80.1250113, 12.9309631], [80.1251488, 12.9311234], [80.1251945, 12.9311236], [80.1253091, 12.9312609], [80.1253549, 12.9312611], [80.1254924, 12.9314214], [80.1255382, 12.9314216], [80.1256756, 12.9315818], [80.1257214, 12.931582], [80.125836, 12.9317194], [80.1258818, 12.9317195], [80.1260192, 12.9318798], [80.126065, 12.93188], [80.1262025, 12.9320402], [80.1262483, 12.9320404], [80.12634, 12.9321549], [80.1263857, 12.9321551], [80.1264774, 12.9322695], [80.1265232, 12.9322697], [80.1265919, 12.9323612], [80.1266377, 12.9323614], [80.1267523, 12.9324988], [80.1267981, 12.9324989], [80.1268439, 12.9325676], [80.1268897, 12.9325678], [80.1269355, 12.9326364], [80.1269813, 12.9326366], [80.1270501, 12.9327281], [80.1270959, 12.9327283], [80.1271875, 12.9328427], [80.1272333, 12.9328429], [80.127302, 12.9329345], [80.1273478, 12.9329347], [80.1274166, 12.9330262], [80.1274624, 12.9330264], [80.1275311, 12.9331179], [80.1275769, 12.9331181], [80.1276456, 12.9332096], [80.1276914, 12.9332098], [80.1277602, 12.9333014], [80.127806, 12.9333015], [80.1278976, 12.933416], [80.1279434, 12.9334162], [80.1280122, 12.9335077], [80.1280579, 12.9335079], [80.1281267, 12.9335994], [80.1281725, 12.9335996], [80.1282412, 12.9336912], [80.128287, 12.9336913], [80.1283558, 12.9337829], [80.1284016, 12.9337831], [80.1284703, 12.9338746], [80.1285161, 12.9338748], [80.1286077, 12.9339892], [80.1286535, 12.9339894], [80.1287223, 12.934081], [80.1287681, 12.9340811], [80.1288368, 12.9341727], [80.1289513, 12.934196], [80.1289971, 12.9342418], [80.1291345, 12.9342652], [80.1291574, 12.9342881], [80.1292032, 12.9342426], [80.1293405, 12.9342204], [80.1293634, 12.9341977], [80.1295008, 12.9341982], [80.1295008, 12.9341754], [80.1297298, 12.9341764], [80.1297297, 12.9341535], [80.1299587, 12.9341545], [80.1299587, 12.9341317], [80.1301876, 12.9341326], [80.1301876, 12.9341098], [80.1304166, 12.9341108], [80.1304166, 12.9340879], [80.1306455, 12.9340889], [80.1306455, 12.9340661], [80.1307829, 12.9340666], [80.1308516, 12.9340897], [80.1309432, 12.9341586], [80.1311264, 12.9341365], [80.1311951, 12.9340912], [80.1318361, 12.9339569], [80.1320421, 12.9338893], [80.1321336, 12.9337985], [80.1322252, 12.933776], [80.1322709, 12.9337078], [80.1324541, 12.9336401], [80.1325227, 12.9335948], [80.1325456, 12.9334808], [80.1327973, 12.933345], [80.132866, 12.933254], [80.1329118, 12.9332542], [80.1329804, 12.933186], [80.1331178, 12.9331638], [80.1331864, 12.9330956], [80.133278, 12.9330732], [80.1333695, 12.9329823], [80.1334153, 12.9329825], [80.1337814, 12.9325962], [80.1338043, 12.9325507], [80.1338958, 12.9324826], [80.1339416, 12.9324144], [80.1339644, 12.9323232], [80.134056, 12.9322324], [80.1340788, 12.9321412], [80.1341703, 12.9320503], [80.1341703, 12.9320047], [80.134239, 12.9319594], [80.1342847, 12.9318455], [80.1343534, 12.9318002], [80.1344448, 12.931618], [80.1345135, 12.9315727], [80.1345592, 12.9314588], [80.1346279, 12.9314135], [80.1347651, 12.9311631], [80.1348338, 12.9311178], [80.1348795, 12.9310039], [80.1349482, 12.9309586], [80.1349939, 12.9308447], [80.1350397, 12.9308221], [80.1350625, 12.9307537], [80.1350625, 12.9306168], [80.1350854, 12.9306169], [80.1350851, 12.9302519], [80.135108, 12.9301608], [80.1351537, 12.9299557], [80.1350849, 12.9298185], [80.1350848, 12.9297044], [80.1351534, 12.9295907], [80.1351533, 12.9292941], [80.1351762, 12.9292942], [80.1351757, 12.9284958], [80.1352901, 12.9283137], [80.1353129, 12.9282454], [80.1354274, 12.928223], [80.1356105, 12.9281097], [80.1356792, 12.92811], [80.1359538, 12.9279515], [80.1360225, 12.9279518], [80.1361141, 12.9278837], [80.1362057, 12.9278841], [80.1362743, 12.9278387], [80.1363659, 12.9278391], [80.1364346, 12.9277938], [80.1365262, 12.9277941], [80.1365948, 12.9277488], [80.1366864, 12.9277492], [80.1367551, 12.9277038], [80.1369382, 12.9276818], [80.1373044, 12.9274095], [80.137396, 12.9273643], [80.1375104, 12.9273648], [80.1376707, 12.9274111], [80.1377623, 12.927343], [80.137808, 12.9272519], [80.1378079, 12.9271151], [80.1378994, 12.9269558], [80.1381055, 12.9268882], [80.1381054, 12.9268654], [80.1382199, 12.9268658], [80.1382886, 12.9269346], [80.138426, 12.9269579], [80.138426, 12.9269351], [80.1385863, 12.9269358], [80.1386321, 12.9268903], [80.1388152, 12.9268911], [80.1389068, 12.9268687], [80.1389755, 12.9269374], [80.1393648, 12.926939], [80.1393648, 12.9269162], [80.1396853, 12.9269175], [80.1397082, 12.926872], [80.1397997, 12.9268495], [80.1398226, 12.926804], [80.1400057, 12.9267363], [80.1403263, 12.9267377], [80.1404179, 12.9268293], [80.140624, 12.9268301], [80.140624, 12.9268529], [80.1408072, 12.9268537], [80.1408301, 12.9268766], [80.1409446, 12.9268771], [80.1410362, 12.9269231], [80.1411278, 12.9269235], [80.1414026, 12.9270387], [80.1415628, 12.9270393], [80.1415628, 12.9270165], [80.1420437, 12.9270185], [80.1420666, 12.9270642], [80.1421582, 12.9270874], [80.1422956, 12.927202], [80.1425246, 12.9272486], [80.1425933, 12.9272945], [80.1427765, 12.9273181], [80.1428452, 12.927364], [80.1431429, 12.9273652], [80.1431429, 12.927388], [80.1432574, 12.9273885], [80.143349, 12.9275258], [80.1434406, 12.9275946], [80.1436009, 12.9275952], [80.1436009, 12.9276181], [80.1437612, 12.9276187], [80.1437612, 12.9276415], [80.1439215, 12.9276422], [80.1439215, 12.927665], [80.1440818, 12.9276657], [80.1440818, 12.9276885], [80.1442192, 12.927689], [80.1442192, 12.9277119], [80.1443795, 12.9277125], [80.1443795, 12.9277353], [80.1445168, 12.9277359], [80.1445169, 12.9277587], [80.1446542, 12.9277593], [80.1446542, 12.9277821], [80.1448145, 12.9277828], [80.1448145, 12.9278056], [80.1449748, 12.9278062], [80.1449748, 12.927829], [80.1451122, 12.9278296], [80.1451122, 12.9278524], [80.1452725, 12.9278531], [80.1454557, 12.9279223], [80.1455015, 12.9279909], [80.145616, 12.9280142], [80.145616, 12.9279914], [80.1457305, 12.9279918], [80.1457305, 12.927969], [80.145845, 12.9279695], [80.1458449, 12.9279467], [80.1459594, 12.9279472], [80.1459594, 12.9279244], [80.1460739, 12.9279248], [80.1460739, 12.927902], [80.1461884, 12.9279025], [80.1461883, 12.9278797], [80.1463257, 12.9278802], [80.1464173, 12.927835], [80.1464859, 12.927744], [80.1464859, 12.9276984], [80.1465545, 12.9276303], [80.1467606, 12.9275855], [80.1468063, 12.92754], [80.146875, 12.9275403], [80.1469666, 12.9274723], [80.1470124, 12.9274725], [80.1470581, 12.9274042], [80.1472413, 12.9273822], [80.1473557, 12.9273142], [80.1474244, 12.9273145], [80.1476533, 12.9271785], [80.147722, 12.9271788], [80.1478822, 12.9270426], [80.147882, 12.9267689], [80.1478591, 12.9267688], [80.147859, 12.9265863], [80.1478361, 12.9265862], [80.147836, 12.9264037], [80.1478131, 12.9264036], [80.147813, 12.9262211], [80.1477901, 12.926221], [80.14779, 12.9260157], [80.1477671, 12.9260156], [80.147767, 12.9258331], [80.1477441, 12.925833], [80.147744, 12.9256505], [80.1477211, 12.9256504], [80.147721, 12.9254679], [80.1476981, 12.9254678], [80.147698, 12.9252853], [80.1476751, 12.9252852], [80.147675, 12.9250799], [80.1476521, 12.9250798], [80.1476519, 12.9248973], [80.1476291, 12.9248972], [80.1476289, 12.9246235], [80.1479265, 12.9245334], [80.1479265, 12.9245106], [80.148041, 12.9245111], [80.1480409, 12.9244883], [80.1481554, 12.9244888], [80.148247, 12.9244435], [80.1483615, 12.924444], [80.148453, 12.9244215], [80.1485217, 12.9243762], [80.1485904, 12.9243765], [80.148659, 12.9243083], [80.1486589, 12.9241258], [80.148636, 12.9241257], [80.148636, 12.9240117], [80.1486131, 12.9240116], [80.148613, 12.9238975], [80.1485671, 12.9237376], [80.1485213, 12.923669], [80.148338, 12.9235086], [80.1482921, 12.9233487], [80.1482005, 12.9232114], [80.1482004, 12.923143], [80.1481546, 12.9230972], [80.1481545, 12.9228919], [80.1482002, 12.922778], [80.1482689, 12.9227555], [80.1490703, 12.9227588], [80.1490703, 12.9227816], [80.1499403, 12.9227852], [80.1499403, 12.922808], [80.1508333, 12.9228117], [80.1508333, 12.9228345], [80.1517262, 12.9228382], [80.1518634, 12.9223825], [80.1518862, 12.9223826], [80.1518862, 12.9222685], [80.151909, 12.9221774], [80.1520006, 12.9220865], [80.1520005, 12.9220409], [80.1520692, 12.9219956], [80.1520691, 12.9218815], [80.1520462, 12.9218814], [80.1520461, 12.9216076], [80.152069, 12.9216077], [80.1520689, 12.9214937], [80.1521146, 12.9214026], [80.1521145, 12.9211517], [80.1521374, 12.9211518], [80.1521372, 12.920878], [80.1521601, 12.9208781], [80.15216, 12.9206044], [80.1521829, 12.9206045], [80.1521827, 12.9203079], [80.1522056, 12.920308], [80.1522054, 12.9200114], [80.1522283, 12.9200115], [80.152228, 12.9195553], [80.1522509, 12.9195554], [80.1522506, 12.9189394], [80.1522735, 12.9189395], [80.1522733, 12.9185745], [80.1522962, 12.9185746], [80.1522958, 12.9180499], [80.1523187, 12.91805], [80.1523186, 12.9178903], [80.1522958, 12.9178903], [80.1522956, 12.9176849], [80.1522727, 12.9176848], [80.1522726, 12.9174795], [80.1522497, 12.9174794], [80.1522496, 12.9172741], [80.1522267, 12.917274], [80.1522266, 12.9170915], [80.1522037, 12.9170914], [80.1522036, 12.9168861], [80.1521807, 12.916886], [80.1521806, 12.9166807], [80.1521577, 12.9166806], [80.1521575, 12.9164753], [80.1521347, 12.9164752], [80.1521345, 12.9162927], [80.1521116, 12.9162926], [80.1521115, 12.9160645], [80.1521344, 12.9160646], [80.1521343, 12.9159277], [80.1521572, 12.9159278], [80.1521572, 12.9158138], [80.1522258, 12.9156772], [80.1522944, 12.9156318], [80.152386, 12.9156094], [80.1524089, 12.9155639], [80.1525462, 12.9155188], [80.1525691, 12.9154733], [80.1527064, 12.9154282], [80.1527293, 12.9153827], [80.1528667, 12.9153376], [80.1528895, 12.9152921], [80.1530269, 12.915247], [80.1530497, 12.9152015], [80.1531413, 12.9151791], [80.1531642, 12.9151335], [80.1533015, 12.9150885], [80.1533244, 12.915043], [80.1534618, 12.9149979], [80.1534846, 12.9149524], [80.153622, 12.9149073], [80.1536448, 12.9148618], [80.1537822, 12.9148167], [80.1538051, 12.9147712], [80.1539424, 12.9147261], [80.1539653, 12.9146806], [80.1541026, 12.9146355], [80.1541255, 12.91459], [80.1542629, 12.914545], [80.1542857, 12.9144994], [80.1543773, 12.914477], [80.1545146, 12.9143407], [80.1545604, 12.9143181], [80.1545832, 12.9142269], [80.1546747, 12.914136], [80.1547433, 12.9139538], [80.1547891, 12.9139312], [80.1548348, 12.9137945], [80.1548806, 12.9137719], [80.1549263, 12.9136352], [80.1549721, 12.9136126], [80.1549949, 12.9135214], [80.1550407, 12.9134988], [80.1550864, 12.9133621], [80.1551322, 12.9133395], [80.155155, 12.9132483], [80.1552008, 12.9132257], [80.1552465, 12.913089], [80.1552923, 12.9130664], [80.1553609, 12.9128842], [80.1554067, 12.9128616], [80.1554753, 12.9126793], [80.155521, 12.9126567], [80.1555896, 12.9124745], [80.1556354, 12.9124519], [80.155704, 12.9122697], [80.1557498, 12.912247], [80.1558412, 12.9120193], [80.155887, 12.9119967], [80.1559556, 12.9118145], [80.1560013, 12.9117918], [80.1560699, 12.9116096], [80.1561157, 12.911587], [80.1561843, 12.9114048], [80.1562301, 12.9113822], [80.1563215, 12.9111544], [80.1563673, 12.9111318], [80.1564359, 12.9109496], [80.1564817, 12.9109269], [80.1565502, 12.9107447], [80.1566646, 12.9106083], [80.1567791, 12.9106088], [80.1568707, 12.9106548], [80.1569852, 12.9106553], [80.1569852, 12.9106781], [80.1570997, 12.9106786], [80.1571913, 12.9106105], [80.1572828, 12.9106109], [80.1572829, 12.9106565], [80.1573516, 12.9107252], [80.1574203, 12.9107255], [80.1574431, 12.91068], [80.1575118, 12.9106803], [80.1576034, 12.9107263], [80.1576264, 12.910772], [80.1576951, 12.9107723], [80.1577408, 12.9106812], [80.1578324, 12.9106816], [80.1579698, 12.9107506], [80.1580385, 12.9107509], [80.1581301, 12.9107969], [80.1582218, 12.9109113], [80.1583362, 12.9109118], [80.1583362, 12.9109346], [80.1584736, 12.9109352], [80.1584736, 12.910958], [80.158611, 12.9109586], [80.158611, 12.9109814], [80.1587255, 12.9109818], [80.1587255, 12.9110047], [80.1588629, 12.9110052], [80.1588629, 12.911028], [80.1589774, 12.9110285], [80.1589774, 12.9110513], [80.1591148, 12.9110519], [80.1591148, 12.9110747], [80.1592293, 12.9110752], [80.1592293, 12.911098], [80.1593667, 12.9110985], [80.1593667, 12.9111214], [80.1594812, 12.9111218], [80.1594812, 12.9111446], [80.1596185, 12.9111452], [80.1596186, 12.911168], [80.1597559, 12.9111686], [80.159756, 12.9111914], [80.1598704, 12.9111919], [80.1598704, 12.9112147], [80.1600078, 12.9112153], [80.1600078, 12.9112381], [80.1601223, 12.9112385], [80.1601223, 12.9112614], [80.1602597, 12.9112619], [80.1602597, 12.9112847], [80.1603742, 12.9112852], [80.1603742, 12.911308], [80.1605116, 12.9113086], [80.1605116, 12.9113314], [80.1606261, 12.9113319], [80.1606261, 12.9113547], [80.1610153, 12.9113563], [80.1610153, 12.9113791], [80.1617938, 12.9113823], [80.1617938, 12.9114051], [80.1623891, 12.9114076], [80.1623891, 12.9114304], [80.162641, 12.9114314], [80.162641, 12.9114543], [80.1627784, 12.9114548], [80.1628012, 12.9113865], [80.1629156, 12.9112045], [80.1629155, 12.9110904], [80.1629613, 12.9110678], [80.1629841, 12.9109082], [80.1630299, 12.9108856], [80.1630299, 12.9108171], [80.1630756, 12.9107717], [80.1630984, 12.9106121], [80.1631442, 12.9105895], [80.1631442, 12.9104982], [80.1631899, 12.9104756], [80.1631899, 12.9103843], [80.1632357, 12.9103617], [80.1632585, 12.9102477], [80.1633043, 12.9102023], [80.1633042, 12.9101339], [80.16335, 12.9100884], [80.1633499, 12.9099972], [80.1633957, 12.9099746], [80.1634185, 12.9098606], [80.1634643, 12.9098152], [80.1634643, 12.9097239], [80.16351, 12.9097013], [80.1635329, 12.9095873], [80.1636015, 12.9094964], [80.1636015, 12.9094279], [80.1636701, 12.909337], [80.16367, 12.9092457], [80.1637387, 12.9091776], [80.1637386, 12.9090863], [80.1637844, 12.9090637], [80.1638302, 12.9089726], [80.1638301, 12.9089042], [80.1638987, 12.9088132], [80.1638987, 12.908722], [80.1640588, 12.9084717], [80.1640588, 12.9083804], [80.164196, 12.9081757], [80.164196, 12.9080844], [80.1642646, 12.9080163], [80.1642646, 12.907925], [80.1643332, 12.9078569], [80.1643332, 12.9077656], [80.1644018, 12.9076975], [80.1644018, 12.9076062], [80.1644704, 12.9075381], [80.1644704, 12.9074468], [80.164539, 12.9073787], [80.1645389, 12.9072874], [80.1645847, 12.9072192], [80.1646075, 12.9070368], [80.1646532, 12.9069685], [80.1646989, 12.906695], [80.1647446, 12.9066267], [80.1647674, 12.9064443], [80.1648132, 12.9063761], [80.164836, 12.9061937], [80.1648817, 12.9061254], [80.1649273, 12.9058518], [80.1649731, 12.9057836], [80.1650187, 12.90551], [80.1650645, 12.9054418], [80.1651101, 12.9051682], [80.1651559, 12.9051], [80.1651786, 12.9049176], [80.1652244, 12.9048493], [80.1652472, 12.9046669], [80.1652929, 12.9045987], [80.1653157, 12.9044163], [80.1653615, 12.904348], [80.1653843, 12.9041656], [80.16543, 12.9040974], [80.1654529, 12.9039834], [80.1654526, 12.9035043], [80.1654297, 12.9035042], [80.1654295, 12.9031849], [80.1655211, 12.9031624], [80.1655212, 12.9034134], [80.1655899, 12.9034137], [80.1655897, 12.9031399], [80.1656584, 12.9031174], [80.1656586, 12.9034139], [80.1657502, 12.9033915], [80.1657043, 12.9032544], [80.1657042, 12.9030948], [80.1657958, 12.9030723], [80.1659102, 12.9029131], [80.16591, 12.9026394], [80.1659329, 12.9026395], [80.1659326, 12.902206], [80.1659097, 12.9022059], [80.1659096, 12.9020462], [80.1658867, 12.9020461], [80.1658866, 12.9018636], [80.1658637, 12.9018635], [80.1658637, 12.9017267], [80.1658407, 12.9016353], [80.1659552, 12.901613], [80.1659781, 12.9015675], [80.1660925, 12.9015679], [80.1661383, 12.9015225], [80.1663443, 12.9014777], [80.1664359, 12.9014097], [80.1664816, 12.9013186], [80.1664816, 12.9012274], [80.1665273, 12.9012047], [80.1665502, 12.9011136], [80.1666417, 12.9010227], [80.1666646, 12.9009315], [80.1667561, 12.9008407], [80.1667789, 12.9007495], [80.1667789, 12.9006355], [80.1668018, 12.9006356], [80.1668017, 12.9005215], [80.1668246, 12.9005216], [80.1668245, 12.9004075], [80.1669619, 12.9004081], [80.167145, 12.9002948], [80.1671679, 12.9002493], [80.1671677, 12.8999527], [80.1671906, 12.8999528], [80.1671905, 12.8998387], [80.1672134, 12.8997932], [80.1675797, 12.8997947], [80.1676485, 12.8998406], [80.1679461, 12.8998418], [80.1679461, 12.8998647], [80.1682896, 12.8998661], [80.1682896, 12.8998889], [80.1685872, 12.8998901], [80.1686788, 12.8998221], [80.1687245, 12.899731], [80.168793, 12.8994803], [80.1688617, 12.8994806], [80.1689075, 12.8994352], [80.1690449, 12.8994129], [80.1690906, 12.8993675], [80.1691593, 12.8993678], [80.1693653, 12.8992774], [80.1694798, 12.8992779], [80.1695714, 12.8992326], [80.1696858, 12.8992331], [80.1697316, 12.8991877], [80.1698461, 12.8991881], [80.1698461, 12.8991425], [80.1699148, 12.8991428], [80.1700063, 12.8990291], [80.170075, 12.8990294], [80.1703038, 12.8988935], [80.1705786, 12.8988946], [80.1705786, 12.8988718], [80.170716, 12.8988723], [80.1707159, 12.8988495], [80.1708762, 12.8988502], [80.1708762, 12.8988274], [80.1709907, 12.898805], [80.1709906, 12.8987594], [80.1711509, 12.8987601], [80.1711509, 12.8987373], [80.1714486, 12.8987385], [80.1714485, 12.8987157], [80.1717233, 12.8987168], [80.1718606, 12.898649], [80.1718606, 12.8985805], [80.1719064, 12.8985579], [80.1719521, 12.8984212], [80.1720437, 12.8984216], [80.1721581, 12.8983536], [80.1722955, 12.8983542], [80.1723871, 12.8983318], [80.1725931, 12.8982414], [80.172593, 12.8981729], [80.1726388, 12.8981503], [80.1726388, 12.898059], [80.1726845, 12.8979908], [80.1727532, 12.8979683], [80.1727989, 12.8979], [80.1728676, 12.8978775], [80.1728905, 12.8977863], [80.1729362, 12.8977865], [80.1730734, 12.8974677], [80.1731192, 12.8973995], [80.1732566, 12.8973772], [80.1733023, 12.8973318], [80.1734626, 12.8973324], [80.1735084, 12.897287], [80.1736457, 12.8972876], [80.1737144, 12.8972422], [80.173806, 12.8972426], [80.1738746, 12.8971973], [80.1739662, 12.8971977], [80.174012, 12.8971522], [80.1741036, 12.8971526], [80.1741951, 12.8970389], [80.174195, 12.8968792], [80.1741492, 12.8967878], [80.1741491, 12.8966509], [80.1741262, 12.8966508], [80.1741261, 12.8965139], [80.1740803, 12.8964225], [80.1740802, 12.8963084], [80.1740573, 12.8963083], [80.1740572, 12.8961943], [80.1740343, 12.8961942], [80.1740343, 12.8960801], [80.1740114, 12.89608], [80.1740111, 12.8956238], [80.174034, 12.8956239], [80.1740335, 12.8947798], [80.1740564, 12.8947799], [80.1740562, 12.8945062], [80.1740791, 12.8945063], [80.1740791, 12.8943922], [80.174102, 12.8943923], [80.1741019, 12.8942554], [80.1741248, 12.8942555], [80.1741247, 12.8941186], [80.1741476, 12.8941187], [80.1741475, 12.8939819], [80.1741704, 12.8939819], [80.1741703, 12.8938679], [80.1741932, 12.893868], [80.1741932, 12.8937311], [80.1742161, 12.8937312], [80.174216, 12.8935943], [80.1742389, 12.8935944], [80.1742388, 12.8934575], [80.1742617, 12.8934576], [80.1742616, 12.8933208], [80.1742845, 12.8933209], [80.1742844, 12.893184], [80.1743073, 12.8931841], [80.1743072, 12.8930472], [80.1743301, 12.8930473], [80.17433, 12.8928876], [80.1743529, 12.8928877], [80.1743529, 12.8927508], [80.1743758, 12.8927509], [80.1743757, 12.8925912], [80.1743986, 12.8925913], [80.1743985, 12.8924545], [80.1744214, 12.8924546], [80.1744213, 12.8922949], [80.1744442, 12.892295], [80.1744441, 12.8921581], [80.174467, 12.8921582], [80.1744669, 12.8919985], [80.1744898, 12.8919986], [80.1744897, 12.8918617], [80.1745126, 12.8918618], [80.1745125, 12.8917249], [80.1745354, 12.891725], [80.1745354, 12.891611], [80.1746039, 12.8914288], [80.1746039, 12.8913147], [80.1746496, 12.8912236], [80.1746495, 12.8911096], [80.1746953, 12.8910185], [80.1746952, 12.8908816], [80.1747181, 12.8908817], [80.174718, 12.8906308], [80.1746951, 12.8906307], [80.1746721, 12.8904937], [80.1746263, 12.8904479], [80.1746262, 12.8903795], [80.1745346, 12.8902422], [80.1745345, 12.8901738], [80.1744199, 12.8899908], [80.1744199, 12.8899224], [80.1742824, 12.8896937], [80.1742823, 12.8896252], [80.1741219, 12.8893508], [80.1741219, 12.8892824], [80.1739614, 12.889008], [80.1739614, 12.8889395], [80.173801, 12.8886651], [80.1738009, 12.8885967], [80.1736176, 12.8882766], [80.1736175, 12.8882081], [80.1734112, 12.8878423], [80.1734112, 12.8877738], [80.1733654, 12.8877508], [80.1729298, 12.8868365], [80.172884, 12.8868135], [80.1724485, 12.8858992], [80.1724027, 12.8858762], [80.172013, 12.8851446], [80.1719672, 12.8851216], [80.171784, 12.8851209], [80.171784, 12.8850981], [80.1715322, 12.885097], [80.1715551, 12.8851884], [80.1714635, 12.885188], [80.1710973, 12.8853005], [80.1706622, 12.8852987], [80.1706622, 12.8853216], [80.1703875, 12.8853204], [80.1703875, 12.8853432], [80.1702501, 12.8853427], [80.1702501, 12.8853655], [80.1701128, 12.8853649], [80.1699296, 12.8854326], [80.1699068, 12.8854781], [80.1692657, 12.8854755], [80.1692657, 12.8854527], [80.1687848, 12.8854507], [80.1687849, 12.8854735], [80.1683956, 12.8854719], [80.1683498, 12.8854945], [80.1682582, 12.8854029], [80.1680521, 12.885402], [80.1680522, 12.8854248], [80.167869, 12.8854241], [80.167869, 12.8854013], [80.1677087, 12.8854006], [80.1677087, 12.8853778], [80.1675026, 12.8853769], [80.1675026, 12.8853541], [80.1673194, 12.8853534], [80.1673194, 12.8853306], [80.1668615, 12.8853287], [80.1668615, 12.8853059], [80.1667012, 12.8853052], [80.1667012, 12.8852824], [80.1665409, 12.8852817], [80.1665409, 12.8852589], [80.166312, 12.885258], [80.1662204, 12.8853032], [80.1660601, 12.8853026], [80.1660601, 12.8852797], [80.1659456, 12.8852793], [80.1659456, 12.8852565], [80.1658082, 12.8852559], [80.1658082, 12.8852331], [80.1656708, 12.8852325], [80.1656708, 12.8852097], [80.1655106, 12.885209], [80.1655105, 12.8851862], [80.1653503, 12.8851856], [80.1653503, 12.8851627], [80.1651671, 12.885162], [80.1651671, 12.8851392], [80.1649839, 12.8851384], [80.1649839, 12.8851156], [80.1647778, 12.8851148], [80.1647549, 12.885069], [80.1646862, 12.8850688], [80.1646633, 12.885023], [80.1645488, 12.8850226], [80.1645488, 12.8849998], [80.1643885, 12.8849991], [80.1642969, 12.8849759], [80.1642283, 12.8850212], [80.1640909, 12.8850207], [80.1640909, 12.8849979], [80.1639535, 12.8849973], [80.1638619, 12.8850197], [80.1638391, 12.8850653], [80.163404, 12.8850635], [80.1633124, 12.8850175], [80.1631979, 12.885017], [80.1631979, 12.8849942], [80.1630835, 12.8849937], [80.1630834, 12.8849709], [80.1628087, 12.8849698], [80.16274, 12.884901], [80.1616409, 12.8848965], [80.161641, 12.8849193], [80.1606335, 12.8849151], [80.1606335, 12.884938], [80.1596032, 12.8849337], [80.1596032, 12.8849565], [80.1594659, 12.8849559], [80.1594658, 12.8849331], [80.1593285, 12.8849326], [80.1593284, 12.8849098], [80.1591911, 12.8849092], [80.1591911, 12.8848864], [80.1590308, 12.8848857], [80.1590308, 12.8848629], [80.1588934, 12.8848623], [80.1588934, 12.8848395], [80.158756, 12.884839], [80.158756, 12.8848161], [80.1586415, 12.8848157], [80.1586415, 12.8847929], [80.1585041, 12.8847923], [80.1585041, 12.8847695], [80.1583896, 12.884769], [80.1583896, 12.8847462], [80.1582751, 12.8847457], [80.1581835, 12.8846997], [80.1580004, 12.884699], [80.1577256, 12.8846978], [80.1577256, 12.8847206], [80.1575653, 12.88472], [80.1575654, 12.8847428], [80.1573822, 12.884742], [80.1573822, 12.8847648], [80.1572677, 12.8847644], [80.1572677, 12.8847872], [80.1571533, 12.8847867], [80.1571533, 12.8848095], [80.1570388, 12.884809], [80.1569472, 12.8848315], [80.1569243, 12.884877], [80.1568557, 12.8848767], [80.1568328, 12.8849223], [80.1566496, 12.8849215], [80.1566496, 12.8849443], [80.1565123, 12.8849666], [80.1564894, 12.8850121], [80.1563749, 12.8850116], [80.1563292, 12.8850571], [80.1562605, 12.8850568], [80.1562147, 12.8851022], [80.156146, 12.8851019], [80.1561002, 12.8851474], [80.1554592, 12.8851447], [80.1554591, 12.8851219], [80.1552073, 12.8851209], [80.1552073, 12.885098], [80.1549554, 12.885097], [80.1547723, 12.8851647], [80.1547494, 12.8852102], [80.1546578, 12.8852098], [80.1546579, 12.8852555], [80.1545892, 12.8853008], [80.154406, 12.8853], [80.1543602, 12.8853227], [80.1542916, 12.8854136], [80.1542688, 12.885482], [80.1542689, 12.8857329], [80.1541315, 12.8857323], [80.1541316, 12.8858464], [80.1541545, 12.8858465], [80.1541546, 12.886029], [80.1541775, 12.8860291], [80.1542234, 12.886189], [80.154086, 12.8861884], [80.1540173, 12.8862337], [80.1538342, 12.8862558], [80.1537655, 12.8863011], [80.1534679, 12.8862999], [80.1534679, 12.8863227], [80.1532618, 12.8863219], [80.1532618, 12.8862991], [80.1525291, 12.886296], [80.1525291, 12.8863189], [80.1523002, 12.8863179], [80.1523002, 12.8863407], [80.1520712, 12.8863398], [80.1520712, 12.8863626], [80.1518652, 12.8863617], [80.1518652, 12.8863845], [80.151682, 12.8863838], [80.151682, 12.8864066], [80.151476, 12.8864058], [80.151476, 12.8864286], [80.1512928, 12.8864278], [80.1512928, 12.8864506], [80.1510639, 12.8864497], [80.1510639, 12.8864725], [80.1508349, 12.8864715], [80.1508349, 12.8864944], [80.1506747, 12.8864937], [80.1506747, 12.8865165], [80.1505144, 12.8865158], [80.1505144, 12.8865387], [80.150377, 12.8865381], [80.1503771, 12.8865609], [80.1502168, 12.8865602], [80.1502168, 12.8865831], [80.1500794, 12.8865825], [80.1500794, 12.8866053], [80.1499421, 12.8866047], [80.1499421, 12.8866275], [80.1497818, 12.8866269], [80.1497818, 12.8866497], [80.1496444, 12.8866491], [80.1496444, 12.8866719], [80.1495071, 12.8866714], [80.1495071, 12.8866942], [80.1493697, 12.8866936], [80.1493697, 12.8867164], [80.1492323, 12.8867159], [80.1492324, 12.8867387], [80.149095, 12.8867381], [80.149095, 12.8867609], [80.1489576, 12.8867604], [80.1489576, 12.8867832], [80.1488202, 12.8867826], [80.1488203, 12.8868054], [80.1486829, 12.8868048], [80.1486829, 12.8868277], [80.1485455, 12.8868271], [80.1485455, 12.8868499], [80.1484082, 12.8868493], [80.1484082, 12.8868721], [80.1482937, 12.8868717], [80.1482937, 12.8868945], [80.1481563, 12.8868939], [80.1481563, 12.8869167], [80.148019, 12.8869162], [80.148019, 12.886939], [80.1479045, 12.8869385], [80.1479045, 12.8869613], [80.1477671, 12.8869607], [80.1477671, 12.8869836], [80.1476298, 12.886983], [80.1476298, 12.8870058], [80.1474924, 12.8870052], [80.1474924, 12.887028], [80.1473779, 12.8870276], [80.147378, 12.8870504], [80.1472406, 12.8870498], [80.1472406, 12.8870726], [80.1471032, 12.8870721], [80.1471032, 12.8870949], [80.1469887, 12.8870944], [80.1469888, 12.8871172], [80.1468514, 12.8871167], [80.1468514, 12.8871395], [80.146714, 12.8871389], [80.146714, 12.8871617], [80.1465767, 12.8871611], [80.1465767, 12.887184], [80.1464393, 12.8871834], [80.1464393, 12.8872062], [80.1463019, 12.8872056], [80.1463019, 12.8872284], [80.1461646, 12.8872279], [80.1461646, 12.8872507], [80.1460272, 12.8872501], [80.1460272, 12.8872729], [80.1458898, 12.8872724], [80.1458899, 12.8872952], [80.1457525, 12.8872946], [80.1457525, 12.8873174], [80.145638, 12.887317], [80.1455693, 12.8873395], [80.1455007, 12.8874533], [80.1453176, 12.8875209], [80.1452947, 12.8875665], [80.1452031, 12.8875661], [80.1449742, 12.887702], [80.1449056, 12.8877017], [80.1439442, 12.8881996], [80.1438526, 12.8881993], [80.1436695, 12.8882669], [80.143555, 12.8882665], [80.143555, 12.8882893], [80.1433719, 12.8883113], [80.1433261, 12.8883568], [80.1431658, 12.8883561], [80.1430743, 12.8884014], [80.1429598, 12.8884009], [80.1428682, 12.8884461], [80.1427538, 12.8884457], [80.1426622, 12.8884909], [80.1425477, 12.8884904], [80.1425477, 12.8885132], [80.1424333, 12.8885128], [80.1423417, 12.888558], [80.1422272, 12.8885575], [80.1422272, 12.8885804], [80.1421128, 12.8885799], [80.1421128, 12.8886027], [80.1419754, 12.8886021], [80.1419754, 12.8886249], [80.1418151, 12.8886243], [80.1418151, 12.8886471], [80.1416778, 12.8886465], [80.1416778, 12.8886693], [80.1415404, 12.8886688], [80.1415404, 12.8886916], [80.141403, 12.888691], [80.1414031, 12.8887138], [80.1412657, 12.8887133], [80.1412657, 12.8887361], [80.1411283, 12.8887355], [80.1411283, 12.8887583], [80.1409909, 12.8887578], [80.140991, 12.8887806], [80.1408536, 12.88878], [80.1408536, 12.8888028], [80.1407162, 12.8888022], [80.1407162, 12.8888251], [80.1406018, 12.8888246], [80.1406018, 12.8888474], [80.1404873, 12.8888469], [80.1404873, 12.8888697], [80.1403728, 12.8888693], [80.1402813, 12.8889145], [80.1401668, 12.888914], [80.1401668, 12.8889368], [80.1400523, 12.8889364], [80.1400523, 12.8889592], [80.1395487, 12.8890712], [80.1394572, 12.8891849], [80.1394573, 12.8895042], [80.1394345, 12.8895041], [80.1394348, 12.8901657], [80.1394119, 12.8901656], [80.1394122, 12.8905762], [80.1393893, 12.8905761], [80.1393899, 12.8915571], [80.139367, 12.891557], [80.1393899, 12.8916939], [80.1394587, 12.8917855], [80.1395274, 12.8917858], [80.1395961, 12.8918317], [80.1397106, 12.8918321], [80.1397106, 12.891855], [80.140077, 12.8919249], [80.1401457, 12.8919708], [80.1402602, 12.8919713], [80.1402831, 12.892017], [80.1404434, 12.8920405], [80.1405808, 12.8921095], [80.140764, 12.8921331], [80.1408327, 12.8922018], [80.1408327, 12.8922474], [80.1409243, 12.8923162], [80.1409244, 12.8923846], [80.1409702, 12.8924077], [80.141016, 12.8925219], [80.1411306, 12.8926136], [80.1411306, 12.8926821], [80.1412452, 12.8927738], [80.1412452, 12.8928422], [80.1413139, 12.8928881], [80.1413139, 12.8929338], [80.1414056, 12.8930026], [80.1414056, 12.893071], [80.1414514, 12.8930712], [80.1414514, 12.8931396], [80.1414972, 12.8931626], [80.1416348, 12.8934141], [80.1417035, 12.8934601], [80.1418868, 12.8937802], [80.1419785, 12.893849], [80.1419785, 12.8939174], [80.1420243, 12.8939176], [80.1420243, 12.8939861], [80.142093, 12.894032], [80.1421847, 12.8942148], [80.1422993, 12.8943066], [80.1422993, 12.894375], [80.1423451, 12.8944436], [80.1424368, 12.8945124], [80.1424368, 12.8945809], [80.1425055, 12.8946496], [80.1425057, 12.8950146], [80.1425286, 12.8950147], [80.1425298, 12.8969766], [80.1425069, 12.8969765], [80.1425071, 12.8973415], [80.14253, 12.8973416], [80.1425315, 12.8998509], [80.1424857, 12.8998964], [80.14244, 12.9000787], [80.1424858, 12.9001245], [80.1424859, 12.9002614], [80.1425318, 12.90033], [80.1425324, 12.9013566], [80.1425095, 12.9013565], [80.1425095, 12.9014705], [80.1424866, 12.9014704], [80.1424867, 12.9016073], [80.1424638, 12.9016072], [80.1424639, 12.9017213], [80.142441, 12.9017212], [80.1424411, 12.9018581], [80.1424182, 12.901858], [80.1424182, 12.9019948], [80.1423954, 12.9019947], [80.1423954, 12.9021316], [80.1423725, 12.9021315], [80.1423726, 12.9022684], [80.1423497, 12.9022683], [80.1423498, 12.902428], [80.1423269, 12.9024279], [80.142327, 12.9025876], [80.1423041, 12.9025875], [80.1423042, 12.9027016], [80.1422813, 12.9027471], [80.1422814, 12.9029068], [80.1422585, 12.9029067], [80.1422586, 12.903112], [80.1422128, 12.9031346], [80.1422129, 12.903203], [80.1421671, 12.9032029], [80.1420527, 12.9033849], [80.1419611, 12.9033845], [80.1419612, 12.903567], [80.1419155, 12.9035668], [80.1418697, 12.9036807], [80.1418011, 12.903726], [80.1418011, 12.9037717], [80.1417096, 12.9038625], [80.1417096, 12.903931], [80.1416638, 12.9039308], [80.1416181, 12.9040447], [80.1415494, 12.90409], [80.1415494, 12.9041356], [80.1414579, 12.9042265], [80.141458, 12.9042949], [80.1413664, 12.9043402], [80.1412977, 12.9043399], [80.1412748, 12.9043854], [80.1409772, 12.9044526], [80.1409315, 12.9044981], [80.1408628, 12.9044978], [80.1408399, 12.9045433], [80.1405423, 12.9046105], [80.1404965, 12.904656], [80.1404278, 12.9046557], [80.140405, 12.9047012], [80.1401074, 12.9047684], [80.1400616, 12.9048138], [80.1399929, 12.9048136], [80.13997, 12.9048591], [80.1396038, 12.9049488], [80.139558, 12.9049715], [80.1390543, 12.9049694], [80.1390543, 12.9049922], [80.1385277, 12.90499], [80.1385277, 12.9050128], [80.138024, 12.9050107], [80.138024, 12.9050336], [80.1375203, 12.9050315], [80.1375203, 12.9050543], [80.1369937, 12.9050521], [80.1369937, 12.9050749], [80.1366961, 12.9051421], [80.1366732, 12.9051877], [80.1365587, 12.9051872], [80.136513, 12.9052326], [80.1364443, 12.9052323], [80.1363069, 12.9053002], [80.1361696, 12.9052996], [80.1361696, 12.9053225], [80.1360322, 12.9053219], [80.1360322, 12.9053447], [80.1358719, 12.905344], [80.1358719, 12.9053669], [80.1357117, 12.9053662], [80.1357117, 12.905389], [80.1355743, 12.9053884], [80.1355743, 12.9054112], [80.135414, 12.9054106], [80.1354141, 12.9054334], [80.1352538, 12.9054327], [80.1352538, 12.9054555], [80.1351164, 12.905455], [80.1351164, 12.9054778], [80.1349562, 12.9054771], [80.1349562, 12.9054999], [80.1348417, 12.9054995], [80.1348417, 12.9055223], [80.1347272, 12.9055446], [80.1346357, 12.9055671], [80.1344983, 12.9056349], [80.1343381, 12.9056571], [80.1343152, 12.9057026], [80.1342007, 12.9057021], [80.1342007, 12.9057249], [80.1340405, 12.9057471], [80.1340176, 12.9057926], [80.1339031, 12.9057922], [80.1338345, 12.9058375], [80.1337429, 12.9058371], [80.13372, 12.9058826], [80.1336055, 12.9058822], [80.1335369, 12.9059275], [80.1334453, 12.9059271], [80.1334224, 12.9059727], [80.1333079, 12.9059722], [80.1332393, 12.9060175], [80.1331477, 12.9060172], [80.1331248, 12.9060627], [80.1330103, 12.9060622], [80.1329417, 12.9060847], [80.1328958, 12.9060389], [80.1328043, 12.9060386], [80.1327813, 12.9059928], [80.1326897, 12.9059468], [80.132621, 12.9059465], [80.1325294, 12.9058777], [80.1324378, 12.9058774], [80.1324149, 12.9058316], [80.1323233, 12.9057856], [80.1322546, 12.9057853], [80.132163, 12.9057165], [80.1320714, 12.9057162], [80.1320485, 12.9056704], [80.1319569, 12.9056244], [80.1318882, 12.9056241], [80.1317966, 12.9055553], [80.1317279, 12.905555], [80.1316592, 12.9055091], [80.1313844, 12.9054624], [80.1313157, 12.9054165], [80.1309493, 12.9053465], [80.1308806, 12.9053006], [80.130789, 12.9052774], [80.1306516, 12.9052769], [80.1306287, 12.9052311], [80.1304226, 12.9051847], [80.1303768, 12.9051388], [80.1301707, 12.9050924], [80.1301248, 12.9050466], [80.1299188, 12.9050001], [80.1298729, 12.9049543], [80.1297126, 12.904908], [80.1296897, 12.9048623], [80.1295981, 12.9048391], [80.1295752, 12.9047933], [80.1294836, 12.9047702], [80.1294607, 12.9047244], [80.1293462, 12.9047012], [80.1293461, 12.9046555], [80.1292317, 12.9046322], [80.1292316, 12.9045866], [80.12914, 12.9045634], [80.1291171, 12.9045177], [80.1290255, 12.9044945], [80.1290026, 12.9044488], [80.128911, 12.9044256], [80.1287735, 12.904311], [80.1285904, 12.9043102], [80.1285217, 12.9043784], [80.1284759, 12.9043782], [80.1284302, 12.9044464], [80.1283844, 12.9044462], [80.1283386, 12.9045145], [80.1282928, 12.9045143], [80.1282471, 12.9045826], [80.1282013, 12.9045824], [80.1281784, 12.9046507], [80.1281098, 12.9046504], [80.1280411, 12.9047414], [80.1279953, 12.9047412], [80.1279496, 12.9048094], [80.1279038, 12.9048093], [80.127858, 12.9048775], [80.1278122, 12.9048773], [80.1277665, 12.9049456], [80.1277207, 12.9049454], [80.1276749, 12.9050136], [80.1276292, 12.9050134], [80.1275834, 12.9050817], [80.1275376, 12.9050815], [80.1274919, 12.9051497], [80.1274461, 12.9051496], [80.1274232, 12.9052179], [80.1273545, 12.9052176], [80.1272859, 12.9053086], [80.1272401, 12.9053084], [80.1271943, 12.9053766], [80.1271485, 12.9053764], [80.1271028, 12.9054447], [80.127057, 12.9054445], [80.1270113, 12.9055128], [80.1269655, 12.9055126], [80.1269197, 12.9055808], [80.1268739, 12.9055806], [80.1268282, 12.9056489], [80.1267824, 12.9056487], [80.1267366, 12.9057169], [80.1266908, 12.9057167], [80.126668, 12.9057851], [80.1265993, 12.9057848], [80.1265764, 12.9058531], [80.1264849, 12.9058756], [80.1264391, 12.9059438], [80.1263246, 12.905989], [80.1262789, 12.9060572], [80.1260958, 12.9061477], [80.1260042, 12.9061473], [80.1259813, 12.9061929], [80.1258439, 12.9061923], [80.1258211, 12.9062378], [80.1256837, 12.9062373], [80.1256608, 12.9062828], [80.1255464, 12.9062823], [80.1255006, 12.9063278], [80.1253861, 12.9063273], [80.1253861, 12.9063501], [80.1252488, 12.9063723], [80.1251801, 12.9064633], [80.1251802, 12.9065318], [80.1251344, 12.9065772], [80.1251345, 12.9066913], [80.1250887, 12.9067139], [80.1250201, 12.9069417], [80.1249285, 12.9069413], [80.1248141, 12.9070093], [80.1247454, 12.907009], [80.1246997, 12.9070545], [80.1245623, 12.9070767], [80.1244936, 12.9071449], [80.1244021, 12.9071445], [80.1243792, 12.90719], [80.1242876, 12.9071896], [80.1241732, 12.9072576], [80.1241045, 12.9072573], [80.1240587, 12.9073027], [80.1239213, 12.907325], [80.1238527, 12.9073931], [80.1237611, 12.9073928], [80.1236467, 12.9074607], [80.123578, 12.9074604], [80.1235322, 12.9075059], [80.1234635, 12.9075056], [80.1234178, 12.907551], [80.1233491, 12.9075507], [80.1233033, 12.9075962], [80.1232346, 12.9075959], [80.1231889, 12.9076413], [80.1231202, 12.9076411], [80.1230744, 12.9076865], [80.122937, 12.9077087], [80.1228913, 12.9077542], [80.1228226, 12.9077539], [80.1227539, 12.907822], [80.1226623, 12.9078217], [80.1226395, 12.9078672], [80.1225479, 12.9078668], [80.122525, 12.9079123], [80.1224334, 12.907912], [80.122319, 12.9079799], [80.1221816, 12.9080022], [80.1221588, 12.9080477], [80.1220443, 12.9080472], [80.1219527, 12.9080697], [80.1218841, 12.908115], [80.1217925, 12.9081146], [80.1217238, 12.90816], [80.1214491, 12.9081588], [80.1214491, 12.9081816], [80.1211056, 12.9081802], [80.1211056, 12.908203], [80.1207393, 12.9082015], [80.1207393, 12.9082243], [80.1203959, 12.9082229], [80.1203959, 12.9082457], [80.1200524, 12.9082443], [80.1200525, 12.9082671], [80.119709, 12.9082657], [80.119709, 12.9082885], [80.1193656, 12.9082871], [80.119274, 12.9082411], [80.119251, 12.9081726], [80.1191824, 12.9081723], [80.1191823, 12.9081267], [80.1191136, 12.9081036], [80.1190678, 12.9080349], [80.119022, 12.9080348], [80.1189762, 12.9079661], [80.1189304, 12.9079659], [80.1188616, 12.9078744], [80.1187929, 12.9078741], [80.1187929, 12.9078285], [80.1187242, 12.9078054], [80.1186784, 12.9077368], [80.1186326, 12.9077366], [80.1185868, 12.907668], [80.118541, 12.9076678], [80.1184951, 12.9075991], [80.1184035, 12.9075759], [80.1184035, 12.9075303], [80.1183348, 12.9075072], [80.118289, 12.9074386], [80.1182432, 12.9074384], [80.1181974, 12.9073698], [80.1181516, 12.9073696], [80.1181057, 12.907301], [80.1180599, 12.9073008], [80.1179912, 12.9072092], [80.1179225, 12.907209], [80.1179225, 12.9071633], [80.1178538, 12.9071402], [80.1178079, 12.9070716], [80.1177622, 12.9070714], [80.1177163, 12.9070028], [80.1176705, 12.9070026], [80.1176018, 12.9069111], [80.1175331, 12.9069108], [80.1175331, 12.9068652], [80.1174644, 12.9068421], [80.1174185, 12.9067734], [80.1173727, 12.9067733], [80.1173269, 12.9067046], [80.1172811, 12.9067044], [80.1172353, 12.9066358], [80.1171895, 12.9066356], [80.1171208, 12.9065441], [80.1170521, 12.9065438], [80.117052, 12.9064982], [80.1169833, 12.9064751], [80.1168917, 12.9063606], [80.1168459, 12.9063605], [80.1167084, 12.9062002], [80.1166626, 12.9062], [80.1165023, 12.9060169], [80.1163877, 12.9059708], [80.116319, 12.9058564], [80.1162732, 12.9058562], [80.1161128, 12.9056731], [80.116067, 12.9056729], [80.1159296, 12.9055126], [80.115815, 12.9054665], [80.1157463, 12.9053522], [80.1157005, 12.905352], [80.1155401, 12.9051688], [80.1154256, 12.9051227], [80.1153569, 12.9050084], [80.1153111, 12.9050082], [80.1151507, 12.904825], [80.1151049, 12.9048248], [80.1150362, 12.9047333], [80.1149903, 12.9047103], [80.1148301, 12.9047096], [80.1147843, 12.9047551], [80.114624, 12.9047544], [80.1145783, 12.9047998], [80.114418, 12.9047992], [80.1143722, 12.9048446], [80.114212, 12.904844], [80.1141662, 12.9048894], [80.1140059, 12.9048887], [80.1139602, 12.9049342], [80.1137999, 12.9049335], [80.1137541, 12.9049789], [80.1135938, 12.9049783], [80.113571, 12.905001], [80.1134794, 12.9050006], [80.1133878, 12.9050459], [80.1132733, 12.9050454], [80.1131818, 12.9050906], [80.1130673, 12.9050902], [80.1129757, 12.9051354], [80.1128613, 12.9051349], [80.1127697, 12.9051802], [80.1126552, 12.9051797], [80.1125637, 12.905225], [80.1124492, 12.9052245], [80.1123576, 12.9052697], [80.1122431, 12.9052693], [80.1121516, 12.9053145], [80.1120371, 12.905314], [80.1119455, 12.9053593], [80.1118311, 12.9053588], [80.1117853, 12.9054042], [80.111625, 12.9054036], [80.1115793, 12.905449], [80.111419, 12.9054484], [80.1113732, 12.9054938], [80.111213, 12.9054931], [80.1111672, 12.9055386], [80.1110069, 12.9055379], [80.1110069, 12.9055607], [80.1108924, 12.9055602], [80.1108009, 12.9056055], [80.1106864, 12.905605], [80.1105949, 12.9056503], [80.1104804, 12.9056498], [80.1103888, 12.905695], [80.1102743, 12.9056946], [80.1101828, 12.9057398], [80.1100683, 12.9057393], [80.1099767, 12.9057846], [80.1098623, 12.9057841], [80.1097707, 12.9058294], [80.1096562, 12.9058289], [80.1095647, 12.9058741], [80.1094502, 12.9058737], [80.1094044, 12.9059191], [80.1092441, 12.9059184], [80.1091984, 12.9059639], [80.1090381, 12.9059632], [80.1089923, 12.9060086], [80.1088321, 12.906008], [80.1088321, 12.9060308], [80.1080079, 12.9062099], [80.1079393, 12.9062552], [80.1078477, 12.9062549], [80.1078019, 12.9063003], [80.1077103, 12.9062999], [80.1075272, 12.9063676], [80.1073898, 12.906367], [80.1068404, 12.9065244], [80.106703, 12.9065239], [80.1066573, 12.9066378], [80.1065886, 12.9066831], [80.1065887, 12.9067287], [80.1063598, 12.9069103], [80.1062911, 12.90691], [80.1062225, 12.9069781], [80.1057654, 12.9084134], [80.1057425, 12.9084133], [80.1057427, 12.908824], [80.1057656, 12.9088241], [80.1057659, 12.9092575], [80.1056514, 12.9093255], [80.1056286, 12.909371], [80.1054226, 12.9094386], [80.1051479, 12.9095971], [80.1050792, 12.9095968], [80.1046214, 12.9098459], [80.1045528, 12.9098912], [80.1043696, 12.9099589], [80.1043468, 12.9100044], [80.1041636, 12.9100721], [80.1041408, 12.9101177], [80.1039576, 12.9101853], [80.1039348, 12.9102309], [80.1037516, 12.9102985], [80.1037288, 12.9103441], [80.1035456, 12.9104118], [80.1035228, 12.9104573], [80.1033396, 12.910525], [80.1033168, 12.9105705], [80.1031336, 12.9106382], [80.1031108, 12.9106837], [80.1030192, 12.9107061], [80.1029735, 12.9107744], [80.1029278, 12.911048], [80.1029049, 12.9110479], [80.102905, 12.9111619], [80.1028593, 12.911253], [80.1028593, 12.9113442], [80.1026991, 12.9114576], [80.1026762, 12.9115032], [80.102516, 12.9115481], [80.1024473, 12.9115935], [80.1023558, 12.91173], [80.10231, 12.9117298], [80.1022414, 12.9118207], [80.1021956, 12.9118206], [80.1020583, 12.9120253], [80.1020813, 12.9120938], [80.1023104, 12.9123001], [80.1023562, 12.9123003], [80.1024478, 12.9124375]]]}}]}