{"type": "FeatureCollection", "features": [{"type": "Feature", "properties": {"ward": "1", "zone": "1", "zone_name": "PAMMAL", "area_km2": 0.525}, "geometry": {"type": "Polygon", "coordinates": [[[80.1211509, 12.9856057], [80.1211509, 12.9855145], [80.1213111, 12.9855151], [80.1213111, 12.9855379], [80.1214943, 12.9855387], [80.1215859, 12.9855619], [80.1216317, 12.9856077], [80.1219065, 12.9856773], [80.1220897, 12.985678], [80.1220897, 12.9856552], [80.122685, 12.9856577], [80.122685, 12.9856349], [80.1228452, 12.9856355], [80.122891, 12.9856585], [80.122914, 12.9857271], [80.1230514, 12.9857732], [80.1230743, 12.985819], [80.1233262, 12.9859569], [80.1233265, 12.9863219], [80.1233494, 12.986322], [80.1233492, 12.9860026], [80.1234866, 12.9860716], [80.1235553, 12.9861631], [80.1236469, 12.9861863], [80.1237157, 12.9862779], [80.1238073, 12.9863239], [80.1238076, 12.9868029], [80.1238305, 12.986803], [80.1238302, 12.9863696], [80.1238531, 12.9863697], [80.1238532, 12.9865294], [80.1239219, 12.9865296], [80.1239676, 12.9864842], [80.1240363, 12.9864845], [80.1240364, 12.9865301], [80.1241051, 12.9865532], [80.1241053, 12.9869182], [80.1240366, 12.9869407], [80.1238764, 12.9870541], [80.1238765, 12.9872366], [80.1239223, 12.9872596], [80.1239453, 12.987351], [80.123991, 12.9873512], [80.1239911, 12.9874196], [80.1241056, 12.987557], [80.1241286, 12.9876483], [80.1241744, 12.9876485], [80.1241744, 12.9877169], [80.124289, 12.9878543], [80.1243119, 12.9879456], [80.1244036, 12.9880373], [80.1244265, 12.9881286], [80.1244723, 12.9881288], [80.1244724, 12.9881972], [80.1245869, 12.9883346], [80.1246099, 12.9884259], [80.1246557, 12.9884261], [80.1246557, 12.9884945], [80.1247703, 12.9886319], [80.1247932, 12.9887232], [80.124839, 12.9887462], [80.1249078, 12.9888834], [80.1248391, 12.9888831], [80.1247933, 12.9889285], [80.1247935, 12.9891567], [80.1248393, 12.9891569], [80.1247706, 12.9892706], [80.1248394, 12.9893166], [80.1248851, 12.9892483], [80.1249537, 12.9890661], [80.1249995, 12.9890663], [80.1249538, 12.9891801], [80.1249767, 12.9893171], [80.1250912, 12.989386], [80.1251141, 12.9892949], [80.1251599, 12.9892722], [80.1251828, 12.9893636], [80.1251141, 12.9893633], [80.1251371, 12.9894547], [80.1252744, 12.9894096], [80.1252745, 12.9894552], [80.1252058, 12.9894778], [80.1252058, 12.9895234], [80.1252974, 12.9895238], [80.1253202, 12.9894554], [80.1253203, 12.9896151], [80.125412, 12.9897067], [80.1254578, 12.9897069], [80.1254806, 12.9896158], [80.1255264, 12.9896388], [80.1255265, 12.9897072], [80.1254807, 12.9897526], [80.1255723, 12.9898443], [80.125641, 12.9898217], [80.125641, 12.9897533], [80.1257097, 12.989822], [80.1258013, 12.989868], [80.1257327, 12.9900502], [80.125664, 12.99005], [80.1257099, 12.9901186], [80.1257557, 12.9901188], [80.1257786, 12.9901873], [80.1258473, 12.9902104], [80.1259389, 12.990188], [80.1259388, 12.9900739], [80.1259159, 12.990051], [80.1259846, 12.9900057], [80.1260304, 12.9900743], [80.1260304, 12.9901427], [80.1259847, 12.9901653], [80.1260076, 12.9902339], [80.1260992, 12.9902571], [80.1260992, 12.9903255], [80.1261679, 12.9903258], [80.1262137, 12.9902575], [80.1262595, 12.9903033], [80.1261908, 12.9903259], [80.1261909, 12.9904171], [80.1262824, 12.9903719], [80.1263053, 12.9902807], [80.1263054, 12.990486], [80.1263283, 12.9905318], [80.1264428, 12.9905322], [80.1264656, 12.9904183], [80.1264886, 12.9905324], [80.1282516, 12.9905397], [80.1282515, 12.99038], [80.1284118, 12.9903807], [80.1284118, 12.9904947], [80.1284347, 12.9904948], [80.1284347, 12.9903808], [80.1286865, 12.9903818], [80.1286865, 12.9904046], [80.1293734, 12.9904075], [80.1293735, 12.9905215], [80.129259, 12.990521], [80.129259, 12.9905439], [80.1293964, 12.9905444], [80.1293963, 12.9904076], [80.129694, 12.9904088], [80.129694, 12.9904316], [80.1307014, 12.9904358], [80.1307014, 12.9904586], [80.1308159, 12.990459], [80.1308159, 12.9904362], [80.130999, 12.990437], [80.131022, 12.9904599], [80.1310217, 12.9899352], [80.1309988, 12.9899351], [80.1309987, 12.9897982], [80.1309758, 12.9897981], [80.1309757, 12.9896613], [80.130884, 12.989524], [80.130884, 12.9894556], [80.1308382, 12.9894326], [80.1308152, 12.9893412], [80.1307694, 12.9893182], [80.1307465, 12.9892269], [80.1306778, 12.989181], [80.1306319, 12.9891124], [80.130609, 12.989021], [80.1303799, 12.9887691], [80.1303341, 12.9887689], [80.1302883, 12.9887003], [80.1302653, 12.988609], [80.1302195, 12.988586], [80.1302195, 12.9885175], [80.1301737, 12.9884945], [80.1301736, 12.9884261], [80.1300819, 12.9882204], [80.1300819, 12.9881291], [80.1300131, 12.987992], [80.130013, 12.9879007], [80.1299443, 12.9877636], [80.1299442, 12.9876723], [80.1298754, 12.9875352], [80.1298754, 12.9874439], [80.1298066, 12.9873068], [80.1297378, 12.9870099], [80.129669, 12.9869184], [80.129669, 12.9868499], [80.1296232, 12.9868269], [80.1296002, 12.9867356], [80.1295544, 12.9867126], [80.1294857, 12.9865983], [80.1294169, 12.9865523], [80.1293253, 12.9865292], [80.1293024, 12.9864834], [80.1291879, 12.9864601], [80.1290733, 12.9862772], [80.1290733, 12.9862087], [80.1290275, 12.9861629], [80.1290045, 12.9860716], [80.1290045, 12.9859575], [80.1289816, 12.9859574], [80.1289815, 12.9857977], [80.1289586, 12.9857976], [80.1289585, 12.985638], [80.1289356, 12.9856379], [80.1289355, 12.9854782], [80.1289126, 12.9854781], [80.1289125, 12.985364], [80.1288896, 12.9853639], [80.1288896, 12.9852499], [80.1287978, 12.9849757], [80.1287978, 12.9848389], [80.1287519, 12.9847702], [80.1287519, 12.9846562], [80.128706, 12.9845647], [80.1287059, 12.984405], [80.128683, 12.9844049], [80.1286829, 12.9841768], [80.1287058, 12.9841769], [80.1287057, 12.9840172], [80.1287973, 12.9839948], [80.1288201, 12.9839493], [80.1289346, 12.9839269], [80.1290261, 12.9838589], [80.1291177, 12.9838592], [80.1291864, 12.9838139], [80.1295069, 12.983724], [80.1295755, 12.983633], [80.1295983, 12.9834734], [80.1296441, 12.983428], [80.129644, 12.9832683], [80.1296669, 12.9832684], [80.1296668, 12.9830859], [80.1296897, 12.983086], [80.1296896, 12.9829491], [80.1297125, 12.9829492], [80.1297353, 12.9827668], [80.129781, 12.9826986], [80.129781, 12.9826073], [80.1298267, 12.9825391], [80.1298267, 12.982425], [80.1298495, 12.9823338], [80.1297808, 12.9822651], [80.129735, 12.9822649], [80.129483, 12.9819901], [80.1293914, 12.9819441], [80.1293227, 12.9819895], [80.1291396, 12.9820572], [80.1291167, 12.9821027], [80.1289336, 12.9821704], [80.128842, 12.9822612], [80.1287505, 12.9822837], [80.1287276, 12.982352], [80.1285445, 12.9825109], [80.1284759, 12.9826247], [80.1284072, 12.9826701], [80.1283386, 12.9826698], [80.1282699, 12.9827379], [80.1281783, 12.9827604], [80.1280639, 12.9827599], [80.1280639, 12.9827827], [80.1279494, 12.9827822], [80.1279494, 12.982805], [80.127812, 12.9828045], [80.127812, 12.9828273], [80.1276976, 12.9828268], [80.1276976, 12.9828496], [80.1275602, 12.9828491], [80.1275602, 12.9828719], [80.1274228, 12.9828713], [80.1274228, 12.9828941], [80.1273084, 12.9828937], [80.1273084, 12.9829165], [80.127171, 12.9829159], [80.127171, 12.9829387], [80.1270336, 12.9829381], [80.1270337, 12.982961], [80.1269192, 12.9829605], [80.1269192, 12.9829833], [80.1267818, 12.9829827], [80.1267818, 12.9830055], [80.1266444, 12.983005], [80.1266445, 12.9830278], [80.12653, 12.9830273], [80.12653, 12.9830501], [80.1263926, 12.9830496], [80.1263926, 12.9830724], [80.1262553, 12.9830718], [80.1262553, 12.9830946], [80.1261408, 12.9830941], [80.1261408, 12.983117], [80.1260263, 12.9831165], [80.1259348, 12.9831617], [80.1258203, 12.9831613], [80.1257287, 12.9831837], [80.12566, 12.983229], [80.1255685, 12.9832515], [80.1251107, 12.9834549], [80.1250878, 12.9835004], [80.1250191, 12.9835001], [80.1249505, 12.9835683], [80.1249047, 12.9835681], [80.1248589, 12.9836363], [80.1247674, 12.9836588], [80.1246987, 12.9837041], [80.1246301, 12.9837951], [80.1245843, 12.9837949], [80.1245385, 12.9838631], [80.1244927, 12.983863], [80.1244241, 12.9839539], [80.1243783, 12.9839537], [80.1243325, 12.984022], [80.1242867, 12.9840218], [80.124241, 12.98409], [80.1241952, 12.9840899], [80.1241266, 12.9841808], [80.1240808, 12.9841806], [80.124035, 12.9842489], [80.1239892, 12.9842487], [80.1239206, 12.9843397], [80.1238748, 12.9843395], [80.1238291, 12.9844077], [80.1237833, 12.9844075], [80.1237375, 12.9844758], [80.1236459, 12.9844982], [80.1236002, 12.9845665], [80.1235086, 12.9845889], [80.1234857, 12.9846344], [80.1233484, 12.9846339], [80.1233484, 12.9846567], [80.1232339, 12.9846562], [80.1232339, 12.984679], [80.1227302, 12.9846769], [80.1227302, 12.9846541], [80.1224096, 12.9845843], [80.1223409, 12.9845156], [80.1222493, 12.9844924], [80.1220431, 12.9843547], [80.1219744, 12.9843544], [80.1219057, 12.9843085], [80.1215623, 12.9843071], [80.1215623, 12.9843299], [80.1214249, 12.984375], [80.1210131, 12.9848067], [80.1209673, 12.9848065], [80.1208986, 12.9848975], [80.1208987, 12.9849659], [80.1208301, 12.9850797], [80.1208302, 12.9853078], [80.1208073, 12.9853077], [80.1208075, 12.9856043], [80.1211509, 12.9856057]]]}}, {"type": "Feature", "properties": {"ward": "2", "zone": "1", "zone_name": "PAMMAL", "area_km2": 0.79}, "geometry": {"type": "Polygon", "coordinates": [[[80.1314799, 12.9904618], [80.1315486, 12.9904849], [80.131892, 12.9904863], [80.1319378, 12.9904637], [80.132121, 12.9904644], [80.1322125, 12.9904192], [80.1324873, 12.9904203], [80.1324873, 12.9903975], [80.1326704, 12.9903983], [80.1327391, 12.9903757], [80.1328993, 12.9902623], [80.1328989, 12.9896236], [80.1328761, 12.9896235], [80.1328759, 12.9892813], [80.1330132, 12.9892819], [80.1330819, 12.9892365], [80.1331735, 12.9892369], [80.1333566, 12.9891692], [80.1334711, 12.9891697], [80.1334711, 12.9891469], [80.1335855, 12.9891474], [80.1335855, 12.9891245], [80.1337, 12.989125], [80.1337, 12.9891022], [80.1338145, 12.9891027], [80.1340205, 12.9889895], [80.1340434, 12.9889439], [80.1340432, 12.9887158], [80.134089, 12.9886704], [80.134295, 12.9886028], [80.1343179, 12.9885573], [80.1344095, 12.9885348], [80.1346384, 12.9884445], [80.1346841, 12.9883763], [80.134684, 12.9882166], [80.1346611, 12.9882165], [80.134661, 12.9880796], [80.1346381, 12.9879883], [80.1345923, 12.9879653], [80.1345922, 12.9878284], [80.1345693, 12.9877599], [80.134638, 12.9877602], [80.1346379, 12.9876461], [80.1346149, 12.9875547], [80.1345691, 12.9874861], [80.1345232, 12.9872122], [80.1344773, 12.9871436], [80.1344773, 12.9870523], [80.1344314, 12.9869609], [80.1344313, 12.9866643], [80.134477, 12.9865961], [80.134477, 12.9865048], [80.1345227, 12.9864366], [80.1345226, 12.9863453], [80.1344768, 12.9862767], [80.1344768, 12.9861854], [80.134408, 12.9860026], [80.1344079, 12.9858886], [80.134385, 12.9858885], [80.1343391, 12.9856146], [80.1344535, 12.9855922], [80.1344993, 12.9855468], [80.1346595, 12.9855018], [80.1346824, 12.9854563], [80.1347969, 12.9854111], [80.1348426, 12.9853429], [80.1348884, 12.9853431], [80.1349799, 12.9852294], [80.1350486, 12.9852297], [80.1350944, 12.9851614], [80.1352088, 12.9851163], [80.1352546, 12.985048], [80.135369, 12.9850029], [80.1354148, 12.9849346], [80.1354606, 12.9849348], [80.1355521, 12.9848211], [80.1356208, 12.9848214], [80.1356665, 12.984776], [80.1356895, 12.9848673], [80.1357582, 12.9848448], [80.1357352, 12.9847078], [80.135781, 12.9846852], [80.1358039, 12.9848222], [80.1358498, 12.9848908], [80.1359185, 12.9849367], [80.1360559, 12.9849373], [80.1360558, 12.9849145], [80.1361932, 12.984915], [80.1361932, 12.9848922], [80.1363077, 12.9848927], [80.1365366, 12.9847568], [80.1365365, 12.9847111], [80.1366052, 12.9847342], [80.1366282, 12.9848712], [80.136697, 12.9849627], [80.136697, 12.9850312], [80.1367657, 12.9851227], [80.1367658, 12.9851911], [80.1368345, 12.9852827], [80.1369262, 12.9854655], [80.136972, 12.9854886], [80.1371552, 12.9854893], [80.1371552, 12.9854665], [80.1372926, 12.9854671], [80.1372925, 12.9854442], [80.1374299, 12.9854448], [80.1374299, 12.985422], [80.1375673, 12.9854226], [80.1375673, 12.9853998], [80.1377047, 12.9854003], [80.1377046, 12.9853775], [80.1378191, 12.985378], [80.1378191, 12.9853552], [80.1380709, 12.985265], [80.1381167, 12.9852195], [80.1381624, 12.9850828], [80.1381621, 12.9846038], [80.1381392, 12.9846037], [80.1380705, 12.9844893], [80.137956, 12.9844661], [80.1379101, 12.9843974], [80.1377956, 12.984397], [80.1377956, 12.9843741], [80.1376354, 12.9843735], [80.1376353, 12.9843507], [80.1374522, 12.9843499], [80.1374522, 12.9843271], [80.1372919, 12.9843264], [80.1372919, 12.9843036], [80.1371545, 12.9843031], [80.1371545, 12.9842802], [80.1370171, 12.9842569], [80.1369713, 12.9842111], [80.1368568, 12.9842106], [80.1368568, 12.984165], [80.1367193, 12.9840503], [80.1367193, 12.9840047], [80.1368338, 12.9839824], [80.1368337, 12.9838911], [80.1367193, 12.9839363], [80.136559, 12.9839128], [80.1365589, 12.9838444], [80.1364902, 12.9837072], [80.136742, 12.9836398], [80.1367419, 12.9835714], [80.1366275, 12.9835709], [80.1366275, 12.9835937], [80.1364672, 12.9836387], [80.1364443, 12.9835245], [80.1363984, 12.9834559], [80.1363984, 12.9833418], [80.1365357, 12.9832968], [80.1365128, 12.9832282], [80.1364441, 12.9832508], [80.1363067, 12.9832274], [80.1363296, 12.9831362], [80.1364211, 12.9831138], [80.1363982, 12.9830453], [80.1362608, 12.9830447], [80.1362608, 12.9829762], [80.1361462, 12.9828389], [80.1362378, 12.982748], [80.1361919, 12.982725], [80.1360317, 12.98277], [80.135963, 12.9826785], [80.1359172, 12.9826783], [80.1358255, 12.9825638], [80.1357797, 12.9825408], [80.1360315, 12.9824278], [80.1360315, 12.9823594], [80.1359399, 12.982359], [80.1357568, 12.9824723], [80.1356881, 12.982472], [80.1355048, 12.9823116], [80.1355048, 12.9822659], [80.1356193, 12.9822436], [80.1356192, 12.9821752], [80.1355047, 12.9821747], [80.1354361, 12.98222], [80.1351841, 12.9819452], [80.1349321, 12.9817161], [80.134932, 12.9816705], [80.1346571, 12.9814184], [80.1346571, 12.9813728], [80.1347487, 12.9813275], [80.1347486, 12.9812591], [80.1346571, 12.9812587], [80.1345884, 12.9813268], [80.1345654, 12.9811671], [80.1346112, 12.9811216], [80.134657, 12.9811674], [80.1346799, 12.9811675], [80.1346798, 12.9810535], [80.1347027, 12.9810536], [80.1347025, 12.9806886], [80.1346567, 12.9805971], [80.134588, 12.980574], [80.1344505, 12.9804138], [80.1344047, 12.9803908], [80.1342214, 12.9802303], [80.1342214, 12.9801847], [80.1341527, 12.9801388], [80.1341069, 12.9800702], [80.1340839, 12.9799788], [80.1340381, 12.9799558], [80.1340151, 12.9798645], [80.1339693, 12.9798415], [80.1339005, 12.9796131], [80.1338547, 12.9795901], [80.1338318, 12.9794987], [80.133786, 12.9794757], [80.133763, 12.9793844], [80.1337172, 12.9793614], [80.1336943, 12.97927], [80.1336484, 12.9792014], [80.1335797, 12.9791555], [80.1335797, 12.9791099], [80.1334193, 12.9789723], [80.1334193, 12.9789267], [80.1333048, 12.978835], [80.1332589, 12.9787664], [80.133236, 12.978675], [80.1331902, 12.978652], [80.1331672, 12.9785607], [80.132938, 12.9781719], [80.132938, 12.9781035], [80.1328922, 12.9780577], [80.1328463, 12.9778522], [80.1328005, 12.9778064], [80.1328004, 12.9777379], [80.1327546, 12.9776921], [80.1327545, 12.9776009], [80.1326628, 12.9773952], [80.1326628, 12.9773039], [80.132594, 12.9771668], [80.1325939, 12.9769843], [80.132571, 12.9768929], [80.1325251, 12.9768243], [80.1324793, 12.9768013], [80.1322733, 12.9768004], [80.1322733, 12.9768232], [80.1320214, 12.9768222], [80.1320214, 12.976845], [80.1317925, 12.9768897], [80.1316552, 12.9769804], [80.1315178, 12.9770026], [80.131472, 12.9770481], [80.1313347, 12.9770703], [80.1312889, 12.9771157], [80.1311515, 12.977138], [80.1311058, 12.9771834], [80.1310371, 12.9771831], [80.1310142, 12.9772287], [80.1309226, 12.9772511], [80.1308998, 12.9772966], [80.1307167, 12.9773871], [80.1307167, 12.9774556], [80.1306709, 12.977501], [80.130671, 12.9775694], [80.1306023, 12.9776604], [80.1306024, 12.9777288], [80.1305337, 12.9777742], [80.1305337, 12.9778198], [80.1304651, 12.9778651], [80.1304422, 12.9779563], [80.1303736, 12.9780016], [80.1303736, 12.9780473], [80.1302821, 12.9781153], [80.1302821, 12.978161], [80.1301905, 12.978229], [80.1301906, 12.9782746], [80.1300761, 12.9783654], [80.1300762, 12.978411], [80.1299846, 12.9784791], [80.1299847, 12.9785247], [80.1298245, 12.9786609], [80.1298016, 12.9787065], [80.1296414, 12.9788883], [80.1295956, 12.9788881], [80.1294812, 12.9790245], [80.1294355, 12.9790471], [80.129138, 12.9793197], [80.129138, 12.9793653], [80.1290693, 12.9794106], [80.1290007, 12.9795244], [80.1290237, 12.9796614], [80.1290924, 12.9797529], [80.1291383, 12.9799128], [80.1291384, 12.9800497], [80.1291613, 12.9800498], [80.1291614, 12.9802323], [80.1291843, 12.9802323], [80.1291844, 12.9804148], [80.1292073, 12.9804149], [80.1292074, 12.9805974], [80.1292303, 12.9805975], [80.1292304, 12.98078], [80.1292533, 12.9807801], [80.1292534, 12.9809626], [80.1292763, 12.9809627], [80.1292765, 12.9812365], [80.1293223, 12.9813279], [80.1293224, 12.9815104], [80.1293453, 12.9815105], [80.1293454, 12.9816246], [80.1293683, 12.9816247], [80.1293684, 12.9817844], [80.1293913, 12.9817844], [80.1293914, 12.9819441], [80.129483, 12.9819901], [80.129735, 12.9822649], [80.1297808, 12.9822651], [80.1298495, 12.9823338], [80.1298267, 12.982425], [80.1298267, 12.9825391], [80.129781, 12.9826073], [80.129781, 12.9826986], [80.1297353, 12.9827668], [80.1297125, 12.9829492], [80.1296896, 12.9829491], [80.1296897, 12.983086], [80.1296668, 12.9830859], [80.1296669, 12.9832684], [80.129644, 12.9832683], [80.1296441, 12.983428], [80.1295983, 12.9834734], [80.1295755, 12.983633], [80.1295069, 12.983724], [80.1291864, 12.9838139], [80.1291177, 12.9838592], [80.1290261, 12.9838589], [80.1289346, 12.9839269], [80.1288201, 12.9839493], [80.1287973, 12.9839948], [80.1287057, 12.9840172], [80.1287058, 12.9841769], [80.1286829, 12.9841768], [80.128683, 12.9844049], [80.1287059, 12.984405], [80.128706, 12.9845647], [80.1287519, 12.9846562], [80.1287519, 12.9847702], [80.1287978, 12.9848389], [80.1287978, 12.9849757], [80.1288896, 12.9852499], [80.1288896, 12.9853639], [80.1289125, 12.985364], [80.1289126, 12.9854781], [80.1289355, 12.9854782], [80.1289356, 12.9856379], [80.1289585, 12.985638], [80.1289586, 12.9857976], [80.1289815, 12.9857977], [80.1289816, 12.9859574], [80.1290045, 12.9859575], [80.1290045, 12.9860716], [80.1290275, 12.9861629], [80.1290733, 12.9862087], [80.1290733, 12.9862772], [80.1291879, 12.9864601], [80.1293024, 12.9864834], [80.1293253, 12.9865292], [80.1294169, 12.9865523], [80.1294857, 12.9865983], [80.1295544, 12.9867126], [80.1296002, 12.9867356], [80.1296232, 12.9868269], [80.129669, 12.9868499], [80.129669, 12.9869184], [80.1297378, 12.9870099], [80.1298066, 12.9873068], [80.1298754, 12.9874439], [80.1298754, 12.9875352], [80.1299442, 12.9876723], [80.1299443, 12.9877636], [80.130013, 12.9879007], [80.1300131, 12.987992], [80.1300819, 12.9881291], [80.1300819, 12.9882204], [80.1301736, 12.9884261], [80.1301737, 12.9884945], [80.1302195, 12.9885175], [80.1302195, 12.988586], [80.1302653, 12.988609], [80.1302883, 12.9887003], [80.1303341, 12.9887689], [80.1303799, 12.9887691], [80.130609, 12.989021], [80.1306319, 12.9891124], [80.1306778, 12.989181], [80.1307465, 12.9892269], [80.1307694, 12.9893182], [80.1308152, 12.9893412], [80.1308382, 12.9894326], [80.130884, 12.9894556], [80.130884, 12.989524], [80.1309757, 12.9896613], [80.1309758, 12.9897981], [80.1309987, 12.9897982], [80.1309988, 12.9899351], [80.1310217, 12.9899352], [80.131022, 12.9904599], [80.1314799, 12.9904618]]]}}, {"type": "Feature", "properties": {"ward": "3", "zone": "1", "zone_name": "PAMMAL", "area_km2": 0.775}, "geometry": {"type": "Polygon", "coordinates": [[[80.1177577, 12.9777899], [80.1177348, 12.9777898], [80.1177351, 12.9782232], [80.1177809, 12.9782462], [80.1178268, 12.9784061], [80.1178955, 12.9784748], [80.1178957, 12.9787485], [80.1179186, 12.9787486], [80.1179185, 12.9785661], [80.1180789, 12.9788406], [80.1180789, 12.978909], [80.1181476, 12.9789549], [80.1181706, 12.9790462], [80.1182622, 12.9791151], [80.1182623, 12.9791835], [80.1183081, 12.9792065], [80.1183539, 12.9793207], [80.118354, 12.9795032], [80.1183311, 12.9795032], [80.1183313, 12.9797541], [80.1183084, 12.979754], [80.1183085, 12.9799821], [80.1182856, 12.979982], [80.1182857, 12.9802101], [80.1182629, 12.9802101], [80.118263, 12.9804382], [80.1182401, 12.9804381], [80.1182631, 12.9805751], [80.1183318, 12.9806438], [80.1183318, 12.980735], [80.1184006, 12.9808037], [80.1184006, 12.9808494], [80.1184923, 12.9809866], [80.1184923, 12.9810551], [80.118561, 12.9811238], [80.1185611, 12.981215], [80.1186298, 12.9812609], [80.1186528, 12.9813523], [80.1188132, 12.9817179], [80.1188819, 12.981741], [80.118882, 12.9817867], [80.1190194, 12.9819013], [80.1190205, 12.9837035], [80.118929, 12.9839084], [80.1189062, 12.9840908], [80.1188376, 12.9842046], [80.1188147, 12.9842958], [80.1188148, 12.9844098], [80.118769, 12.9844324], [80.1187692, 12.9847518], [80.1187921, 12.9847519], [80.1187922, 12.9849344], [80.1188381, 12.9850258], [80.1190213, 12.9851635], [80.1190214, 12.985346], [80.1190443, 12.9853461], [80.1190443, 12.985232], [80.119113, 12.9852551], [80.1191359, 12.9853008], [80.1192962, 12.9853471], [80.1194107, 12.9853476], [80.1195023, 12.9853708], [80.1195023, 12.9854848], [80.1195252, 12.9854849], [80.1195252, 12.9853709], [80.1195939, 12.9854168], [80.1196855, 12.98544], [80.1198228, 12.9854405], [80.1198229, 12.9854633], [80.1199831, 12.9854868], [80.1199832, 12.9856009], [80.1200061, 12.9855097], [80.1202121, 12.9855106], [80.1202808, 12.9854424], [80.1204639, 12.9853747], [80.120464, 12.9856029], [80.1204869, 12.985603], [80.1204868, 12.9853748], [80.1205784, 12.985398], [80.1207616, 12.9853988], [80.1207617, 12.9856041], [80.1208075, 12.9856043], [80.1208073, 12.9853077], [80.1208302, 12.9853078], [80.1208301, 12.9850797], [80.1208987, 12.9849659], [80.1208986, 12.9848975], [80.1209673, 12.9848065], [80.1210131, 12.9848067], [80.1214249, 12.984375], [80.1215623, 12.9843299], [80.1215623, 12.9843071], [80.1219057, 12.9843085], [80.1219744, 12.9843544], [80.1220431, 12.9843547], [80.1222493, 12.9844924], [80.1223409, 12.9845156], [80.1224096, 12.9845843], [80.1227302, 12.9846541], [80.1227302, 12.9846769], [80.1232339, 12.984679], [80.1232339, 12.9846562], [80.1233484, 12.9846567], [80.1233484, 12.9846339], [80.1234857, 12.9846344], [80.1235086, 12.9845889], [80.1236002, 12.9845665], [80.1236459, 12.9844982], [80.1237375, 12.9844758], [80.1237833, 12.9844075], [80.1238291, 12.9844077], [80.1238748, 12.9843395], [80.1239206, 12.9843397], [80.1239892, 12.9842487], [80.124035, 12.9842489], [80.1240808, 12.9841806], [80.1241266, 12.9841808], [80.1241952, 12.9840899], [80.124241, 12.98409], [80.1242867, 12.9840218], [80.1243325, 12.984022], [80.1243783, 12.9839537], [80.1244241, 12.9839539], [80.1244927, 12.983863], [80.1245385, 12.9838631], [80.1245843, 12.9837949], [80.1246301, 12.9837951], [80.1246987, 12.9837041], [80.1247674, 12.9836588], [80.1248589, 12.9836363], [80.1249047, 12.9835681], [80.1249505, 12.9835683], [80.1250191, 12.9835001], [80.1250878, 12.9835004], [80.1251107, 12.9834549], [80.1255685, 12.9832515], [80.12566, 12.983229], [80.1257287, 12.9831837], [80.1258203, 12.9831613], [80.1259348, 12.9831617], [80.1260263, 12.9831165], [80.1261408, 12.983117], [80.1261408, 12.9830941], [80.1262553, 12.9830946], [80.1262553, 12.9830718], [80.1263926, 12.9830724], [80.1263926, 12.9830496], [80.12653, 12.9830501], [80.12653, 12.9830273], [80.1266445, 12.9830278], [80.1266444, 12.983005], [80.1267818, 12.9830055], [80.1267818, 12.9829827], [80.1269192, 12.9829833], [80.1269192, 12.9829605], [80.1270337, 12.982961], [80.1270336, 12.9829381], [80.127171, 12.9829387], [80.127171, 12.9829159], [80.1273084, 12.9829165], [80.1273084, 12.9828937], [80.1274228, 12.9828941], [80.1274228, 12.9828713], [80.1275602, 12.9828719], [80.1275602, 12.9828491], [80.1276976, 12.9828496], [80.1276976, 12.9828268], [80.127812, 12.9828273], [80.127812, 12.9828045], [80.1279494, 12.982805], [80.1279494, 12.9827822], [80.1280639, 12.9827827], [80.1280639, 12.9827599], [80.1281783, 12.9827604], [80.1282699, 12.9827379], [80.1283386, 12.9826698], [80.1284072, 12.9826701], [80.1284759, 12.9826247], [80.1285445, 12.9825109], [80.1287276, 12.982352], [80.1287505, 12.9822837], [80.128842, 12.9822612], [80.1289336, 12.9821704], [80.1291167, 12.9821027], [80.1291396, 12.9820572], [80.1293227, 12.9819895], [80.1293914, 12.9819441], [80.1293913, 12.9817844], [80.1293684, 12.9817844], [80.1293683, 12.9816247], [80.1293454, 12.9816246], [80.1293453, 12.9815105], [80.1293224, 12.9815104], [80.1293223, 12.9813279], [80.1292765, 12.9812365], [80.1292763, 12.9809627], [80.1292534, 12.9809626], [80.1292533, 12.9807801], [80.1292304, 12.98078], [80.1292303, 12.9805975], [80.1292074, 12.9805974], [80.1292073, 12.9804149], [80.1291844, 12.9804148], [80.1291843, 12.9802323], [80.1291614, 12.9802323], [80.1291613, 12.9800498], [80.1291384, 12.9800497], [80.1291383, 12.9799128], [80.1290924, 12.9797529], [80.1290237, 12.9796614], [80.1290007, 12.9795244], [80.1289091, 12.9795012], [80.1284512, 12.9794993], [80.1284512, 12.9795221], [80.1283138, 12.9795216], [80.1283138, 12.9795444], [80.1281994, 12.9795439], [80.1281994, 12.9795667], [80.128062, 12.9795662], [80.128062, 12.979589], [80.1279246, 12.9795884], [80.1279246, 12.9796112], [80.1278102, 12.9796107], [80.1278102, 12.9796335], [80.1276728, 12.979633], [80.1276728, 12.9796558], [80.1275354, 12.9796552], [80.1275354, 12.979678], [80.127421, 12.9796776], [80.127421, 12.9797004], [80.1272836, 12.9796998], [80.1272836, 12.9797226], [80.1271691, 12.9797222], [80.1271692, 12.979745], [80.1270318, 12.9797444], [80.1270318, 12.9797672], [80.1265281, 12.9797651], [80.1262761, 12.979536], [80.1262761, 12.9794903], [80.1261386, 12.9793757], [80.1261386, 12.9793301], [80.1260699, 12.9792842], [80.126024, 12.9791699], [80.1259553, 12.979124], [80.1259553, 12.9790784], [80.1258866, 12.9790325], [80.1258865, 12.9789869], [80.125772, 12.9788951], [80.125772, 12.9788495], [80.1256804, 12.9788035], [80.1255429, 12.9786433], [80.1254971, 12.9786203], [80.1253367, 12.9784827], [80.1252909, 12.9783685], [80.1252222, 12.9783226], [80.1251075, 12.9780483], [80.1250617, 12.9780253], [80.1249929, 12.9778425], [80.1249471, 12.9777739], [80.124718, 12.977522], [80.1246722, 12.977499], [80.1244203, 12.977498], [80.1244203, 12.9774752], [80.1240997, 12.9774739], [80.1240997, 12.977451], [80.1238249, 12.9773359], [80.123802, 12.9772901], [80.1236188, 12.9771981], [80.1235729, 12.9771295], [80.1234584, 12.9770834], [80.1234126, 12.9770148], [80.123321, 12.9769688], [80.1232523, 12.9769685], [80.1232294, 12.9769228], [80.1231607, 12.9769225], [80.1231378, 12.9768768], [80.1229317, 12.9768759], [80.1229317, 12.9768531], [80.1225882, 12.9768517], [80.1225883, 12.9768745], [80.1222448, 12.9768731], [80.1222448, 12.9768959], [80.1219014, 12.9768945], [80.1219014, 12.9769173], [80.121558, 12.9769159], [80.121558, 12.9769387], [80.1212145, 12.9769373], [80.1212145, 12.9769601], [80.1208711, 12.9769587], [80.1208711, 12.9769815], [80.1205277, 12.97698], [80.1205277, 12.9770029], [80.1201842, 12.9770014], [80.1201843, 12.9770243], [80.1198179, 12.9770227], [80.1198179, 12.9770456], [80.1194745, 12.9770441], [80.1194745, 12.9770669], [80.1191311, 12.9770655], [80.1191311, 12.9770883], [80.1187876, 12.9770869], [80.1187876, 12.9771097], [80.118261, 12.9771076], [80.1182611, 12.9771304], [80.1177573, 12.9771283], [80.1177577, 12.9777899]]]}}, {"type": "Feature", "properties": {"ward": "4", "zone": "1", "zone_name": "PAMMAL", "area_km2": 0.698}, "geometry": {"type": "Polygon", "coordinates": [[[80.1174127, 12.9750966], [80.1173898, 12.9750965], [80.11739, 12.975393], [80.1174129, 12.9753931], [80.1174132, 12.9758722], [80.1174361, 12.9758723], [80.1174359, 12.9755529], [80.1174817, 12.9756443], [80.1174818, 12.9757584], [80.1175047, 12.9757585], [80.1175047, 12.9758726], [80.1175965, 12.9761467], [80.1175968, 12.9766942], [80.1176197, 12.9766943], [80.1176195, 12.9763749], [80.1176424, 12.976375], [80.1176425, 12.9764891], [80.1176654, 12.9765804], [80.1177113, 12.9766262], [80.1177113, 12.9767859], [80.1177572, 12.9768774], [80.1177573, 12.9771283], [80.1182611, 12.9771304], [80.118261, 12.9771076], [80.1187876, 12.9771097], [80.1187876, 12.9770869], [80.1191311, 12.9770883], [80.1191311, 12.9770655], [80.1194745, 12.9770669], [80.1194745, 12.9770441], [80.1198179, 12.9770456], [80.1198179, 12.9770227], [80.1201843, 12.9770243], [80.1201842, 12.9770014], [80.1205277, 12.9770029], [80.1205277, 12.97698], [80.1208711, 12.9769815], [80.1208711, 12.9769587], [80.1212145, 12.9769601], [80.1212145, 12.9769373], [80.121558, 12.9769387], [80.121558, 12.9769159], [80.1219014, 12.9769173], [80.1219014, 12.9768945], [80.1222448, 12.9768959], [80.1222448, 12.9768731], [80.1225883, 12.9768745], [80.1225882, 12.9768517], [80.1229317, 12.9768531], [80.1229317, 12.9768759], [80.1231378, 12.9768768], [80.1231607, 12.9769225], [80.1232294, 12.9769228], [80.1232523, 12.9769685], [80.123321, 12.9769688], [80.1234126, 12.9770148], [80.1234584, 12.9770834], [80.1235729, 12.9771295], [80.1236188, 12.9771981], [80.123802, 12.9772901], [80.1238249, 12.9773359], [80.1240997, 12.977451], [80.1240997, 12.9774739], [80.1244203, 12.9774752], [80.1244203, 12.977498], [80.1246722, 12.977499], [80.124718, 12.977522], [80.1249471, 12.9777739], [80.1249929, 12.9778425], [80.1250617, 12.9780253], [80.1251075, 12.9780483], [80.1252222, 12.9783226], [80.1252909, 12.9783685], [80.1253367, 12.9784827], [80.1254971, 12.9786203], [80.1255429, 12.9786433], [80.1256804, 12.9788035], [80.125772, 12.9788495], [80.125772, 12.9788951], [80.1258865, 12.9789869], [80.1258866, 12.9790325], [80.1259553, 12.9790784], [80.1259553, 12.979124], [80.126024, 12.9791699], [80.1260699, 12.9792842], [80.1261386, 12.9793301], [80.1261386, 12.9793757], [80.1262761, 12.9794903], [80.1262761, 12.979536], [80.1265281, 12.9797651], [80.1270318, 12.9797672], [80.1270318, 12.9797444], [80.1271692, 12.979745], [80.1271691, 12.9797222], [80.1272836, 12.9797226], [80.1272836, 12.9796998], [80.127421, 12.9797004], [80.127421, 12.9796776], [80.1275354, 12.979678], [80.1275354, 12.9796552], [80.1276728, 12.9796558], [80.1276728, 12.979633], [80.1278102, 12.9796335], [80.1278102, 12.9796107], [80.1279246, 12.9796112], [80.1279246, 12.9795884], [80.128062, 12.979589], [80.128062, 12.9795662], [80.1281994, 12.9795667], [80.1281994, 12.9795439], [80.1283138, 12.9795444], [80.1283138, 12.9795216], [80.1284512, 12.9795221], [80.1284512, 12.9794993], [80.1289091, 12.9795012], [80.1290007, 12.9795244], [80.1290693, 12.9794106], [80.129138, 12.9793653], [80.129138, 12.9793197], [80.1294355, 12.9790471], [80.1294812, 12.9790245], [80.1295956, 12.9788881], [80.1296414, 12.9788883], [80.1298016, 12.9787065], [80.1298245, 12.9786609], [80.1299847, 12.9785247], [80.1299846, 12.9784791], [80.1300762, 12.978411], [80.1300761, 12.9783654], [80.1301906, 12.9782746], [80.1301905, 12.978229], [80.1302821, 12.978161], [80.1302821, 12.9781153], [80.1303736, 12.9780473], [80.1303736, 12.9780016], [80.1304422, 12.9779563], [80.1304651, 12.9778651], [80.1305337, 12.9778198], [80.1305337, 12.9777742], [80.1306024, 12.9777288], [80.1306023, 12.9776604], [80.130671, 12.9775694], [80.1306709, 12.977501], [80.1307167, 12.9774556], [80.1307167, 12.9773871], [80.1308998, 12.9772966], [80.1309226, 12.9772511], [80.1310142, 12.9772287], [80.1310371, 12.9771831], [80.1311058, 12.9771834], [80.1311515, 12.977138], [80.1312889, 12.9771157], [80.1313347, 12.9770703], [80.131472, 12.9770481], [80.1315178, 12.9770026], [80.1316552, 12.9769804], [80.1317925, 12.9768897], [80.1320214, 12.976845], [80.1320214, 12.9768222], [80.1322733, 12.9768232], [80.1322733, 12.9768004], [80.1324793, 12.9768013], [80.1325251, 12.9768243], [80.132548, 12.9768244], [80.1326624, 12.976688], [80.1327997, 12.9765973], [80.1328912, 12.976438], [80.1328912, 12.9763239], [80.1328683, 12.9763238], [80.1328682, 12.9761185], [80.1328453, 12.9761184], [80.1328223, 12.9759586], [80.1327535, 12.9758671], [80.1327535, 12.9757987], [80.1327077, 12.9757529], [80.1327076, 12.9756844], [80.1326618, 12.9756386], [80.1326388, 12.9755244], [80.1325701, 12.9754785], [80.1325701, 12.9754329], [80.1325014, 12.975387], [80.1324556, 12.9753184], [80.1324555, 12.9752499], [80.1324097, 12.9752269], [80.1323867, 12.9751128], [80.1323409, 12.9750898], [80.1322492, 12.9748385], [80.1321117, 12.9746782], [80.1320659, 12.974678], [80.1319514, 12.9745407], [80.1317911, 12.97454], [80.1317911, 12.9745172], [80.1314477, 12.9745158], [80.1314247, 12.9744701], [80.1313103, 12.9744696], [80.1313103, 12.9744924], [80.13115, 12.9745146], [80.1311271, 12.9744688], [80.1309897, 12.9744683], [80.1309897, 12.9744455], [80.1308065, 12.9744447], [80.1307607, 12.9743761], [80.1307149, 12.9743759], [80.1306462, 12.9742843], [80.1305775, 12.9742841], [80.1305088, 12.9743294], [80.1304631, 12.9743977], [80.1303944, 12.9744202], [80.1303715, 12.9743745], [80.1301654, 12.9743736], [80.1301654, 12.9743964], [80.1299364, 12.9743955], [80.1298678, 12.974418], [80.1298678, 12.9744636], [80.1297991, 12.9744862], [80.1297992, 12.9745546], [80.1297305, 12.9746684], [80.1297306, 12.9748053], [80.1297078, 12.9748964], [80.129662, 12.9749647], [80.1295935, 12.9752609], [80.1295019, 12.9752834], [80.1294791, 12.9753289], [80.1293875, 12.9753513], [80.1291127, 12.9753502], [80.129044, 12.9753043], [80.1289524, 12.9753039], [80.1289524, 12.9752355], [80.1289066, 12.9751668], [80.1289065, 12.9750528], [80.1288836, 12.9750527], [80.1288835, 12.974893], [80.1288606, 12.9748929], [80.1288605, 12.974756], [80.1288834, 12.9747561], [80.1288832, 12.9744139], [80.1288603, 12.9744138], [80.1288603, 12.9742998], [80.1288374, 12.9742997], [80.1287915, 12.9741398], [80.1287457, 12.9741168], [80.1287227, 12.9740255], [80.128654, 12.9739796], [80.128654, 12.9739339], [80.1284707, 12.9737735], [80.1284478, 12.973705], [80.1283562, 12.9737274], [80.1282189, 12.9737268], [80.1282189, 12.9737496], [80.1278754, 12.9737482], [80.1278754, 12.9737254], [80.1277609, 12.9737249], [80.1277609, 12.9737021], [80.1276464, 12.9737016], [80.1276464, 12.9736788], [80.127509, 12.9736783], [80.127509, 12.9736555], [80.1273488, 12.9736548], [80.1273487, 12.973632], [80.1271427, 12.9736311], [80.1271427, 12.9736083], [80.1269137, 12.9736074], [80.1269137, 12.9735846], [80.1266847, 12.9735836], [80.1266847, 12.9735608], [80.1265015, 12.97356], [80.1265015, 12.9735372], [80.1263871, 12.9735368], [80.126387, 12.9735139], [80.126158, 12.9734446], [80.1260893, 12.973353], [80.1260435, 12.9733528], [80.1258144, 12.973101], [80.1257228, 12.973055], [80.1256541, 12.9730547], [80.1256083, 12.9730089], [80.125448, 12.9729626], [80.1250358, 12.9728696], [80.12499, 12.9728238], [80.1249213, 12.9728235], [80.1248755, 12.9727777], [80.1247381, 12.9727543], [80.1246465, 12.9726855], [80.1245778, 12.9726852], [80.1245091, 12.9726393], [80.1243946, 12.9726388], [80.1243946, 12.972616], [80.1241198, 12.9726149], [80.1241198, 12.9726377], [80.123868, 12.9726367], [80.1238451, 12.9727278], [80.1237994, 12.9727733], [80.1237994, 12.9728417], [80.1237536, 12.9728643], [80.123685, 12.9730465], [80.1235935, 12.9731146], [80.1235478, 12.9732285], [80.1234104, 12.9733192], [80.1233417, 12.9733189], [80.1232502, 12.9733869], [80.1231815, 12.9733866], [80.1230442, 12.9734773], [80.1229755, 12.973477], [80.122884, 12.9735451], [80.1228153, 12.9735448], [80.1227237, 12.9736129], [80.122655, 12.9736126], [80.1225635, 12.9736807], [80.1224948, 12.9736804], [80.1224033, 12.9737484], [80.1223346, 12.9737481], [80.122243, 12.9738162], [80.122037, 12.973861], [80.1219912, 12.9739064], [80.1215792, 12.9740188], [80.1215334, 12.9740642], [80.1214647, 12.9740639], [80.120984, 12.9742444], [80.1208924, 12.9742669], [80.1207322, 12.9742662], [80.1207322, 12.974289], [80.1205719, 12.9742884], [80.1205719, 12.9743112], [80.12032, 12.9743101], [80.1203201, 12.974333], [80.1202056, 12.9743325], [80.1202056, 12.9743553], [80.1200453, 12.9743546], [80.1200453, 12.9743774], [80.1198622, 12.9743767], [80.1198622, 12.9743995], [80.1196561, 12.9743986], [80.1196561, 12.9744215], [80.1195188, 12.9744209], [80.1195188, 12.9744437], [80.1193585, 12.974443], [80.1193585, 12.9744659], [80.1191753, 12.9744651], [80.1191753, 12.9744879], [80.1189922, 12.9744872], [80.1189922, 12.97451], [80.118809, 12.9745092], [80.118809, 12.974532], [80.118603, 12.9745312], [80.118603, 12.974554], [80.1184427, 12.9745533], [80.1184427, 12.9745761], [80.1183053, 12.9745756], [80.1183054, 12.9745984], [80.1181451, 12.9745977], [80.1180535, 12.974643], [80.1179391, 12.9746425], [80.1178933, 12.9746879], [80.1178017, 12.9746875], [80.1176873, 12.9747555], [80.1175041, 12.9747548], [80.1174125, 12.9747772], [80.1174127, 12.9750966]]]}}, {"type": "Feature", "properties": {"ward": "5", "zone": "1", "zone_name": "PAMMAL", "area_km2": 1.579}, "geometry": {"type": "Polygon", "coordinates": [[[80.1142258, 12.9676922], [80.1142488, 12.9677835], [80.1143404, 12.9678752], [80.1143405, 12.9679436], [80.1144092, 12.9679667], [80.1144092, 12.9680123], [80.1145008, 12.9680811], [80.1145008, 12.9681268], [80.1145695, 12.9681727], [80.1145696, 12.9682183], [80.1146841, 12.9683556], [80.1146613, 12.968424], [80.1146615, 12.9687434], [80.1146386, 12.9687433], [80.1146388, 12.9691539], [80.1146617, 12.969154], [80.1147076, 12.969291], [80.1147534, 12.969314], [80.1147763, 12.9693826], [80.1150056, 12.9698854], [80.1150514, 12.9699084], [80.1151431, 12.9701369], [80.1151889, 12.9701599], [80.1151891, 12.9704337], [80.115212, 12.9704337], [80.1152118, 12.9702284], [80.1152805, 12.9702515], [80.1153722, 12.970366], [80.1153952, 12.9704801], [80.115441, 12.9705259], [80.115464, 12.9706857], [80.1155098, 12.9707087], [80.1154869, 12.9707543], [80.1155327, 12.9707773], [80.1155786, 12.9710056], [80.1156244, 12.9710514], [80.1156245, 12.9711198], [80.1156703, 12.9711884], [80.1156705, 12.9714394], [80.1156933, 12.9713482], [80.1157391, 12.971394], [80.115785, 12.9715995], [80.1158308, 12.9716225], [80.115808, 12.9716681], [80.1158538, 12.9716911], [80.1158767, 12.9717824], [80.1159684, 12.9718741], [80.1159685, 12.9720337], [80.1159913, 12.9719426], [80.11606, 12.9720113], [80.116083, 12.9721026], [80.1161517, 12.9721714], [80.1161518, 12.9723995], [80.1161747, 12.9723996], [80.1161747, 12.9722627], [80.1162205, 12.9722629], [80.1162205, 12.9723313], [80.1163351, 12.9724687], [80.116358, 12.97256], [80.1164038, 12.9725602], [80.1164038, 12.9726287], [80.1164497, 12.9726973], [80.1164497, 12.9728342], [80.1164727, 12.9728799], [80.1164726, 12.9727202], [80.1165184, 12.9728116], [80.116633, 12.972949], [80.1166331, 12.9731771], [80.116656, 12.9731772], [80.1166559, 12.9730631], [80.1167247, 12.9731319], [80.1167476, 12.9732232], [80.1168393, 12.9734517], [80.1168851, 12.9734747], [80.1169081, 12.9736345], [80.1169769, 12.9736804], [80.1169998, 12.9737946], [80.1170915, 12.9739318], [80.1171832, 12.9741831], [80.117229, 12.9742061], [80.117252, 12.9742975], [80.1173666, 12.9745717], [80.1174124, 12.9745947], [80.1174125, 12.9747772], [80.1175041, 12.9747548], [80.1176873, 12.9747555], [80.1178017, 12.9746875], [80.1178933, 12.9746879], [80.1179391, 12.9746425], [80.1180535, 12.974643], [80.1181451, 12.9745977], [80.1183054, 12.9745984], [80.1183053, 12.9745756], [80.1184427, 12.9745761], [80.1184427, 12.9745533], [80.118603, 12.974554], [80.118603, 12.9745312], [80.118809, 12.974532], [80.118809, 12.9745092], [80.1189922, 12.97451], [80.1189922, 12.9744872], [80.1191753, 12.9744879], [80.1191753, 12.9744651], [80.1193585, 12.9744659], [80.1193585, 12.974443], [80.1195188, 12.9744437], [80.1195188, 12.9744209], [80.1196561, 12.9744215], [80.1196561, 12.9743986], [80.1198622, 12.9743995], [80.1198622, 12.9743767], [80.1200453, 12.9743774], [80.1200453, 12.9743546], [80.1202056, 12.9743553], [80.1202056, 12.9743325], [80.1203201, 12.974333], [80.12032, 12.9743101], [80.1205719, 12.9743112], [80.1205719, 12.9742884], [80.1207322, 12.974289], [80.1207322, 12.9742662], [80.1208924, 12.9742669], [80.120984, 12.9742444], [80.1214647, 12.9740639], [80.1215334, 12.9740642], [80.1215792, 12.9740188], [80.1219912, 12.9739064], [80.122037, 12.973861], [80.122243, 12.9738162], [80.1223346, 12.9737481], [80.1224033, 12.9737484], [80.1224948, 12.9736804], [80.1225635, 12.9736807], [80.122655, 12.9736126], [80.1227237, 12.9736129], [80.1228153, 12.9735448], [80.122884, 12.9735451], [80.1229755, 12.973477], [80.1230442, 12.9734773], [80.1231815, 12.9733866], [80.1232502, 12.9733869], [80.1233417, 12.9733189], [80.1234104, 12.9733192], [80.1235478, 12.9732285], [80.1235935, 12.9731146], [80.123685, 12.9730465], [80.1237536, 12.9728643], [80.1237994, 12.9728417], [80.1237994, 12.9727733], [80.1238451, 12.9727278], [80.123868, 12.9726367], [80.1241198, 12.9726377], [80.1241198, 12.9726149], [80.1243946, 12.972616], [80.1243946, 12.9726388], [80.1245091, 12.9726393], [80.1245778, 12.9726852], [80.1246465, 12.9726855], [80.1247381, 12.9727543], [80.1248755, 12.9727777], [80.1249213, 12.9728235], [80.12499, 12.9728238], [80.1250358, 12.9728696], [80.125448, 12.9729626], [80.1256083, 12.9730089], [80.1256541, 12.9730547], [80.1257228, 12.973055], [80.1258144, 12.973101], [80.1260435, 12.9733528], [80.1260893, 12.973353], [80.126158, 12.9734446], [80.126387, 12.9735139], [80.1263871, 12.9735368], [80.1265015, 12.9735372], [80.1265015, 12.97356], [80.1266847, 12.9735608], [80.1266847, 12.9735836], [80.1269137, 12.9735846], [80.1269137, 12.9736074], [80.1271427, 12.9736083], [80.1271427, 12.9736311], [80.1273487, 12.973632], [80.1273488, 12.9736548], [80.127509, 12.9736555], [80.127509, 12.9736783], [80.1276464, 12.9736788], [80.1276464, 12.9737016], [80.1277609, 12.9737021], [80.1277609, 12.9737249], [80.1278754, 12.9737254], [80.1278754, 12.9737482], [80.1282189, 12.9737496], [80.1282189, 12.9737268], [80.1283562, 12.9737274], [80.1284478, 12.973705], [80.1284477, 12.9735909], [80.1284706, 12.973591], [80.1284706, 12.9734769], [80.1284935, 12.973477], [80.1284934, 12.973363], [80.1285163, 12.9733631], [80.1285162, 12.9732262], [80.1285391, 12.9732263], [80.128539, 12.9730438], [80.1285619, 12.9730439], [80.1286305, 12.9728388], [80.1286762, 12.9728162], [80.1286762, 12.9727478], [80.128722, 12.9727023], [80.1287219, 12.9725198], [80.128699, 12.9725198], [80.1286986, 12.9719494], [80.1288817, 12.9718361], [80.1289504, 12.9718136], [80.1291107, 12.9718143], [80.1291107, 12.9718371], [80.1292481, 12.9718605], [80.1293168, 12.9719064], [80.1293626, 12.971975], [80.1294084, 12.9719752], [80.1294543, 12.9720438], [80.1295459, 12.9720898], [80.1296603, 12.9720903], [80.1296604, 12.9721131], [80.1298664, 12.9721139], [80.1299351, 12.9720914], [80.1300724, 12.9720007], [80.1301411, 12.972001], [80.1301868, 12.97191], [80.1301868, 12.9718187], [80.1302325, 12.9717505], [80.1302325, 12.9716364], [80.1302554, 12.9716365], [80.1302553, 12.9714996], [80.1302782, 12.9714997], [80.1302781, 12.9713172], [80.130301, 12.9713173], [80.1303009, 12.971112], [80.130278, 12.9711119], [80.130255, 12.9709293], [80.1302091, 12.9708835], [80.1301403, 12.9706551], [80.1300945, 12.9706321], [80.1300486, 12.970495], [80.1297966, 12.9702202], [80.1295219, 12.9702191], [80.1294303, 12.9701731], [80.1292242, 12.9701722], [80.1292242, 12.9701494], [80.1291097, 12.970149], [80.129041, 12.9701259], [80.1290181, 12.9700573], [80.129018, 12.9699433], [80.1289951, 12.9699432], [80.128995, 12.9697379], [80.1290179, 12.969738], [80.1290864, 12.9694645], [80.1291322, 12.9694191], [80.1291321, 12.9693506], [80.1292008, 12.9692368], [80.1292007, 12.9691228], [80.1291778, 12.9691227], [80.1291777, 12.968963], [80.1292463, 12.9688948], [80.1292463, 12.9688492], [80.129315, 12.9688039], [80.129315, 12.9687582], [80.1294065, 12.9686902], [80.1294293, 12.968599], [80.1296812, 12.9686001], [80.1296812, 12.9685773], [80.1299559, 12.9685784], [80.1299559, 12.9685556], [80.1302078, 12.9685566], [80.1302078, 12.9685338], [80.1304825, 12.9684893], [80.130574, 12.9684213], [80.1306427, 12.9684215], [80.1307801, 12.9683309], [80.1308945, 12.9683085], [80.1311005, 12.9681269], [80.1311005, 12.9680813], [80.131192, 12.9680132], [80.1312149, 12.9679677], [80.1312147, 12.9677623], [80.1311919, 12.9677623], [80.1311918, 12.9676254], [80.1311689, 12.9676253], [80.1311688, 12.9675112], [80.1311459, 12.9674427], [80.1310085, 12.9674193], [80.1309627, 12.9673735], [80.130894, 12.9673732], [80.1308252, 12.9673045], [80.1307566, 12.9673042], [80.1307107, 12.9672584], [80.130642, 12.9672581], [80.1306191, 12.9672124], [80.1305275, 12.9671664], [80.1302986, 12.9671654], [80.1302986, 12.9671883], [80.1301383, 12.9671876], [80.1301383, 12.9672104], [80.1298178, 12.9672091], [80.1298177, 12.9671863], [80.1296804, 12.9671857], [80.1296804, 12.9671629], [80.1295658, 12.967094], [80.1295658, 12.9670255], [80.12952, 12.9670025], [80.129497, 12.9668884], [80.1294512, 12.9668426], [80.1294282, 12.9666828], [80.1293824, 12.9665913], [80.1293823, 12.9664773], [80.1293365, 12.9663858], [80.1293364, 12.9662718], [80.1293135, 12.9662717], [80.1293134, 12.9661576], [80.1292446, 12.9659748], [80.1292446, 12.9658608], [80.1292217, 12.9658607], [80.1292216, 12.9657466], [80.1291758, 12.9656552], [80.1291757, 12.9655411], [80.1291528, 12.965541], [80.1291527, 12.965427], [80.1291069, 12.9653355], [80.1291068, 12.9652215], [80.1290839, 12.9652214], [80.1290838, 12.9650845], [80.1290609, 12.9650844], [80.1290609, 12.9649247], [80.129038, 12.9649246], [80.1290379, 12.9647649], [80.1290149, 12.9647192], [80.1289004, 12.9646959], [80.1288088, 12.9646499], [80.1286944, 12.9646495], [80.1286027, 12.9646035], [80.1283051, 12.9646022], [80.1283051, 12.964625], [80.1280533, 12.964624], [80.1280533, 12.9646468], [80.1278014, 12.9646458], [80.1278014, 12.9646686], [80.1275725, 12.9646676], [80.1275725, 12.9646904], [80.1272748, 12.9646892], [80.1272748, 12.9646664], [80.1270459, 12.9646655], [80.1268626, 12.9644594], [80.1268168, 12.9644592], [80.1265648, 12.9641844], [80.126519, 12.9641842], [80.1264731, 12.9641156], [80.1262212, 12.9639777], [80.1259235, 12.9639765], [80.1259236, 12.9639993], [80.1258091, 12.9639988], [80.1258091, 12.9640216], [80.1256259, 12.9640437], [80.1255115, 12.9641116], [80.1254199, 12.9641112], [80.1253512, 12.9641566], [80.1251681, 12.9641786], [80.1250994, 12.964224], [80.1246873, 12.9642223], [80.1245728, 12.9641534], [80.1245041, 12.9641531], [80.1244125, 12.9640843], [80.1244124, 12.9640386], [80.1242979, 12.9639469], [80.1242979, 12.9639013], [80.1242292, 12.9638554], [80.1242291, 12.9638098], [80.1240917, 12.9636495], [80.1240687, 12.9635582], [80.1239771, 12.9634665], [80.1239541, 12.9633752], [80.1238167, 12.9632149], [80.1237937, 12.9631236], [80.1237021, 12.963032], [80.1236791, 12.9629406], [80.1235416, 12.9627804], [80.1235187, 12.962689], [80.1234271, 12.9625974], [80.1233812, 12.9624603], [80.1233354, 12.9624373], [80.1233124, 12.962346], [80.1231979, 12.9622086], [80.1230147, 12.9622079], [80.1230147, 12.9622307], [80.1228773, 12.9622301], [80.1228774, 12.9622529], [80.1227171, 12.9622523], [80.1227171, 12.9622751], [80.1224195, 12.9623423], [80.1222822, 12.9625014], [80.1222364, 12.9625012], [80.1220534, 12.9627058], [80.1220076, 12.9627056], [80.1219618, 12.9627738], [80.1218702, 12.9627963], [80.1218474, 12.9628418], [80.1217558, 12.9628642], [80.1217329, 12.9629098], [80.121504, 12.9630001], [80.1208862, 12.9636363], [80.1208404, 12.9636361], [80.1207718, 12.963727], [80.120726, 12.9637269], [80.1204285, 12.9639309], [80.1203598, 12.9639307], [80.1202911, 12.9639988], [80.1202454, 12.9640899], [80.1200852, 12.9641805], [80.1200852, 12.9642489], [80.1199936, 12.9642713], [80.1194902, 12.9647939], [80.1194216, 12.9648393], [80.11933, 12.9648617], [80.1193071, 12.9649072], [80.1192155, 12.9649297], [80.1191927, 12.9649752], [80.1190096, 12.9650429], [80.1189638, 12.9651111], [80.118918, 12.965111], [80.118735, 12.9653155], [80.1186892, 12.9653153], [80.1186434, 12.9653836], [80.1185976, 12.9653834], [80.1185519, 12.9654516], [80.1185061, 12.9654514], [80.1184145, 12.9655195], [80.1183458, 12.9655192], [80.1182772, 12.9655646], [80.1181856, 12.965587], [80.1178651, 12.9656997], [80.1178423, 12.9657453], [80.1177507, 12.9657677], [80.1177278, 12.9658132], [80.1176363, 12.9658357], [80.1175676, 12.965881], [80.1175218, 12.9659492], [80.117476, 12.9659491], [80.1174074, 12.96604], [80.1173616, 12.9660398], [80.1172701, 12.9661535], [80.1172243, 12.9661533], [80.1169955, 12.9664033], [80.1169497, 12.9664031], [80.1169039, 12.9664714], [80.1168582, 12.9664712], [80.1168124, 12.9665394], [80.1167437, 12.9665848], [80.1166522, 12.9666072], [80.1166293, 12.9666527], [80.1164919, 12.966675], [80.1164462, 12.9667204], [80.1162859, 12.9667654], [80.116057, 12.9667644], [80.116057, 12.9667873], [80.1159425, 12.9667868], [80.1159425, 12.9668096], [80.115622, 12.9669451], [80.1155992, 12.9669907], [80.1155076, 12.9670359], [80.1154389, 12.9670356], [80.1153016, 12.9671263], [80.1152329, 12.967126], [80.1151643, 12.9671714], [80.1150727, 12.9671938], [80.1148208, 12.9671928], [80.1148208, 12.9672156], [80.1146606, 12.9672149], [80.1145461, 12.9672829], [80.1144774, 12.9672826], [80.1142715, 12.9675099], [80.1141342, 12.9676006], [80.1142258, 12.9676922]]]}}, {"type": "Feature", "properties": {"ward": "6", "zone": "1", "zone_name": "PAMMAL", "area_km2": 0.655}, "geometry": {"type": "Polygon", "coordinates": [[[80.1284707, 12.9737735], [80.128654, 12.9739339], [80.128654, 12.9739796], [80.1287227, 12.9740255], [80.1287457, 12.9741168], [80.1287915, 12.9741398], [80.1288374, 12.9742997], [80.1288603, 12.9742998], [80.1288603, 12.9744138], [80.1288832, 12.9744139], [80.1288834, 12.9747561], [80.1288605, 12.974756], [80.1288606, 12.9748929], [80.1288835, 12.974893], [80.1288836, 12.9750527], [80.1289065, 12.9750528], [80.1289066, 12.9751668], [80.1289524, 12.9752355], [80.1289524, 12.9753039], [80.129044, 12.9753043], [80.1291127, 12.9753502], [80.1293875, 12.9753513], [80.1294791, 12.9753289], [80.1295019, 12.9752834], [80.1295935, 12.9752609], [80.129662, 12.9749647], [80.1297078, 12.9748964], [80.1297306, 12.9748053], [80.1297305, 12.9746684], [80.1297992, 12.9745546], [80.1297991, 12.9744862], [80.1298678, 12.9744636], [80.1298678, 12.974418], [80.1299364, 12.9743955], [80.1301654, 12.9743964], [80.1301654, 12.9743736], [80.1303715, 12.9743745], [80.1303944, 12.9744202], [80.1304631, 12.9743977], [80.1305088, 12.9743294], [80.1305775, 12.9742841], [80.1306462, 12.9742843], [80.1307149, 12.9743759], [80.1307607, 12.9743761], [80.1308065, 12.9744447], [80.1309897, 12.9744455], [80.1309897, 12.9744683], [80.1311271, 12.9744688], [80.13115, 12.9745146], [80.1313103, 12.9744924], [80.1313103, 12.9744696], [80.1314247, 12.9744701], [80.1314477, 12.9745158], [80.1317911, 12.9745172], [80.1317911, 12.97454], [80.1319514, 12.9745407], [80.1320659, 12.974678], [80.1321117, 12.9746782], [80.1322492, 12.9748385], [80.1323409, 12.9750898], [80.1323867, 12.9751128], [80.1324097, 12.9752269], [80.1324555, 12.9752499], [80.1324556, 12.9753184], [80.1325014, 12.975387], [80.1325701, 12.9754329], [80.1325701, 12.9754785], [80.1326388, 12.9755244], [80.1326618, 12.9756386], [80.1327076, 12.9756844], [80.1327077, 12.9757529], [80.1327535, 12.9757987], [80.1327535, 12.9758671], [80.1328223, 12.9759586], [80.1328453, 12.9761184], [80.1328682, 12.9761185], [80.1328683, 12.9763238], [80.1328912, 12.9763239], [80.1328912, 12.976438], [80.1327997, 12.9765973], [80.1326624, 12.976688], [80.132548, 12.9768244], [80.1325251, 12.9768243], [80.132571, 12.9768929], [80.1325939, 12.9769843], [80.132594, 12.9771668], [80.1326628, 12.9773039], [80.1326628, 12.9773952], [80.1327545, 12.9776009], [80.1327546, 12.9776921], [80.1328004, 12.9777379], [80.1328005, 12.9778064], [80.1328463, 12.9778522], [80.1328922, 12.9780577], [80.132938, 12.9781035], [80.132938, 12.9781719], [80.1331672, 12.9785607], [80.1331902, 12.978652], [80.133236, 12.978675], [80.1332589, 12.9787664], [80.1333048, 12.978835], [80.1334193, 12.9789267], [80.1334193, 12.9789723], [80.1335797, 12.9791099], [80.1335797, 12.9791555], [80.1336484, 12.9792014], [80.1336943, 12.97927], [80.1337172, 12.9793614], [80.133763, 12.9793844], [80.133786, 12.9794757], [80.1338318, 12.9794987], [80.1338547, 12.9795901], [80.1339005, 12.9796131], [80.1339693, 12.9798415], [80.1340151, 12.9798645], [80.1340381, 12.9799558], [80.1340839, 12.9799788], [80.1341069, 12.9800702], [80.1341527, 12.9801388], [80.1342214, 12.9801847], [80.1342214, 12.9802303], [80.1344047, 12.9803908], [80.1344505, 12.9804138], [80.134588, 12.980574], [80.1346567, 12.9805971], [80.1347025, 12.9806886], [80.1347027, 12.9810536], [80.1346798, 12.9810535], [80.1346799, 12.9811675], [80.134657, 12.9811674], [80.134657, 12.9812131], [80.1348402, 12.9812138], [80.1348631, 12.9812595], [80.1349089, 12.9812369], [80.1350463, 12.9812375], [80.1351379, 12.9812607], [80.1351608, 12.9813977], [80.1352524, 12.981398], [80.1352524, 12.9813068], [80.1353669, 12.9813073], [80.1353669, 12.9813301], [80.1354814, 12.9813305], [80.1354814, 12.9813533], [80.1358935, 12.9813551], [80.1358935, 12.9813322], [80.1360538, 12.9813329], [80.1360537, 12.9813101], [80.1362827, 12.9812654], [80.13642, 12.9811747], [80.1364657, 12.981038], [80.1369923, 12.9810402], [80.1369923, 12.9809262], [80.1369694, 12.9809261], [80.1369693, 12.9807892], [80.1369464, 12.9807891], [80.1369463, 12.9806522], [80.1369234, 12.9806521], [80.1369233, 12.9805152], [80.1369004, 12.9805152], [80.1369004, 12.9804011], [80.1368774, 12.9803326], [80.1367399, 12.9801267], [80.1367399, 12.9800582], [80.1365795, 12.9797838], [80.1365794, 12.9797154], [80.1365336, 12.9796696], [80.1365336, 12.9796011], [80.1364877, 12.9795553], [80.1363271, 12.9790072], [80.1362813, 12.9789614], [80.1362813, 12.9788929], [80.1362355, 12.9788243], [80.1362125, 12.9787329], [80.1362122, 12.9781854], [80.1360289, 12.978025], [80.1360289, 12.9779794], [80.1359602, 12.9779335], [80.1359602, 12.9778878], [80.1358685, 12.9777962], [80.1358456, 12.9776821], [80.1357768, 12.9775449], [80.1357538, 12.9774536], [80.1357538, 12.9773395], [80.135685, 12.9771567], [80.1356849, 12.976997], [80.135639, 12.9769056], [80.135639, 12.9767915], [80.1356161, 12.9767914], [80.135616, 12.9766774], [80.1355931, 12.9766773], [80.135593, 12.9765404], [80.1355701, 12.9765403], [80.1355701, 12.9764262], [80.1355472, 12.9764261], [80.1355471, 12.9762893], [80.1355242, 12.9762892], [80.1355241, 12.9761523], [80.1355012, 12.9761522], [80.1355012, 12.9760381], [80.1354783, 12.976038], [80.1354782, 12.9759012], [80.1354553, 12.9759011], [80.1354552, 12.9757642], [80.1354323, 12.9757641], [80.1354322, 12.9756272], [80.1354093, 12.9756271], [80.1354093, 12.9755131], [80.1353864, 12.975513], [80.1353863, 12.9753761], [80.1353634, 12.975376], [80.1353633, 12.9752391], [80.1353404, 12.975239], [80.1353403, 12.9751022], [80.1353174, 12.9751021], [80.1353174, 12.9749652], [80.1352945, 12.9749651], [80.1352944, 12.9748054], [80.1352715, 12.9748053], [80.1352712, 12.9743719], [80.1352941, 12.974372], [80.1353169, 12.9742124], [80.1355686, 12.9739397], [80.1356831, 12.9738945], [80.1357288, 12.9738263], [80.1358204, 12.9738038], [80.1358433, 12.9737583], [80.1359348, 12.9737359], [80.1359577, 12.9736903], [80.1360493, 12.9736679], [80.1360721, 12.9736224], [80.1361637, 12.9736], [80.1361866, 12.9735544], [80.1364154, 12.9733501], [80.1364383, 12.9733045], [80.1364382, 12.9731905], [80.1364611, 12.9731906], [80.1364609, 12.9728027], [80.136438, 12.9728026], [80.1364379, 12.9726658], [80.136415, 12.9726657], [80.1364145, 12.9718444], [80.1363459, 12.9718441], [80.1363, 12.9717983], [80.1362313, 12.9717981], [80.1361626, 12.9717521], [80.136071, 12.971729], [80.1358192, 12.9717279], [80.1358192, 12.9717051], [80.1354757, 12.9717037], [80.1354757, 12.9717265], [80.1352468, 12.9717255], [80.135201, 12.9717025], [80.1350865, 12.9717705], [80.1349263, 12.9717698], [80.1349262, 12.971747], [80.134766, 12.9717464], [80.1346514, 12.9716547], [80.1345598, 12.9716315], [80.1344225, 12.9716309], [80.1344224, 12.9716081], [80.1341477, 12.9716069], [80.1341477, 12.9715841], [80.1338729, 12.971583], [80.1338729, 12.9715602], [80.1337584, 12.9715597], [80.1336897, 12.9715366], [80.1335751, 12.9713536], [80.1335751, 12.9712852], [80.1335293, 12.9712394], [80.1335292, 12.971171], [80.1334834, 12.9711023], [80.1334833, 12.9709883], [80.1334604, 12.9709882], [80.1334603, 12.9708057], [80.1334374, 12.9708056], [80.1334373, 12.970509], [80.1334144, 12.9705089], [80.1334141, 12.9700755], [80.133437, 12.9700756], [80.1334369, 12.9699387], [80.1335055, 12.9697565], [80.1335049, 12.9687299], [80.1335278, 12.96873], [80.1335275, 12.9681825], [80.1335046, 12.9681824], [80.1334816, 12.9679998], [80.1334358, 12.967954], [80.1334357, 12.9678856], [80.1333441, 12.9678624], [80.1332983, 12.9678166], [80.1332067, 12.9678162], [80.1331151, 12.9677702], [80.1329777, 12.9677696], [80.1329777, 12.9677468], [80.1324282, 12.9677445], [80.1324282, 12.9677217], [80.132245, 12.967721], [80.1321534, 12.9676294], [80.1321076, 12.9676292], [80.1320389, 12.9675376], [80.1319931, 12.9675374], [80.1319014, 12.967423], [80.1318327, 12.9673771], [80.1317411, 12.9673539], [80.1316495, 12.9672623], [80.131535, 12.967239], [80.1314663, 12.9672843], [80.1313061, 12.9673065], [80.1312145, 12.9674202], [80.1311459, 12.9674427], [80.1311688, 12.9675112], [80.1311689, 12.9676253], [80.1311918, 12.9676254], [80.1311919, 12.9677623], [80.1312147, 12.9677623], [80.1312149, 12.9679677], [80.131192, 12.9680132], [80.1311005, 12.9680813], [80.1311005, 12.9681269], [80.1308945, 12.9683085], [80.1307801, 12.9683309], [80.1306427, 12.9684215], [80.130574, 12.9684213], [80.1304825, 12.9684893], [80.1302078, 12.9685338], [80.1302078, 12.9685566], [80.1299559, 12.9685556], [80.1299559, 12.9685784], [80.1296812, 12.9685773], [80.1296812, 12.9686001], [80.1294293, 12.968599], [80.1294065, 12.9686902], [80.129315, 12.9687582], [80.129315, 12.9688039], [80.1292463, 12.9688492], [80.1292463, 12.9688948], [80.1291777, 12.968963], [80.1291778, 12.9691227], [80.1292007, 12.9691228], [80.1292008, 12.9692368], [80.1291321, 12.9693506], [80.1291322, 12.9694191], [80.1290864, 12.9694645], [80.1290179, 12.969738], [80.128995, 12.9697379], [80.1289951, 12.9699432], [80.129018, 12.9699433], [80.1290181, 12.9700573], [80.129041, 12.9701259], [80.1291097, 12.970149], [80.1292242, 12.9701494], [80.1292242, 12.9701722], [80.1294303, 12.9701731], [80.1295219, 12.9702191], [80.1297966, 12.9702202], [80.1300486, 12.970495], [80.1300945, 12.9706321], [80.1301403, 12.9706551], [80.1302091, 12.9708835], [80.130255, 12.9709293], [80.130278, 12.9711119], [80.1303009, 12.971112], [80.130301, 12.9713173], [80.1302781, 12.9713172], [80.1302782, 12.9714997], [80.1302553, 12.9714996], [80.1302554, 12.9716365], [80.1302325, 12.9716364], [80.1302325, 12.9717505], [80.1301868, 12.9718187], [80.1301868, 12.97191], [80.1301411, 12.972001], [80.1300724, 12.9720007], [80.1299351, 12.9720914], [80.1298664, 12.9721139], [80.1296604, 12.9721131], [80.1296603, 12.9720903], [80.1295459, 12.9720898], [80.1294543, 12.9720438], [80.1294084, 12.9719752], [80.1293626, 12.971975], [80.1293168, 12.9719064], [80.1292481, 12.9718605], [80.1291107, 12.9718371], [80.1291107, 12.9718143], [80.1289504, 12.9718136], [80.1288817, 12.9718361], [80.1286986, 12.9719494], [80.128699, 12.9725198], [80.1287219, 12.9725198], [80.128722, 12.9727023], [80.1286762, 12.9727478], [80.1286762, 12.9728162], [80.1286305, 12.9728388], [80.1285619, 12.9730439], [80.128539, 12.9730438], [80.1285391, 12.9732263], [80.1285162, 12.9732262], [80.1285163, 12.9733631], [80.1284934, 12.973363], [80.1284935, 12.973477], [80.1284706, 12.9734769], [80.1284706, 12.973591], [80.1284477, 12.9735909], [80.1284478, 12.973705], [80.1284707, 12.9737735]]]}}, {"type": "Feature", "properties": {"ward": "7", "zone": "1", "zone_name": "PAMMAL", "area_km2": 0.556}, "geometry": {"type": "Polygon", "coordinates": [[[80.1362125, 12.9787329], [80.1362355, 12.9788243], [80.1362813, 12.9788929], [80.1362813, 12.9789614], [80.1363271, 12.9790072], [80.1364877, 12.9795553], [80.1365336, 12.9796011], [80.1365336, 12.9796696], [80.1365794, 12.9797154], [80.1365795, 12.9797838], [80.1367399, 12.9800582], [80.1367399, 12.9801267], [80.1368774, 12.9803326], [80.1369004, 12.9804011], [80.1369004, 12.9805152], [80.1369233, 12.9805152], [80.1369234, 12.9806521], [80.1369463, 12.9806522], [80.1369464, 12.9807891], [80.1369693, 12.9807892], [80.1369694, 12.9809261], [80.1369923, 12.9809262], [80.1369923, 12.9810402], [80.1371755, 12.9810182], [80.1372441, 12.9809728], [80.1374273, 12.9809508], [80.137496, 12.9809054], [80.1375875, 12.9809058], [80.1375188, 12.9807915], [80.1375646, 12.9807688], [80.1377019, 12.9807694], [80.1377019, 12.9807466], [80.1378393, 12.9807472], [80.1378622, 12.9807244], [80.1378852, 12.9808614], [80.1379768, 12.9808846], [80.1379767, 12.9807021], [80.138114, 12.9807027], [80.138114, 12.9806798], [80.1382743, 12.9806805], [80.1382972, 12.980749], [80.138343, 12.980772], [80.1383659, 12.9807265], [80.1385033, 12.9807271], [80.1385033, 12.9807499], [80.1386178, 12.9807504], [80.1387094, 12.9807964], [80.1388239, 12.9807968], [80.1389155, 12.9808428], [80.1391215, 12.9808437], [80.1391215, 12.9808209], [80.1393047, 12.9807988], [80.1393504, 12.9807534], [80.1395107, 12.9807541], [80.1395107, 12.9807312], [80.1396939, 12.9807092], [80.1397396, 12.9806638], [80.1398999, 12.9806644], [80.1399915, 12.9806192], [80.1401059, 12.9806196], [80.1401059, 12.9805968], [80.1402433, 12.9805974], [80.1402433, 12.9805746], [80.1403578, 12.9805751], [80.1403578, 12.9805522], [80.1404722, 12.9805527], [80.1404722, 12.9805299], [80.1406096, 12.9805305], [80.1406783, 12.9805079], [80.1407011, 12.9804396], [80.1407698, 12.9803943], [80.1407697, 12.9801889], [80.1407468, 12.9801889], [80.1407467, 12.9800292], [80.1407925, 12.9799837], [80.1408154, 12.9800294], [80.1409299, 12.9800527], [80.1409757, 12.9801898], [80.1410445, 12.9802357], [80.1411591, 12.9805327], [80.1412049, 12.9805329], [80.1412049, 12.9806014], [80.1412737, 12.9806701], [80.1413195, 12.9808072], [80.1414799, 12.9809447], [80.14148, 12.9810587], [80.1415029, 12.9811273], [80.1415716, 12.981196], [80.141709, 12.981265], [80.1418693, 12.9812657], [80.1418694, 12.9813341], [80.141961, 12.9813573], [80.1419609, 12.981266], [80.1422586, 12.9812673], [80.1423044, 12.9812903], [80.1423044, 12.9813587], [80.142396, 12.9813591], [80.1423959, 12.9812907], [80.1425562, 12.9812913], [80.1425562, 12.9812685], [80.1427165, 12.9812692], [80.1427623, 12.9812465], [80.1427623, 12.9813606], [80.1428539, 12.981361], [80.1428538, 12.9812469], [80.1428767, 12.9811786], [80.1429454, 12.9811561], [80.1429453, 12.9811104], [80.1431743, 12.981157], [80.1431973, 12.9812027], [80.1432889, 12.9812487], [80.1432889, 12.9813628], [80.1433805, 12.981386], [80.1433805, 12.9812947], [80.1435179, 12.9813181], [80.1436095, 12.9813641], [80.1438155, 12.981365], [80.1438155, 12.9813421], [80.1442048, 12.9813438], [80.1442047, 12.9813209], [80.1444566, 12.981322], [80.1445482, 12.9812995], [80.1445939, 12.9812313], [80.1449832, 12.9812329], [80.1450748, 12.9812789], [80.1453266, 12.9812799], [80.1453266, 12.9813028], [80.1455098, 12.9813035], [80.1455098, 12.9813263], [80.1458762, 12.9813278], [80.1458762, 12.981305], [80.1460364, 12.9813057], [80.1461051, 12.9812832], [80.1461738, 12.9813291], [80.146357, 12.9813298], [80.146357, 12.9813526], [80.1468607, 12.9813547], [80.1469294, 12.9814234], [80.1470897, 12.9814241], [80.1470897, 12.9814469], [80.1472042, 12.9814474], [80.1472042, 12.9814246], [80.1473874, 12.9814253], [80.1473873, 12.9814025], [80.1475705, 12.9814033], [80.1475705, 12.9813805], [80.1477537, 12.9813812], [80.1477537, 12.9813584], [80.1478681, 12.9813589], [80.1479597, 12.9812908], [80.1479596, 12.9812224], [80.1480054, 12.9811998], [80.1479595, 12.9809943], [80.1478908, 12.9809027], [80.1478907, 12.9808343], [80.147822, 12.9807428], [80.1478219, 12.9806743], [80.1477532, 12.9805828], [80.1477532, 12.9805143], [80.1476844, 12.9804228], [80.1476156, 12.9802172], [80.1475698, 12.9801942], [80.147501, 12.9799658], [80.1474552, 12.9799428], [80.1474551, 12.9798516], [80.1474093, 12.9797601], [80.1473635, 12.9797371], [80.1473634, 12.9796459], [80.1473176, 12.9796001], [80.1473176, 12.9795316], [80.1472488, 12.9794629], [80.1472258, 12.9792803], [80.1472716, 12.9791892], [80.1469968, 12.9790969], [80.1469738, 12.9790511], [80.1468135, 12.9789364], [80.1467677, 12.9788678], [80.1467447, 12.9787536], [80.146653, 12.9786164], [80.1466529, 12.9783426], [80.1466299, 12.9782741], [80.1465154, 12.9781824], [80.1464009, 12.9781591], [80.1463779, 12.9779765], [80.1462863, 12.9779077], [80.1462404, 12.977725], [80.1461487, 12.9775877], [80.1461487, 12.9774965], [80.1460799, 12.9773593], [80.1460799, 12.9772681], [80.1459882, 12.9770624], [80.1459881, 12.9769255], [80.146011, 12.9769256], [80.145988, 12.9767658], [80.1459193, 12.9767199], [80.1458734, 12.9766513], [80.1458505, 12.9765371], [80.1458046, 12.9764913], [80.1457817, 12.9763543], [80.1457359, 12.9763085], [80.1457358, 12.9762401], [80.14569, 12.9761943], [80.145667, 12.9760573], [80.1456212, 12.9760115], [80.1456212, 12.9759431], [80.1455753, 12.9758744], [80.1452547, 12.9756906], [80.145186, 12.9756903], [80.1451402, 12.975713], [80.1450258, 12.9759178], [80.1449343, 12.9759174], [80.144568, 12.97603], [80.1444535, 12.9760295], [80.1442704, 12.9760972], [80.1439727, 12.9760959], [80.1439727, 12.9760731], [80.1438124, 12.9760725], [80.1437208, 12.9759808], [80.1436749, 12.9758438], [80.1435375, 12.9756835], [80.1435374, 12.9756151], [80.1434916, 12.9755465], [80.1434229, 12.9755005], [80.1434229, 12.9754549], [80.1433541, 12.9754318], [80.1428275, 12.9754297], [80.1428276, 12.9754525], [80.1427131, 12.975452], [80.1427131, 12.9754748], [80.1425986, 12.9754743], [80.1425986, 12.9754971], [80.1424612, 12.9754966], [80.1424613, 12.9755194], [80.1423468, 12.9755189], [80.1423468, 12.9755417], [80.1422323, 12.9755413], [80.1422323, 12.9755641], [80.1421178, 12.9755636], [80.1421179, 12.9755864], [80.1420034, 12.9755859], [80.1420034, 12.9756087], [80.1418889, 12.9756083], [80.1418889, 12.9756311], [80.1417744, 12.9756306], [80.1417744, 12.9756534], [80.14166, 12.975653], [80.1416142, 12.9756984], [80.1415455, 12.9756981], [80.1415226, 12.9757436], [80.1414082, 12.975766], [80.1412022, 12.975902], [80.1411565, 12.9760159], [80.1410878, 12.9760612], [80.1409962, 12.9760836], [80.1409505, 12.9761519], [80.1409047, 12.9761517], [80.1408589, 12.97622], [80.1407445, 12.9762651], [80.1406987, 12.9763334], [80.1405843, 12.9764013], [80.1405614, 12.9764925], [80.1405615, 12.9766294], [80.1405158, 12.9767204], [80.1405159, 12.9768345], [80.140493, 12.9769256], [80.1404472, 12.9769254], [80.1404015, 12.9769937], [80.1403557, 12.9769935], [80.1401039, 12.9771521], [80.1399208, 12.9771742], [80.1398521, 12.9772195], [80.1395774, 12.977264], [80.1395087, 12.9773094], [80.1393256, 12.9773314], [80.1392569, 12.9773768], [80.1389822, 12.9774213], [80.1389135, 12.9774666], [80.1387303, 12.9774887], [80.1386617, 12.977534], [80.1384785, 12.9775561], [80.1384099, 12.9776014], [80.1382267, 12.9776235], [80.138158, 12.9776688], [80.1379749, 12.9776909], [80.1379062, 12.9777362], [80.1376315, 12.9777807], [80.1375628, 12.977826], [80.1373797, 12.9778481], [80.137311, 12.9778934], [80.1370363, 12.9779379], [80.1369676, 12.9779833], [80.1367845, 12.9780053], [80.1367158, 12.9780506], [80.1366242, 12.9780503], [80.1364869, 12.9781181], [80.1362122, 12.9781854], [80.1362125, 12.9787329]]]}}, {"type": "Feature", "properties": {"ward": "8", "zone": "1", "zone_name": "PAMMAL", "area_km2": 0.556}, "geometry": {"type": "Polygon", "coordinates": [[[80.136415, 12.9726657], [80.1364379, 12.9726658], [80.136438, 12.9728026], [80.1364609, 12.9728027], [80.1364611, 12.9731906], [80.1364382, 12.9731905], [80.1364383, 12.9733045], [80.1364154, 12.9733501], [80.1361866, 12.9735544], [80.1361637, 12.9736], [80.1360721, 12.9736224], [80.1360493, 12.9736679], [80.1359577, 12.9736903], [80.1359348, 12.9737359], [80.1358433, 12.9737583], [80.1358204, 12.9738038], [80.1357288, 12.9738263], [80.1356831, 12.9738945], [80.1355686, 12.9739397], [80.1353169, 12.9742124], [80.1352941, 12.974372], [80.1352712, 12.9743719], [80.1352715, 12.9748053], [80.1352944, 12.9748054], [80.1352945, 12.9749651], [80.1353174, 12.9749652], [80.1353174, 12.9751021], [80.1353403, 12.9751022], [80.1353404, 12.975239], [80.1353633, 12.9752391], [80.1353634, 12.975376], [80.1353863, 12.9753761], [80.1353864, 12.975513], [80.1354093, 12.9755131], [80.1354093, 12.9756271], [80.1354322, 12.9756272], [80.1354323, 12.9757641], [80.1354552, 12.9757642], [80.1354553, 12.9759011], [80.1354782, 12.9759012], [80.1354783, 12.976038], [80.1355012, 12.9760381], [80.1355012, 12.9761522], [80.1355241, 12.9761523], [80.1355242, 12.9762892], [80.1355471, 12.9762893], [80.1355472, 12.9764261], [80.1355701, 12.9764262], [80.1355701, 12.9765403], [80.135593, 12.9765404], [80.1355931, 12.9766773], [80.135616, 12.9766774], [80.1356161, 12.9767914], [80.135639, 12.9767915], [80.135639, 12.9769056], [80.1356849, 12.976997], [80.135685, 12.9771567], [80.1357538, 12.9773395], [80.1357538, 12.9774536], [80.1357768, 12.9775449], [80.1358456, 12.9776821], [80.1358685, 12.9777962], [80.1359602, 12.9778878], [80.1359602, 12.9779335], [80.1360289, 12.9779794], [80.1360289, 12.978025], [80.1362122, 12.9781854], [80.1364869, 12.9781181], [80.1366242, 12.9780503], [80.1367158, 12.9780506], [80.1367845, 12.9780053], [80.1369676, 12.9779833], [80.1370363, 12.9779379], [80.137311, 12.9778934], [80.1373797, 12.9778481], [80.1375628, 12.977826], [80.1376315, 12.9777807], [80.1379062, 12.9777362], [80.1379749, 12.9776909], [80.138158, 12.9776688], [80.1382267, 12.9776235], [80.1384099, 12.9776014], [80.1384785, 12.9775561], [80.1386617, 12.977534], [80.1387303, 12.9774887], [80.1389135, 12.9774666], [80.1389822, 12.9774213], [80.1392569, 12.9773768], [80.1393256, 12.9773314], [80.1395087, 12.9773094], [80.1395774, 12.977264], [80.1398521, 12.9772195], [80.1399208, 12.9771742], [80.1401039, 12.9771521], [80.1403557, 12.9769935], [80.1404015, 12.9769937], [80.1404472, 12.9769254], [80.140493, 12.9769256], [80.1405159, 12.9768345], [80.1405158, 12.9767204], [80.1405615, 12.9766294], [80.1405614, 12.9764925], [80.1405843, 12.9764013], [80.1406987, 12.9763334], [80.1407445, 12.9762651], [80.1408589, 12.97622], [80.1409047, 12.9761517], [80.1409505, 12.9761519], [80.1409962, 12.9760836], [80.1410878, 12.9760612], [80.1411565, 12.9760159], [80.1412022, 12.975902], [80.1414082, 12.975766], [80.1415226, 12.9757436], [80.1415455, 12.9756981], [80.1416142, 12.9756984], [80.14166, 12.975653], [80.1417744, 12.9756534], [80.1417744, 12.9756306], [80.1418889, 12.9756311], [80.1418889, 12.9756083], [80.1420034, 12.9756087], [80.1420034, 12.9755859], [80.1421179, 12.9755864], [80.1421178, 12.9755636], [80.1422323, 12.9755641], [80.1422323, 12.9755413], [80.1423468, 12.9755417], [80.1423468, 12.9755189], [80.1424613, 12.9755194], [80.1424612, 12.9754966], [80.1425986, 12.9754971], [80.1425986, 12.9754743], [80.1427131, 12.9754748], [80.1427131, 12.975452], [80.1428276, 12.9754525], [80.1428275, 12.9754297], [80.1433541, 12.9754318], [80.1434229, 12.9754549], [80.1434229, 12.9755005], [80.1434916, 12.9755465], [80.1435374, 12.9756151], [80.1435375, 12.9756835], [80.1436749, 12.9758438], [80.1437208, 12.9759808], [80.1438124, 12.9760725], [80.1439727, 12.9760731], [80.1439727, 12.9760959], [80.1442704, 12.9760972], [80.1444535, 12.9760295], [80.144568, 12.97603], [80.1449343, 12.9759174], [80.1450258, 12.9759178], [80.1451402, 12.975713], [80.145186, 12.9756903], [80.1451173, 12.9756216], [80.1450714, 12.9755074], [80.1450713, 12.9754161], [80.1450026, 12.9752789], [80.1450025, 12.9751877], [80.1449338, 12.9750505], [80.1449337, 12.9749593], [80.1448879, 12.9748907], [80.1448419, 12.9746167], [80.1445667, 12.9738628], [80.1445667, 12.9737487], [80.1444749, 12.9734746], [80.1444748, 12.9733605], [80.1444519, 12.9733604], [80.144429, 12.9732007], [80.1443602, 12.9731547], [80.1442686, 12.9729719], [80.1441998, 12.972926], [80.1441998, 12.9728803], [80.1441082, 12.9727887], [80.1440852, 12.9726974], [80.1440394, 12.9726744], [80.1439936, 12.9725829], [80.1439935, 12.9725145], [80.1439248, 12.9724458], [80.1439248, 12.9724001], [80.1438331, 12.9722629], [80.1438329, 12.9719663], [80.1437413, 12.9718291], [80.1437412, 12.9717606], [80.1436266, 12.9714864], [80.1436265, 12.9713952], [80.1435578, 12.971258], [80.1435577, 12.9710755], [80.1434889, 12.9710068], [80.1434889, 12.9709612], [80.1434202, 12.9708924], [80.14326, 12.9710743], [80.1431913, 12.971074], [80.143054, 12.9711419], [80.1429624, 12.9711415], [80.1428251, 12.9712093], [80.1427335, 12.971209], [80.1423672, 12.9713215], [80.1422527, 12.971321], [80.1422527, 12.9713439], [80.1421383, 12.9713434], [80.1421383, 12.9713662], [80.1420238, 12.9713657], [80.1420238, 12.9713885], [80.1419093, 12.9713881], [80.1419093, 12.9714109], [80.1417949, 12.9714104], [80.1417949, 12.9714332], [80.1416575, 12.9714326], [80.1416575, 12.9714555], [80.141543, 12.971455], [80.141543, 12.9714778], [80.1414286, 12.9714773], [80.1414286, 12.9715001], [80.1413141, 12.9714997], [80.1413141, 12.9715225], [80.1411996, 12.971522], [80.1411996, 12.9715448], [80.1410623, 12.9715443], [80.1410623, 12.9715671], [80.1409478, 12.9715666], [80.1409478, 12.9715894], [80.1408333, 12.9715889], [80.1408333, 12.9716117], [80.1407189, 12.9716113], [80.1407189, 12.9716341], [80.1406044, 12.9716336], [80.1404213, 12.9717013], [80.1402839, 12.9717007], [80.1402839, 12.9717235], [80.1401007, 12.9717228], [80.140055, 12.9717454], [80.1400091, 12.9716996], [80.1399405, 12.9716993], [80.1398946, 12.9716535], [80.1398259, 12.9716532], [80.139803, 12.9716075], [80.1397343, 12.9716072], [80.1397114, 12.9715615], [80.1396198, 12.9715383], [80.1395969, 12.9714926], [80.1394595, 12.9714464], [80.1394366, 12.9714007], [80.1393679, 12.9714004], [80.1392763, 12.9713316], [80.1390931, 12.9713308], [80.1390931, 12.9713536], [80.1389099, 12.9713529], [80.1389099, 12.9713757], [80.1387497, 12.971375], [80.1387497, 12.9713978], [80.1381544, 12.9713954], [80.1380857, 12.9713723], [80.1380628, 12.9713266], [80.1379025, 12.9713259], [80.1379025, 12.9713031], [80.1376277, 12.9713019], [80.1376277, 12.9712791], [80.1375132, 12.9712787], [80.1375132, 12.9713015], [80.1372614, 12.9713004], [80.1372614, 12.9713232], [80.1371011, 12.9713226], [80.1371011, 12.9713454], [80.1369867, 12.9713449], [80.1369638, 12.9714589], [80.1367808, 12.9716634], [80.136735, 12.9716633], [80.1366663, 12.9717542], [80.1366206, 12.971754], [80.1365748, 12.9718223], [80.1364145, 12.9718444], [80.136415, 12.9726657]]]}}, {"type": "Feature", "properties": {"ward": "9", "zone": "2", "zone_name": "PALLAVARAM", "area_km2": 0.369}, "geometry": {"type": "Polygon", "coordinates": [[[80.1444242, 12.9650338], [80.1446304, 12.9652171], [80.1446304, 12.9652628], [80.1446991, 12.9653315], [80.1446992, 12.9654227], [80.1446534, 12.965491], [80.1444476, 12.9659464], [80.1444018, 12.965969], [80.1442418, 12.9663333], [80.144196, 12.966356], [80.1441045, 12.9665381], [80.1440359, 12.9665834], [80.1438986, 12.9668338], [80.14383, 12.9668791], [80.14383, 12.9669248], [80.1437385, 12.9670156], [80.1437156, 12.9671068], [80.1435783, 12.9672659], [80.1435555, 12.9673571], [80.1434868, 12.9674024], [80.1434411, 12.9675163], [80.1433267, 12.9676071], [80.1432352, 12.9677892], [80.1431665, 12.9678345], [80.1431208, 12.9679028], [80.1430979, 12.9679939], [80.1430293, 12.9680393], [80.1428005, 12.9684261], [80.1427319, 12.9684715], [80.1426404, 12.9686308], [80.1426405, 12.9687677], [80.1426634, 12.9688362], [80.1427551, 12.9689734], [80.1427551, 12.9690419], [80.1428239, 12.9691334], [80.1428239, 12.9692019], [80.1428697, 12.9692477], [80.1428698, 12.9693161], [80.1429385, 12.9694076], [80.1429385, 12.9694761], [80.1430073, 12.9695676], [80.1430073, 12.969636], [80.1430531, 12.9696819], [80.1430532, 12.9697503], [80.1431219, 12.9698418], [80.143122, 12.9699103], [80.1431907, 12.969979], [80.1432365, 12.9700932], [80.1432367, 12.9702986], [80.1432138, 12.9702985], [80.1432138, 12.9704125], [80.1432367, 12.9704126], [80.1433055, 12.9705954], [80.1433972, 12.970687], [80.1433972, 12.9708239], [80.1434202, 12.9708924], [80.1434889, 12.9709612], [80.1434889, 12.9710068], [80.1435577, 12.9710755], [80.1435578, 12.971258], [80.1436265, 12.9713952], [80.1436266, 12.9714864], [80.1437412, 12.9717606], [80.1437413, 12.9718291], [80.1438329, 12.9719663], [80.1438331, 12.9722629], [80.1439248, 12.9724001], [80.1439248, 12.9724458], [80.1439935, 12.9725145], [80.1439936, 12.9725829], [80.1440394, 12.9726744], [80.1440852, 12.9726974], [80.1441082, 12.9727887], [80.1441998, 12.9728803], [80.1441998, 12.972926], [80.1442686, 12.9729719], [80.1443602, 12.9731547], [80.144429, 12.9732007], [80.1444519, 12.9733604], [80.1444748, 12.9733605], [80.1444749, 12.9734746], [80.1445667, 12.9737487], [80.1445667, 12.9738628], [80.1448419, 12.9746167], [80.1448879, 12.9748907], [80.1449337, 12.9749593], [80.1449338, 12.9750505], [80.1450025, 12.9751877], [80.1450026, 12.9752789], [80.1450713, 12.9754161], [80.1450714, 12.9755074], [80.1451173, 12.9756216], [80.145186, 12.9756903], [80.1452547, 12.9756906], [80.1455753, 12.9758744], [80.1456212, 12.9759431], [80.1456212, 12.9760115], [80.145667, 12.9760573], [80.14569, 12.9761943], [80.1457358, 12.9762401], [80.1457359, 12.9763085], [80.1457817, 12.9763543], [80.1458046, 12.9764913], [80.1458505, 12.9765371], [80.1458734, 12.9766513], [80.1459193, 12.9767199], [80.145988, 12.9767658], [80.146011, 12.9769256], [80.1459881, 12.9769255], [80.1459882, 12.9770624], [80.1460799, 12.9772681], [80.1460799, 12.9773593], [80.1461487, 12.9774965], [80.1461487, 12.9775877], [80.1462404, 12.977725], [80.1462863, 12.9779077], [80.1463779, 12.9779765], [80.1464009, 12.9781591], [80.1465154, 12.9781824], [80.1466299, 12.9782741], [80.1466529, 12.9783426], [80.146653, 12.9786164], [80.1467447, 12.9787536], [80.1467677, 12.9788678], [80.1468135, 12.9789364], [80.1469738, 12.9790511], [80.1469968, 12.9790969], [80.1472716, 12.9791892], [80.1472944, 12.9790981], [80.1473402, 12.9790755], [80.1473859, 12.9789844], [80.1473859, 12.9788932], [80.1475003, 12.9787339], [80.1475002, 12.9786655], [80.1475917, 12.978529], [80.1475917, 12.9784378], [80.1477061, 12.9782785], [80.147706, 12.9782101], [80.1477975, 12.9780736], [80.1477974, 12.9778911], [80.1477745, 12.977891], [80.1477744, 12.9776401], [80.1477515, 12.97764], [80.1477513, 12.9773662], [80.1477284, 12.9773661], [80.1477283, 12.9771152], [80.1477054, 12.9771151], [80.1477052, 12.9768414], [80.1476823, 12.9768413], [80.1476822, 12.9765903], [80.1476593, 12.9765902], [80.1476592, 12.9763849], [80.1476363, 12.9763848], [80.1476362, 12.9762708], [80.1476133, 12.9762707], [80.1476132, 12.9761338], [80.1475903, 12.9761337], [80.1475903, 12.9759968], [80.1475674, 12.9759967], [80.1475673, 12.9758827], [80.1475444, 12.9758826], [80.1475443, 12.9757457], [80.1475214, 12.9757456], [80.1475213, 12.9756087], [80.1474984, 12.9756086], [80.1474984, 12.9754718], [80.1474755, 12.9754717], [80.1474754, 12.9753576], [80.1474525, 12.9753575], [80.1474524, 12.9752206], [80.1474295, 12.9752205], [80.1474294, 12.9750837], [80.1474065, 12.9750836], [80.1474065, 12.9749695], [80.1473607, 12.9749237], [80.1473377, 12.9748323], [80.1473376, 12.9746955], [80.1473147, 12.9746954], [80.1473147, 12.9745813], [80.1472917, 12.9745128], [80.147223, 12.9744441], [80.1472001, 12.9743527], [80.1471084, 12.9742611], [80.1470855, 12.9741697], [80.1469938, 12.9740781], [80.1469709, 12.9739868], [80.1469251, 12.9739866], [80.1469251, 12.9739181], [80.1468792, 12.9738495], [80.1468562, 12.9736897], [80.1466042, 12.9734606], [80.1465813, 12.9734149], [80.1463064, 12.9731172], [80.1460544, 12.972888], [80.1460315, 12.9728423], [80.1457565, 12.9725446], [80.1455046, 12.9723154], [80.1454816, 12.9722697], [80.1452067, 12.971972], [80.1449547, 12.9717428], [80.1449547, 12.9716972], [80.144886, 12.9716285], [80.1448859, 12.9715372], [80.1448172, 12.9714229], [80.1448171, 12.971286], [80.1447713, 12.971263], [80.1447712, 12.9711261], [80.1447254, 12.9710575], [80.1447253, 12.9709663], [80.1446795, 12.9708976], [80.1448394, 12.970328], [80.1448852, 12.970351], [80.1448853, 12.9704194], [80.1449311, 12.9704424], [80.1449082, 12.970488], [80.144954, 12.970511], [80.1449541, 12.970625], [80.144977, 12.9706251], [80.1450229, 12.9708306], [80.1450687, 12.9708536], [80.1451831, 12.9708313], [80.1451827, 12.9701469], [80.1450683, 12.9701692], [80.1450685, 12.9706027], [80.1450227, 12.9705797], [80.1450456, 12.9705341], [80.1449998, 12.9705111], [80.1449997, 12.9703971], [80.1449768, 12.970397], [80.1448851, 12.9701457], [80.1448164, 12.9701454], [80.1447707, 12.9702136], [80.1447936, 12.9702594], [80.1447478, 12.970282], [80.1447707, 12.9703277], [80.1447249, 12.9703503], [80.144725, 12.9704188], [80.1446335, 12.9706237], [80.1446332, 12.9701446], [80.1445645, 12.9701443], [80.1445645, 12.9699847], [80.1445415, 12.9699618], [80.1446102, 12.9699164], [80.144656, 12.9698482], [80.1446559, 12.9697797], [80.1447703, 12.969689], [80.1449076, 12.9694386], [80.1449762, 12.9693932], [80.145022, 12.969325], [80.1450219, 12.9692566], [80.1450677, 12.9692567], [80.1451135, 12.9691429], [80.1451821, 12.9690975], [80.1451821, 12.9690519], [80.1452965, 12.9689155], [80.1452964, 12.9686874], [80.1453421, 12.9685963], [80.1453879, 12.9685737], [80.1454107, 12.9684597], [80.1454565, 12.9684599], [80.1454793, 12.9683459], [80.1455251, 12.9683461], [80.145548, 12.9682322], [80.1455938, 12.9682324], [80.1456166, 12.9681184], [80.1456624, 12.9681186], [80.1456852, 12.9680046], [80.145731, 12.9680048], [80.1457538, 12.9678908], [80.1457996, 12.967891], [80.1458224, 12.9677771], [80.1458682, 12.9677772], [80.1458911, 12.9676861], [80.1459369, 12.9676635], [80.1459597, 12.9675723], [80.1460055, 12.9675497], [80.1460283, 12.9674585], [80.1460741, 12.9674359], [80.1460969, 12.9673448], [80.1462342, 12.96714], [80.146257, 12.9670032], [80.1463028, 12.9669578], [80.1463256, 12.966821], [80.1463714, 12.9667756], [80.1463713, 12.9667071], [80.1464171, 12.9666389], [80.146417, 12.9665476], [80.1464628, 12.966525], [80.1464856, 12.9663654], [80.1465314, 12.9663428], [80.1465542, 12.9661832], [80.1466, 12.9661606], [80.1466457, 12.9660467], [80.1467601, 12.9659559], [80.146783, 12.9659104], [80.1468747, 12.9660477], [80.1470349, 12.9660483], [80.1471265, 12.9660259], [80.1471035, 12.9659117], [80.1469433, 12.9659111], [80.1468974, 12.9658424], [80.1468974, 12.9657512], [80.146966, 12.9657058], [80.1471033, 12.9655239], [80.1472865, 12.9655247], [80.1473552, 12.9656162], [80.1473553, 12.9657303], [80.1473095, 12.9657757], [80.1472637, 12.9657527], [80.1472179, 12.9656613], [80.1471034, 12.9657292], [80.1472409, 12.9659579], [80.1473325, 12.9659355], [80.1473554, 12.96589], [80.1475156, 12.9657994], [80.1475155, 12.9655941], [80.1474926, 12.965594], [80.147378, 12.965411], [80.1472406, 12.9653648], [80.1472634, 12.9652965], [80.1473779, 12.9652057], [80.1473778, 12.9651601], [80.1474465, 12.9651147], [80.1474465, 12.9650691], [80.147538, 12.965001], [80.1475609, 12.9649099], [80.1476067, 12.9649101], [80.1476066, 12.9647504], [80.1476295, 12.9647505], [80.1476293, 12.9644767], [80.1475606, 12.964408], [80.1475606, 12.9643624], [80.1474918, 12.9643165], [80.147446, 12.9642478], [80.1473543, 12.9640193], [80.1473085, 12.9639963], [80.1472855, 12.9638822], [80.1471252, 12.9637446], [80.1471251, 12.963699], [80.1470335, 12.963653], [80.1469877, 12.9635844], [80.1468274, 12.9635837], [80.1467588, 12.9636291], [80.1466672, 12.9636287], [80.1465527, 12.9636966], [80.146484, 12.9636964], [80.1464154, 12.9637645], [80.1463238, 12.963787], [80.146301, 12.9638325], [80.1461636, 12.9638775], [80.1461407, 12.9639231], [80.1460492, 12.9639455], [80.1460263, 12.963991], [80.1459347, 12.9640135], [80.1459119, 12.964059], [80.1458203, 12.9640814], [80.1457974, 12.964127], [80.1456601, 12.964172], [80.1456372, 12.9642176], [80.1455456, 12.96424], [80.1455228, 12.9642855], [80.1454312, 12.964308], [80.1454083, 12.9643535], [80.1453167, 12.9643759], [80.1452939, 12.9644214], [80.1451565, 12.9644665], [80.1451337, 12.964512], [80.1450421, 12.9645345], [80.1450192, 12.96458], [80.1449276, 12.9646024], [80.1449048, 12.964648], [80.1448132, 12.9646704], [80.1447903, 12.9647159], [80.144653, 12.964761], [80.1445843, 12.9648063], [80.1445386, 12.9648746], [80.1444012, 12.9649653], [80.1444242, 12.9650338]]]}}, {"type": "Feature", "properties": {"ward": "10", "zone": "1", "zone_name": "PAMMAL", "area_km2": 0.586}, "geometry": {"type": "Polygon", "coordinates": [[[80.1371011, 12.9713454], [80.1371011, 12.9713226], [80.1372614, 12.9713232], [80.1372614, 12.9713004], [80.1375132, 12.9713015], [80.1375132, 12.9712787], [80.1376277, 12.9712791], [80.1376277, 12.9713019], [80.1379025, 12.9713031], [80.1379025, 12.9713259], [80.1380628, 12.9713266], [80.1380857, 12.9713723], [80.1381544, 12.9713954], [80.1387497, 12.9713978], [80.1387497, 12.971375], [80.1389099, 12.9713757], [80.1389099, 12.9713529], [80.1390931, 12.9713536], [80.1390931, 12.9713308], [80.1392763, 12.9713316], [80.1393679, 12.9714004], [80.1394366, 12.9714007], [80.1394595, 12.9714464], [80.1395969, 12.9714926], [80.1396198, 12.9715383], [80.1397114, 12.9715615], [80.1397343, 12.9716072], [80.139803, 12.9716075], [80.1398259, 12.9716532], [80.1398946, 12.9716535], [80.1399405, 12.9716993], [80.1400091, 12.9716996], [80.140055, 12.9717454], [80.1401007, 12.9717228], [80.1402839, 12.9717235], [80.1402839, 12.9717007], [80.1404213, 12.9717013], [80.1406044, 12.9716336], [80.1407189, 12.9716341], [80.1407189, 12.9716113], [80.1408333, 12.9716117], [80.1408333, 12.9715889], [80.1409478, 12.9715894], [80.1409478, 12.9715666], [80.1410623, 12.9715671], [80.1410623, 12.9715443], [80.1411996, 12.9715448], [80.1411996, 12.971522], [80.1413141, 12.9715225], [80.1413141, 12.9714997], [80.1414286, 12.9715001], [80.1414286, 12.9714773], [80.141543, 12.9714778], [80.141543, 12.971455], [80.1416575, 12.9714555], [80.1416575, 12.9714326], [80.1417949, 12.9714332], [80.1417949, 12.9714104], [80.1419093, 12.9714109], [80.1419093, 12.9713881], [80.1420238, 12.9713885], [80.1420238, 12.9713657], [80.1421383, 12.9713662], [80.1421383, 12.9713434], [80.1422527, 12.9713439], [80.1422527, 12.971321], [80.1423672, 12.9713215], [80.1427335, 12.971209], [80.1428251, 12.9712093], [80.1429624, 12.9711415], [80.143054, 12.9711419], [80.1431913, 12.971074], [80.14326, 12.9710743], [80.1434202, 12.9708924], [80.1433972, 12.9708239], [80.1433972, 12.970687], [80.1433055, 12.9705954], [80.1432367, 12.9704126], [80.1432138, 12.9704125], [80.1432138, 12.9702985], [80.1432367, 12.9702986], [80.1432365, 12.9700932], [80.1431907, 12.969979], [80.143122, 12.9699103], [80.1431219, 12.9698418], [80.1430532, 12.9697503], [80.1430531, 12.9696819], [80.1430073, 12.969636], [80.1430073, 12.9695676], [80.1429385, 12.9694761], [80.1429385, 12.9694076], [80.1428698, 12.9693161], [80.1428697, 12.9692477], [80.1428239, 12.9692019], [80.1428239, 12.9691334], [80.1427551, 12.9690419], [80.1427551, 12.9689734], [80.1426634, 12.9688362], [80.1426405, 12.9687677], [80.1426404, 12.9686308], [80.1427319, 12.9684715], [80.1428005, 12.9684261], [80.1430293, 12.9680393], [80.1430979, 12.9679939], [80.1431208, 12.9679028], [80.1431665, 12.9678345], [80.1432352, 12.9677892], [80.1433267, 12.9676071], [80.1434411, 12.9675163], [80.1434868, 12.9674024], [80.1435555, 12.9673571], [80.1435783, 12.9672659], [80.1437156, 12.9671068], [80.1437385, 12.9670156], [80.14383, 12.9669248], [80.14383, 12.9668791], [80.1438986, 12.9668338], [80.1440359, 12.9665834], [80.1441045, 12.9665381], [80.144196, 12.966356], [80.1442418, 12.9663333], [80.1444018, 12.965969], [80.1444476, 12.9659464], [80.1446534, 12.965491], [80.1446992, 12.9654227], [80.1446991, 12.9653315], [80.1446304, 12.9652628], [80.1446304, 12.9652171], [80.1444242, 12.9650338], [80.1444012, 12.9649653], [80.1443325, 12.9649194], [80.1443096, 12.964828], [80.1442179, 12.9647364], [80.144195, 12.964645], [80.1441492, 12.964622], [80.1441262, 12.9645307], [80.1440346, 12.9644391], [80.1440117, 12.9643477], [80.14392, 12.9642561], [80.1438971, 12.9641647], [80.1438512, 12.9640961], [80.1437825, 12.9640502], [80.1437825, 12.9640046], [80.1436909, 12.963913], [80.1436679, 12.963776], [80.1436221, 12.963753], [80.1435991, 12.9636388], [80.1435533, 12.9635702], [80.1434158, 12.9634556], [80.14337, 12.9633869], [80.1433471, 12.9632956], [80.1432096, 12.9631353], [80.1431637, 12.9629983], [80.143095, 12.9629524], [80.143072, 12.962861], [80.1430262, 12.962838], [80.1430033, 12.9627467], [80.1429346, 12.9627008], [80.1428887, 12.9626321], [80.1428658, 12.9625408], [80.14282, 12.9625178], [80.1427741, 12.9623807], [80.1427283, 12.9623577], [80.1426366, 12.9621292], [80.1425908, 12.9621062], [80.1424303, 12.9617406], [80.1423845, 12.9617176], [80.1422928, 12.9614891], [80.142247, 12.9614661], [80.1422011, 12.961329], [80.1421553, 12.961306], [80.1420636, 12.9610775], [80.1420178, 12.9610545], [80.141949, 12.9608717], [80.1419032, 12.9608487], [80.1418573, 12.9607116], [80.1418115, 12.9606886], [80.1417427, 12.9605059], [80.1416969, 12.9604829], [80.1416052, 12.9602544], [80.1415594, 12.9602314], [80.1415135, 12.9600943], [80.1414448, 12.9600484], [80.1413531, 12.9599111], [80.1412387, 12.9599791], [80.1411242, 12.9599786], [80.1411242, 12.9599558], [80.1409868, 12.9599552], [80.1409868, 12.9599324], [80.1408036, 12.9599317], [80.1408036, 12.9599089], [80.1404602, 12.9599074], [80.1404602, 12.9599303], [80.1402312, 12.9599749], [80.1401855, 12.9600204], [80.1401168, 12.9600201], [80.140071, 12.9600655], [80.1400714, 12.9607499], [80.1400485, 12.9607498], [80.1400486, 12.9609323], [80.13998, 12.9609776], [80.1399113, 12.9609774], [80.1398197, 12.9610454], [80.1397282, 12.9610679], [80.1392702, 12.961066], [80.1392702, 12.9610431], [80.1387207, 12.9610409], [80.1387207, 12.9610181], [80.1385146, 12.9610172], [80.1385146, 12.9609944], [80.1382399, 12.9609933], [80.1382399, 12.9609705], [80.1380109, 12.9609695], [80.137988, 12.961015], [80.1377592, 12.961151], [80.1377592, 12.961265], [80.1379884, 12.9616538], [80.1380342, 12.961654], [80.13808, 12.9617226], [80.1381945, 12.9617687], [80.1382633, 12.9618602], [80.1384007, 12.9619521], [80.1384007, 12.9619977], [80.1385382, 12.9621579], [80.1385383, 12.9623632], [80.1385154, 12.9623631], [80.1384926, 12.9625456], [80.1384469, 12.962591], [80.1384469, 12.9626594], [80.1383783, 12.9627276], [80.1381953, 12.9631374], [80.1381496, 12.9631601], [80.1381039, 12.9632968], [80.1380581, 12.9633194], [80.1381039, 12.9634108], [80.138104, 12.9635021], [80.1381727, 12.9635936], [80.1382416, 12.9639133], [80.1384249, 12.9641193], [80.1384707, 12.9641195], [80.1385394, 12.9642111], [80.1386081, 12.964257], [80.1387226, 12.9642802], [80.1392265, 12.9645561], [80.1392952, 12.9645564], [80.1396616, 12.9647632], [80.1397303, 12.9647635], [80.1402342, 12.9650393], [80.1403029, 12.9650396], [80.140761, 12.9652924], [80.1411045, 12.9654307], [80.1414023, 12.9657057], [80.1414024, 12.9658654], [80.1413795, 12.9658653], [80.1413338, 12.9660932], [80.1412423, 12.9661613], [80.1412423, 12.9662069], [80.1410821, 12.9663431], [80.1410364, 12.966457], [80.1409677, 12.9665023], [80.140922, 12.966639], [80.1408305, 12.9667071], [80.1408305, 12.9667527], [80.1407618, 12.966798], [80.1407619, 12.9668437], [80.1406703, 12.9669117], [80.1405559, 12.9670709], [80.1405102, 12.9670936], [80.1400983, 12.9674797], [80.1400754, 12.9675708], [80.1400296, 12.9675934], [80.1400068, 12.9676846], [80.139961, 12.9677072], [80.1399382, 12.9678212], [80.1398924, 12.9678438], [80.1398924, 12.9679122], [80.1398467, 12.9679577], [80.1398467, 12.9680261], [80.139801, 12.9680944], [80.1397781, 12.9681855], [80.1397782, 12.9683452], [80.1397553, 12.9683451], [80.1397554, 12.9684592], [80.1396867, 12.9685273], [80.1396868, 12.968573], [80.1395494, 12.9686636], [80.139435, 12.9686632], [80.1393434, 12.9686856], [80.1390685, 12.9684335], [80.1390685, 12.9683879], [80.1389768, 12.9682963], [80.138931, 12.9681592], [80.1386789, 12.9678844], [80.1386331, 12.9678842], [80.1385873, 12.9678156], [80.1384499, 12.9677694], [80.1380607, 12.9677678], [80.1380149, 12.9678817], [80.1379692, 12.9679043], [80.1379692, 12.9679727], [80.1379234, 12.9680182], [80.1379237, 12.9684516], [80.1379466, 12.9684517], [80.1379467, 12.9686342], [80.1379696, 12.9686343], [80.1379697, 12.968794], [80.1379926, 12.9687941], [80.1379927, 12.9689766], [80.1380156, 12.9689767], [80.1380157, 12.9691364], [80.1380386, 12.9691365], [80.1380387, 12.9692962], [80.1380616, 12.9692962], [80.1380617, 12.9694559], [80.1380846, 12.969456], [80.1380847, 12.9696157], [80.1381075, 12.9696158], [80.1381078, 12.9699808], [80.138062, 12.9700491], [80.1380621, 12.9701631], [80.1379248, 12.9702538], [80.1377645, 12.970276], [80.1376958, 12.9703213], [80.1375356, 12.9703206], [80.1375356, 12.9703434], [80.137215, 12.9703421], [80.137215, 12.9703649], [80.1369403, 12.9703638], [80.1369403, 12.9703866], [80.13678, 12.9703859], [80.1367343, 12.9704542], [80.1366885, 12.970454], [80.1365741, 12.9705904], [80.1365283, 12.9705902], [80.1364139, 12.9707266], [80.1364597, 12.9707952], [80.1365284, 12.9708412], [80.1365285, 12.9708868], [80.136666, 12.9710927], [80.1369637, 12.9712764], [80.1369867, 12.9713449], [80.1371011, 12.9713454]]]}}, {"type": "Feature", "properties": {"ward": "11", "zone": "1", "zone_name": "PAMMAL", "area_km2": 0.691}, "geometry": {"type": "Polygon", "coordinates": [[[80.1312145, 12.9674202], [80.1313061, 12.9673065], [80.1314663, 12.9672843], [80.131535, 12.967239], [80.1316495, 12.9672623], [80.1317411, 12.9673539], [80.1318327, 12.9673771], [80.1319014, 12.967423], [80.1319931, 12.9675374], [80.1320389, 12.9675376], [80.1321076, 12.9676292], [80.1321534, 12.9676294], [80.132245, 12.967721], [80.1324282, 12.9677217], [80.1324282, 12.9677445], [80.1329777, 12.9677468], [80.1329777, 12.9677696], [80.1331151, 12.9677702], [80.1332067, 12.9678162], [80.1332983, 12.9678166], [80.1333441, 12.9678624], [80.1334357, 12.9678856], [80.1334358, 12.967954], [80.1334816, 12.9679998], [80.1335046, 12.9681824], [80.1335275, 12.9681825], [80.1335278, 12.96873], [80.1335049, 12.9687299], [80.1335055, 12.9697565], [80.1334369, 12.9699387], [80.133437, 12.9700756], [80.1334141, 12.9700755], [80.1334144, 12.9705089], [80.1334373, 12.970509], [80.1334374, 12.9708056], [80.1334603, 12.9708057], [80.1334604, 12.9709882], [80.1334833, 12.9709883], [80.1334834, 12.9711023], [80.1335292, 12.971171], [80.1335293, 12.9712394], [80.1335751, 12.9712852], [80.1335751, 12.9713536], [80.1336897, 12.9715366], [80.1337584, 12.9715597], [80.1338729, 12.9715602], [80.1338729, 12.971583], [80.1341477, 12.9715841], [80.1341477, 12.9716069], [80.1344224, 12.9716081], [80.1344225, 12.9716309], [80.1345598, 12.9716315], [80.1346514, 12.9716547], [80.134766, 12.9717464], [80.1349262, 12.971747], [80.1349263, 12.9717698], [80.1350865, 12.9717705], [80.135201, 12.9717025], [80.1352468, 12.9717255], [80.1354757, 12.9717265], [80.1354757, 12.9717037], [80.1358192, 12.9717051], [80.1358192, 12.9717279], [80.136071, 12.971729], [80.1361626, 12.9717521], [80.1362313, 12.9717981], [80.1363, 12.9717983], [80.1363459, 12.9718441], [80.1364145, 12.9718444], [80.1365748, 12.9718223], [80.1366206, 12.971754], [80.1366663, 12.9717542], [80.136735, 12.9716633], [80.1367808, 12.9716634], [80.1369638, 12.9714589], [80.1369867, 12.9713449], [80.1369637, 12.9712764], [80.136666, 12.9710927], [80.1365285, 12.9708868], [80.1365284, 12.9708412], [80.1364597, 12.9707952], [80.1364139, 12.9707266], [80.1365283, 12.9705902], [80.1365741, 12.9705904], [80.1366885, 12.970454], [80.1367343, 12.9704542], [80.13678, 12.9703859], [80.1369403, 12.9703866], [80.1369403, 12.9703638], [80.137215, 12.9703649], [80.137215, 12.9703421], [80.1375356, 12.9703434], [80.1375356, 12.9703206], [80.1376958, 12.9703213], [80.1377645, 12.970276], [80.1379248, 12.9702538], [80.1380621, 12.9701631], [80.138062, 12.9700491], [80.1381078, 12.9699808], [80.1381075, 12.9696158], [80.1380847, 12.9696157], [80.1380846, 12.969456], [80.1380617, 12.9694559], [80.1380616, 12.9692962], [80.1380387, 12.9692962], [80.1380386, 12.9691365], [80.1380157, 12.9691364], [80.1380156, 12.9689767], [80.1379927, 12.9689766], [80.1379926, 12.9687941], [80.1379697, 12.968794], [80.1379696, 12.9686343], [80.1379467, 12.9686342], [80.1379466, 12.9684517], [80.1379237, 12.9684516], [80.1379234, 12.9680182], [80.1379692, 12.9679727], [80.1379692, 12.9679043], [80.1380149, 12.9678817], [80.1380607, 12.9677678], [80.1384499, 12.9677694], [80.1385873, 12.9678156], [80.1386331, 12.9678842], [80.1386789, 12.9678844], [80.138931, 12.9681592], [80.1389768, 12.9682963], [80.1390685, 12.9683879], [80.1390685, 12.9684335], [80.1393434, 12.9686856], [80.139435, 12.9686632], [80.1395494, 12.9686636], [80.1396868, 12.968573], [80.1396867, 12.9685273], [80.1397554, 12.9684592], [80.1397553, 12.9683451], [80.1397782, 12.9683452], [80.1397781, 12.9681855], [80.139801, 12.9680944], [80.1398467, 12.9680261], [80.1398467, 12.9679577], [80.1398924, 12.9679122], [80.1398924, 12.9678438], [80.1399382, 12.9678212], [80.139961, 12.9677072], [80.1400068, 12.9676846], [80.1400296, 12.9675934], [80.1400754, 12.9675708], [80.1400983, 12.9674797], [80.1405102, 12.9670936], [80.1405559, 12.9670709], [80.1406703, 12.9669117], [80.1407619, 12.9668437], [80.1407618, 12.966798], [80.1408305, 12.9667527], [80.1408305, 12.9667071], [80.140922, 12.966639], [80.1409677, 12.9665023], [80.1410364, 12.966457], [80.1410821, 12.9663431], [80.1412423, 12.9662069], [80.1412423, 12.9661613], [80.1413338, 12.9660932], [80.1413795, 12.9658653], [80.1414024, 12.9658654], [80.1414023, 12.9657057], [80.1411045, 12.9654307], [80.140761, 12.9652924], [80.1403029, 12.9650396], [80.1402342, 12.9650393], [80.1397303, 12.9647635], [80.1396616, 12.9647632], [80.1392952, 12.9645564], [80.1392265, 12.9645561], [80.1387226, 12.9642802], [80.1386081, 12.964257], [80.1385394, 12.9642111], [80.1384707, 12.9641195], [80.1384249, 12.9641193], [80.1382416, 12.9639133], [80.1381727, 12.9635936], [80.138104, 12.9635021], [80.1381039, 12.9634108], [80.1380581, 12.9633194], [80.1379894, 12.9633191], [80.1379207, 12.9632732], [80.1378291, 12.96325], [80.1376459, 12.9632492], [80.1376459, 12.9632264], [80.1372795, 12.9631109], [80.1372795, 12.9630652], [80.1372108, 12.9630421], [80.1371878, 12.9629964], [80.1370734, 12.9629959], [80.1368901, 12.9629267], [80.1367528, 12.9629262], [80.1367528, 12.9629034], [80.1366383, 12.9629029], [80.1365696, 12.9629482], [80.1364781, 12.9630619], [80.1364323, 12.9630617], [80.1363637, 12.9631527], [80.1362035, 12.9632661], [80.1362035, 12.9633117], [80.1359975, 12.9634934], [80.1359976, 12.963539], [80.1357687, 12.9637434], [80.1357687, 12.963789], [80.1354941, 12.9640388], [80.1354713, 12.9640843], [80.135334, 12.9642434], [80.1352882, 12.9642433], [80.1352424, 12.9643115], [80.1351966, 12.9643113], [80.1349678, 12.9644701], [80.1347617, 12.9644692], [80.1347617, 12.9644464], [80.1345785, 12.9644456], [80.1345785, 12.9644228], [80.1344411, 12.9644223], [80.1343724, 12.9643763], [80.1342808, 12.9643532], [80.1341663, 12.9643527], [80.1341663, 12.9643299], [80.134029, 12.9643293], [80.1340289, 12.9643065], [80.1339145, 12.964306], [80.1339144, 12.9642832], [80.1338, 12.9642827], [80.1338, 12.9642599], [80.1336626, 12.9642593], [80.1336626, 12.9642365], [80.1335481, 12.9642361], [80.1335481, 12.9642133], [80.1334336, 12.9642128], [80.1334336, 12.96419], [80.1332504, 12.9641892], [80.1332504, 12.9641664], [80.1328612, 12.9641648], [80.1328611, 12.964142], [80.1324719, 12.9641404], [80.1324719, 12.9641176], [80.1314874, 12.9641135], [80.1314874, 12.9641363], [80.1309608, 12.9641341], [80.1309608, 12.9641569], [80.1307547, 12.9641561], [80.1307547, 12.9641789], [80.1305945, 12.9641782], [80.1305945, 12.9642011], [80.13048, 12.9642006], [80.13048, 12.9642234], [80.1303655, 12.9642229], [80.130274, 12.9642454], [80.1301366, 12.9643132], [80.130045, 12.9643128], [80.1299077, 12.9643807], [80.1295414, 12.9644476], [80.1294956, 12.9644931], [80.1294269, 12.9644928], [80.1293812, 12.9645382], [80.1293125, 12.9645379], [80.1292667, 12.9645834], [80.129198, 12.9645831], [80.1291752, 12.9646286], [80.1290149, 12.9647192], [80.1290379, 12.9647649], [80.129038, 12.9649246], [80.1290609, 12.9649247], [80.1290609, 12.9650844], [80.1290838, 12.9650845], [80.1290839, 12.9652214], [80.1291068, 12.9652215], [80.1291069, 12.9653355], [80.1291527, 12.965427], [80.1291528, 12.965541], [80.1291757, 12.9655411], [80.1291758, 12.9656552], [80.1292216, 12.9657466], [80.1292217, 12.9658607], [80.1292446, 12.9658608], [80.1292446, 12.9659748], [80.1293134, 12.9661576], [80.1293135, 12.9662717], [80.1293364, 12.9662718], [80.1293365, 12.9663858], [80.1293823, 12.9664773], [80.1293824, 12.9665913], [80.1294282, 12.9666828], [80.1294512, 12.9668426], [80.129497, 12.9668884], [80.12952, 12.9670025], [80.1295658, 12.9670255], [80.1295658, 12.967094], [80.1296804, 12.9671629], [80.1296804, 12.9671857], [80.1298177, 12.9671863], [80.1298178, 12.9672091], [80.1301383, 12.9672104], [80.1301383, 12.9671876], [80.1302986, 12.9671883], [80.1302986, 12.9671654], [80.1305275, 12.9671664], [80.1306191, 12.9672124], [80.130642, 12.9672581], [80.1307107, 12.9672584], [80.1307566, 12.9673042], [80.1308252, 12.9673045], [80.130894, 12.9673732], [80.1309627, 12.9673735], [80.1310085, 12.9674193], [80.1311459, 12.9674427], [80.1312145, 12.9674202]]]}}, {"type": "Feature", "properties": {"ward": "12", "zone": "1", "zone_name": "PAMMAL", "area_km2": 0.976}, "geometry": {"type": "Polygon", "coordinates": [[[80.1233124, 12.962346], [80.1233354, 12.9624373], [80.1233812, 12.9624603], [80.1234271, 12.9625974], [80.1235187, 12.962689], [80.1235416, 12.9627804], [80.1236791, 12.9629406], [80.1237021, 12.963032], [80.1237937, 12.9631236], [80.1238167, 12.9632149], [80.1239541, 12.9633752], [80.1239771, 12.9634665], [80.1240687, 12.9635582], [80.1240917, 12.9636495], [80.1242291, 12.9638098], [80.1242292, 12.9638554], [80.1242979, 12.9639013], [80.1242979, 12.9639469], [80.1244124, 12.9640386], [80.1244125, 12.9640843], [80.1245041, 12.9641531], [80.1245728, 12.9641534], [80.1246873, 12.9642223], [80.1250994, 12.964224], [80.1251681, 12.9641786], [80.1253512, 12.9641566], [80.1254199, 12.9641112], [80.1255115, 12.9641116], [80.1256259, 12.9640437], [80.1258091, 12.9640216], [80.1258091, 12.9639988], [80.1259236, 12.9639993], [80.1259235, 12.9639765], [80.1262212, 12.9639777], [80.1264731, 12.9641156], [80.126519, 12.9641842], [80.1265648, 12.9641844], [80.1268168, 12.9644592], [80.1268626, 12.9644594], [80.1270459, 12.9646655], [80.1272748, 12.9646664], [80.1272748, 12.9646892], [80.1275725, 12.9646904], [80.1275725, 12.9646676], [80.1278014, 12.9646686], [80.1278014, 12.9646458], [80.1280533, 12.9646468], [80.1280533, 12.964624], [80.1283051, 12.964625], [80.1283051, 12.9646022], [80.1286027, 12.9646035], [80.1286944, 12.9646495], [80.1288088, 12.9646499], [80.1289004, 12.9646959], [80.1290149, 12.9647192], [80.1291752, 12.9646286], [80.129198, 12.9645831], [80.1292667, 12.9645834], [80.1293125, 12.9645379], [80.1293812, 12.9645382], [80.1294269, 12.9644928], [80.1294956, 12.9644931], [80.1295414, 12.9644476], [80.1299077, 12.9643807], [80.130045, 12.9643128], [80.1301366, 12.9643132], [80.130274, 12.9642454], [80.1303655, 12.9642229], [80.13048, 12.9642234], [80.13048, 12.9642006], [80.1305945, 12.9642011], [80.1305945, 12.9641782], [80.1307547, 12.9641789], [80.1307547, 12.9641561], [80.1309608, 12.9641569], [80.1309608, 12.9641341], [80.1314874, 12.9641363], [80.1314874, 12.9641135], [80.1324719, 12.9641176], [80.1324719, 12.9641404], [80.1328611, 12.964142], [80.1328612, 12.9641648], [80.1332504, 12.9641664], [80.1332504, 12.9641892], [80.1334336, 12.96419], [80.1334336, 12.9642128], [80.1335481, 12.9642133], [80.1335481, 12.9642361], [80.1336626, 12.9642365], [80.1336626, 12.9642593], [80.1338, 12.9642599], [80.1338, 12.9642827], [80.1339144, 12.9642832], [80.1339145, 12.964306], [80.1340289, 12.9643065], [80.134029, 12.9643293], [80.1341663, 12.9643299], [80.1341663, 12.9643527], [80.1342808, 12.9643532], [80.1343724, 12.9643763], [80.1344411, 12.9644223], [80.1345785, 12.9644228], [80.1345785, 12.9644456], [80.1347617, 12.9644464], [80.1347617, 12.9644692], [80.1349678, 12.9644701], [80.1351966, 12.9643113], [80.1352424, 12.9643115], [80.1352882, 12.9642433], [80.135334, 12.9642434], [80.1354713, 12.9640843], [80.1354941, 12.9640388], [80.1357687, 12.963789], [80.1357687, 12.9637434], [80.1359976, 12.963539], [80.1359975, 12.9634934], [80.1362035, 12.9633117], [80.1362035, 12.9632661], [80.1363637, 12.9631527], [80.1364323, 12.9630617], [80.1364781, 12.9630619], [80.1365696, 12.9629482], [80.1366383, 12.9629029], [80.1367528, 12.9629034], [80.1367528, 12.9629262], [80.1368901, 12.9629267], [80.1370734, 12.9629959], [80.1371878, 12.9629964], [80.1372108, 12.9630421], [80.1372795, 12.9630652], [80.1372795, 12.9631109], [80.1376459, 12.9632264], [80.1376459, 12.9632492], [80.1378291, 12.96325], [80.1379207, 12.9632732], [80.1379894, 12.9633191], [80.1380581, 12.9633194], [80.1381039, 12.9632968], [80.1381496, 12.9631601], [80.1381953, 12.9631374], [80.1383783, 12.9627276], [80.1384469, 12.9626594], [80.1384469, 12.962591], [80.1384926, 12.9625456], [80.1385154, 12.9623631], [80.1385383, 12.9623632], [80.1385382, 12.9621579], [80.1384007, 12.9619977], [80.1384007, 12.9619521], [80.1382633, 12.9618602], [80.1381945, 12.9617687], [80.13808, 12.9617226], [80.1380342, 12.961654], [80.1379884, 12.9616538], [80.1377592, 12.961265], [80.1377592, 12.961151], [80.137988, 12.961015], [80.1380109, 12.9609695], [80.1382399, 12.9609705], [80.1382399, 12.9609933], [80.1385146, 12.9609944], [80.1385146, 12.9610172], [80.1387207, 12.9610181], [80.1387207, 12.9610409], [80.1392702, 12.9610431], [80.1392702, 12.961066], [80.1397282, 12.9610679], [80.1398197, 12.9610454], [80.1399113, 12.9609774], [80.13998, 12.9609776], [80.1400486, 12.9609323], [80.1400485, 12.9607498], [80.1400714, 12.9607499], [80.140071, 12.9600655], [80.1401168, 12.9600201], [80.1401855, 12.9600204], [80.1402312, 12.9599749], [80.1404602, 12.9599303], [80.1404602, 12.9599074], [80.1408036, 12.9599089], [80.1408036, 12.9599317], [80.1409868, 12.9599324], [80.1409868, 12.9599552], [80.1411242, 12.9599558], [80.1411242, 12.9599786], [80.1412387, 12.9599791], [80.1413531, 12.9599111], [80.1413302, 12.9598882], [80.1413072, 12.9597284], [80.1412385, 12.9596597], [80.1411926, 12.9595227], [80.1411468, 12.9594997], [80.1411009, 12.9593626], [80.1410551, 12.9593396], [80.1409405, 12.9590654], [80.1408947, 12.9590424], [80.1408259, 12.9588596], [80.1407801, 12.9588366], [80.1407113, 12.9586538], [80.1404822, 12.9583563], [80.1403448, 12.9583329], [80.1403446, 12.958082], [80.1403217, 12.9580819], [80.1402987, 12.9579221], [80.14023, 12.9578534], [80.1401841, 12.9577391], [80.1400467, 12.9576245], [80.1400237, 12.9575331], [80.1399779, 12.9575101], [80.139955, 12.9574188], [80.1399092, 12.9573958], [80.1398633, 12.9572587], [80.1398175, 12.9572357], [80.1397946, 12.9571444], [80.1397488, 12.9571214], [80.1397029, 12.9569843], [80.1396571, 12.9569613], [80.1396341, 12.95687], [80.1394509, 12.9567095], [80.1394508, 12.9566639], [80.1391759, 12.9564118], [80.139153, 12.9563661], [80.138901, 12.9560913], [80.1388094, 12.956091], [80.1387178, 12.9560449], [80.1386033, 12.9560445], [80.1385117, 12.9559985], [80.1383972, 12.955998], [80.1383972, 12.9559752], [80.1382827, 12.9559747], [80.138214, 12.9559516], [80.1380767, 12.9560651], [80.1379623, 12.9561103], [80.1379165, 12.9561785], [80.1377334, 12.956269], [80.1376877, 12.9563373], [80.1375732, 12.9563824], [80.1375274, 12.9564507], [80.1373672, 12.9565641], [80.1373673, 12.9566097], [80.1372986, 12.956655], [80.1372986, 12.9567006], [80.1369783, 12.9571328], [80.1369555, 12.9572467], [80.1367267, 12.9574967], [80.136658, 12.9574964], [80.1364749, 12.9576097], [80.1364062, 12.9576323], [80.1362917, 12.9576318], [80.136223, 12.9575631], [80.1360856, 12.9574713], [80.1360168, 12.9572885], [80.1359481, 12.9572426], [80.1357191, 12.9572416], [80.135536, 12.9573093], [80.1353986, 12.9573087], [80.1353986, 12.9573315], [80.1352841, 12.9573311], [80.1352842, 12.9573539], [80.1351697, 12.9573534], [80.1351697, 12.9573762], [80.1350552, 12.9573758], [80.1350552, 12.9573986], [80.1349407, 12.9573981], [80.1349408, 12.9574209], [80.1348263, 12.9574204], [80.1348263, 12.9574432], [80.1347118, 12.9574428], [80.1347118, 12.9574656], [80.1345973, 12.9574651], [80.1345974, 12.9574879], [80.1344829, 12.9574875], [80.1343684, 12.9575554], [80.1342997, 12.9575551], [80.1342082, 12.9576232], [80.1341395, 12.9576457], [80.1333155, 12.9580301], [80.1332926, 12.9580757], [80.1331095, 12.9581433], [80.1330637, 12.9582116], [80.1329722, 12.958234], [80.1327205, 12.9585067], [80.1326747, 12.9585065], [80.1326289, 12.9585976], [80.1325374, 12.9586657], [80.1325374, 12.9587113], [80.1324688, 12.9587566], [80.1323772, 12.9587791], [80.1322398, 12.9587785], [80.1322398, 12.9588013], [80.1321253, 12.9588008], [80.1321254, 12.9588236], [80.1320109, 12.9588232], [80.1319422, 12.9588913], [80.1319423, 12.958937], [80.1318507, 12.959005], [80.1318507, 12.9590506], [80.1317592, 12.9590959], [80.1316677, 12.9592096], [80.1316219, 12.9592094], [80.1313701, 12.959368], [80.1312327, 12.9593903], [80.131187, 12.9594357], [80.1306833, 12.9595705], [80.130546, 12.9596612], [80.13034, 12.9597288], [80.1301798, 12.959865], [80.1300425, 12.95991], [80.1300196, 12.9599556], [80.1299509, 12.9599553], [80.1298822, 12.9600234], [80.1297907, 12.9600687], [80.129722, 12.9600684], [80.1296762, 12.9601138], [80.1295618, 12.9601134], [80.1285545, 12.960383], [80.12844, 12.9603825], [80.12844, 12.9604053], [80.1282568, 12.9604045], [80.1282569, 12.9604274], [80.1281195, 12.9604268], [80.1281195, 12.9604496], [80.1279592, 12.9604489], [80.1279592, 12.9604717], [80.1278219, 12.9604712], [80.1278219, 12.960494], [80.1276387, 12.9604932], [80.1276387, 12.960516], [80.1274784, 12.9605154], [80.1274785, 12.9605382], [80.1273411, 12.9605376], [80.1273411, 12.9605604], [80.1271579, 12.9605597], [80.1271579, 12.9605825], [80.1270206, 12.9605819], [80.1270206, 12.9606047], [80.1268603, 12.9606041], [80.1268603, 12.9606269], [80.126723, 12.9606491], [80.1266314, 12.9607628], [80.1265399, 12.9607624], [80.1265169, 12.9607167], [80.1261735, 12.9607153], [80.1261048, 12.9607835], [80.125853, 12.9608737], [80.1256471, 12.9610097], [80.1255784, 12.9610094], [80.125235, 12.9611449], [80.1251434, 12.9611445], [80.1249374, 12.9612349], [80.1245024, 12.9613472], [80.1244567, 12.9613926], [80.1241591, 12.9614826], [80.1241362, 12.9615281], [80.1240446, 12.9615506], [80.1240218, 12.9615961], [80.1239302, 12.9616185], [80.1239073, 12.9616641], [80.1235869, 12.9617996], [80.1232894, 12.9620721], [80.1231979, 12.9622086], [80.1233124, 12.962346]]]}}, {"type": "Feature", "properties": {"ward": "13", "zone": "2", "zone_name": "PALLAVARAM", "area_km2": 0.469}, "geometry": {"type": "Polygon", "coordinates": [[[80.14282, 12.9625178], [80.1428658, 12.9625408], [80.1428887, 12.9626321], [80.1429346, 12.9627008], [80.1430033, 12.9627467], [80.1430262, 12.962838], [80.143072, 12.962861], [80.143095, 12.9629524], [80.1431637, 12.9629983], [80.1432096, 12.9631353], [80.1433471, 12.9632956], [80.14337, 12.9633869], [80.1434158, 12.9634556], [80.1435533, 12.9635702], [80.1435991, 12.9636388], [80.1436221, 12.963753], [80.1436679, 12.963776], [80.1436909, 12.963913], [80.1437825, 12.9640046], [80.1437825, 12.9640502], [80.1438512, 12.9640961], [80.1438971, 12.9641647], [80.14392, 12.9642561], [80.1440117, 12.9643477], [80.1440346, 12.9644391], [80.1441262, 12.9645307], [80.1441492, 12.964622], [80.144195, 12.964645], [80.1442179, 12.9647364], [80.1443096, 12.964828], [80.1443325, 12.9649194], [80.1444012, 12.9649653], [80.1445386, 12.9648746], [80.1445843, 12.9648063], [80.144653, 12.964761], [80.1447903, 12.9647159], [80.1448132, 12.9646704], [80.1449048, 12.964648], [80.1449276, 12.9646024], [80.1450192, 12.96458], [80.1450421, 12.9645345], [80.1451337, 12.964512], [80.1451565, 12.9644665], [80.1452939, 12.9644214], [80.1453167, 12.9643759], [80.1454083, 12.9643535], [80.1454312, 12.964308], [80.1455228, 12.9642855], [80.1455456, 12.96424], [80.1456372, 12.9642176], [80.1456601, 12.964172], [80.1457974, 12.964127], [80.1458203, 12.9640814], [80.1459119, 12.964059], [80.1459347, 12.9640135], [80.1460263, 12.963991], [80.1460492, 12.9639455], [80.1461407, 12.9639231], [80.1461636, 12.9638775], [80.146301, 12.9638325], [80.1463238, 12.963787], [80.1464154, 12.9637645], [80.146484, 12.9636964], [80.1465527, 12.9636966], [80.1466672, 12.9636287], [80.1467588, 12.9636291], [80.1468274, 12.9635837], [80.1469877, 12.9635844], [80.1470335, 12.963653], [80.1471251, 12.963699], [80.1471252, 12.9637446], [80.1472855, 12.9638822], [80.1473085, 12.9639963], [80.1473543, 12.9640193], [80.147446, 12.9642478], [80.1474918, 12.9643165], [80.1475606, 12.9643624], [80.1475606, 12.964408], [80.1476293, 12.9644767], [80.1476295, 12.9647505], [80.1476066, 12.9647504], [80.1476067, 12.9649101], [80.1476525, 12.9649331], [80.1477213, 12.9651387], [80.1477671, 12.9651388], [80.1478359, 12.9653444], [80.1478817, 12.9653674], [80.1479505, 12.9655502], [80.1479963, 12.9655732], [80.1480651, 12.965756], [80.1481109, 12.965779], [80.1482026, 12.9660075], [80.1482484, 12.9660077], [80.1483172, 12.9662133], [80.148363, 12.9662135], [80.1485235, 12.966602], [80.1485693, 12.9666022], [80.1486152, 12.966762], [80.148661, 12.966785], [80.1486839, 12.9668764], [80.1488444, 12.967242], [80.1488902, 12.967265], [80.1489132, 12.9673564], [80.1490737, 12.967722], [80.1491195, 12.967745], [80.1491424, 12.9678364], [80.1493029, 12.9682021], [80.1493487, 12.9682251], [80.1493488, 12.9683163], [80.1495321, 12.9686364], [80.1495324, 12.9690471], [80.1496011, 12.9691158], [80.1497385, 12.9691392], [80.149853, 12.9691396], [80.1499217, 12.9692768], [80.1499904, 12.9693227], [80.1499905, 12.9693683], [80.1501738, 12.9695972], [80.1502196, 12.9697343], [80.1502654, 12.9697573], [80.1503342, 12.9699401], [80.15038, 12.9699631], [80.1504718, 12.9701916], [80.1505176, 12.9702146], [80.1505864, 12.9703973], [80.1506322, 12.9704203], [80.150701, 12.9706031], [80.1507468, 12.9706261], [80.1508156, 12.9708089], [80.1508614, 12.9708319], [80.1509302, 12.9710147], [80.150976, 12.9710377], [80.1510448, 12.9712205], [80.1510906, 12.9712435], [80.1511594, 12.9714263], [80.1512052, 12.9714493], [80.151274, 12.9716321], [80.1514573, 12.9718609], [80.1517549, 12.9718622], [80.1517549, 12.9718393], [80.151938, 12.9717717], [80.1518922, 12.9717259], [80.1519151, 12.9716575], [80.1520066, 12.9716351], [80.1520295, 12.9715895], [80.1521211, 12.9715671], [80.1526704, 12.9713184], [80.1527163, 12.9713871], [80.1528078, 12.9713646], [80.1528307, 12.9713191], [80.1529223, 12.9712967], [80.1529452, 12.9712511], [80.1530367, 12.9712287], [80.1530596, 12.9711832], [80.1531512, 12.9711607], [80.153174, 12.9711152], [80.1532656, 12.9710928], [80.1532885, 12.9710472], [80.15338, 12.9710248], [80.1534029, 12.9709793], [80.1534945, 12.9709569], [80.1535174, 12.9709113], [80.1536089, 12.9708889], [80.1536318, 12.9708434], [80.1537234, 12.9708209], [80.1538149, 12.9707072], [80.1538836, 12.9706619], [80.1540209, 12.9706168], [80.1540438, 12.9705713], [80.1541811, 12.9705263], [80.1543413, 12.9704129], [80.1542726, 12.9703213], [80.1541809, 12.97007], [80.1539288, 12.9697952], [80.153883, 12.9697722], [80.1533332, 12.9692453], [80.1533332, 12.9691996], [80.1532645, 12.9691765], [80.1532644, 12.9691081], [80.1531957, 12.9690394], [80.1531957, 12.9689937], [80.153127, 12.9689478], [80.1529895, 12.9686963], [80.1529207, 12.9686504], [80.1527832, 12.9683989], [80.1527145, 12.968353], [80.1527145, 12.9683074], [80.1524853, 12.9679643], [80.1524853, 12.967873], [80.1524394, 12.9678044], [80.1524394, 12.9676903], [80.1524165, 12.9676902], [80.1524164, 12.9675762], [80.1522332, 12.9674842], [80.1521873, 12.9674155], [80.1521416, 12.9674153], [80.1519125, 12.9672091], [80.1519124, 12.9671635], [80.1518437, 12.9671175], [80.1518437, 12.9670719], [80.151775, 12.967026], [80.1517291, 12.9669118], [80.1516604, 12.9668659], [80.1516146, 12.9667516], [80.1515458, 12.9667057], [80.1515229, 12.9666144], [80.1514313, 12.9665455], [80.1513854, 12.9664313], [80.1513167, 12.9663854], [80.151225, 12.9662253], [80.151225, 12.9661569], [80.1511792, 12.9661339], [80.1511791, 12.9660654], [80.1511333, 12.9660196], [80.1511333, 12.9659512], [80.1510416, 12.9657455], [80.1510186, 12.9656541], [80.1509499, 12.9655398], [80.1506979, 12.9654019], [80.1504917, 12.9651729], [80.1504459, 12.9651727], [80.150423, 12.9651042], [80.1503543, 12.9650583], [80.1498043, 12.9641891], [80.1497355, 12.9641432], [80.1497355, 12.9640976], [80.1496439, 12.964006], [80.1496209, 12.9639146], [80.1495522, 12.9638687], [80.1495522, 12.9638231], [80.1494606, 12.9637315], [80.1494376, 12.9636401], [80.1493689, 12.9635942], [80.1493689, 12.9635486], [80.1488647, 12.9628393], [80.1488418, 12.962748], [80.1487731, 12.9627021], [80.1486355, 12.9624506], [80.1485668, 12.9624047], [80.1485439, 12.9623133], [80.1484752, 12.9622674], [80.1482001, 12.96181], [80.1481314, 12.9617641], [80.1479939, 12.9615126], [80.1479252, 12.9614667], [80.1477877, 12.9612152], [80.147719, 12.9611693], [80.1476273, 12.9609864], [80.1475585, 12.9609405], [80.1475127, 12.9608263], [80.147444, 12.9607803], [80.1473065, 12.9605973], [80.147192, 12.9605512], [80.1471462, 12.9604826], [80.1469629, 12.9603905], [80.1469171, 12.9603904], [80.1468256, 12.9604812], [80.146734, 12.9605037], [80.1466883, 12.9605719], [80.1466425, 12.9605717], [80.1465052, 12.9606624], [80.1464365, 12.9606621], [80.1462076, 12.960798], [80.1461389, 12.9607978], [80.1458642, 12.9609563], [80.1457956, 12.960956], [80.1455667, 12.961092], [80.145498, 12.9610917], [80.1452691, 12.9612276], [80.1452004, 12.9612273], [80.1449715, 12.9613633], [80.1449029, 12.961363], [80.1447198, 12.9614763], [80.1446511, 12.961476], [80.1443764, 12.9616345], [80.1443077, 12.9616343], [80.1440788, 12.9617702], [80.1440101, 12.9617699], [80.1437813, 12.9619058], [80.1437126, 12.9619056], [80.1434837, 12.9620415], [80.143415, 12.9620412], [80.1431861, 12.9621771], [80.1429343, 12.9622673], [80.1427741, 12.9623807], [80.14282, 12.9625178]]]}}, {"type": "Feature", "properties": {"ward": "14", "zone": "2", "zone_name": "PALLAVARAM", "area_km2": 0.459}, "geometry": {"type": "Polygon", "coordinates": [[[80.145244, 12.9574406], [80.1452898, 12.9574865], [80.1453128, 12.9576691], [80.1453816, 12.9577606], [80.1453816, 12.957829], [80.1454503, 12.9578749], [80.1454503, 12.9579206], [80.145542, 12.9580122], [80.1455879, 12.9581949], [80.1456337, 12.9581951], [80.1457253, 12.9582639], [80.145817, 12.9584468], [80.1458857, 12.9584927], [80.1460691, 12.9588128], [80.1461378, 12.9588587], [80.1461836, 12.958973], [80.1462523, 12.9590189], [80.146344, 12.9592017], [80.1464128, 12.9592477], [80.1465503, 12.9594992], [80.146619, 12.9595451], [80.1467565, 12.9597966], [80.1468252, 12.9598425], [80.1468253, 12.9599109], [80.146917, 12.9601166], [80.146917, 12.9602307], [80.1469399, 12.9602308], [80.14694, 12.9603448], [80.1469629, 12.9603905], [80.1471462, 12.9604826], [80.147192, 12.9605512], [80.1473065, 12.9605973], [80.147444, 12.9607803], [80.1475127, 12.9608263], [80.1475585, 12.9609405], [80.1476273, 12.9609864], [80.147719, 12.9611693], [80.1477877, 12.9612152], [80.1479252, 12.9614667], [80.1479939, 12.9615126], [80.1481314, 12.9617641], [80.1482001, 12.96181], [80.1484752, 12.9622674], [80.1485439, 12.9623133], [80.1485668, 12.9624047], [80.1486355, 12.9624506], [80.1487731, 12.9627021], [80.1488418, 12.962748], [80.1488647, 12.9628393], [80.1493689, 12.9635486], [80.1493689, 12.9635942], [80.1494376, 12.9636401], [80.1494606, 12.9637315], [80.1495522, 12.9638231], [80.1495522, 12.9638687], [80.1496209, 12.9639146], [80.1496439, 12.964006], [80.1497355, 12.9640976], [80.1497355, 12.9641432], [80.1498043, 12.9641891], [80.1503543, 12.9650583], [80.150423, 12.9651042], [80.1504459, 12.9651727], [80.1504917, 12.9651729], [80.1506979, 12.9654019], [80.1509499, 12.9655398], [80.1510186, 12.9656541], [80.1510416, 12.9657455], [80.1511333, 12.9659512], [80.1511333, 12.9660196], [80.1511791, 12.9660654], [80.1511792, 12.9661339], [80.151225, 12.9661569], [80.151225, 12.9662253], [80.1513167, 12.9663854], [80.1513854, 12.9664313], [80.1514313, 12.9665455], [80.1515229, 12.9666144], [80.1515458, 12.9667057], [80.1516146, 12.9667516], [80.1516604, 12.9668659], [80.1517291, 12.9669118], [80.151775, 12.967026], [80.1518437, 12.9670719], [80.1518437, 12.9671175], [80.1519124, 12.9671635], [80.1519125, 12.9672091], [80.1521416, 12.9674153], [80.1521873, 12.9674155], [80.1522332, 12.9674842], [80.1524164, 12.9675762], [80.1524851, 12.9675308], [80.1525308, 12.9674626], [80.1526224, 12.9674401], [80.1526681, 12.9673719], [80.1527597, 12.9673495], [80.1529885, 12.9671451], [80.1529885, 12.9670995], [80.1530801, 12.9670542], [80.1530799, 12.9668261], [80.1531028, 12.9668262], [80.1531026, 12.966484], [80.1531942, 12.9664159], [80.1531942, 12.9663703], [80.1533315, 12.9662568], [80.1533314, 12.9662112], [80.1534001, 12.9661887], [80.1534459, 12.9661204], [80.1534917, 12.9661206], [80.1535374, 12.9660524], [80.1535832, 12.9660526], [80.1536518, 12.9659616], [80.1537663, 12.9658936], [80.1537663, 12.965848], [80.1538578, 12.9657799], [80.1539493, 12.9656206], [80.1539492, 12.9654838], [80.1539721, 12.9654838], [80.1539719, 12.9651417], [80.153949, 12.9651416], [80.1539489, 12.9650047], [80.153926, 12.9650046], [80.153926, 12.9648905], [80.1539031, 12.9648904], [80.153903, 12.9647764], [80.1538801, 12.9647763], [80.15388, 12.9646394], [80.1538571, 12.9646393], [80.153857, 12.964434], [80.1538341, 12.9644339], [80.1538331, 12.9626317], [80.1538102, 12.9626316], [80.1537642, 12.9624033], [80.1537184, 12.9623575], [80.1537184, 12.9622891], [80.1536497, 12.9622203], [80.1536496, 12.9621747], [80.153558, 12.9620375], [80.1533977, 12.9620368], [80.1533977, 12.962014], [80.1532145, 12.9620132], [80.1532145, 12.962036], [80.1529169, 12.9621261], [80.1527109, 12.9622621], [80.1526422, 12.9622618], [80.1526194, 12.9623073], [80.152482, 12.9623068], [80.152482, 12.9623296], [80.152276, 12.9623287], [80.152276, 12.9623515], [80.1519554, 12.9623502], [80.1519554, 12.9623274], [80.1517263, 12.9621211], [80.1516805, 12.9620525], [80.1514971, 12.9616411], [80.1514513, 12.9616181], [80.1512449, 12.961161], [80.1511991, 12.961138], [80.1510387, 12.9607724], [80.1509928, 12.9607494], [80.1508094, 12.960338], [80.1507636, 12.960315], [80.1507636, 12.9602009], [80.1507407, 12.9602008], [80.1507404, 12.959813], [80.1506947, 12.9598128], [80.1506488, 12.9597442], [80.1505572, 12.959721], [80.1505343, 12.9596753], [80.1503969, 12.9596291], [80.150374, 12.9595834], [80.1502366, 12.9595372], [80.1501907, 12.9594686], [80.1501449, 12.9594684], [80.1500533, 12.9593996], [80.1499846, 12.9593993], [80.149893, 12.9593305], [80.1498243, 12.9593302], [80.1497556, 12.9592843], [80.1495724, 12.9592835], [80.1495724, 12.9592607], [80.1492748, 12.9592595], [80.1492748, 12.9592367], [80.1491603, 12.9592362], [80.1491603, 12.9592134], [80.1490458, 12.9592129], [80.1489541, 12.9591213], [80.1489083, 12.959007], [80.1488396, 12.9589611], [80.1488395, 12.9589155], [80.1486562, 12.9586182], [80.1485415, 12.9583211], [80.1484728, 12.9582524], [80.1484498, 12.9581154], [80.1481977, 12.9576582], [80.1481977, 12.9575897], [80.1479456, 12.9571324], [80.1479455, 12.957064], [80.1478539, 12.9569267], [80.147808, 12.9567669], [80.1478078, 12.9565387], [80.1477849, 12.9565386], [80.1477849, 12.9564018], [80.1478764, 12.9563565], [80.147945, 12.9562656], [80.1479908, 12.9562657], [80.1480824, 12.9561749], [80.1493185, 12.9557922], [80.1493872, 12.955724], [80.149433, 12.9557242], [80.1496618, 12.9555427], [80.1496617, 12.9553145], [80.1496388, 12.955246], [80.149593, 12.955223], [80.1495013, 12.9550857], [80.1485625, 12.9550819], [80.1485625, 12.9550591], [80.1484252, 12.9550585], [80.1484252, 12.9550813], [80.1483107, 12.9550808], [80.1483107, 12.9551036], [80.1481733, 12.9551031], [80.1481733, 12.9551259], [80.1480589, 12.9551254], [80.1480589, 12.9551482], [80.1479215, 12.9551705], [80.1478757, 12.9552159], [80.1477842, 12.9552383], [80.1476697, 12.9552379], [80.1476697, 12.9552607], [80.1471889, 12.9552587], [80.1471202, 12.9552812], [80.1470745, 12.9553495], [80.1470287, 12.9553493], [80.1469829, 12.9554175], [80.1468685, 12.9554627], [80.1467769, 12.9555764], [80.1465939, 12.9557125], [80.146594, 12.9559634], [80.1466169, 12.9559635], [80.146617, 12.9560776], [80.1466399, 12.9560777], [80.14664, 12.956397], [80.1466629, 12.9563971], [80.146663, 12.956534], [80.1465944, 12.9565565], [80.1465028, 12.9566702], [80.146457, 12.95667], [80.1463884, 12.956761], [80.1462968, 12.9568062], [80.1461595, 12.9568285], [80.1461137, 12.9568739], [80.146045, 12.9568736], [80.1459993, 12.9569191], [80.1458619, 12.9569413], [80.1458161, 12.9569868], [80.1456788, 12.957009], [80.1455872, 12.9570771], [80.1455185, 12.9570768], [80.1454728, 12.957145], [80.1453354, 12.9571901], [80.1453126, 12.9572356], [80.145221, 12.9572581], [80.145244, 12.9574406]]]}}, {"type": "Feature", "properties": {"ward": "15", "zone": "2", "zone_name": "PALLAVARAM", "area_km2": 0.72}, "geometry": {"type": "Polygon", "coordinates": [[[80.1524165, 12.9676902], [80.1524394, 12.9676903], [80.1524394, 12.9678044], [80.1524853, 12.967873], [80.1524853, 12.9679643], [80.1527145, 12.9683074], [80.1527145, 12.968353], [80.1527832, 12.9683989], [80.1529207, 12.9686504], [80.1529895, 12.9686963], [80.153127, 12.9689478], [80.1531957, 12.9689937], [80.1531957, 12.9690394], [80.1532644, 12.9691081], [80.1532645, 12.9691765], [80.1533332, 12.9691996], [80.1533332, 12.9692453], [80.153883, 12.9697722], [80.1539288, 12.9697952], [80.1541809, 12.97007], [80.1542726, 12.9703213], [80.1543413, 12.9704129], [80.15441, 12.9703903], [80.15441, 12.9704359], [80.1545245, 12.970368], [80.1547307, 12.970597], [80.1548451, 12.9705974], [80.1549138, 12.9705065], [80.1548451, 12.9705518], [80.1547764, 12.9705287], [80.1545473, 12.9703225], [80.1545702, 12.9702769], [80.1546618, 12.9702545], [80.1546846, 12.970209], [80.1547762, 12.9701865], [80.1547991, 12.970141], [80.1548678, 12.9701185], [80.1548907, 12.9701642], [80.1553487, 12.9702573], [80.1553716, 12.9703259], [80.155532, 12.9704634], [80.155532, 12.970509], [80.1556923, 12.9706466], [80.1556924, 12.9706922], [80.1558298, 12.9708068], [80.1558298, 12.9708524], [80.1559444, 12.9709442], [80.1565402, 12.9718819], [80.1570671, 12.9724316], [80.1571129, 12.9724318], [80.1571588, 12.9725004], [80.1572046, 12.9725006], [80.1572733, 12.9725921], [80.1573649, 12.9726153], [80.1573878, 12.9726839], [80.1574794, 12.9727071], [80.1575024, 12.9727756], [80.157594, 12.9727988], [80.157594, 12.9728444], [80.1576627, 12.9728675], [80.1577314, 12.972959], [80.1577772, 12.9729592], [80.157846, 12.9730508], [80.1578918, 12.9730509], [80.1579605, 12.9731425], [80.1580063, 12.9731427], [80.158075, 12.9732342], [80.1581208, 12.9732344], [80.1581896, 12.9733259], [80.1582354, 12.9733261], [80.1582812, 12.9733947], [80.1583728, 12.9734407], [80.1585102, 12.9734413], [80.1585102, 12.9734185], [80.1586246, 12.9733505], [80.1586474, 12.9732137], [80.1594483, 12.9723958], [80.1594254, 12.9723957], [80.1591963, 12.9721438], [80.1591505, 12.9721436], [80.1590818, 12.9720521], [80.159036, 12.9720519], [80.1589901, 12.9719833], [80.1589444, 12.9719831], [80.1588985, 12.9719145], [80.1588527, 12.9719143], [80.1588069, 12.9718457], [80.1587611, 12.9718455], [80.1587153, 12.9717768], [80.1586695, 12.9717767], [80.1586236, 12.971708], [80.1585779, 12.9717078], [80.158532, 12.9716392], [80.1584862, 12.971639], [80.1584404, 12.9715704], [80.1583946, 12.9715702], [80.1583488, 12.9715016], [80.158303, 12.9715014], [80.1582572, 12.9714328], [80.1582114, 12.9714326], [80.1581655, 12.971364], [80.1581197, 12.9713638], [80.1580739, 12.9712951], [80.1580281, 12.9712949], [80.1579823, 12.9712263], [80.1579365, 12.9712261], [80.1578907, 12.9711575], [80.1578449, 12.9711573], [80.157799, 12.9710887], [80.1577532, 12.9710885], [80.1577074, 12.9710199], [80.1576616, 12.9710197], [80.1576158, 12.9709511], [80.15757, 12.9709509], [80.1575012, 12.9708593], [80.1574555, 12.9708591], [80.1574096, 12.9707905], [80.1573638, 12.9707903], [80.157318, 12.9707217], [80.1572722, 12.9707215], [80.1572264, 12.9706529], [80.1571806, 12.9706527], [80.1571347, 12.9705841], [80.157089, 12.9705839], [80.1570431, 12.9705153], [80.1569973, 12.9705151], [80.1569515, 12.9704464], [80.1569057, 12.9704463], [80.1568599, 12.9703776], [80.1568141, 12.9703774], [80.1567453, 12.9702859], [80.1566995, 12.9702857], [80.1565392, 12.9701026], [80.1564934, 12.9701024], [80.1563559, 12.9699421], [80.1563101, 12.9699419], [80.1561726, 12.9697817], [80.1561268, 12.9697815], [80.1559665, 12.9695983], [80.1559207, 12.9695981], [80.1557832, 12.9694379], [80.1556458, 12.9693232], [80.1556228, 12.9692319], [80.1555312, 12.9691403], [80.1555311, 12.9689806], [80.155554, 12.9689807], [80.1555539, 12.9688666], [80.1555768, 12.9687755], [80.1556225, 12.96873], [80.1556225, 12.9686616], [80.155714, 12.9685251], [80.1557139, 12.9684567], [80.1558512, 12.9682291], [80.1558511, 12.9681607], [80.1558969, 12.9681152], [80.1558968, 12.9680012], [80.1559197, 12.9680013], [80.1559197, 12.9678872], [80.1559426, 12.9678873], [80.1559425, 12.9677732], [80.1559654, 12.9677733], [80.1559653, 12.9676593], [80.1559882, 12.9676594], [80.1560339, 12.9673858], [80.1560796, 12.9673404], [80.1560796, 12.9672719], [80.1563771, 12.9669538], [80.1564228, 12.966954], [80.1564686, 12.9668857], [80.1565144, 12.9668859], [80.1565601, 12.9668177], [80.1566059, 12.9668178], [80.1566746, 12.9667269], [80.1567204, 12.9667271], [80.1567661, 12.9666588], [80.1568119, 12.966659], [80.1568577, 12.9665908], [80.1569035, 12.9665909], [80.1569492, 12.9665227], [80.156995, 12.9665229], [80.1570407, 12.9664546], [80.1570865, 12.9664548], [80.1571552, 12.9663639], [80.157201, 12.9663641], [80.1572467, 12.9662958], [80.1573383, 12.9662734], [80.157407, 12.966228], [80.1574527, 12.9661598], [80.1574985, 12.96616], [80.1576587, 12.9660466], [80.1577274, 12.966024], [80.1578648, 12.9660246], [80.1578647, 12.9660018], [80.1579792, 12.9660023], [80.1580708, 12.965957], [80.1582082, 12.9659576], [80.1582081, 12.9659348], [80.1583226, 12.9659352], [80.1583226, 12.9659124], [80.1584371, 12.9659129], [80.1584371, 12.9658901], [80.1585516, 12.9658906], [80.1585515, 12.9658678], [80.158666, 12.9658682], [80.158666, 12.9658454], [80.1587805, 12.9658459], [80.1588034, 12.9658004], [80.1589178, 12.9657552], [80.1589865, 12.9656642], [80.1590322, 12.9656644], [80.159078, 12.9655962], [80.1592382, 12.9654828], [80.1592153, 12.9654143], [80.1591695, 12.9653912], [80.1591236, 12.9652542], [80.1589861, 12.9650939], [80.1589632, 12.9649798], [80.1589173, 12.964934], [80.1589173, 12.9648427], [80.1588714, 12.9647513], [80.1588705, 12.963086], [80.1588476, 12.9630859], [80.1588472, 12.9624471], [80.1588701, 12.9624472], [80.15887, 12.9622647], [80.1588929, 12.9622648], [80.1588928, 12.9621279], [80.1589385, 12.9620597], [80.1591216, 12.9618551], [80.1591674, 12.9618553], [80.159236, 12.9617644], [80.1592818, 12.9617417], [80.159442, 12.9616055], [80.159442, 12.9615599], [80.1595106, 12.9615146], [80.1595106, 12.9614689], [80.1595793, 12.9614236], [80.1595792, 12.961378], [80.1596479, 12.9613326], [80.1596708, 12.9612643], [80.1596249, 12.9611956], [80.1595332, 12.9609671], [80.1594874, 12.9609441], [80.1594874, 12.9608757], [80.1594415, 12.9608299], [80.1593956, 12.9606244], [80.1593498, 12.9605786], [80.1593039, 12.9603731], [80.1592581, 12.9603273], [80.1592122, 12.9601218], [80.1591664, 12.9600759], [80.1591434, 12.959939], [80.1590976, 12.9598932], [80.1590516, 12.9596877], [80.1590058, 12.9596418], [80.1589599, 12.9594363], [80.1589141, 12.9593905], [80.1589141, 12.9593221], [80.1588453, 12.9591849], [80.1587535, 12.9588196], [80.1586619, 12.9587964], [80.1584558, 12.9587955], [80.1584558, 12.9587727], [80.1582497, 12.9587719], [80.1582498, 12.9587947], [80.1580666, 12.9587939], [80.1580666, 12.9588167], [80.1579521, 12.9588163], [80.157769, 12.9588839], [80.1576545, 12.9588835], [80.157563, 12.9589287], [80.1574485, 12.9589282], [80.1572653, 12.9589959], [80.1571509, 12.9589954], [80.1570593, 12.9590407], [80.1569448, 12.9590402], [80.1567617, 12.9591079], [80.1566472, 12.9591074], [80.1565557, 12.9591527], [80.1564412, 12.9591522], [80.156258, 12.9592199], [80.1561436, 12.9592194], [80.156052, 12.9592647], [80.1559375, 12.9592642], [80.1557544, 12.9593319], [80.1556399, 12.9593314], [80.1555484, 12.9593766], [80.1554339, 12.9593762], [80.1552508, 12.9594438], [80.1551363, 12.9594434], [80.1550447, 12.9594886], [80.1549302, 12.9594881], [80.1547471, 12.9595558], [80.1546326, 12.9595554], [80.1544495, 12.959623], [80.154335, 12.9596226], [80.1542435, 12.9596678], [80.154129, 12.9596673], [80.1539458, 12.959735], [80.1538314, 12.9597345], [80.1537398, 12.9597798], [80.1536253, 12.9597793], [80.1534422, 12.959847], [80.1533277, 12.9598465], [80.1532362, 12.9598918], [80.1531217, 12.9598913], [80.1531217, 12.9599141], [80.1529614, 12.9599134], [80.1529614, 12.9599363], [80.1524806, 12.9599343], [80.1524806, 12.9599115], [80.1522745, 12.9599106], [80.1522745, 12.9598878], [80.1521371, 12.9598872], [80.1521371, 12.9598644], [80.1520227, 12.9598639], [80.1520226, 12.9598411], [80.1518853, 12.9598406], [80.1518852, 12.9598178], [80.1517479, 12.9598172], [80.1517479, 12.9597944], [80.1516105, 12.9597938], [80.1516105, 12.959771], [80.1514731, 12.9597704], [80.1514731, 12.9597476], [80.1513357, 12.959747], [80.1513357, 12.9597242], [80.1511983, 12.9597237], [80.1511983, 12.9597009], [80.151038, 12.9597002], [80.151038, 12.959723], [80.1507404, 12.959813], [80.1507407, 12.9602008], [80.1507636, 12.9602009], [80.1507636, 12.960315], [80.1508094, 12.960338], [80.1509928, 12.9607494], [80.1510387, 12.9607724], [80.1511991, 12.961138], [80.1512449, 12.961161], [80.1514513, 12.9616181], [80.1514971, 12.9616411], [80.1516805, 12.9620525], [80.1517263, 12.9621211], [80.1519554, 12.9623274], [80.1519554, 12.9623502], [80.152276, 12.9623515], [80.152276, 12.9623287], [80.152482, 12.9623296], [80.152482, 12.9623068], [80.1526194, 12.9623073], [80.1526422, 12.9622618], [80.1527109, 12.9622621], [80.1529169, 12.9621261], [80.1532145, 12.962036], [80.1532145, 12.9620132], [80.1533977, 12.962014], [80.1533977, 12.9620368], [80.153558, 12.9620375], [80.1536496, 12.9621747], [80.1536497, 12.9622203], [80.1537184, 12.9622891], [80.1537184, 12.9623575], [80.1537642, 12.9624033], [80.1538102, 12.9626316], [80.1538331, 12.9626317], [80.1538341, 12.9644339], [80.153857, 12.964434], [80.1538571, 12.9646393], [80.15388, 12.9646394], [80.1538801, 12.9647763], [80.153903, 12.9647764], [80.1539031, 12.9648904], [80.153926, 12.9648905], [80.153926, 12.9650046], [80.1539489, 12.9650047], [80.153949, 12.9651416], [80.1539719, 12.9651417], [80.1539721, 12.9654838], [80.1539492, 12.9654838], [80.1539493, 12.9656206], [80.1538578, 12.9657799], [80.1537663, 12.965848], [80.1537663, 12.9658936], [80.1536518, 12.9659616], [80.1535832, 12.9660526], [80.1535374, 12.9660524], [80.1534917, 12.9661206], [80.1534459, 12.9661204], [80.1534001, 12.9661887], [80.1533314, 12.9662112], [80.1533315, 12.9662568], [80.1531942, 12.9663703], [80.1531942, 12.9664159], [80.1531026, 12.966484], [80.1531028, 12.9668262], [80.1530799, 12.9668261], [80.1530801, 12.9670542], [80.1529885, 12.9670995], [80.1529885, 12.9671451], [80.1527597, 12.9673495], [80.1526681, 12.9673719], [80.1526224, 12.9674401], [80.1525308, 12.9674626], [80.1524851, 12.9675308], [80.1524164, 12.9675762], [80.1524165, 12.9676902]]]}}, {"type": "Feature", "properties": {"ward": "16", "zone": "2", "zone_name": "PALLAVARAM", "area_km2": 0.723}, "geometry": {"type": "Polygon", "coordinates": [[[80.159078, 12.9655962], [80.1590322, 12.9656644], [80.1589865, 12.9656642], [80.1589178, 12.9657552], [80.1588034, 12.9658004], [80.1587805, 12.9658459], [80.158666, 12.9658454], [80.158666, 12.9658682], [80.1585515, 12.9658678], [80.1585516, 12.9658906], [80.1584371, 12.9658901], [80.1584371, 12.9659129], [80.1583226, 12.9659124], [80.1583226, 12.9659352], [80.1582081, 12.9659348], [80.1582082, 12.9659576], [80.1580708, 12.965957], [80.1579792, 12.9660023], [80.1578647, 12.9660018], [80.1578648, 12.9660246], [80.1577274, 12.966024], [80.1576587, 12.9660466], [80.1574985, 12.96616], [80.1574527, 12.9661598], [80.157407, 12.966228], [80.1573383, 12.9662734], [80.1572467, 12.9662958], [80.157201, 12.9663641], [80.1571552, 12.9663639], [80.1570865, 12.9664548], [80.1570407, 12.9664546], [80.156995, 12.9665229], [80.1569492, 12.9665227], [80.1569035, 12.9665909], [80.1568577, 12.9665908], [80.1568119, 12.966659], [80.1567661, 12.9666588], [80.1567204, 12.9667271], [80.1566746, 12.9667269], [80.1566059, 12.9668178], [80.1565601, 12.9668177], [80.1565144, 12.9668859], [80.1564686, 12.9668857], [80.1564228, 12.966954], [80.1563771, 12.9669538], [80.1560796, 12.9672719], [80.1560796, 12.9673404], [80.1560339, 12.9673858], [80.1559882, 12.9676594], [80.1559653, 12.9676593], [80.1559654, 12.9677733], [80.1559425, 12.9677732], [80.1559426, 12.9678873], [80.1559197, 12.9678872], [80.1559197, 12.9680013], [80.1558968, 12.9680012], [80.1558969, 12.9681152], [80.1558511, 12.9681607], [80.1558512, 12.9682291], [80.1557139, 12.9684567], [80.155714, 12.9685251], [80.1556225, 12.9686616], [80.1556225, 12.96873], [80.1555768, 12.9687755], [80.1555539, 12.9688666], [80.155554, 12.9689807], [80.1555311, 12.9689806], [80.1555312, 12.9691403], [80.1556228, 12.9692319], [80.1556458, 12.9693232], [80.1557832, 12.9694379], [80.1559207, 12.9695981], [80.1559665, 12.9695983], [80.1561268, 12.9697815], [80.1561726, 12.9697817], [80.1563101, 12.9699419], [80.1563559, 12.9699421], [80.1564934, 12.9701024], [80.1565392, 12.9701026], [80.1566995, 12.9702857], [80.1567453, 12.9702859], [80.1568141, 12.9703774], [80.1568599, 12.9703776], [80.1569057, 12.9704463], [80.1569515, 12.9704464], [80.1569973, 12.9705151], [80.1570431, 12.9705153], [80.157089, 12.9705839], [80.1571347, 12.9705841], [80.1571806, 12.9706527], [80.1572264, 12.9706529], [80.1572722, 12.9707215], [80.157318, 12.9707217], [80.1573638, 12.9707903], [80.1574096, 12.9707905], [80.1574555, 12.9708591], [80.1575012, 12.9708593], [80.15757, 12.9709509], [80.1576158, 12.9709511], [80.1576616, 12.9710197], [80.1577074, 12.9710199], [80.1577532, 12.9710885], [80.157799, 12.9710887], [80.1578449, 12.9711573], [80.1578907, 12.9711575], [80.1579365, 12.9712261], [80.1579823, 12.9712263], [80.1580281, 12.9712949], [80.1580739, 12.9712951], [80.1581197, 12.9713638], [80.1581655, 12.971364], [80.1582114, 12.9714326], [80.1582572, 12.9714328], [80.158303, 12.9715014], [80.1583488, 12.9715016], [80.1583946, 12.9715702], [80.1584404, 12.9715704], [80.1584862, 12.971639], [80.158532, 12.9716392], [80.1585779, 12.9717078], [80.1586236, 12.971708], [80.1586695, 12.9717767], [80.1587153, 12.9717768], [80.1587611, 12.9718455], [80.1588069, 12.9718457], [80.1588527, 12.9719143], [80.1588985, 12.9719145], [80.1589444, 12.9719831], [80.1589901, 12.9719833], [80.159036, 12.9720519], [80.1590818, 12.9720521], [80.1591505, 12.9721436], [80.1591963, 12.9721438], [80.1594254, 12.9723957], [80.1594483, 12.9723958], [80.1595627, 12.972305], [80.1595627, 12.9722594], [80.1597458, 12.9721233], [80.1597458, 12.9720549], [80.1597916, 12.972055], [80.1598144, 12.9719867], [80.1598831, 12.9719414], [80.159883, 12.9718957], [80.1599517, 12.9718504], [80.1599517, 12.9718048], [80.1600432, 12.9717367], [80.1600432, 12.9716683], [80.160089, 12.9716685], [80.1601118, 12.9716001], [80.1601805, 12.9715548], [80.1601805, 12.9715091], [80.1602491, 12.9714638], [80.160272, 12.9713727], [80.1603177, 12.9713272], [80.1603864, 12.9713275], [80.1604093, 12.971282], [80.1606611, 12.9711461], [80.1607526, 12.9710096], [80.1607524, 12.9707815], [80.160844, 12.9707819], [80.1608669, 12.9708276], [80.1609586, 12.9708736], [80.1610501, 12.970874], [80.1612105, 12.9709887], [80.1613937, 12.9709895], [80.1614852, 12.9709214], [80.1615539, 12.9709217], [80.1615997, 12.9708763], [80.1617599, 12.9708541], [80.1618286, 12.9708088], [80.1620117, 12.9707867], [80.1620346, 12.9707412], [80.162172, 12.9707418], [80.1622406, 12.9706964], [80.1623322, 12.9706968], [80.1624467, 12.9706288], [80.162584, 12.9706294], [80.1626527, 12.9705841], [80.1627443, 12.9705844], [80.1628129, 12.9705391], [80.1629961, 12.970517], [80.163019, 12.9704715], [80.1631563, 12.9704721], [80.163225, 12.9704267], [80.1633166, 12.9704271], [80.163431, 12.9703591], [80.1635684, 12.9703597], [80.1636371, 12.9703144], [80.1638202, 12.9702923], [80.1638431, 12.9702468], [80.1639805, 12.9702473], [80.1640949, 12.9701794], [80.1642323, 12.97018], [80.164301, 12.9701346], [80.1644841, 12.9701126], [80.164507, 12.970067], [80.1646444, 12.9700676], [80.1647588, 12.9699996], [80.1648962, 12.9700002], [80.1649648, 12.9699549], [80.1650564, 12.9699552], [80.1651709, 12.9698873], [80.1653082, 12.9698878], [80.1653769, 12.9698425], [80.1654685, 12.9698429], [80.1655371, 12.9697975], [80.1656287, 12.9697979], [80.1656974, 12.9697526], [80.165789, 12.9697529], [80.1659034, 12.969685], [80.1660408, 12.9696855], [80.1660637, 12.96964], [80.1661781, 12.9696405], [80.1661781, 12.9696177], [80.1662926, 12.9695497], [80.1663154, 12.9694129], [80.1663611, 12.9693447], [80.1663611, 12.9692078], [80.1664068, 12.9691852], [80.1664296, 12.9690028], [80.1664754, 12.9689345], [80.1664753, 12.9688433], [80.1665211, 12.968775], [80.1665439, 12.9685926], [80.1665896, 12.9685244], [80.1665896, 12.9684331], [80.1666353, 12.9683649], [80.1666352, 12.968228], [80.166681, 12.9682054], [80.1667038, 12.968023], [80.1667496, 12.9679547], [80.1667495, 12.9678635], [80.1667953, 12.9677952], [80.1667952, 12.967704], [80.1669097, 12.9676588], [80.1668867, 12.9675447], [80.1668409, 12.9674989], [80.1668408, 12.9674304], [80.166795, 12.9673618], [80.1667948, 12.967088], [80.1668635, 12.9669515], [80.1668634, 12.9668602], [80.1669777, 12.9665869], [80.1669777, 12.9664957], [80.1670234, 12.9664274], [80.1670234, 12.9663362], [80.1670691, 12.9662679], [80.1670688, 12.9656748], [80.1670459, 12.9656747], [80.1670458, 12.9654922], [80.1670229, 12.9654921], [80.1670227, 12.9652868], [80.1669999, 12.9652867], [80.1669997, 12.9650814], [80.1669768, 12.9650813], [80.1669767, 12.964876], [80.1669538, 12.9648759], [80.1669538, 12.9647618], [80.1669309, 12.9647617], [80.1668162, 12.9643735], [80.1667703, 12.9643505], [80.1667474, 12.9642591], [80.1667016, 12.9642361], [80.166587, 12.964076], [80.1665412, 12.9640758], [80.1664954, 12.9640071], [80.1663809, 12.9639839], [80.1663351, 12.963938], [80.1662435, 12.9639148], [80.1660374, 12.963914], [80.1660374, 12.9638912], [80.1659, 12.9638678], [80.1658542, 12.9639132], [80.1657856, 12.963913], [80.1657627, 12.9639585], [80.1655567, 12.9640261], [80.1655338, 12.9640716], [80.1654422, 12.964094], [80.1653507, 12.9641849], [80.1652591, 12.9642073], [80.1652363, 12.9642529], [80.1651447, 12.9642753], [80.1651218, 12.9643208], [80.1650302, 12.9643433], [80.1650074, 12.9643888], [80.1648929, 12.964434], [80.1645267, 12.9646378], [80.164458, 12.9646375], [80.1642749, 12.9647508], [80.1642062, 12.9647505], [80.1641605, 12.9647959], [80.1640002, 12.9648409], [80.163817, 12.9648401], [80.1638171, 12.9648629], [80.1633362, 12.964861], [80.1633362, 12.9648838], [80.1631989, 12.9648832], [80.1631989, 12.964906], [80.1630615, 12.9649055], [80.1630615, 12.9649283], [80.162947, 12.9649278], [80.1629471, 12.9649506], [80.1627181, 12.9649497], [80.1627181, 12.9649725], [80.1624891, 12.9649715], [80.1624891, 12.9649487], [80.1622831, 12.9649479], [80.1620998, 12.964833], [80.1620082, 12.9648099], [80.161848, 12.9648092], [80.1618479, 12.9647864], [80.160955, 12.9647827], [80.160955, 12.9648055], [80.1604513, 12.9648034], [80.1604513, 12.9648262], [80.1601537, 12.9648934], [80.1601079, 12.9649389], [80.1600392, 12.9649386], [80.1597875, 12.9651657], [80.1597875, 12.9652113], [80.1597189, 12.9652566], [80.1596274, 12.9653931], [80.1595816, 12.965393], [80.1595129, 12.9654611], [80.1593756, 12.9654605], [80.1593756, 12.9654834], [80.1592382, 12.9654828], [80.159078, 12.9655962]]]}}, {"type": "Feature", "properties": {"ward": "17", "zone": "2", "zone_name": "PALLAVARAM", "area_km2": 1.409}, "geometry": {"type": "Polygon", "coordinates": [[[80.1596479, 12.9613326], [80.1595792, 12.961378], [80.1595793, 12.9614236], [80.1595106, 12.9614689], [80.1595106, 12.9615146], [80.159442, 12.9615599], [80.159442, 12.9616055], [80.1592818, 12.9617417], [80.159236, 12.9617644], [80.1591674, 12.9618553], [80.1591216, 12.9618551], [80.1589385, 12.9620597], [80.1588928, 12.9621279], [80.1588929, 12.9622648], [80.15887, 12.9622647], [80.1588701, 12.9624472], [80.1588472, 12.9624471], [80.1588476, 12.9630859], [80.1588705, 12.963086], [80.1588714, 12.9647513], [80.1589173, 12.9648427], [80.1589173, 12.964934], [80.1589632, 12.9649798], [80.1589861, 12.9650939], [80.1591236, 12.9652542], [80.1591695, 12.9653912], [80.1592153, 12.9654143], [80.1592382, 12.9654828], [80.1593756, 12.9654834], [80.1593756, 12.9654605], [80.1595129, 12.9654611], [80.1595816, 12.965393], [80.1596274, 12.9653931], [80.1597189, 12.9652566], [80.1597875, 12.9652113], [80.1597875, 12.9651657], [80.1600392, 12.9649386], [80.1601079, 12.9649389], [80.1601537, 12.9648934], [80.1604513, 12.9648262], [80.1604513, 12.9648034], [80.160955, 12.9648055], [80.160955, 12.9647827], [80.1618479, 12.9647864], [80.161848, 12.9648092], [80.1620082, 12.9648099], [80.1620998, 12.964833], [80.1622831, 12.9649479], [80.1624891, 12.9649487], [80.1624891, 12.9649715], [80.1627181, 12.9649725], [80.1627181, 12.9649497], [80.1629471, 12.9649506], [80.162947, 12.9649278], [80.1630615, 12.9649283], [80.1630615, 12.9649055], [80.1631989, 12.964906], [80.1631989, 12.9648832], [80.1633362, 12.9648838], [80.1633362, 12.964861], [80.1638171, 12.9648629], [80.163817, 12.9648401], [80.1640002, 12.9648409], [80.1641605, 12.9647959], [80.1642062, 12.9647505], [80.1642749, 12.9647508], [80.164458, 12.9646375], [80.1645267, 12.9646378], [80.1648929, 12.964434], [80.1650074, 12.9643888], [80.1650302, 12.9643433], [80.1651218, 12.9643208], [80.1651447, 12.9642753], [80.1652363, 12.9642529], [80.1652591, 12.9642073], [80.1653507, 12.9641849], [80.1654422, 12.964094], [80.1655338, 12.9640716], [80.1655567, 12.9640261], [80.1657627, 12.9639585], [80.1657856, 12.963913], [80.1658542, 12.9639132], [80.1659, 12.9638678], [80.1660374, 12.9638912], [80.1660374, 12.963914], [80.1662435, 12.9639148], [80.1663351, 12.963938], [80.1663809, 12.9639839], [80.1664954, 12.9640071], [80.1665412, 12.9640758], [80.166587, 12.964076], [80.1667016, 12.9642361], [80.1667474, 12.9642591], [80.1667703, 12.9643505], [80.1668162, 12.9643735], [80.1669309, 12.9647617], [80.1669538, 12.9647618], [80.1669538, 12.9648759], [80.1669767, 12.964876], [80.1669768, 12.9650813], [80.1669997, 12.9650814], [80.1669999, 12.9652867], [80.1670227, 12.9652868], [80.1670229, 12.9654921], [80.1670458, 12.9654922], [80.1670459, 12.9656747], [80.1670688, 12.9656748], [80.1670691, 12.9662679], [80.1670234, 12.9663362], [80.1670234, 12.9664274], [80.1669777, 12.9664957], [80.1669777, 12.9665869], [80.1668634, 12.9668602], [80.1668635, 12.9669515], [80.1667948, 12.967088], [80.166795, 12.9673618], [80.1668408, 12.9674304], [80.1668409, 12.9674989], [80.1668867, 12.9675447], [80.1669097, 12.9676588], [80.1669783, 12.9676591], [80.1670241, 12.9676137], [80.1671844, 12.9676143], [80.167276, 12.9675919], [80.1673217, 12.9675465], [80.167482, 12.9675471], [80.1675736, 12.9675247], [80.1676193, 12.9674793], [80.1677567, 12.9674798], [80.1678254, 12.9674117], [80.1678711, 12.9674119], [80.1679398, 12.9673209], [80.1680085, 12.9673212], [80.1680313, 12.9672757], [80.1681458, 12.9672305], [80.1682832, 12.9672311], [80.1682832, 12.9672083], [80.1683976, 12.9672087], [80.1683976, 12.9671859], [80.168535, 12.9671865], [80.168535, 12.9671637], [80.1686724, 12.9671642], [80.1686724, 12.9671414], [80.1688097, 12.967142], [80.1688097, 12.9671192], [80.1689471, 12.9671197], [80.1690387, 12.9670973], [80.1691073, 12.967052], [80.1691531, 12.9669609], [80.169153, 12.9667784], [80.1691987, 12.966733], [80.1692903, 12.9667334], [80.1693361, 12.9666879], [80.1694048, 12.9666882], [80.1694734, 12.96662], [80.169565, 12.9666204], [80.1696108, 12.966575], [80.1696794, 12.9665753], [80.1697481, 12.9665071], [80.1698397, 12.9665075], [80.1698854, 12.9664621], [80.1699541, 12.9664623], [80.1700228, 12.9663942], [80.1701373, 12.9663947], [80.1701372, 12.9663719], [80.1703433, 12.9663727], [80.1703433, 12.9663499], [80.1705494, 12.9663507], [80.1705494, 12.9663279], [80.1707783, 12.9663289], [80.1707783, 12.9663061], [80.1709844, 12.9663069], [80.1709844, 12.9662841], [80.1711904, 12.966285], [80.1711904, 12.9662621], [80.1713965, 12.966263], [80.1713965, 12.9662402], [80.1716254, 12.9662411], [80.1716254, 12.9662183], [80.1718086, 12.9662191], [80.1718086, 12.9661963], [80.171923, 12.9661967], [80.171923, 12.9661739], [80.1720604, 12.9661745], [80.1720604, 12.9661517], [80.1721749, 12.9661521], [80.1721749, 12.9661293], [80.1722893, 12.9661298], [80.1722893, 12.966107], [80.1724038, 12.9661075], [80.1724038, 12.9660847], [80.1726785, 12.9660858], [80.1726786, 12.9661086], [80.1730449, 12.9661101], [80.1730449, 12.9661329], [80.1731823, 12.9661107], [80.1732051, 12.9660652], [80.1732967, 12.9660655], [80.1733196, 12.96602], [80.1734112, 12.9660204], [80.1734341, 12.9659748], [80.1735256, 12.9659524], [80.1736859, 12.9659531], [80.1737088, 12.9660444], [80.1737776, 12.9660903], [80.1742126, 12.9660921], [80.1742126, 12.9660693], [80.1745102, 12.9660705], [80.1745102, 12.9660477], [80.1759754, 12.9657116], [80.1761127, 12.9655981], [80.1761126, 12.965484], [80.1761813, 12.9654843], [80.1762042, 12.9654388], [80.1763186, 12.9654393], [80.1764331, 12.9653713], [80.1765705, 12.9653719], [80.1765704, 12.9653491], [80.1769368, 12.9653506], [80.1769368, 12.9653278], [80.1771199, 12.9653285], [80.1771199, 12.9653057], [80.1772802, 12.9653064], [80.1773261, 12.9654206], [80.1774177, 12.9654666], [80.1774177, 12.9655579], [80.1774636, 12.9656265], [80.1775323, 12.9656724], [80.1779902, 12.9656743], [80.1780818, 12.9657203], [80.1781047, 12.965766], [80.1781963, 12.9657892], [80.178288, 12.9658808], [80.1783796, 12.965904], [80.1784025, 12.9659497], [80.1784941, 12.9659957], [80.1787002, 12.9659966], [80.1787001, 12.9659738], [80.1788833, 12.9659745], [80.1788833, 12.9659517], [80.1790436, 12.9659524], [80.1790436, 12.9659296], [80.1791809, 12.9659301], [80.1791809, 12.9659073], [80.1792954, 12.9659078], [80.1792954, 12.965885], [80.1794786, 12.9658857], [80.1795702, 12.9659774], [80.1794557, 12.9659769], [80.1794328, 12.9660224], [80.1794329, 12.9661365], [80.1794787, 12.9661823], [80.1796161, 12.9662057], [80.1796162, 12.9662741], [80.1795246, 12.9662737], [80.1795016, 12.9662052], [80.1794559, 12.966205], [80.1794559, 12.9662963], [80.1795017, 12.9663421], [80.1796391, 12.9663427], [80.1796849, 12.9662972], [80.1796848, 12.9661375], [80.1797306, 12.9661377], [80.1797307, 12.966343], [80.1797994, 12.9663433], [80.1797994, 12.9664574], [80.1798224, 12.9665487], [80.1798682, 12.9666174], [80.1798683, 12.9667086], [80.179937, 12.9668458], [80.1799371, 12.966937], [80.1799829, 12.96696], [80.179983, 12.9670741], [80.1800059, 12.9671654], [80.1800747, 12.9673026], [80.1800977, 12.9674624], [80.1802123, 12.9676225], [80.1803267, 12.9676458], [80.1803726, 12.9676916], [80.180487, 12.9676921], [80.18051, 12.9677378], [80.1805787, 12.9677381], [80.1806245, 12.9677839], [80.180739, 12.9677844], [80.1807619, 12.9678301], [80.1808306, 12.9678304], [80.1808764, 12.9678762], [80.1809909, 12.9678767], [80.1810138, 12.9679224], [80.1810825, 12.9679227], [80.1811512, 12.9679686], [80.1812428, 12.967969], [80.1812657, 12.9680147], [80.1813344, 12.968015], [80.1814031, 12.9680609], [80.1814947, 12.9680613], [80.1815176, 12.968107], [80.1815863, 12.9681073], [80.181655, 12.9681532], [80.1817466, 12.9681535], [80.1817695, 12.9681993], [80.181884, 12.9681997], [80.181884, 12.9681769], [80.1820213, 12.9680862], [80.1820212, 12.9678581], [80.1819754, 12.9678123], [80.1819753, 12.9677211], [80.1820211, 12.9676984], [80.1821356, 12.9676989], [80.1821356, 12.9676761], [80.18225, 12.9676766], [80.1823416, 12.9676313], [80.1824561, 12.9676318], [80.1824561, 12.967609], [80.1825934, 12.9675867], [80.1826621, 12.9674958], [80.1826619, 12.9673133], [80.1826391, 12.9673132], [80.1825703, 12.9671988], [80.1825245, 12.9671986], [80.182387, 12.9669928], [80.1823412, 12.9669926], [80.1822037, 12.9667867], [80.1821579, 12.9667865], [80.1821121, 12.9666722], [80.1820434, 12.9666492], [80.1820662, 12.9665808], [80.1819746, 12.9665804], [80.1817913, 12.9663287], [80.1819516, 12.9663522], [80.1819974, 12.966284], [80.1819972, 12.9659874], [80.1819285, 12.9659871], [80.1819287, 12.9662609], [80.18186, 12.9662834], [80.1818142, 12.9662148], [80.181814, 12.9659866], [80.1817911, 12.9659865], [80.1817908, 12.9654391], [80.1818137, 12.9654391], [80.1818136, 12.9652566], [80.1818365, 12.9652567], [80.1818364, 12.9650514], [80.1818593, 12.9650515], [80.1818592, 12.964869], [80.1818362, 12.9647777], [80.1817904, 12.9647091], [80.1817903, 12.9646178], [80.1817445, 12.964572], [80.1817445, 12.9644807], [80.1816986, 12.9643893], [80.1816985, 12.9642524], [80.1816756, 12.9642523], [80.181492, 12.9634303], [80.1814461, 12.9633617], [80.1814461, 12.9632704], [80.1814003, 12.9632246], [80.1814002, 12.9631334], [80.1813314, 12.9629506], [80.1813313, 12.9628137], [80.1813084, 12.9628136], [80.1812395, 12.9624483], [80.1811937, 12.9624253], [80.1811937, 12.9622885], [80.1811478, 12.9622198], [80.1811478, 12.9621286], [80.181102, 12.9621056], [80.1811019, 12.9619915], [80.1810561, 12.9619457], [80.1810102, 12.9617402], [80.1809644, 12.9617172], [80.1809643, 12.9616032], [80.1809185, 12.9615573], [80.1809184, 12.9614889], [80.1808726, 12.9614203], [80.1808724, 12.9611009], [80.1808266, 12.9610779], [80.1808495, 12.9610324], [80.180735, 12.9609863], [80.1806663, 12.9609176], [80.1805747, 12.9609172], [80.1804831, 12.9609624], [80.1803457, 12.9609619], [80.1803457, 12.9609847], [80.1802084, 12.9609841], [80.1801397, 12.960961], [80.1800024, 12.9611201], [80.1799566, 12.9611199], [80.1799108, 12.9611882], [80.179865, 12.961188], [80.1798193, 12.9612562], [80.1797506, 12.9613016], [80.1796362, 12.9613011], [80.1796133, 12.9613466], [80.1794988, 12.9613462], [80.1794072, 12.9613914], [80.1792699, 12.9613908], [80.1792699, 12.9614137], [80.1791325, 12.9614131], [80.1791325, 12.9614359], [80.1789722, 12.9614352], [80.1789723, 12.9614581], [80.178812, 12.9614574], [80.178812, 12.9614802], [80.1786517, 12.9614795], [80.1786517, 12.9615024], [80.1785373, 12.9615019], [80.1785373, 12.9615247], [80.1783999, 12.9615241], [80.1783999, 12.9615469], [80.1782625, 12.9615464], [80.1782625, 12.9615692], [80.1780794, 12.9615684], [80.1780794, 12.9615912], [80.1779191, 12.9615906], [80.1779191, 12.9616134], [80.1777818, 12.9616128], [80.1777818, 12.9616356], [80.1776215, 12.961635], [80.1776215, 12.9616578], [80.1774841, 12.9616572], [80.1774841, 12.96168], [80.1769575, 12.9616779], [80.1769575, 12.961655], [80.176843, 12.9616546], [80.1768201, 12.961586], [80.1767055, 12.9614031], [80.1766826, 12.9613345], [80.1766825, 12.9612205], [80.1766596, 12.9612204], [80.1766595, 12.9610835], [80.1766366, 12.9610834], [80.1766365, 12.9609009], [80.1766136, 12.9609008], [80.1766135, 12.9607411], [80.1765906, 12.960741], [80.1765906, 12.9605813], [80.1765677, 12.9605812], [80.1765676, 12.9604216], [80.1765447, 12.9604215], [80.1765446, 12.9602846], [80.1765217, 12.9602845], [80.1765216, 12.9601476], [80.1764987, 12.9600563], [80.1764299, 12.9599419], [80.1764299, 12.9598735], [80.1763611, 12.959782], [80.1763153, 12.9597818], [80.1762466, 12.9596902], [80.176155, 12.9596899], [80.1761321, 12.9596441], [80.1759947, 12.9596436], [80.1759947, 12.9596208], [80.1756741, 12.9596194], [80.1756742, 12.9596423], [80.1754452, 12.9596413], [80.1754452, 12.9596641], [80.1750789, 12.9596626], [80.1750789, 12.9596854], [80.1746897, 12.9596838], [80.1746897, 12.9597066], [80.1743233, 12.9597051], [80.1743233, 12.9597279], [80.173957, 12.9597264], [80.173957, 12.9597492], [80.1735907, 12.9597477], [80.1735907, 12.9597705], [80.1732244, 12.959769], [80.1732244, 12.9597918], [80.1724917, 12.9597888], [80.172423, 12.9597429], [80.1723085, 12.9597424], [80.1722627, 12.9596966], [80.172194, 12.9596963], [80.1721482, 12.9596505], [80.1720795, 12.9596502], [80.1719879, 12.9596955], [80.1719192, 12.9596952], [80.1718735, 12.9597406], [80.1718048, 12.9597403], [80.171759, 12.9597858], [80.1716445, 12.9597853], [80.1716446, 12.9598081], [80.1711179, 12.9598059], [80.171118, 12.9598287], [80.1709348, 12.959828], [80.1709348, 12.9598508], [80.1707516, 12.95985], [80.1706601, 12.9598725], [80.1705914, 12.9599178], [80.1705456, 12.9599861], [80.1704999, 12.9599859], [80.1704312, 12.9600768], [80.1703854, 12.9600767], [80.1702939, 12.9601903], [80.1702481, 12.9601902], [80.1702024, 12.9602584], [80.1701566, 12.9602582], [80.1700879, 12.9603492], [80.1699964, 12.9603944], [80.1699277, 12.9603941], [80.1698819, 12.9604396], [80.1697903, 12.9604392], [80.1691494, 12.960619], [80.1682106, 12.9606152], [80.1682106, 12.960638], [80.1677298, 12.960636], [80.1676382, 12.9606128], [80.167226, 12.9604514], [80.1670657, 12.9604508], [80.1670657, 12.9604279], [80.1666536, 12.9604262], [80.1666536, 12.9604034], [80.1660583, 12.960401], [80.1659896, 12.9604463], [80.1658751, 12.9604458], [80.1658293, 12.9604913], [80.1657607, 12.960491], [80.1657149, 12.9606049], [80.1656692, 12.9606275], [80.1656692, 12.9606959], [80.1656234, 12.9607185], [80.165532, 12.9609463], [80.1654633, 12.960946], [80.1654175, 12.9609914], [80.1652573, 12.9610364], [80.165097, 12.9610357], [80.165097, 12.9610586], [80.1646391, 12.9610567], [80.1646391, 12.9610795], [80.1639522, 12.9610766], [80.1639522, 12.9610995], [80.1632196, 12.9610964], [80.1632195, 12.9610736], [80.1630822, 12.9610731], [80.1629447, 12.9609812], [80.162876, 12.960981], [80.1627844, 12.9608893], [80.1626928, 12.9608661], [80.1626699, 12.9608204], [80.1625554, 12.9607971], [80.162418, 12.9607053], [80.1623493, 12.9606822], [80.1621203, 12.9606813], [80.1621203, 12.9607041], [80.16196, 12.9607034], [80.1619601, 12.9607262], [80.1617769, 12.9607483], [80.1617082, 12.9607936], [80.1616166, 12.9607933], [80.161548, 12.9608386], [80.1614564, 12.9608382], [80.1613877, 12.9608836], [80.1612962, 12.9608832], [80.1612275, 12.9609285], [80.1611359, 12.9609281], [80.1610672, 12.9609735], [80.1609757, 12.9609731], [80.160907, 12.9610184], [80.1607925, 12.961018], [80.160701, 12.9610404], [80.1606552, 12.9610858], [80.160472, 12.9611079], [80.1603347, 12.9611758], [80.1602431, 12.9611982], [80.1601057, 12.9611976], [80.1601058, 12.9612204], [80.1599455, 12.9612198], [80.1599455, 12.9612426], [80.1597852, 12.9612419], [80.1597852, 12.9612647], [80.1596708, 12.9612643], [80.1596479, 12.9613326]]]}}, {"type": "Feature", "properties": {"ward": "18", "zone": "2", "zone_name": "PALLAVARAM", "area_km2": 0.505}, "geometry": {"type": "Polygon", "coordinates": [[[80.1802084, 12.9609841], [80.1803457, 12.9609847], [80.1803457, 12.9609619], [80.1804831, 12.9609624], [80.1805747, 12.9609172], [80.1806663, 12.9609176], [80.180735, 12.9609863], [80.1808495, 12.9610324], [80.1808953, 12.9610097], [80.18117, 12.9610109], [80.18117, 12.9609881], [80.1814448, 12.9609892], [80.1814447, 12.9609664], [80.1816966, 12.9609674], [80.1816966, 12.9609446], [80.1819713, 12.9609458], [80.1819713, 12.9609229], [80.1822232, 12.960924], [80.1822232, 12.9609012], [80.1830245, 12.9609045], [80.1830245, 12.9608817], [80.183139, 12.9608821], [80.183139, 12.960905], [80.1833909, 12.960906], [80.1833909, 12.9608832], [80.1835969, 12.960884], [80.1836199, 12.9610666], [80.1836657, 12.9611124], [80.1836658, 12.9612037], [80.1837575, 12.9614778], [80.1837576, 12.9616147], [80.1838264, 12.9617975], [80.1838265, 12.9619115], [80.1838494, 12.9620029], [80.183964, 12.9621859], [80.1840098, 12.9622089], [80.184193, 12.9622096], [80.1842388, 12.9622326], [80.1842388, 12.962301], [80.1842847, 12.9623697], [80.1843534, 12.9624156], [80.1843992, 12.9624842], [80.1843995, 12.9629405], [80.1845598, 12.9629411], [80.1845826, 12.96285], [80.1846513, 12.9628503], [80.1846513, 12.9628959], [80.18472, 12.9629418], [80.1848117, 12.9631247], [80.1848804, 12.9631706], [80.1848805, 12.9632162], [80.1849721, 12.963285], [80.1851782, 12.9632859], [80.1851781, 12.963263], [80.1853613, 12.9632638], [80.1853613, 12.963241], [80.1855445, 12.9632418], [80.1855445, 12.9632189], [80.1857276, 12.9632197], [80.1857276, 12.9631969], [80.1859108, 12.9631976], [80.1859108, 12.9631748], [80.1860939, 12.9631756], [80.186094, 12.963244], [80.1861398, 12.963267], [80.1861399, 12.9633811], [80.1861628, 12.9634496], [80.1862774, 12.9636326], [80.1863232, 12.9636328], [80.1864377, 12.9637701], [80.1864835, 12.9637703], [80.1865294, 12.9638389], [80.1865523, 12.9639759], [80.1865981, 12.9639989], [80.1866211, 12.9641359], [80.1867127, 12.9642047], [80.1867128, 12.9643644], [80.1867815, 12.9643647], [80.1868044, 12.9642963], [80.186873, 12.9642054], [80.1869417, 12.9642056], [80.1869646, 12.9642514], [80.1869647, 12.9643654], [80.1870334, 12.964457], [80.1870335, 12.9645938], [80.1870106, 12.9646394], [80.1870108, 12.9648447], [80.1870337, 12.9648448], [80.1871482, 12.9649821], [80.1872169, 12.9649824], [80.1872398, 12.9649141], [80.1872856, 12.9649142], [80.1873314, 12.9649829], [80.187423, 12.9650061], [80.1874917, 12.965052], [80.1875375, 12.9651206], [80.1875833, 12.9651208], [80.187675, 12.9652124], [80.1877436, 12.9652127], [80.1878353, 12.9653271], [80.1878811, 12.9653273], [80.187904, 12.9654187], [80.187904, 12.9653959], [80.1880871, 12.9652369], [80.1881099, 12.9651458], [80.1881786, 12.9650776], [80.1881785, 12.9648723], [80.1881097, 12.9648036], [80.188018, 12.964461], [80.1879721, 12.9644152], [80.1879492, 12.9642782], [80.1879033, 12.9642324], [80.1879033, 12.964164], [80.1878575, 12.9640954], [80.1878574, 12.9640041], [80.1877886, 12.9638213], [80.1877885, 12.9636845], [80.1877427, 12.9636158], [80.1876509, 12.9631592], [80.187605, 12.9630906], [80.187605, 12.9629993], [80.1875362, 12.962885], [80.1875361, 12.962634], [80.1874215, 12.9625423], [80.1873986, 12.9624738], [80.1873985, 12.9622228], [80.1873526, 12.9621542], [80.1873526, 12.962063], [80.1872608, 12.9617888], [80.1872608, 12.9616748], [80.1872379, 12.9616747], [80.1872377, 12.9614466], [80.1872148, 12.9614465], [80.1872147, 12.9612183], [80.1871918, 12.9612182], [80.1871917, 12.9609901], [80.1871688, 12.96099], [80.1871686, 12.9607619], [80.1871457, 12.9607618], [80.1871456, 12.9605109], [80.1871227, 12.9605108], [80.1871226, 12.9602827], [80.1870997, 12.9602826], [80.1870995, 12.9600544], [80.1870766, 12.9600543], [80.1870765, 12.9598262], [80.1870536, 12.9598261], [80.1870535, 12.959598], [80.1870306, 12.9595979], [80.1870304, 12.9592101], [80.1870075, 12.95921], [80.1870071, 12.9586625], [80.1869842, 12.9586624], [80.1869839, 12.9581149], [80.186961, 12.9581148], [80.1869607, 12.9576357], [80.1869379, 12.9576357], [80.1869377, 12.9573619], [80.1869148, 12.9573618], [80.1869145, 12.9569284], [80.1868916, 12.9569283], [80.1868916, 12.9567914], [80.1868687, 12.9567913], [80.1868684, 12.9564035], [80.1868455, 12.9564034], [80.1868455, 12.9562665], [80.1868225, 12.9561752], [80.1867767, 12.9561294], [80.1867538, 12.956038], [80.186662, 12.9558095], [80.1866162, 12.9557409], [80.1865933, 12.9557636], [80.186433, 12.955763], [80.1864331, 12.9557858], [80.1862041, 12.9557848], [80.1862041, 12.9558076], [80.1859523, 12.9558066], [80.1859523, 12.9558294], [80.1856775, 12.9558283], [80.1856775, 12.9558511], [80.1854257, 12.95585], [80.1854257, 12.9558729], [80.1852196, 12.955872], [80.1852196, 12.9558948], [80.184922, 12.9558936], [80.184922, 12.9559164], [80.1846701, 12.9559154], [80.1846702, 12.9559382], [80.1845557, 12.9559377], [80.1845557, 12.9559605], [80.1840749, 12.9559585], [80.1840749, 12.9559813], [80.183823, 12.9559803], [80.183823, 12.9559575], [80.183594, 12.9559565], [80.183594, 12.9559337], [80.1834109, 12.955933], [80.1834109, 12.9559102], [80.1832964, 12.9559097], [80.1832964, 12.9558869], [80.1831132, 12.9558861], [80.1831132, 12.9558633], [80.18293, 12.9558625], [80.18293, 12.9558397], [80.1822202, 12.9558368], [80.1822202, 12.9558596], [80.1821057, 12.9558591], [80.1821058, 12.955882], [80.1819913, 12.9558815], [80.1819913, 12.9559043], [80.1818539, 12.9559265], [80.1818311, 12.9560177], [80.1817624, 12.956063], [80.1817624, 12.9561087], [80.1816938, 12.956154], [80.1815565, 12.9563587], [80.1815107, 12.9563586], [80.1814192, 12.9564266], [80.1813505, 12.9564263], [80.1812818, 12.9564717], [80.1810987, 12.9564937], [80.1810529, 12.9565392], [80.1808011, 12.9566294], [80.1807782, 12.9566749], [80.1807096, 12.9566974], [80.1806867, 12.9567658], [80.1806868, 12.9569027], [80.1806639, 12.9569026], [80.1806642, 12.9574501], [80.1806871, 12.9574502], [80.1806874, 12.9579292], [80.1806645, 12.9579291], [80.1806646, 12.9580432], [80.1806417, 12.9580431], [80.1806417, 12.9581571], [80.1805732, 12.9583394], [80.1805732, 12.9584534], [80.1805275, 12.9585445], [80.1805276, 12.9586585], [80.1804818, 12.9587496], [80.1804819, 12.9588637], [80.1804361, 12.9589547], [80.1804362, 12.9590688], [80.1804133, 12.9590687], [80.1804134, 12.9591828], [80.1803448, 12.959365], [80.1803449, 12.959479], [80.1802763, 12.9596613], [80.1802763, 12.9597753], [80.1802306, 12.9598664], [80.1802307, 12.9599804], [80.1801849, 12.9600715], [80.180185, 12.9601856], [80.1801393, 12.9602766], [80.1801393, 12.9603907], [80.1801164, 12.9603906], [80.1801167, 12.960824], [80.1801396, 12.9608241], [80.1801397, 12.960961], [80.1802084, 12.9609841]]]}}, {"type": "Feature", "properties": {"ward": "19", "zone": "2", "zone_name": "PALLAVARAM", "area_km2": 0.726}, "geometry": {"type": "Polygon", "coordinates": [[[80.186662, 12.9558095], [80.1867538, 12.956038], [80.1867767, 12.9561294], [80.1868225, 12.9561752], [80.1868455, 12.9562665], [80.1868455, 12.9564034], [80.1868684, 12.9564035], [80.1868687, 12.9567913], [80.1868916, 12.9567914], [80.1868916, 12.9569283], [80.1869145, 12.9569284], [80.1869148, 12.9573618], [80.1869377, 12.9573619], [80.1869379, 12.9576357], [80.1869607, 12.9576357], [80.186961, 12.9581148], [80.1869839, 12.9581149], [80.1869842, 12.9586624], [80.1870071, 12.9586625], [80.1870075, 12.95921], [80.1870304, 12.9592101], [80.1870306, 12.9595979], [80.1870535, 12.959598], [80.1870536, 12.9598261], [80.1870765, 12.9598262], [80.1870766, 12.9600543], [80.1870995, 12.9600544], [80.1870997, 12.9602826], [80.1871226, 12.9602827], [80.1871227, 12.9605108], [80.1871456, 12.9605109], [80.1871457, 12.9607618], [80.1871686, 12.9607619], [80.1871688, 12.96099], [80.1871917, 12.9609901], [80.1871918, 12.9612182], [80.1872147, 12.9612183], [80.1872148, 12.9614465], [80.1872377, 12.9614466], [80.1872379, 12.9616747], [80.1872608, 12.9616748], [80.1872608, 12.9617888], [80.1873526, 12.962063], [80.1873526, 12.9621542], [80.1873985, 12.9622228], [80.1873986, 12.9624738], [80.1874215, 12.9625423], [80.1875361, 12.962634], [80.1875362, 12.962885], [80.187605, 12.9629993], [80.187605, 12.9630906], [80.1876509, 12.9631592], [80.1877427, 12.9636158], [80.1877885, 12.9636845], [80.1877886, 12.9638213], [80.1878574, 12.9640041], [80.1878575, 12.9640954], [80.1879033, 12.964164], [80.1879033, 12.9642324], [80.1879492, 12.9642782], [80.1879721, 12.9644152], [80.188018, 12.964461], [80.1881097, 12.9648036], [80.1881785, 12.9648723], [80.1881786, 12.9650776], [80.1881099, 12.9651458], [80.1880871, 12.9652369], [80.187904, 12.9653959], [80.187904, 12.9654187], [80.1879499, 12.9655557], [80.1879957, 12.9655787], [80.1879958, 12.96567], [80.1880874, 12.9658072], [80.1881562, 12.9660128], [80.1882021, 12.9660358], [80.1881792, 12.9660814], [80.188225, 12.9661044], [80.1882479, 12.9661729], [80.1883166, 12.9661732], [80.1883395, 12.9662189], [80.1884769, 12.9662195], [80.1884769, 12.9662423], [80.1885914, 12.9662428], [80.1886601, 12.9661974], [80.189118, 12.9661993], [80.189118, 12.9661765], [80.189553, 12.9661783], [80.189553, 12.9661555], [80.1896675, 12.966156], [80.1899421, 12.9659974], [80.1900566, 12.9659751], [80.190171, 12.9658387], [80.1903313, 12.9658393], [80.1903313, 12.9658165], [80.1904915, 12.9658172], [80.1904915, 12.9657944], [80.190606, 12.9657948], [80.1906518, 12.9657722], [80.1907204, 12.9656812], [80.1907202, 12.9653847], [80.1906744, 12.9653389], [80.1906744, 12.9652476], [80.1906285, 12.9651562], [80.1906285, 12.9650421], [80.1906056, 12.965042], [80.1905826, 12.9649051], [80.1906742, 12.9649054], [80.1906512, 12.9647456], [80.1906053, 12.9646542], [80.1906053, 12.9645401], [80.1905366, 12.9645855], [80.1905137, 12.9646538], [80.1904908, 12.9645625], [80.1904907, 12.9644484], [80.1904449, 12.9644254], [80.1904448, 12.9642657], [80.190399, 12.9642199], [80.1903989, 12.9640602], [80.190376, 12.9640601], [80.190376, 12.9639461], [80.190353, 12.9639004], [80.1904445, 12.9637639], [80.1904444, 12.9635814], [80.1904215, 12.96349], [80.1903757, 12.9634442], [80.1903756, 12.9632845], [80.1903297, 12.9632387], [80.1903297, 12.963079], [80.1903068, 12.9630789], [80.1903067, 12.9629649], [80.1904212, 12.9629425], [80.1904208, 12.9623038], [80.1903063, 12.9622805], [80.1903066, 12.9627595], [80.1902608, 12.9627365], [80.1902607, 12.9626225], [80.1901461, 12.9623483], [80.190146, 12.9622342], [80.1901231, 12.9622341], [80.190123, 12.96212], [80.1901001, 12.9621199], [80.1901001, 12.9620059], [80.1900772, 12.9620058], [80.1900771, 12.9618917], [80.1900313, 12.9618003], [80.1900312, 12.9616862], [80.1900083, 12.9616861], [80.1900082, 12.9615721], [80.1899853, 12.961572], [80.1899853, 12.9614579], [80.1899624, 12.9614578], [80.1899623, 12.9613438], [80.1899394, 12.9613437], [80.1899393, 12.9612296], [80.1899164, 12.9612295], [80.1899164, 12.9611154], [80.1898935, 12.9611153], [80.1898934, 12.9610013], [80.1898705, 12.9610012], [80.1898705, 12.9608871], [80.1898476, 12.960887], [80.1898475, 12.960773], [80.1898016, 12.9606815], [80.1898016, 12.9605675], [80.1897787, 12.9605674], [80.1897786, 12.9604533], [80.1897328, 12.9603619], [80.1897327, 12.9602478], [80.1897098, 12.9602477], [80.1897097, 12.9601337], [80.1896639, 12.9600422], [80.1896638, 12.9599282], [80.1896409, 12.9599281], [80.1896409, 12.959814], [80.189595, 12.9597226], [80.189595, 12.9596085], [80.1895721, 12.9596084], [80.189572, 12.9594943], [80.1895261, 12.9594029], [80.1895261, 12.9592888], [80.1895032, 12.9592887], [80.1894802, 12.9591746], [80.1893886, 12.9591058], [80.1892741, 12.9591053], [80.1892741, 12.9590825], [80.1891596, 12.959082], [80.1891596, 12.9590136], [80.1891138, 12.9589678], [80.1891137, 12.9588993], [80.189045, 12.9588078], [80.1890449, 12.9587394], [80.1889762, 12.9586706], [80.1889762, 12.9585794], [80.1889303, 12.9585336], [80.1889303, 12.9584651], [80.1888845, 12.9584193], [80.1888844, 12.9583509], [80.1888157, 12.9582822], [80.1888157, 12.9581909], [80.188724, 12.9580537], [80.1890902, 12.9578955], [80.1891589, 12.9578273], [80.1892505, 12.9578277], [80.1892962, 12.9577823], [80.1893878, 12.9577598], [80.1895481, 12.9577605], [80.1895481, 12.9577377], [80.1897083, 12.9577383], [80.1897083, 12.9577155], [80.1898686, 12.9577162], [80.1898686, 12.9576934], [80.190006, 12.9576939], [80.1900059, 12.9576711], [80.1901662, 12.9576718], [80.1901662, 12.957649], [80.1903036, 12.9576496], [80.1903036, 12.9576267], [80.1904638, 12.9576274], [80.1904638, 12.9576046], [80.1906241, 12.9576053], [80.1906241, 12.9575824], [80.1907615, 12.957583], [80.1907615, 12.9575602], [80.1909217, 12.9575609], [80.1909217, 12.957538], [80.191082, 12.9575387], [80.191082, 12.9575159], [80.1912193, 12.9575165], [80.1912193, 12.9574936], [80.1913567, 12.9574942], [80.1914483, 12.9575402], [80.1915628, 12.9575407], [80.1915628, 12.9575635], [80.1916773, 12.957564], [80.1917689, 12.95761], [80.1918834, 12.9576105], [80.1918834, 12.9576333], [80.1919979, 12.9576337], [80.1919979, 12.9576566], [80.192204, 12.9576574], [80.1923184, 12.957521], [80.1923183, 12.9573841], [80.1922954, 12.957384], [80.1922953, 12.9572015], [80.1922724, 12.9572014], [80.1922723, 12.9570418], [80.1922494, 12.9570417], [80.1922493, 12.9568592], [80.1922264, 12.9568591], [80.1922263, 12.9566766], [80.1922034, 12.9566765], [80.1922033, 12.9565168], [80.1921804, 12.9565167], [80.1921574, 12.9563341], [80.1920429, 12.9562424], [80.1919284, 12.9562191], [80.1918825, 12.9560364], [80.1917451, 12.9559674], [80.1917451, 12.9560358], [80.1918138, 12.9560361], [80.1918367, 12.9560818], [80.1918139, 12.9561958], [80.1916994, 12.9561953], [80.1916993, 12.9561041], [80.1916307, 12.9561038], [80.1916307, 12.9561722], [80.1915162, 12.9561489], [80.1915162, 12.9561033], [80.1913559, 12.9561255], [80.1913101, 12.9560797], [80.1910811, 12.9560787], [80.1910811, 12.9560559], [80.1909666, 12.9560554], [80.1909666, 12.9559414], [80.1909437, 12.9559413], [80.1909435, 12.9557131], [80.1909206, 12.955713], [80.1909205, 12.9554849], [80.1908976, 12.9554848], [80.1908975, 12.9553251], [80.1908288, 12.9552108], [80.1908287, 12.9550739], [80.1907829, 12.9550053], [80.1907599, 12.954914], [80.1907598, 12.9547999], [80.1907369, 12.9547998], [80.1907368, 12.9546401], [80.190714, 12.95464], [80.1907139, 12.9545259], [80.1906452, 12.9545029], [80.1906451, 12.9543432], [80.1907824, 12.9542981], [80.1911259, 12.9542995], [80.1911259, 12.9542767], [80.1914693, 12.9542781], [80.1914693, 12.9542553], [80.1918127, 12.9542567], [80.1918127, 12.9542339], [80.1921562, 12.9542353], [80.1922935, 12.9541675], [80.1923621, 12.9540537], [80.1923621, 12.9539396], [80.1924078, 12.9538486], [80.1924077, 12.9537345], [80.1924535, 12.9536435], [80.1924534, 12.9535294], [80.1924763, 12.9535295], [80.1924762, 12.9533926], [80.1924991, 12.9533927], [80.192499, 12.9532786], [80.1925219, 12.9532787], [80.1925219, 12.9531419], [80.1925448, 12.953142], [80.1925447, 12.9530279], [80.1925676, 12.953028], [80.1925675, 12.9529139], [80.1925904, 12.952914], [80.1925898, 12.9519331], [80.192567, 12.951933], [80.1925664, 12.9510205], [80.1925435, 12.9510204], [80.1925434, 12.9508607], [80.1924518, 12.9507463], [80.192406, 12.9507233], [80.1922457, 12.9507226], [80.1922457, 12.9507454], [80.1920168, 12.9507445], [80.1920168, 12.9507673], [80.1911696, 12.9507638], [80.1911696, 12.950741], [80.190414, 12.9507379], [80.190414, 12.950715], [80.1897042, 12.9507121], [80.1897042, 12.9506893], [80.1890173, 12.9506865], [80.1890173, 12.9506636], [80.1884449, 12.9506613], [80.1884449, 12.9506385], [80.1881244, 12.9506371], [80.1880556, 12.9505912], [80.1879641, 12.9505909], [80.1878953, 12.950545], [80.187758, 12.9505444], [80.187735, 12.9504987], [80.1875519, 12.9504751], [80.1874831, 12.9504292], [80.1873, 12.9504056], [80.1872312, 12.9503597], [80.1870481, 12.9503361], [80.1869793, 12.9502902], [80.1867962, 12.9502667], [80.1866588, 12.9501977], [80.1865443, 12.9501972], [80.1865213, 12.9501515], [80.1864756, 12.9501741], [80.1864526, 12.9501284], [80.1863611, 12.950128], [80.1862923, 12.9500821], [80.1862008, 12.9500817], [80.186132, 12.9500358], [80.1859947, 12.9500352], [80.1859718, 12.9500351], [80.1857887, 12.9502397], [80.1858345, 12.9502627], [80.1858117, 12.9503538], [80.1857201, 12.9503535], [80.1856285, 12.9503987], [80.1856515, 12.9505129], [80.1856973, 12.9505587], [80.1856974, 12.9506271], [80.1857891, 12.9508328], [80.1857891, 12.9509241], [80.1858579, 12.9510612], [80.1858809, 12.9512438], [80.1860185, 12.9515866], [80.1860415, 12.9517692], [80.1861332, 12.9519749], [80.1861332, 12.9520661], [80.186202, 12.9522033], [80.186225, 12.9523859], [80.1863396, 12.9526601], [80.1863397, 12.9527513], [80.1863855, 12.9528428], [80.1863857, 12.9530253], [80.1864315, 12.9531167], [80.1864316, 12.9532992], [80.1864545, 12.9532993], [80.1864546, 12.9534362], [80.1865004, 12.9535276], [80.1865005, 12.9537329], [80.1865464, 12.9538244], [80.1865465, 12.9540069], [80.1865923, 12.9540983], [80.1865925, 12.9542808], [80.1866153, 12.9542809], [80.1866154, 12.954395], [80.1866383, 12.9543951], [80.1866384, 12.9545547], [80.1866613, 12.9545548], [80.1866614, 12.9546689], [80.1866843, 12.954669], [80.1866843, 12.9548059], [80.1867072, 12.954806], [80.1867074, 12.9550341], [80.1867303, 12.9550342], [80.1867305, 12.955422], [80.1867076, 12.9554219], [80.1866162, 12.9557409], [80.186662, 12.9558095]]]}}, {"type": "Feature", "properties": {"ward": "20", "zone": "2", "zone_name": "PALLAVARAM", "area_km2": 1.297}, "geometry": {"type": "Polygon", "coordinates": [[[80.1721482, 12.9596505], [80.172194, 12.9596963], [80.1722627, 12.9596966], [80.1723085, 12.9597424], [80.172423, 12.9597429], [80.1724917, 12.9597888], [80.1732244, 12.9597918], [80.1732244, 12.959769], [80.1735907, 12.9597705], [80.1735907, 12.9597477], [80.173957, 12.9597492], [80.173957, 12.9597264], [80.1743233, 12.9597279], [80.1743233, 12.9597051], [80.1746897, 12.9597066], [80.1746897, 12.9596838], [80.1750789, 12.9596854], [80.1750789, 12.9596626], [80.1754452, 12.9596641], [80.1754452, 12.9596413], [80.1756742, 12.9596423], [80.1756741, 12.9596194], [80.1759947, 12.9596208], [80.1759947, 12.9596436], [80.1761321, 12.9596441], [80.176155, 12.9596899], [80.1762466, 12.9596902], [80.1763153, 12.9597818], [80.1763611, 12.959782], [80.1764299, 12.9598735], [80.1764299, 12.9599419], [80.1764987, 12.9600563], [80.1765216, 12.9601476], [80.1765217, 12.9602845], [80.1765446, 12.9602846], [80.1765447, 12.9604215], [80.1765676, 12.9604216], [80.1765677, 12.9605812], [80.1765906, 12.9605813], [80.1765906, 12.960741], [80.1766135, 12.9607411], [80.1766136, 12.9609008], [80.1766365, 12.9609009], [80.1766366, 12.9610834], [80.1766595, 12.9610835], [80.1766596, 12.9612204], [80.1766825, 12.9612205], [80.1766826, 12.9613345], [80.1767055, 12.9614031], [80.1768201, 12.961586], [80.176843, 12.9616546], [80.1769575, 12.961655], [80.1769575, 12.9616779], [80.1774841, 12.96168], [80.1774841, 12.9616572], [80.1776215, 12.9616578], [80.1776215, 12.961635], [80.1777818, 12.9616356], [80.1777818, 12.9616128], [80.1779191, 12.9616134], [80.1779191, 12.9615906], [80.1780794, 12.9615912], [80.1780794, 12.9615684], [80.1782625, 12.9615692], [80.1782625, 12.9615464], [80.1783999, 12.9615469], [80.1783999, 12.9615241], [80.1785373, 12.9615247], [80.1785373, 12.9615019], [80.1786517, 12.9615024], [80.1786517, 12.9614795], [80.178812, 12.9614802], [80.178812, 12.9614574], [80.1789723, 12.9614581], [80.1789722, 12.9614352], [80.1791325, 12.9614359], [80.1791325, 12.9614131], [80.1792699, 12.9614137], [80.1792699, 12.9613908], [80.1794072, 12.9613914], [80.1794988, 12.9613462], [80.1796133, 12.9613466], [80.1796362, 12.9613011], [80.1797506, 12.9613016], [80.1798193, 12.9612562], [80.179865, 12.961188], [80.1799108, 12.9611882], [80.1799566, 12.9611199], [80.1800024, 12.9611201], [80.1801397, 12.960961], [80.1801396, 12.9608241], [80.1801167, 12.960824], [80.1801164, 12.9603906], [80.1801393, 12.9603907], [80.1801393, 12.9602766], [80.180185, 12.9601856], [80.1801849, 12.9600715], [80.1802307, 12.9599804], [80.1802306, 12.9598664], [80.1802763, 12.9597753], [80.1802763, 12.9596613], [80.1803449, 12.959479], [80.1803448, 12.959365], [80.1804134, 12.9591828], [80.1804133, 12.9590687], [80.1804362, 12.9590688], [80.1804361, 12.9589547], [80.1804819, 12.9588637], [80.1804818, 12.9587496], [80.1805276, 12.9586585], [80.1805275, 12.9585445], [80.1805732, 12.9584534], [80.1805732, 12.9583394], [80.1806417, 12.9581571], [80.1806417, 12.9580431], [80.1806646, 12.9580432], [80.1806645, 12.9579291], [80.1806874, 12.9579292], [80.1806871, 12.9574502], [80.1806642, 12.9574501], [80.1806639, 12.9569026], [80.1806868, 12.9569027], [80.1806867, 12.9567658], [80.1807096, 12.9566974], [80.1807782, 12.9566749], [80.1808011, 12.9566294], [80.1810529, 12.9565392], [80.1810987, 12.9564937], [80.1812818, 12.9564717], [80.1813505, 12.9564263], [80.1814192, 12.9564266], [80.1815107, 12.9563586], [80.1815565, 12.9563587], [80.1816938, 12.956154], [80.1817624, 12.9561087], [80.1817624, 12.956063], [80.1818311, 12.9560177], [80.1818539, 12.9559265], [80.1819913, 12.9559043], [80.1819913, 12.9558815], [80.1821058, 12.955882], [80.1821057, 12.9558591], [80.1822202, 12.9558596], [80.1822202, 12.9558368], [80.18293, 12.9558397], [80.18293, 12.9558625], [80.1831132, 12.9558633], [80.1831132, 12.9558861], [80.1832964, 12.9558869], [80.1832964, 12.9559097], [80.1834109, 12.9559102], [80.1834109, 12.955933], [80.183594, 12.9559337], [80.183594, 12.9559565], [80.183823, 12.9559575], [80.183823, 12.9559803], [80.1840749, 12.9559813], [80.1840749, 12.9559585], [80.1845557, 12.9559605], [80.1845557, 12.9559377], [80.1846702, 12.9559382], [80.1846701, 12.9559154], [80.184922, 12.9559164], [80.184922, 12.9558936], [80.1852196, 12.9558948], [80.1852196, 12.955872], [80.1854257, 12.9558729], [80.1854257, 12.95585], [80.1856775, 12.9558511], [80.1856775, 12.9558283], [80.1859523, 12.9558294], [80.1859523, 12.9558066], [80.1862041, 12.9558076], [80.1862041, 12.9557848], [80.1864331, 12.9557858], [80.186433, 12.955763], [80.1865933, 12.9557636], [80.1866162, 12.9557409], [80.1867076, 12.9554219], [80.1867305, 12.955422], [80.1867303, 12.9550342], [80.1867074, 12.9550341], [80.1867072, 12.954806], [80.1866843, 12.9548059], [80.1866843, 12.954669], [80.1866614, 12.9546689], [80.1866613, 12.9545548], [80.1866384, 12.9545547], [80.1866383, 12.9543951], [80.1866154, 12.954395], [80.1866153, 12.9542809], [80.1865925, 12.9542808], [80.1865923, 12.9540983], [80.1865465, 12.9540069], [80.1865464, 12.9538244], [80.1865005, 12.9537329], [80.1865004, 12.9535276], [80.1864546, 12.9534362], [80.1864545, 12.9532993], [80.1864316, 12.9532992], [80.1864315, 12.9531167], [80.1863857, 12.9530253], [80.1863855, 12.9528428], [80.1863397, 12.9527513], [80.1863396, 12.9526601], [80.186225, 12.9523859], [80.186202, 12.9522033], [80.1861332, 12.9520661], [80.1861332, 12.9519749], [80.1860415, 12.9517692], [80.1860185, 12.9515866], [80.1858809, 12.9512438], [80.1858579, 12.9510612], [80.1857891, 12.9509241], [80.1857891, 12.9508328], [80.1856974, 12.9506271], [80.1856973, 12.9505587], [80.1856515, 12.9505129], [80.1856285, 12.9503987], [80.1857201, 12.9503535], [80.1858117, 12.9503538], [80.1858345, 12.9502627], [80.1857887, 12.9502397], [80.1859718, 12.9500351], [80.1859947, 12.9500352], [80.1859489, 12.9499894], [80.1858344, 12.9499889], [80.1858343, 12.9498749], [80.1857198, 12.9498516], [80.1855824, 12.9497826], [80.1853305, 12.9497359], [80.1853076, 12.9496902], [80.1851702, 12.949644], [80.1851473, 12.9495983], [80.1850557, 12.9495751], [80.1850327, 12.9495294], [80.1849641, 12.9495291], [80.1849871, 12.9497117], [80.1849184, 12.9496886], [80.1848039, 12.9496881], [80.1847809, 12.9496424], [80.1846894, 12.949642], [80.1846206, 12.9495961], [80.1845291, 12.9495957], [80.1844603, 12.9495498], [80.1843459, 12.9495494], [80.1842543, 12.9495034], [80.1842771, 12.949435], [80.184277, 12.9492297], [80.1842541, 12.9492296], [80.1842082, 12.9490697], [80.1841395, 12.9490238], [80.1841394, 12.9489326], [80.1840936, 12.9488868], [80.1840477, 12.9486128], [80.183956, 12.948544], [80.1836813, 12.9485429], [80.1836813, 12.9485657], [80.1834752, 12.9485648], [80.1834753, 12.9485876], [80.1833608, 12.9485872], [80.1833149, 12.9484957], [80.1833149, 12.9484045], [80.1832461, 12.9482673], [80.1832232, 12.948176], [80.1832229, 12.947811], [80.1832458, 12.9478111], [80.1832457, 12.9475145], [80.1832686, 12.9475146], [80.1832684, 12.947218], [80.1832913, 12.9472181], [80.1832911, 12.9469216], [80.183314, 12.9469217], [80.1833139, 12.9467392], [80.183291, 12.9466478], [80.1831764, 12.9465561], [80.1829475, 12.9465552], [80.1829474, 12.9465323], [80.1824666, 12.9465304], [80.1824666, 12.9465075], [80.1822834, 12.9465068], [80.1822835, 12.9465296], [80.1814821, 12.9465263], [80.1814592, 12.9464806], [80.1813676, 12.9464346], [80.1812989, 12.9464343], [80.1811614, 12.9463197], [80.1810927, 12.9463194], [80.1809553, 12.9462047], [80.1808866, 12.9462045], [80.1807492, 12.9460898], [80.1805889, 12.9460892], [80.1805889, 12.946112], [80.1804515, 12.9461114], [80.1804515, 12.9461342], [80.1803142, 12.9461337], [80.1803142, 12.9461565], [80.1801997, 12.946156], [80.1801997, 12.9461788], [80.1800623, 12.9461782], [80.1800623, 12.9462011], [80.179925, 12.9462005], [80.179925, 12.9462233], [80.1797876, 12.9462227], [80.1797876, 12.9462455], [80.1796502, 12.946245], [80.1796503, 12.9462678], [80.1795129, 12.9462672], [80.1795129, 12.94629], [80.1793755, 12.9462895], [80.1793755, 12.9463123], [80.1792382, 12.9463117], [80.1792382, 12.9463345], [80.1791237, 12.9463341], [80.1791237, 12.9463569], [80.1790092, 12.9463564], [80.1790092, 12.9463792], [80.1788947, 12.9463787], [80.1788948, 12.9464015], [80.1787803, 12.9464011], [80.1786887, 12.9464463], [80.1785742, 12.9464458], [80.1785743, 12.9464687], [80.1784598, 12.9464682], [80.1784598, 12.946491], [80.1783453, 12.9464905], [80.1782995, 12.946536], [80.1781393, 12.9465353], [80.1781393, 12.9465581], [80.1780248, 12.9465576], [80.1780248, 12.9465805], [80.1779103, 12.94658], [80.1779103, 12.9466028], [80.1777959, 12.9466023], [80.1777043, 12.9466248], [80.1776128, 12.9467156], [80.177567, 12.9467154], [80.1775212, 12.9468065], [80.1775213, 12.9469206], [80.1774984, 12.9469205], [80.1774985, 12.9470802], [80.1774756, 12.9470801], [80.1774757, 12.9472169], [80.1774528, 12.947194], [80.1773383, 12.9472392], [80.177178, 12.9472385], [80.1771552, 12.9472612], [80.1769949, 12.9472606], [80.1769262, 12.9472147], [80.1768346, 12.9472143], [80.1768117, 12.9471686], [80.1767659, 12.9471912], [80.176743, 12.9471455], [80.1766056, 12.9471221], [80.1765598, 12.9470763], [80.1764682, 12.9470759], [80.1763995, 12.94703], [80.1763766, 12.947144], [80.1763309, 12.9471894], [80.1762623, 12.9473944], [80.1762165, 12.947417], [80.1762166, 12.9475311], [80.1762395, 12.9475312], [80.1762397, 12.9479874], [80.1762626, 12.9479875], [80.1762627, 12.9481472], [80.1762857, 12.9482386], [80.1763544, 12.9483529], [80.1764004, 12.9485584], [80.1764462, 12.9486042], [80.1764462, 12.9486727], [80.1766755, 12.9492896], [80.1766756, 12.9493808], [80.1767214, 12.9494494], [80.1767215, 12.9495407], [80.1767673, 12.9496093], [80.1767674, 12.9497462], [80.1767903, 12.9497463], [80.1767904, 12.9499288], [80.1767675, 12.9499287], [80.1767676, 12.950134], [80.1767447, 12.9501339], [80.1767448, 12.950248], [80.1767219, 12.9502479], [80.176722, 12.9503619], [80.1766762, 12.950453], [80.1766763, 12.9505671], [80.1766534, 12.950567], [80.1766535, 12.9507266], [80.1766306, 12.9507266], [80.1766307, 12.9509319], [80.1766536, 12.950932], [80.1766543, 12.9520954], [80.1766772, 12.9520955], [80.1766776, 12.9528939], [80.1767005, 12.952894], [80.176701, 12.9536925], [80.1767239, 12.9536925], [80.1767242, 12.954126], [80.1767471, 12.9541261], [80.1767471, 12.9542858], [80.17677, 12.9542859], [80.1767701, 12.9543999], [80.176816, 12.9544914], [80.1768161, 12.9547195], [80.176839, 12.9547196], [80.1768391, 12.9549249], [80.176862, 12.954925], [80.1768621, 12.9551531], [80.176885, 12.9551532], [80.1768851, 12.9553585], [80.176908, 12.9553586], [80.1769082, 12.9555867], [80.1769311, 12.9555868], [80.1769312, 12.9557921], [80.1769541, 12.9557922], [80.1769542, 12.9560204], [80.1769771, 12.9560205], [80.1769772, 12.9562258], [80.1770001, 12.9562259], [80.1770003, 12.9564312], [80.1770232, 12.9564313], [80.1770233, 12.9566594], [80.1770462, 12.9566595], [80.1770463, 12.9568648], [80.1770692, 12.9568649], [80.1770693, 12.957093], [80.1770922, 12.9570931], [80.1770923, 12.9572984], [80.1771152, 12.9572985], [80.1771155, 12.957732], [80.1770926, 12.9577319], [80.1770927, 12.9578459], [80.1770698, 12.9578458], [80.1768181, 12.9581185], [80.1767723, 12.9581184], [80.1766808, 12.9582092], [80.1765892, 12.9582317], [80.176429, 12.9583451], [80.1763374, 12.9583447], [80.1762229, 12.9584126], [80.1761314, 12.9584351], [80.1759711, 12.9584344], [80.1759711, 12.9584572], [80.1758108, 12.9584566], [80.1758109, 12.9584794], [80.1756277, 12.9584786], [80.1756277, 12.9585014], [80.1753987, 12.9585005], [80.1753988, 12.9585233], [80.1751927, 12.9585225], [80.1751927, 12.9585453], [80.1749866, 12.9585444], [80.1749867, 12.9585672], [80.1747806, 12.9585664], [80.1747806, 12.9585892], [80.1738877, 12.9585855], [80.1738876, 12.9585627], [80.1737503, 12.9585621], [80.1737502, 12.9585393], [80.1735899, 12.958493], [80.1735671, 12.9585386], [80.1734069, 12.9586291], [80.1733382, 12.9586289], [80.1732924, 12.9586743], [80.1732237, 12.958674], [80.173178, 12.9587194], [80.1730864, 12.9587419], [80.1729261, 12.9587412], [80.1729261, 12.958764], [80.1727887, 12.9587635], [80.1727888, 12.9587863], [80.1726285, 12.9587856], [80.1726285, 12.9588084], [80.172514, 12.958808], [80.1723767, 12.9588758], [80.1719874, 12.9588742], [80.1720104, 12.9588971], [80.1720105, 12.9591024], [80.1720334, 12.9591025], [80.1720334, 12.9592166], [80.1720563, 12.9592167], [80.1720564, 12.9593764], [80.1720793, 12.9593765], [80.1720795, 12.9596502], [80.1721482, 12.9596505]]]}}, {"type": "Feature", "properties": {"ward": "21", "zone": "2", "zone_name": "PALLAVARAM", "area_km2": 2.258}, "geometry": {"type": "Polygon", "coordinates": [[[80.1588453, 12.9591849], [80.1589141, 12.9593221], [80.1589141, 12.9593905], [80.1589599, 12.9594363], [80.1590058, 12.9596418], [80.1590516, 12.9596877], [80.1590976, 12.9598932], [80.1591434, 12.959939], [80.1591664, 12.9600759], [80.1592122, 12.9601218], [80.1592581, 12.9603273], [80.1593039, 12.9603731], [80.1593498, 12.9605786], [80.1593956, 12.9606244], [80.1594415, 12.9608299], [80.1594874, 12.9608757], [80.1594874, 12.9609441], [80.1595332, 12.9609671], [80.1596249, 12.9611956], [80.1596708, 12.9612643], [80.1597852, 12.9612647], [80.1597852, 12.9612419], [80.1599455, 12.9612426], [80.1599455, 12.9612198], [80.1601058, 12.9612204], [80.1601057, 12.9611976], [80.1602431, 12.9611982], [80.1603347, 12.9611758], [80.160472, 12.9611079], [80.1606552, 12.9610858], [80.160701, 12.9610404], [80.1607925, 12.961018], [80.160907, 12.9610184], [80.1609757, 12.9609731], [80.1610672, 12.9609735], [80.1611359, 12.9609281], [80.1612275, 12.9609285], [80.1612962, 12.9608832], [80.1613877, 12.9608836], [80.1614564, 12.9608382], [80.161548, 12.9608386], [80.1616166, 12.9607933], [80.1617082, 12.9607936], [80.1617769, 12.9607483], [80.1619601, 12.9607262], [80.16196, 12.9607034], [80.1621203, 12.9607041], [80.1621203, 12.9606813], [80.1623493, 12.9606822], [80.162418, 12.9607053], [80.1625554, 12.9607971], [80.1626699, 12.9608204], [80.1626928, 12.9608661], [80.1627844, 12.9608893], [80.162876, 12.960981], [80.1629447, 12.9609812], [80.1630822, 12.9610731], [80.1632195, 12.9610736], [80.1632196, 12.9610964], [80.1639522, 12.9610995], [80.1639522, 12.9610766], [80.1646391, 12.9610795], [80.1646391, 12.9610567], [80.165097, 12.9610586], [80.165097, 12.9610357], [80.1652573, 12.9610364], [80.1654175, 12.9609914], [80.1654633, 12.960946], [80.165532, 12.9609463], [80.1656234, 12.9607185], [80.1656692, 12.9606959], [80.1656692, 12.9606275], [80.1657149, 12.9606049], [80.1657607, 12.960491], [80.1658293, 12.9604913], [80.1658751, 12.9604458], [80.1659896, 12.9604463], [80.1660583, 12.960401], [80.1666536, 12.9604034], [80.1666536, 12.9604262], [80.1670657, 12.9604279], [80.1670657, 12.9604508], [80.167226, 12.9604514], [80.1676382, 12.9606128], [80.1677298, 12.960636], [80.1682106, 12.960638], [80.1682106, 12.9606152], [80.1691494, 12.960619], [80.1697903, 12.9604392], [80.1698819, 12.9604396], [80.1699277, 12.9603941], [80.1699964, 12.9603944], [80.1700879, 12.9603492], [80.1701566, 12.9602582], [80.1702024, 12.9602584], [80.1702481, 12.9601902], [80.1702939, 12.9601903], [80.1703854, 12.9600767], [80.1704312, 12.9600768], [80.1704999, 12.9599859], [80.1705456, 12.9599861], [80.1705914, 12.9599178], [80.1706601, 12.9598725], [80.1707516, 12.95985], [80.1709348, 12.9598508], [80.1709348, 12.959828], [80.171118, 12.9598287], [80.1711179, 12.9598059], [80.1716446, 12.9598081], [80.1716445, 12.9597853], [80.171759, 12.9597858], [80.1718048, 12.9597403], [80.1718735, 12.9597406], [80.1719192, 12.9596952], [80.1719879, 12.9596955], [80.1720795, 12.9596502], [80.1720793, 12.9593765], [80.1720564, 12.9593764], [80.1720563, 12.9592167], [80.1720334, 12.9592166], [80.1720334, 12.9591025], [80.1720105, 12.9591024], [80.1720104, 12.9588971], [80.1719874, 12.9588742], [80.1723767, 12.9588758], [80.172514, 12.958808], [80.1726285, 12.9588084], [80.1726285, 12.9587856], [80.1727888, 12.9587863], [80.1727887, 12.9587635], [80.1729261, 12.958764], [80.1729261, 12.9587412], [80.1730864, 12.9587419], [80.173178, 12.9587194], [80.1732237, 12.958674], [80.1732924, 12.9586743], [80.1733382, 12.9586289], [80.1734069, 12.9586291], [80.1735671, 12.9585386], [80.1735899, 12.958493], [80.1737502, 12.9585393], [80.1737503, 12.9585621], [80.1738876, 12.9585627], [80.1738877, 12.9585855], [80.1747806, 12.9585892], [80.1747806, 12.9585664], [80.1749867, 12.9585672], [80.1749866, 12.9585444], [80.1751927, 12.9585453], [80.1751927, 12.9585225], [80.1753988, 12.9585233], [80.1753987, 12.9585005], [80.1756277, 12.9585014], [80.1756277, 12.9584786], [80.1758109, 12.9584794], [80.1758108, 12.9584566], [80.1759711, 12.9584572], [80.1759711, 12.9584344], [80.1761314, 12.9584351], [80.1762229, 12.9584126], [80.1763374, 12.9583447], [80.176429, 12.9583451], [80.1765892, 12.9582317], [80.1766808, 12.9582092], [80.1767723, 12.9581184], [80.1768181, 12.9581185], [80.1770698, 12.9578458], [80.1770927, 12.9578459], [80.1770926, 12.9577319], [80.1771155, 12.957732], [80.1771152, 12.9572985], [80.1770923, 12.9572984], [80.1770922, 12.9570931], [80.1770693, 12.957093], [80.1770692, 12.9568649], [80.1770463, 12.9568648], [80.1770462, 12.9566595], [80.1770233, 12.9566594], [80.1770232, 12.9564313], [80.1770003, 12.9564312], [80.1770001, 12.9562259], [80.1769772, 12.9562258], [80.1769771, 12.9560205], [80.1769542, 12.9560204], [80.1769541, 12.9557922], [80.1769312, 12.9557921], [80.1769311, 12.9555868], [80.1769082, 12.9555867], [80.176908, 12.9553586], [80.1768851, 12.9553585], [80.176885, 12.9551532], [80.1768621, 12.9551531], [80.176862, 12.954925], [80.1768391, 12.9549249], [80.176839, 12.9547196], [80.1768161, 12.9547195], [80.176816, 12.9544914], [80.1767701, 12.9543999], [80.17677, 12.9542859], [80.1767471, 12.9542858], [80.1767471, 12.9541261], [80.1767242, 12.954126], [80.1767239, 12.9536925], [80.176701, 12.9536925], [80.1767005, 12.952894], [80.1766776, 12.9528939], [80.1766772, 12.9520955], [80.1766543, 12.9520954], [80.1766536, 12.950932], [80.1766307, 12.9509319], [80.1766306, 12.9507266], [80.1766535, 12.9507266], [80.1766534, 12.950567], [80.1766763, 12.9505671], [80.1766762, 12.950453], [80.176722, 12.9503619], [80.1767219, 12.9502479], [80.1767448, 12.950248], [80.1767447, 12.9501339], [80.1767676, 12.950134], [80.1767675, 12.9499287], [80.1767904, 12.9499288], [80.1767903, 12.9497463], [80.1767674, 12.9497462], [80.1767673, 12.9496093], [80.1767215, 12.9495407], [80.1767214, 12.9494494], [80.1766756, 12.9493808], [80.1766755, 12.9492896], [80.1764462, 12.9486727], [80.1764462, 12.9486042], [80.1764004, 12.9485584], [80.1763544, 12.9483529], [80.1762857, 12.9482386], [80.1762627, 12.9481472], [80.1762626, 12.9479875], [80.1762397, 12.9479874], [80.1762395, 12.9475312], [80.1762166, 12.9475311], [80.1762165, 12.947417], [80.1762623, 12.9473944], [80.1763309, 12.9471894], [80.1763766, 12.947144], [80.1763995, 12.94703], [80.176285, 12.9470067], [80.1762391, 12.9469609], [80.1761247, 12.9469604], [80.1761017, 12.9469147], [80.176056, 12.9469373], [80.176033, 12.9468916], [80.1759644, 12.9468913], [80.1757582, 12.9467992], [80.1753919, 12.9467977], [80.1753003, 12.9467745], [80.1752087, 12.9468198], [80.1752087, 12.9467513], [80.1751171, 12.9467281], [80.17514, 12.9467967], [80.1750027, 12.9467961], [80.1749798, 12.9468416], [80.1749111, 12.9468413], [80.1749111, 12.9467729], [80.1748195, 12.9468182], [80.1747966, 12.9467724], [80.1746821, 12.946772], [80.1746364, 12.9468402], [80.1745905, 12.9467716], [80.1745218, 12.9467713], [80.174499, 12.9468168], [80.1744532, 12.9467938], [80.1741555, 12.9467926], [80.1741555, 12.9467698], [80.1738349, 12.9467685], [80.1738349, 12.9467456], [80.1735373, 12.9467444], [80.1735373, 12.9467216], [80.1732396, 12.9467204], [80.1732396, 12.9466976], [80.1731251, 12.9466971], [80.1731022, 12.9467198], [80.1731022, 12.9466057], [80.1730563, 12.9465371], [80.1729876, 12.9464912], [80.1728503, 12.9464906], [80.1728502, 12.9464678], [80.1725297, 12.9464665], [80.1725297, 12.9464437], [80.1721862, 12.9464423], [80.1721862, 12.9464195], [80.1718657, 12.9464181], [80.1718657, 12.9463953], [80.1715451, 12.946394], [80.1715451, 12.9463712], [80.1712017, 12.9463698], [80.1712017, 12.946347], [80.1708811, 12.9463456], [80.1708811, 12.9463228], [80.1705377, 12.9463214], [80.1704917, 12.9461159], [80.1704001, 12.9460471], [80.1698277, 12.9460447], [80.1698277, 12.9460675], [80.1694843, 12.9460661], [80.1694843, 12.9460889], [80.169324, 12.9460883], [80.1692782, 12.9461109], [80.1691867, 12.9462246], [80.1691409, 12.9462244], [80.1689578, 12.9463377], [80.1688662, 12.9463373], [80.1687289, 12.9464052], [80.1686373, 12.9464048], [80.1685687, 12.9464501], [80.1684771, 12.9464498], [80.1683397, 12.9465176], [80.1682482, 12.9465173], [80.1681108, 12.9465851], [80.1680192, 12.9465848], [80.1679506, 12.9466301], [80.167859, 12.9466297], [80.1677217, 12.9466976], [80.1676301, 12.9466972], [80.1675614, 12.9467426], [80.1674698, 12.9467422], [80.1673325, 12.94681], [80.1672409, 12.9468097], [80.1671036, 12.9468775], [80.167012, 12.9468772], [80.1669433, 12.9469225], [80.1668517, 12.9469221], [80.1667144, 12.94699], [80.1666228, 12.9469896], [80.1665542, 12.947035], [80.1664626, 12.9470574], [80.1663481, 12.9471254], [80.1663253, 12.9471709], [80.1663253, 12.9472849], [80.1662339, 12.9475583], [80.166234, 12.9476724], [80.1661654, 12.9478546], [80.1661655, 12.9479687], [80.1660969, 12.9481509], [80.166097, 12.9482649], [80.1660284, 12.9484471], [80.1660284, 12.9485612], [80.165937, 12.9488346], [80.1659371, 12.9489486], [80.1658685, 12.9491309], [80.1658686, 12.9492449], [80.1658, 12.9494271], [80.1658, 12.9495412], [80.1657315, 12.9497234], [80.1657316, 12.9499287], [80.1658232, 12.9499975], [80.1658232, 12.9500432], [80.165892, 12.9500891], [80.165892, 12.9501347], [80.1659836, 12.9502035], [80.1659836, 12.9502491], [80.1660753, 12.950318], [80.1660753, 12.9503636], [80.1661669, 12.9504324], [80.1661669, 12.950478], [80.1662356, 12.9505239], [80.1662357, 12.9505696], [80.1663044, 12.9506155], [80.1663273, 12.9507068], [80.1663275, 12.9509577], [80.1663504, 12.9509578], [80.1663506, 12.9512772], [80.1663735, 12.9512773], [80.1663737, 12.9515967], [80.1663965, 12.9515968], [80.1663967, 12.9519162], [80.1664196, 12.9519163], [80.1664198, 12.9522356], [80.1664427, 12.9522357], [80.1664429, 12.9525551], [80.1664658, 12.9525552], [80.1664659, 12.9526693], [80.166443, 12.9526692], [80.166443, 12.952806], [80.1663057, 12.9528967], [80.1661912, 12.9528962], [80.1661913, 12.9529191], [80.1660768, 12.9529186], [80.1659852, 12.9529638], [80.1658707, 12.9529634], [80.1658708, 12.9529862], [80.1657563, 12.9529857], [80.1656647, 12.9530309], [80.1655502, 12.9530305], [80.1655502, 12.9530533], [80.1654358, 12.9530528], [80.1653442, 12.9530981], [80.1652297, 12.9530976], [80.1652297, 12.9531204], [80.1651153, 12.9531199], [80.1650237, 12.9531652], [80.1649092, 12.9531647], [80.1649092, 12.9531875], [80.1647948, 12.953187], [80.1647032, 12.9532323], [80.1645887, 12.9532318], [80.1645887, 12.9532546], [80.1644742, 12.9532541], [80.1643827, 12.9532994], [80.1642682, 12.9532989], [80.1642682, 12.9533217], [80.1641537, 12.9533213], [80.1640622, 12.9533665], [80.1639477, 12.953366], [80.1638561, 12.9534113], [80.1637417, 12.9534108], [80.1637417, 12.9534336], [80.1636272, 12.9534331], [80.1635356, 12.9534784], [80.1634212, 12.9534779], [80.1634212, 12.9535007], [80.1633067, 12.9535003], [80.1632151, 12.9535455], [80.1631007, 12.953545], [80.1631007, 12.9535678], [80.1629862, 12.9535674], [80.1628946, 12.9536126], [80.1627801, 12.9536122], [80.1627802, 12.953635], [80.1626657, 12.9536345], [80.1625741, 12.9536797], [80.1624596, 12.9536793], [80.1624597, 12.9537021], [80.1623452, 12.9537016], [80.1622536, 12.9537468], [80.1621391, 12.9537464], [80.1621392, 12.9537692], [80.1620247, 12.9537687], [80.1619331, 12.953814], [80.1618186, 12.9538135], [80.1617271, 12.9538587], [80.1616126, 12.9538583], [80.1616126, 12.9538811], [80.1614981, 12.9538806], [80.1614066, 12.9539259], [80.1612921, 12.9539254], [80.1612921, 12.9539482], [80.1611776, 12.9539477], [80.1610861, 12.953993], [80.1609716, 12.9539925], [80.1609716, 12.9540153], [80.1608571, 12.9540148], [80.1607656, 12.9540601], [80.1606511, 12.9540596], [80.1606511, 12.9540824], [80.1605366, 12.9540819], [80.1605366, 12.9541048], [80.1604221, 12.9541043], [80.1603306, 12.9541495], [80.1602161, 12.9541491], [80.1601245, 12.9541943], [80.1600101, 12.9541938], [80.1600101, 12.9542166], [80.1598956, 12.9542162], [80.1598956, 12.954239], [80.1597582, 12.9542384], [80.1595751, 12.9543061], [80.1594377, 12.9543055], [80.1594377, 12.9543283], [80.1593004, 12.9543278], [80.1592088, 12.9543502], [80.1591401, 12.9543956], [80.1589799, 12.9543949], [80.1589799, 12.9544177], [80.1587967, 12.9544626], [80.1588426, 12.9546224], [80.1588427, 12.9547365], [80.1588656, 12.9547366], [80.1588657, 12.9548963], [80.1589115, 12.9549877], [80.1589116, 12.9551246], [80.1589574, 12.955216], [80.1589575, 12.9553985], [80.1589804, 12.9553986], [80.1589805, 12.9555355], [80.1590034, 12.9555356], [80.1590035, 12.9556497], [80.1590264, 12.9556498], [80.1590265, 12.9557866], [80.1590494, 12.9557867], [80.1590494, 12.9559236], [80.1590723, 12.9559237], [80.1590724, 12.9560606], [80.1590953, 12.9560607], [80.1590954, 12.9561975], [80.1591183, 12.9561976], [80.1591184, 12.9563345], [80.1591413, 12.9563346], [80.1591413, 12.9564487], [80.1591642, 12.9564488], [80.1591643, 12.9565856], [80.1591872, 12.9565857], [80.1591873, 12.9567226], [80.1592102, 12.9567227], [80.1592103, 12.9568596], [80.1592332, 12.9568597], [80.1592332, 12.9569965], [80.1592561, 12.9569966], [80.1592562, 12.9571107], [80.1592791, 12.9571108], [80.1592792, 12.9572477], [80.1593021, 12.9572478], [80.1593022, 12.9573846], [80.159325, 12.9573847], [80.1593251, 12.9575216], [80.159348, 12.9575217], [80.1593481, 12.9576586], [80.159394, 12.95775], [80.1593942, 12.9582519], [80.1593714, 12.9583431], [80.1593256, 12.9583429], [80.1592799, 12.9584111], [80.1591883, 12.9584335], [80.1590968, 12.9585472], [80.1589823, 12.9585924], [80.1589137, 12.9586833], [80.1588679, 12.9586832], [80.1587535, 12.9588196], [80.1588453, 12.9591849]]]}}, {"type": "Feature", "properties": {"ward": "22", "zone": "3", "zone_name": "SEMBAKKAM", "area_km2": 1.497}, "geometry": {"type": "Polygon", "coordinates": [[[80.1576507, 12.9524503], [80.1576508, 12.9525188], [80.1576966, 12.9525646], [80.1577425, 12.9527701], [80.1577883, 12.9528159], [80.1578343, 12.9530214], [80.1578801, 12.9530672], [80.1578801, 12.9531357], [80.1579718, 12.9533414], [80.1579948, 12.9535239], [80.1580407, 12.9535926], [80.1580407, 12.9536838], [80.1581095, 12.953821], [80.1581324, 12.9539123], [80.1581325, 12.9540264], [80.1581554, 12.9540265], [80.1581555, 12.954209], [80.1581784, 12.9542091], [80.1581785, 12.9544144], [80.1582014, 12.9544145], [80.1582473, 12.9545287], [80.1584762, 12.9545297], [80.1586594, 12.954462], [80.1587967, 12.9544626], [80.1589799, 12.9544177], [80.1589799, 12.9543949], [80.1591401, 12.9543956], [80.1592088, 12.9543502], [80.1593004, 12.9543278], [80.1594377, 12.9543283], [80.1594377, 12.9543055], [80.1595751, 12.9543061], [80.1597582, 12.9542384], [80.1598956, 12.954239], [80.1598956, 12.9542162], [80.1600101, 12.9542166], [80.1600101, 12.9541938], [80.1601245, 12.9541943], [80.1602161, 12.9541491], [80.1603306, 12.9541495], [80.1604221, 12.9541043], [80.1605366, 12.9541048], [80.1605366, 12.9540819], [80.1606511, 12.9540824], [80.1606511, 12.9540596], [80.1607656, 12.9540601], [80.1608571, 12.9540148], [80.1609716, 12.9540153], [80.1609716, 12.9539925], [80.1610861, 12.953993], [80.1611776, 12.9539477], [80.1612921, 12.9539482], [80.1612921, 12.9539254], [80.1614066, 12.9539259], [80.1614981, 12.9538806], [80.1616126, 12.9538811], [80.1616126, 12.9538583], [80.1617271, 12.9538587], [80.1618186, 12.9538135], [80.1619331, 12.953814], [80.1620247, 12.9537687], [80.1621392, 12.9537692], [80.1621391, 12.9537464], [80.1622536, 12.9537468], [80.1623452, 12.9537016], [80.1624597, 12.9537021], [80.1624596, 12.9536793], [80.1625741, 12.9536797], [80.1626657, 12.9536345], [80.1627802, 12.953635], [80.1627801, 12.9536122], [80.1628946, 12.9536126], [80.1629862, 12.9535674], [80.1631007, 12.9535678], [80.1631007, 12.953545], [80.1632151, 12.9535455], [80.1633067, 12.9535003], [80.1634212, 12.9535007], [80.1634212, 12.9534779], [80.1635356, 12.9534784], [80.1636272, 12.9534331], [80.1637417, 12.9534336], [80.1637417, 12.9534108], [80.1638561, 12.9534113], [80.1639477, 12.953366], [80.1640622, 12.9533665], [80.1641537, 12.9533213], [80.1642682, 12.9533217], [80.1642682, 12.9532989], [80.1643827, 12.9532994], [80.1644742, 12.9532541], [80.1645887, 12.9532546], [80.1645887, 12.9532318], [80.1647032, 12.9532323], [80.1647948, 12.953187], [80.1649092, 12.9531875], [80.1649092, 12.9531647], [80.1650237, 12.9531652], [80.1651153, 12.9531199], [80.1652297, 12.9531204], [80.1652297, 12.9530976], [80.1653442, 12.9530981], [80.1654358, 12.9530528], [80.1655502, 12.9530533], [80.1655502, 12.9530305], [80.1656647, 12.9530309], [80.1657563, 12.9529857], [80.1658708, 12.9529862], [80.1658707, 12.9529634], [80.1659852, 12.9529638], [80.1660768, 12.9529186], [80.1661913, 12.9529191], [80.1661912, 12.9528962], [80.1663057, 12.9528967], [80.166443, 12.952806], [80.166443, 12.9526692], [80.1664659, 12.9526693], [80.1664658, 12.9525552], [80.1664429, 12.9525551], [80.1664427, 12.9522357], [80.1664198, 12.9522356], [80.1664196, 12.9519163], [80.1663967, 12.9519162], [80.1663965, 12.9515968], [80.1663737, 12.9515967], [80.1663735, 12.9512773], [80.1663506, 12.9512772], [80.1663504, 12.9509578], [80.1663275, 12.9509577], [80.1663273, 12.9507068], [80.1663044, 12.9506155], [80.1662357, 12.9505696], [80.1662356, 12.9505239], [80.1661669, 12.950478], [80.1661669, 12.9504324], [80.1660753, 12.9503636], [80.1660753, 12.950318], [80.1659836, 12.9502491], [80.1659836, 12.9502035], [80.165892, 12.9501347], [80.165892, 12.9500891], [80.1658232, 12.9500432], [80.1658232, 12.9499975], [80.1657316, 12.9499287], [80.1657315, 12.9497234], [80.1658, 12.9495412], [80.1658, 12.9494271], [80.1658686, 12.9492449], [80.1658685, 12.9491309], [80.1659371, 12.9489486], [80.165937, 12.9488346], [80.1660284, 12.9485612], [80.1660284, 12.9484471], [80.166097, 12.9482649], [80.1660969, 12.9481509], [80.1661655, 12.9479687], [80.1661654, 12.9478546], [80.166234, 12.9476724], [80.1662339, 12.9475583], [80.1663253, 12.9472849], [80.1663253, 12.9471709], [80.1663481, 12.9471254], [80.1664626, 12.9470574], [80.1665542, 12.947035], [80.1666228, 12.9469896], [80.1667144, 12.94699], [80.1668517, 12.9469221], [80.1669433, 12.9469225], [80.167012, 12.9468772], [80.1671036, 12.9468775], [80.1672409, 12.9468097], [80.1673325, 12.94681], [80.1674698, 12.9467422], [80.1675614, 12.9467426], [80.1676301, 12.9466972], [80.1677217, 12.9466976], [80.167859, 12.9466297], [80.1679506, 12.9466301], [80.1680192, 12.9465848], [80.1681108, 12.9465851], [80.1682482, 12.9465173], [80.1683397, 12.9465176], [80.1684771, 12.9464498], [80.1685687, 12.9464501], [80.1686373, 12.9464048], [80.1687289, 12.9464052], [80.1688662, 12.9463373], [80.1689578, 12.9463377], [80.1691409, 12.9462244], [80.1691867, 12.9462246], [80.1692782, 12.9461109], [80.169324, 12.9460883], [80.1693469, 12.9460656], [80.169324, 12.9459742], [80.1693238, 12.9457461], [80.1693009, 12.945746], [80.1693008, 12.9455863], [80.1692779, 12.9455862], [80.1692778, 12.9453809], [80.169232, 12.9453579], [80.169232, 12.9452666], [80.1691862, 12.9452436], [80.1691861, 12.9451524], [80.1691403, 12.9451294], [80.1690715, 12.9448782], [80.169163, 12.9448557], [80.1691401, 12.9447872], [80.1690943, 12.9447642], [80.1690485, 12.9448096], [80.1690027, 12.944741], [80.1690026, 12.9445129], [80.168911, 12.9445125], [80.1689109, 12.9444441], [80.1688651, 12.9443983], [80.1688651, 12.9443298], [80.1687276, 12.9442152], [80.1684758, 12.9442142], [80.1684071, 12.9441682], [80.1683611, 12.9439399], [80.1682465, 12.943757], [80.1681092, 12.9437336], [80.1680633, 12.9436878], [80.1679259, 12.9436644], [80.1679259, 12.9436188], [80.1678572, 12.9435957], [80.1677656, 12.943504], [80.1677426, 12.9433214], [80.1676738, 12.9432299], [80.167628, 12.9432297], [80.1676051, 12.9431612], [80.1675364, 12.9431609], [80.1675364, 12.9431153], [80.167399, 12.9430463], [80.1672386, 12.9429087], [80.167147, 12.9428855], [80.1671241, 12.9428398], [80.1670554, 12.9428167], [80.1668951, 12.9428161], [80.1668951, 12.9427933], [80.1666433, 12.9427922], [80.1666432, 12.9427694], [80.1663914, 12.9427684], [80.1663914, 12.9427455], [80.1662082, 12.9427448], [80.1662082, 12.942722], [80.1659334, 12.9427208], [80.1659334, 12.9427437], [80.1655213, 12.942742], [80.1653152, 12.9426499], [80.1652007, 12.9426494], [80.1651778, 12.9426037], [80.1651091, 12.9426034], [80.1649717, 12.9425344], [80.1648801, 12.942534], [80.1648572, 12.9424883], [80.1647885, 12.942488], [80.1647427, 12.9424422], [80.1646282, 12.9424417], [80.1646053, 12.942396], [80.1645366, 12.9423957], [80.1644679, 12.9423498], [80.164216, 12.9423488], [80.164216, 12.9423259], [80.1640328, 12.9423252], [80.1640328, 12.9423024], [80.1638268, 12.9423015], [80.1638267, 12.9422787], [80.1635978, 12.9422778], [80.1635978, 12.942255], [80.1634375, 12.9422543], [80.1634375, 12.9422315], [80.1633001, 12.9422309], [80.1633001, 12.9422081], [80.1630711, 12.9422072], [80.1630711, 12.9421843], [80.1629108, 12.9421837], [80.1628193, 12.9422289], [80.1627048, 12.9422285], [80.1626132, 12.9422509], [80.1628648, 12.9418413], [80.1630022, 12.9418419], [80.1630709, 12.9417965], [80.1632998, 12.9417518], [80.1634829, 12.9416385], [80.1635058, 12.941593], [80.1635056, 12.9413193], [80.1634827, 12.9413192], [80.1634826, 12.9410226], [80.1634597, 12.9410225], [80.1634595, 12.9407944], [80.1634366, 12.9407943], [80.1634365, 12.9405662], [80.1634136, 12.9405661], [80.1634135, 12.9403608], [80.1633906, 12.9403607], [80.1633905, 12.9401554], [80.1633676, 12.9401553], [80.1633675, 12.9399499], [80.1633446, 12.9399499], [80.1633444, 12.9397217], [80.1633215, 12.9397216], [80.1633214, 12.9394935], [80.1632985, 12.9394934], [80.1632984, 12.9392425], [80.1632755, 12.9392424], [80.1632753, 12.9390371], [80.1632524, 12.939037], [80.1632523, 12.9388317], [80.1632294, 12.9388316], [80.1632293, 12.9386491], [80.1632293, 12.9385806], [80.1631834, 12.938512], [80.1631834, 12.9384208], [80.1631376, 12.9383749], [80.1631375, 12.9383065], [80.1630688, 12.9381922], [80.1630458, 12.9380096], [80.1629999, 12.9379409], [80.1629999, 12.9378497], [80.1629541, 12.9377811], [80.1629311, 12.9375985], [80.1628852, 12.9375298], [80.1628622, 12.9373472], [80.1628164, 12.9372786], [80.1627017, 12.9368675], [80.1626559, 12.9368445], [80.16261, 12.9367075], [80.1625642, 12.9366388], [80.1624725, 12.9365928], [80.162381, 12.9365924], [80.1622893, 12.9365464], [80.1620833, 12.9365456], [80.1619917, 12.936568], [80.1619459, 12.9366135], [80.1617399, 12.9366811], [80.1617171, 12.9367266], [80.1616255, 12.936749], [80.1616026, 12.9367945], [80.161511, 12.936817], [80.1614195, 12.9369079], [80.1612821, 12.9369301], [80.1612364, 12.9369755], [80.1611677, 12.9369752], [80.161099, 12.9370206], [80.1610074, 12.9370202], [80.1605496, 12.9371552], [80.1604351, 12.9371547], [80.1603436, 12.9372], [80.1602291, 12.9371995], [80.1602291, 12.9372223], [80.1601146, 12.9372218], [80.1601146, 12.9372446], [80.1600002, 12.9372442], [80.1600002, 12.937267], [80.1598857, 12.9372665], [80.1598857, 12.9372893], [80.1597025, 12.9372886], [80.1597025, 12.9373114], [80.159382, 12.9373101], [80.1592904, 12.9372869], [80.1591988, 12.9371952], [80.1591987, 12.9371268], [80.1591529, 12.9371038], [80.15913, 12.9369896], [80.1590612, 12.9368981], [80.1590612, 12.9368297], [80.1589924, 12.936761], [80.1589924, 12.9367153], [80.1589237, 12.9366694], [80.1588549, 12.9365551], [80.1584428, 12.9365534], [80.1582597, 12.9366211], [80.1581223, 12.9366205], [80.1581223, 12.9366433], [80.1579849, 12.9366427], [80.1578934, 12.936688], [80.1577331, 12.9366873], [80.1577331, 12.9367101], [80.1575729, 12.9367095], [80.1575729, 12.9367323], [80.1574126, 12.9367316], [80.1574126, 12.9367544], [80.1572523, 12.9367538], [80.1572523, 12.9367766], [80.1570921, 12.9367759], [80.1570921, 12.9367987], [80.1569547, 12.9367982], [80.1569547, 12.936821], [80.1567945, 12.9368203], [80.1567945, 12.9368431], [80.1566113, 12.9368424], [80.1566113, 12.9368652], [80.1563366, 12.936864], [80.1563366, 12.9368869], [80.156016, 12.9368855], [80.1559015, 12.9368166], [80.1558099, 12.9368162], [80.1557641, 12.9367704], [80.1556954, 12.9367702], [80.1556496, 12.9367243], [80.1555809, 12.9367241], [80.1555122, 12.9366553], [80.1553977, 12.9366092], [80.1553518, 12.9365406], [80.1552602, 12.9365174], [80.1552373, 12.9364717], [80.155077, 12.9363798], [80.1550541, 12.9364709], [80.1550084, 12.9364936], [80.1548483, 12.9368579], [80.1547339, 12.9370171], [80.154734, 12.9370856], [80.1546882, 12.937131], [80.1546654, 12.9372678], [80.1546196, 12.9373132], [80.1546197, 12.9373816], [80.1545739, 12.9374499], [80.154574, 12.9375411], [80.1544596, 12.9377004], [80.1542994, 12.9378138], [80.1542765, 12.9379049], [80.1542079, 12.9379503], [80.1542079, 12.9380187], [80.1541392, 12.9380868], [80.1541394, 12.9382693], [80.1541623, 12.9382694], [80.1542311, 12.9385663], [80.1542769, 12.9386121], [80.154277, 12.9387262], [80.1543458, 12.9389089], [80.1543459, 12.939023], [80.1543917, 12.9390688], [80.1543917, 12.9391373], [80.1544375, 12.9391831], [80.1544376, 12.9392515], [80.1544834, 12.9392973], [80.1545979, 12.9393434], [80.1546437, 12.939412], [80.1546895, 12.9394122], [80.1547354, 12.9394809], [80.1550102, 12.9395961], [80.1550331, 12.9396418], [80.1553537, 12.93978], [80.1553767, 12.9398257], [80.1556973, 12.9399639], [80.155766, 12.9400098], [80.1559722, 12.9401932], [80.1559722, 12.9402388], [80.1560409, 12.9402847], [80.1560409, 12.9403303], [80.1561097, 12.9403762], [80.1561555, 12.9404677], [80.15627, 12.9404681], [80.15627, 12.9404909], [80.1563845, 12.9404914], [80.1565219, 12.940606], [80.1566135, 12.9406292], [80.1566822, 12.9406751], [80.1567281, 12.9407438], [80.1569571, 12.94095], [80.1569572, 12.9409957], [80.1570717, 12.9410874], [80.1570717, 12.941133], [80.1572092, 12.9412476], [80.1572092, 12.9412933], [80.1573237, 12.941385], [80.1573238, 12.9414306], [80.1574383, 12.9415223], [80.1574383, 12.941568], [80.1575758, 12.9416826], [80.1575758, 12.9417282], [80.1576903, 12.9418199], [80.1576904, 12.9418656], [80.1578049, 12.9419573], [80.1578049, 12.9420029], [80.1578965, 12.9420717], [80.1578966, 12.9421173], [80.1579653, 12.9421633], [80.1579882, 12.9422546], [80.1580569, 12.9423005], [80.158057, 12.9423461], [80.1581257, 12.9424377], [80.1581258, 12.9425061], [80.1581716, 12.9425519], [80.1581716, 12.9426204], [80.1582404, 12.9427575], [80.1582404, 12.9428716], [80.1582633, 12.9428717], [80.1582634, 12.9429857], [80.1582863, 12.9429858], [80.1582864, 12.9430999], [80.1583093, 12.9431], [80.1583093, 12.943214], [80.1583322, 12.9432141], [80.1583323, 12.9433282], [80.1583552, 12.9433283], [80.1583553, 12.9434424], [80.1583782, 12.9434425], [80.1583782, 12.9435565], [80.1584011, 12.9435566], [80.1584012, 12.9436707], [80.1584241, 12.9436708], [80.1584242, 12.9438076], [80.1584471, 12.9438077], [80.1584471, 12.9439218], [80.15847, 12.9439219], [80.1584701, 12.944036], [80.158493, 12.944036], [80.158516, 12.9442186], [80.1586993, 12.9445388], [80.1587451, 12.9445618], [80.1588596, 12.9445622], [80.1588596, 12.9445851], [80.1592947, 12.9445869], [80.1592947, 12.944564], [80.1596839, 12.9445657], [80.1596839, 12.9445885], [80.1597984, 12.9445889], [80.1597984, 12.9446117], [80.1599129, 12.9446807], [80.1599129, 12.9447263], [80.1600734, 12.9449779], [80.1600963, 12.9450692], [80.1600965, 12.9454114], [80.1601194, 12.9454115], [80.1601195, 12.9455484], [80.1601424, 12.9455485], [80.1601425, 12.9456625], [80.1601653, 12.9456626], [80.1601654, 12.9457995], [80.1602341, 12.9457998], [80.1602799, 12.9458684], [80.1603945, 12.9459145], [80.1604861, 12.946029], [80.1604862, 12.9462115], [80.160555, 12.9463258], [80.160555, 12.9464399], [80.1605779, 12.94644], [80.1605781, 12.9467821], [80.1605552, 12.9467821], [80.1605557, 12.9475349], [80.1605786, 12.947535], [80.1605787, 12.9476718], [80.1606015, 12.9476719], [80.1606016, 12.9478316], [80.1606245, 12.9478317], [80.1606246, 12.9479686], [80.1606475, 12.9479687], [80.1606476, 12.9481284], [80.1606705, 12.9481285], [80.1606706, 12.9482653], [80.1606935, 12.9482654], [80.1606936, 12.9484023], [80.1607165, 12.9484024], [80.1607165, 12.9485393], [80.1607394, 12.9485394], [80.1607395, 12.9486762], [80.1607624, 12.9486763], [80.1607625, 12.948836], [80.1607854, 12.9488361], [80.1607855, 12.948973], [80.1608084, 12.9489731], [80.1608085, 12.9491328], [80.1608314, 12.9491329], [80.1608314, 12.9492469], [80.1608543, 12.949247], [80.1608544, 12.9493611], [80.1608773, 12.9493612], [80.1608774, 12.9494981], [80.1609003, 12.9494982], [80.1609003, 12.9496122], [80.1609232, 12.9496123], [80.1609233, 12.9497492], [80.1609462, 12.9497493], [80.1609463, 12.9498633], [80.1609692, 12.9498634], [80.1609692, 12.9499775], [80.1609921, 12.9499776], [80.1609922, 12.9501145], [80.1610151, 12.9501146], [80.1610152, 12.9502286], [80.1610381, 12.9502287], [80.1610381, 12.9503428], [80.161061, 12.9503429], [80.1610611, 12.9504798], [80.161084, 12.9504798], [80.1610841, 12.9505939], [80.161107, 12.950594], [80.161107, 12.9507081], [80.1611299, 12.9507082], [80.16113, 12.950845], [80.1611529, 12.9508451], [80.161153, 12.9510504], [80.1611301, 12.9510503], [80.1611303, 12.9513469], [80.1610845, 12.9513467], [80.160993, 12.9514376], [80.1609014, 12.95146], [80.1608099, 12.9515509], [80.1606954, 12.9515732], [80.1604207, 12.9516862], [80.1603291, 12.9516858], [80.1599858, 12.9518212], [80.1598942, 12.9518209], [80.1598026, 12.9518661], [80.1596653, 12.9518655], [80.1596653, 12.9518884], [80.1594363, 12.9518874], [80.1594363, 12.9518646], [80.1593218, 12.9518641], [80.159276, 12.9518183], [80.1590012, 12.9517487], [80.1589554, 12.9517029], [80.1587951, 12.9516566], [80.1586806, 12.9516562], [80.1586806, 12.9516334], [80.1584746, 12.9516781], [80.1584288, 12.9517236], [80.1581312, 12.9518364], [80.1581083, 12.9518819], [80.1580168, 12.9519044], [80.1579939, 12.9519499], [80.1579023, 12.9519723], [80.1576963, 12.9521083], [80.1576048, 12.952222], [80.1575362, 12.9522674], [80.1576507, 12.9524503]]]}}, {"type": "Feature", "properties": {"ward": "23", "zone": "3", "zone_name": "SEMBAKKAM", "area_km2": 0.64}, "geometry": {"type": "Polygon", "coordinates": [[[80.1561555, 12.9405133], [80.1560869, 12.9405586], [80.1560411, 12.9406497], [80.1560183, 12.9407637], [80.1559267, 12.9408317], [80.1559268, 12.9408773], [80.1558581, 12.9409227], [80.1558581, 12.9409683], [80.1557208, 12.941059], [80.1556292, 12.9410586], [80.1555835, 12.941104], [80.155469, 12.9411036], [80.1553774, 12.9411488], [80.1552172, 12.9411482], [80.1552172, 12.941171], [80.1550569, 12.9411703], [80.1550569, 12.9411931], [80.1548966, 12.9411925], [80.1548966, 12.9412153], [80.1547822, 12.9412148], [80.1547822, 12.9412376], [80.1545761, 12.9412368], [80.1545761, 12.9412596], [80.1544159, 12.9412589], [80.1544159, 12.9412817], [80.1542785, 12.9412812], [80.1542785, 12.941304], [80.154164, 12.9413035], [80.154164, 12.9413263], [80.1540267, 12.9413257], [80.1539351, 12.941371], [80.1537977, 12.9413704], [80.1537977, 12.9413932], [80.1536833, 12.9413928], [80.1536833, 12.9414156], [80.1535688, 12.9414151], [80.1535688, 12.9414379], [80.1534543, 12.9414374], [80.1534543, 12.9414602], [80.153317, 12.9414597], [80.153317, 12.9414825], [80.1532025, 12.941482], [80.1532025, 12.9415048], [80.153088, 12.9415044], [80.153088, 12.9415272], [80.1529736, 12.9415267], [80.1529736, 12.9415495], [80.1528362, 12.9415489], [80.1528362, 12.9415718], [80.1527217, 12.9415713], [80.1527217, 12.9415941], [80.1526073, 12.9415936], [80.1525386, 12.9416846], [80.1524929, 12.9417072], [80.1523327, 12.9418434], [80.1523556, 12.9418891], [80.1523786, 12.9420717], [80.1524244, 12.9421176], [80.1524474, 12.9422317], [80.1526307, 12.9424378], [80.1526764, 12.942438], [80.1531117, 12.942896], [80.1531575, 12.9428962], [80.1534095, 12.943171], [80.1535241, 12.9432171], [80.1535699, 12.9432857], [80.1536157, 12.9432859], [80.1536615, 12.9433545], [80.153776, 12.9434006], [80.1538219, 12.9434693], [80.1539364, 12.9435154], [80.1539822, 12.943584], [80.1540738, 12.9436072], [80.1540967, 12.9436529], [80.1542341, 12.9437447], [80.15428, 12.9438133], [80.1544175, 12.9441333], [80.1546236, 12.9441798], [80.1551504, 12.9444101], [80.1552191, 12.944456], [80.1552878, 12.9445475], [80.1553336, 12.9445477], [80.1554711, 12.9447079], [80.1555169, 12.9447081], [80.1555627, 12.9447996], [80.1557002, 12.9449142], [80.155746, 12.9449828], [80.155769, 12.9450742], [80.1557691, 12.9452567], [80.1558149, 12.9453481], [80.1558151, 12.9456219], [80.155838, 12.945622], [80.1558381, 12.9459185], [80.155861, 12.9459186], [80.1558612, 12.9462152], [80.1558841, 12.9462153], [80.1558844, 12.9467171], [80.1558615, 12.946717], [80.1558616, 12.9468311], [80.1558387, 12.9469223], [80.155793, 12.9469677], [80.1557473, 12.9471272], [80.1555642, 12.9473318], [80.1555184, 12.9473316], [80.1554727, 12.9473998], [80.1554269, 12.9473996], [80.1553354, 12.9475133], [80.1552209, 12.9475813], [80.155198, 12.9476268], [80.1551981, 12.9477637], [80.1551752, 12.9477636], [80.1551753, 12.9479005], [80.1551524, 12.9479004], [80.1551526, 12.9482197], [80.1551755, 12.9482198], [80.1551757, 12.948562], [80.1551986, 12.9485621], [80.1551988, 12.9488815], [80.1551759, 12.9488814], [80.155176, 12.9489955], [80.1551531, 12.949041], [80.1552218, 12.9491097], [80.1552677, 12.9492011], [80.1553136, 12.9494066], [80.1553594, 12.9494525], [80.1554053, 12.949658], [80.1554511, 12.9497038], [80.155497, 12.9499093], [80.1555429, 12.9499551], [80.1555888, 12.9501606], [80.1556346, 12.9502064], [80.1556576, 12.9503434], [80.1557034, 12.9503892], [80.1557722, 12.9506632], [80.155818, 12.950709], [80.155841, 12.950846], [80.1558868, 12.9508918], [80.1559328, 12.9510973], [80.1559786, 12.9511431], [80.1560245, 12.9513486], [80.1560703, 12.9513944], [80.1561162, 12.9515999], [80.156162, 12.9516458], [80.1562079, 12.9518513], [80.1562538, 12.9518971], [80.1562997, 12.9521026], [80.1563455, 12.9521484], [80.1563914, 12.9523539], [80.1564601, 12.9523998], [80.1564602, 12.9524454], [80.1566204, 12.9524461], [80.1568036, 12.9523784], [80.156918, 12.9523789], [80.1570096, 12.9523336], [80.1571241, 12.9523341], [80.1573072, 12.9522664], [80.1575362, 12.9522674], [80.1576048, 12.952222], [80.1576963, 12.9521083], [80.1579023, 12.9519723], [80.1579939, 12.9519499], [80.1580168, 12.9519044], [80.1581083, 12.9518819], [80.1581312, 12.9518364], [80.1584288, 12.9517236], [80.1584746, 12.9516781], [80.1586806, 12.9516334], [80.1586806, 12.9516562], [80.1587951, 12.9516566], [80.1589554, 12.9517029], [80.1590012, 12.9517487], [80.159276, 12.9518183], [80.1593218, 12.9518641], [80.1594363, 12.9518646], [80.1594363, 12.9518874], [80.1596653, 12.9518884], [80.1596653, 12.9518655], [80.1598026, 12.9518661], [80.1598942, 12.9518209], [80.1599858, 12.9518212], [80.1603291, 12.9516858], [80.1604207, 12.9516862], [80.1606954, 12.9515732], [80.1608099, 12.9515509], [80.1609014, 12.95146], [80.160993, 12.9514376], [80.1610845, 12.9513467], [80.1611303, 12.9513469], [80.1611301, 12.9510503], [80.161153, 12.9510504], [80.1611529, 12.9508451], [80.16113, 12.950845], [80.1611299, 12.9507082], [80.161107, 12.9507081], [80.161107, 12.950594], [80.1610841, 12.9505939], [80.161084, 12.9504798], [80.1610611, 12.9504798], [80.161061, 12.9503429], [80.1610381, 12.9503428], [80.1610381, 12.9502287], [80.1610152, 12.9502286], [80.1610151, 12.9501146], [80.1609922, 12.9501145], [80.1609921, 12.9499776], [80.1609692, 12.9499775], [80.1609692, 12.9498634], [80.1609463, 12.9498633], [80.1609462, 12.9497493], [80.1609233, 12.9497492], [80.1609232, 12.9496123], [80.1609003, 12.9496122], [80.1609003, 12.9494982], [80.1608774, 12.9494981], [80.1608773, 12.9493612], [80.1608544, 12.9493611], [80.1608543, 12.949247], [80.1608314, 12.9492469], [80.1608314, 12.9491329], [80.1608085, 12.9491328], [80.1608084, 12.9489731], [80.1607855, 12.948973], [80.1607854, 12.9488361], [80.1607625, 12.948836], [80.1607624, 12.9486763], [80.1607395, 12.9486762], [80.1607394, 12.9485394], [80.1607165, 12.9485393], [80.1607165, 12.9484024], [80.1606936, 12.9484023], [80.1606935, 12.9482654], [80.1606706, 12.9482653], [80.1606705, 12.9481285], [80.1606476, 12.9481284], [80.1606475, 12.9479687], [80.1606246, 12.9479686], [80.1606245, 12.9478317], [80.1606016, 12.9478316], [80.1606015, 12.9476719], [80.1605787, 12.9476718], [80.1605786, 12.947535], [80.1605557, 12.9475349], [80.1605552, 12.9467821], [80.1605781, 12.9467821], [80.1605779, 12.94644], [80.160555, 12.9464399], [80.160555, 12.9463258], [80.1604862, 12.9462115], [80.1604861, 12.946029], [80.1603945, 12.9459145], [80.1602799, 12.9458684], [80.1602341, 12.9457998], [80.1601654, 12.9457995], [80.1601653, 12.9456626], [80.1601425, 12.9456625], [80.1601424, 12.9455485], [80.1601195, 12.9455484], [80.1601194, 12.9454115], [80.1600965, 12.9454114], [80.1600963, 12.9450692], [80.1600734, 12.9449779], [80.1599129, 12.9447263], [80.1599129, 12.9446807], [80.1597984, 12.9446117], [80.1597984, 12.9445889], [80.1596839, 12.9445885], [80.1596839, 12.9445657], [80.1592947, 12.944564], [80.1592947, 12.9445869], [80.1588596, 12.9445851], [80.1588596, 12.9445622], [80.1587451, 12.9445618], [80.1586993, 12.9445388], [80.158516, 12.9442186], [80.158493, 12.944036], [80.1584701, 12.944036], [80.15847, 12.9439219], [80.1584471, 12.9439218], [80.1584471, 12.9438077], [80.1584242, 12.9438076], [80.1584241, 12.9436708], [80.1584012, 12.9436707], [80.1584011, 12.9435566], [80.1583782, 12.9435565], [80.1583782, 12.9434425], [80.1583553, 12.9434424], [80.1583552, 12.9433283], [80.1583323, 12.9433282], [80.1583322, 12.9432141], [80.1583093, 12.943214], [80.1583093, 12.9431], [80.1582864, 12.9430999], [80.1582863, 12.9429858], [80.1582634, 12.9429857], [80.1582633, 12.9428717], [80.1582404, 12.9428716], [80.1582404, 12.9427575], [80.1581716, 12.9426204], [80.1581716, 12.9425519], [80.1581258, 12.9425061], [80.1581257, 12.9424377], [80.158057, 12.9423461], [80.1580569, 12.9423005], [80.1579882, 12.9422546], [80.1579653, 12.9421633], [80.1578966, 12.9421173], [80.1578965, 12.9420717], [80.1578049, 12.9420029], [80.1578049, 12.9419573], [80.1576904, 12.9418656], [80.1576903, 12.9418199], [80.1575758, 12.9417282], [80.1575758, 12.9416826], [80.1574383, 12.941568], [80.1574383, 12.9415223], [80.1573238, 12.9414306], [80.1573237, 12.941385], [80.1572092, 12.9412933], [80.1572092, 12.9412476], [80.1570717, 12.941133], [80.1570717, 12.9410874], [80.1569572, 12.9409957], [80.1569571, 12.94095], [80.1567281, 12.9407438], [80.1566822, 12.9406751], [80.1566135, 12.9406292], [80.1565219, 12.940606], [80.1563845, 12.9404914], [80.15627, 12.9404909], [80.15627, 12.9404681], [80.1561555, 12.9404677], [80.1561555, 12.9405133]]]}}, {"type": "Feature", "properties": {"ward": "24", "zone": "2", "zone_name": "PALLAVARAM", "area_km2": 1.23}, "geometry": {"type": "Polygon", "coordinates": [[[80.1476697, 12.9552607], [80.1476697, 12.9552379], [80.1477842, 12.9552383], [80.1478757, 12.9552159], [80.1479215, 12.9551705], [80.1480589, 12.9551482], [80.1480589, 12.9551254], [80.1481733, 12.9551259], [80.1481733, 12.9551031], [80.1483107, 12.9551036], [80.1483107, 12.9550808], [80.1484252, 12.9550813], [80.1484252, 12.9550585], [80.1485625, 12.9550591], [80.1485625, 12.9550819], [80.1495013, 12.9550857], [80.149593, 12.955223], [80.1496388, 12.955246], [80.1496617, 12.9553145], [80.1496618, 12.9555427], [80.149433, 12.9557242], [80.1493872, 12.955724], [80.1493185, 12.9557922], [80.1480824, 12.9561749], [80.1479908, 12.9562657], [80.147945, 12.9562656], [80.1478764, 12.9563565], [80.1477849, 12.9564018], [80.1477849, 12.9565386], [80.1478078, 12.9565387], [80.147808, 12.9567669], [80.1478539, 12.9569267], [80.1479455, 12.957064], [80.1479456, 12.9571324], [80.1481977, 12.9575897], [80.1481977, 12.9576582], [80.1484498, 12.9581154], [80.1484728, 12.9582524], [80.1485415, 12.9583211], [80.1486562, 12.9586182], [80.1488395, 12.9589155], [80.1488396, 12.9589611], [80.1489083, 12.959007], [80.1489541, 12.9591213], [80.1490458, 12.9592129], [80.1491603, 12.9592134], [80.1491603, 12.9592362], [80.1492748, 12.9592367], [80.1492748, 12.9592595], [80.1495724, 12.9592607], [80.1495724, 12.9592835], [80.1497556, 12.9592843], [80.1498243, 12.9593302], [80.149893, 12.9593305], [80.1499846, 12.9593993], [80.1500533, 12.9593996], [80.1501449, 12.9594684], [80.1501907, 12.9594686], [80.1502366, 12.9595372], [80.150374, 12.9595834], [80.1503969, 12.9596291], [80.1505343, 12.9596753], [80.1505572, 12.959721], [80.1506488, 12.9597442], [80.1506947, 12.9598128], [80.1507404, 12.959813], [80.151038, 12.959723], [80.151038, 12.9597002], [80.1511983, 12.9597009], [80.1511983, 12.9597237], [80.1513357, 12.9597242], [80.1513357, 12.959747], [80.1514731, 12.9597476], [80.1514731, 12.9597704], [80.1516105, 12.959771], [80.1516105, 12.9597938], [80.1517479, 12.9597944], [80.1517479, 12.9598172], [80.1518852, 12.9598178], [80.1518853, 12.9598406], [80.1520226, 12.9598411], [80.1520227, 12.9598639], [80.1521371, 12.9598644], [80.1521371, 12.9598872], [80.1522745, 12.9598878], [80.1522745, 12.9599106], [80.1524806, 12.9599115], [80.1524806, 12.9599343], [80.1529614, 12.9599363], [80.1529614, 12.9599134], [80.1531217, 12.9599141], [80.1531217, 12.9598913], [80.1532362, 12.9598918], [80.1533277, 12.9598465], [80.1534422, 12.959847], [80.1536253, 12.9597793], [80.1537398, 12.9597798], [80.1538314, 12.9597345], [80.1539458, 12.959735], [80.154129, 12.9596673], [80.1542435, 12.9596678], [80.154335, 12.9596226], [80.1544495, 12.959623], [80.1546326, 12.9595554], [80.1547471, 12.9595558], [80.1549302, 12.9594881], [80.1550447, 12.9594886], [80.1551363, 12.9594434], [80.1552508, 12.9594438], [80.1554339, 12.9593762], [80.1555484, 12.9593766], [80.1556399, 12.9593314], [80.1557544, 12.9593319], [80.1559375, 12.9592642], [80.156052, 12.9592647], [80.1561436, 12.9592194], [80.156258, 12.9592199], [80.1564412, 12.9591522], [80.1565557, 12.9591527], [80.1566472, 12.9591074], [80.1567617, 12.9591079], [80.1569448, 12.9590402], [80.1570593, 12.9590407], [80.1571509, 12.9589954], [80.1572653, 12.9589959], [80.1574485, 12.9589282], [80.157563, 12.9589287], [80.1576545, 12.9588835], [80.157769, 12.9588839], [80.1579521, 12.9588163], [80.1580666, 12.9588167], [80.1580666, 12.9587939], [80.1582498, 12.9587947], [80.1582497, 12.9587719], [80.1584558, 12.9587727], [80.1584558, 12.9587955], [80.1586619, 12.9587964], [80.1587535, 12.9588196], [80.1588679, 12.9586832], [80.1589137, 12.9586833], [80.1589823, 12.9585924], [80.1590968, 12.9585472], [80.1591883, 12.9584335], [80.1592799, 12.9584111], [80.1593256, 12.9583429], [80.1593714, 12.9583431], [80.1593942, 12.9582519], [80.159394, 12.95775], [80.1593481, 12.9576586], [80.159348, 12.9575217], [80.1593251, 12.9575216], [80.159325, 12.9573847], [80.1593022, 12.9573846], [80.1593021, 12.9572478], [80.1592792, 12.9572477], [80.1592791, 12.9571108], [80.1592562, 12.9571107], [80.1592561, 12.9569966], [80.1592332, 12.9569965], [80.1592332, 12.9568597], [80.1592103, 12.9568596], [80.1592102, 12.9567227], [80.1591873, 12.9567226], [80.1591872, 12.9565857], [80.1591643, 12.9565856], [80.1591642, 12.9564488], [80.1591413, 12.9564487], [80.1591413, 12.9563346], [80.1591184, 12.9563345], [80.1591183, 12.9561976], [80.1590954, 12.9561975], [80.1590953, 12.9560607], [80.1590724, 12.9560606], [80.1590723, 12.9559237], [80.1590494, 12.9559236], [80.1590494, 12.9557867], [80.1590265, 12.9557866], [80.1590264, 12.9556498], [80.1590035, 12.9556497], [80.1590034, 12.9555356], [80.1589805, 12.9555355], [80.1589804, 12.9553986], [80.1589575, 12.9553985], [80.1589574, 12.955216], [80.1589116, 12.9551246], [80.1589115, 12.9549877], [80.1588657, 12.9548963], [80.1588656, 12.9547366], [80.1588427, 12.9547365], [80.1588426, 12.9546224], [80.1587967, 12.9544626], [80.1586594, 12.954462], [80.1584762, 12.9545297], [80.1582473, 12.9545287], [80.1582014, 12.9544145], [80.1581785, 12.9544144], [80.1581784, 12.9542091], [80.1581555, 12.954209], [80.1581554, 12.9540265], [80.1581325, 12.9540264], [80.1581324, 12.9539123], [80.1581095, 12.953821], [80.1580407, 12.9536838], [80.1580407, 12.9535926], [80.1579948, 12.9535239], [80.1579718, 12.9533414], [80.1578801, 12.9531357], [80.1578801, 12.9530672], [80.1578343, 12.9530214], [80.1577883, 12.9528159], [80.1577425, 12.9527701], [80.1576966, 12.9525646], [80.1576508, 12.9525188], [80.1576507, 12.9524503], [80.1575362, 12.9522674], [80.1573072, 12.9522664], [80.1571241, 12.9523341], [80.1570096, 12.9523336], [80.156918, 12.9523789], [80.1568036, 12.9523784], [80.1566204, 12.9524461], [80.1564602, 12.9524454], [80.1564601, 12.9523998], [80.1563914, 12.9523539], [80.1563455, 12.9521484], [80.1562997, 12.9521026], [80.1562538, 12.9518971], [80.1562079, 12.9518513], [80.156162, 12.9516458], [80.1561162, 12.9515999], [80.1560703, 12.9513944], [80.1560245, 12.9513486], [80.1559786, 12.9511431], [80.1559328, 12.9510973], [80.1558868, 12.9508918], [80.155841, 12.950846], [80.155818, 12.950709], [80.1557722, 12.9506632], [80.1557034, 12.9503892], [80.1556576, 12.9503434], [80.1556346, 12.9502064], [80.1555888, 12.9501606], [80.1555429, 12.9499551], [80.155497, 12.9499093], [80.1554511, 12.9497038], [80.1554053, 12.949658], [80.1553594, 12.9494525], [80.1553136, 12.9494066], [80.1552677, 12.9492011], [80.1552218, 12.9491097], [80.1551531, 12.949041], [80.1550386, 12.9490405], [80.1550386, 12.9490177], [80.154718, 12.9490164], [80.154718, 12.9489936], [80.154283, 12.9489918], [80.1541456, 12.9488771], [80.1539853, 12.9488765], [80.1539853, 12.9488993], [80.1538708, 12.9489444], [80.1538479, 12.9488987], [80.1537334, 12.9488982], [80.1536419, 12.9489207], [80.1535732, 12.9489888], [80.1535275, 12.9490799], [80.153413, 12.9490794], [80.153413, 12.9491022], [80.1532298, 12.9491015], [80.1532299, 12.9491243], [80.1530695, 12.9490324], [80.1530237, 12.9488953], [80.1529091, 12.9488264], [80.1522681, 12.9488238], [80.1522681, 12.9488466], [80.1521307, 12.948846], [80.1521307, 12.9488688], [80.1519704, 12.9488682], [80.1518789, 12.9489134], [80.1515812, 12.9489122], [80.1515812, 12.948935], [80.1513981, 12.9489342], [80.1513751, 12.9488885], [80.1510546, 12.9488872], [80.1508715, 12.9490461], [80.1508487, 12.9491145], [80.1507571, 12.9491141], [80.150574, 12.9491818], [80.1504595, 12.9491813], [80.1503679, 12.9492037], [80.1502993, 12.9492719], [80.1502306, 12.9492944], [80.1500932, 12.9492938], [80.1500016, 12.9493391], [80.1497498, 12.949338], [80.1497498, 12.9493609], [80.1496353, 12.9493604], [80.1495438, 12.9494056], [80.1494293, 12.9494052], [80.1494293, 12.949428], [80.1489485, 12.94954], [80.1489028, 12.9495855], [80.1486967, 12.9496303], [80.1485823, 12.9496982], [80.1484678, 12.9496977], [80.1484678, 12.9497206], [80.1483076, 12.9497199], [80.1483076, 12.9497427], [80.147987, 12.9497414], [80.1478955, 12.9497638], [80.1478497, 12.9498777], [80.1478498, 12.9499918], [80.1478727, 12.9499918], [80.1478728, 12.9502428], [80.1478957, 12.9502429], [80.1478959, 12.950471], [80.1479188, 12.9504711], [80.1479189, 12.9507677], [80.1477816, 12.9508812], [80.1477129, 12.9508809], [80.1476672, 12.9509263], [80.1475985, 12.950926], [80.1475527, 12.9509715], [80.147484, 12.9509712], [80.1474383, 12.9510166], [80.1473696, 12.9510163], [80.1473238, 12.9510618], [80.1472551, 12.9510615], [80.1472094, 12.9511069], [80.147072, 12.9511292], [80.1470491, 12.9511747], [80.1469804, 12.9511744], [80.1469118, 12.9512426], [80.1468202, 12.951265], [80.1467058, 12.9514014], [80.1466142, 12.9514238], [80.1463624, 12.9514228], [80.1462709, 12.9515137], [80.1463168, 12.9517648], [80.1464084, 12.951788], [80.1465, 12.9518568], [80.1466832, 12.9518576], [80.1466832, 12.9518804], [80.1467977, 12.9518808], [80.1468205, 12.9518353], [80.1470266, 12.9518362], [80.1470265, 12.9517221], [80.1470952, 12.9516996], [80.1473242, 12.9517005], [80.1473471, 12.951655], [80.1474615, 12.9516326], [80.1475531, 12.9515646], [80.1476446, 12.9515421], [80.1477591, 12.9515426], [80.1477591, 12.9515654], [80.1478965, 12.951566], [80.1479652, 12.9515207], [80.1481025, 12.9515212], [80.1481026, 12.9515669], [80.1481713, 12.9516128], [80.1482171, 12.9517042], [80.1482172, 12.9518183], [80.1482401, 12.9518184], [80.1482402, 12.951978], [80.148286, 12.9519782], [80.1483776, 12.9521155], [80.1483778, 12.952412], [80.1483091, 12.9524346], [80.1482405, 12.9525255], [80.1481947, 12.9525254], [80.148149, 12.9525936], [80.1479658, 12.9526841], [80.1477598, 12.9527289], [80.147714, 12.9527743], [80.1474393, 12.9528416], [80.1473249, 12.9529096], [80.1471417, 12.9529316], [80.147096, 12.9529771], [80.1469815, 12.9529766], [80.1467984, 12.9530443], [80.1465466, 12.9532714], [80.1465009, 12.9533396], [80.146501, 12.9535221], [80.1465239, 12.9535222], [80.146524, 12.9537275], [80.1465698, 12.9537733], [80.1466387, 12.9540474], [80.1466845, 12.9540932], [80.1466845, 12.9541616], [80.1467533, 12.9542531], [80.1467533, 12.9543216], [80.1468679, 12.9544817], [80.1468679, 12.9545502], [80.1469137, 12.9545732], [80.1469367, 12.9546873], [80.1469825, 12.9547103], [80.1470283, 12.9548018], [80.1470743, 12.9550073], [80.1471201, 12.9550303], [80.1471659, 12.9551445], [80.1471889, 12.9552587], [80.1476697, 12.9552607]]]}}, {"type": "Feature", "properties": {"ward": "25", "zone": "3", "zone_name": "SEMBAKKAM", "area_km2": 0.548}, "geometry": {"type": "Polygon", "coordinates": [[[80.1457871, 12.9465614], [80.1457872, 12.9466526], [80.145833, 12.9467441], [80.1458331, 12.9468581], [80.145856, 12.9468582], [80.1458561, 12.9469723], [80.145879, 12.9469724], [80.145879, 12.9470864], [80.1459019, 12.9470865], [80.145902, 12.9472006], [80.1459249, 12.9472007], [80.145925, 12.9473148], [80.1459479, 12.9473148], [80.1459479, 12.9474289], [80.1459708, 12.947429], [80.1459709, 12.9475431], [80.1459938, 12.9475432], [80.1459938, 12.9476572], [80.1460397, 12.9477487], [80.1460398, 12.9478627], [80.1460627, 12.9478628], [80.1460627, 12.9479769], [80.1460857, 12.9480682], [80.1461544, 12.9481826], [80.1461545, 12.948251], [80.1462232, 12.9483425], [80.1462232, 12.948411], [80.146292, 12.9485025], [80.146292, 12.948571], [80.1463608, 12.9486625], [80.1463608, 12.9487309], [80.1464296, 12.9488225], [80.1464525, 12.9489138], [80.1464526, 12.9490735], [80.1464068, 12.9490733], [80.1463611, 12.9491415], [80.1463153, 12.9491414], [80.1462237, 12.9492094], [80.146155, 12.9492091], [80.1460635, 12.9492772], [80.1459948, 12.9492769], [80.1459032, 12.949345], [80.1458346, 12.9493447], [80.145743, 12.9494127], [80.1456743, 12.9494125], [80.1456286, 12.9494579], [80.1455599, 12.9494576], [80.1452852, 12.9496162], [80.1452853, 12.949753], [80.145354, 12.9498674], [80.1453541, 12.9499358], [80.1454228, 12.9500502], [80.1457438, 12.9507359], [80.1457896, 12.9508045], [80.1459042, 12.9508962], [80.1459043, 12.9510787], [80.1459272, 12.9511472], [80.1459959, 12.9511703], [80.1460188, 12.9512389], [80.1461563, 12.9514676], [80.1462709, 12.9515137], [80.1463624, 12.9514228], [80.1466142, 12.9514238], [80.1467058, 12.9514014], [80.1468202, 12.951265], [80.1469118, 12.9512426], [80.1469804, 12.9511744], [80.1470491, 12.9511747], [80.147072, 12.9511292], [80.1472094, 12.9511069], [80.1472551, 12.9510615], [80.1473238, 12.9510618], [80.1473696, 12.9510163], [80.1474383, 12.9510166], [80.147484, 12.9509712], [80.1475527, 12.9509715], [80.1475985, 12.950926], [80.1476672, 12.9509263], [80.1477129, 12.9508809], [80.1477816, 12.9508812], [80.1479189, 12.9507677], [80.1479188, 12.9504711], [80.1478959, 12.950471], [80.1478957, 12.9502429], [80.1478728, 12.9502428], [80.1478727, 12.9499918], [80.1478498, 12.9499918], [80.1478497, 12.9498777], [80.1478955, 12.9497638], [80.147987, 12.9497414], [80.1483076, 12.9497427], [80.1483076, 12.9497199], [80.1484678, 12.9497206], [80.1484678, 12.9496977], [80.1485823, 12.9496982], [80.1486967, 12.9496303], [80.1489028, 12.9495855], [80.1489485, 12.94954], [80.1494293, 12.949428], [80.1494293, 12.9494052], [80.1495438, 12.9494056], [80.1496353, 12.9493604], [80.1497498, 12.9493609], [80.1497498, 12.949338], [80.1500016, 12.9493391], [80.1500932, 12.9492938], [80.1502306, 12.9492944], [80.1502993, 12.9492719], [80.1503679, 12.9492037], [80.1504595, 12.9491813], [80.150574, 12.9491818], [80.1507571, 12.9491141], [80.1508487, 12.9491145], [80.1508715, 12.9490461], [80.1510546, 12.9488872], [80.1513751, 12.9488885], [80.1513981, 12.9489342], [80.1515812, 12.948935], [80.1515812, 12.9489122], [80.1518789, 12.9489134], [80.1519704, 12.9488682], [80.1521307, 12.9488688], [80.1521307, 12.948846], [80.1522681, 12.9488466], [80.1522681, 12.9488238], [80.1529091, 12.9488264], [80.1530237, 12.9488953], [80.1530695, 12.9490324], [80.1532299, 12.9491243], [80.1532298, 12.9491015], [80.153413, 12.9491022], [80.153413, 12.9490794], [80.1535275, 12.9490799], [80.1535732, 12.9489888], [80.1536419, 12.9489207], [80.1537334, 12.9488982], [80.1538479, 12.9488987], [80.1538708, 12.9489444], [80.1539853, 12.9488993], [80.1539853, 12.9488765], [80.1541456, 12.9488771], [80.154283, 12.9489918], [80.154718, 12.9489936], [80.154718, 12.9490164], [80.1550386, 12.9490177], [80.1550386, 12.9490405], [80.1551531, 12.949041], [80.155176, 12.9489955], [80.1551759, 12.9488814], [80.1551988, 12.9488815], [80.1551986, 12.9485621], [80.1551757, 12.948562], [80.1551755, 12.9482198], [80.1551526, 12.9482197], [80.1551524, 12.9479004], [80.1551753, 12.9479005], [80.1551752, 12.9477636], [80.1551981, 12.9477637], [80.155198, 12.9476268], [80.1552209, 12.9475813], [80.1553354, 12.9475133], [80.1554269, 12.9473996], [80.1554727, 12.9473998], [80.1555184, 12.9473316], [80.1555642, 12.9473318], [80.1557473, 12.9471272], [80.155793, 12.9469677], [80.1558387, 12.9469223], [80.1558616, 12.9468311], [80.1558615, 12.946717], [80.1558844, 12.9467171], [80.1558841, 12.9462153], [80.1558612, 12.9462152], [80.155861, 12.9459186], [80.1558381, 12.9459185], [80.155838, 12.945622], [80.1558151, 12.9456219], [80.1558149, 12.9453481], [80.1557691, 12.9452567], [80.155769, 12.9450742], [80.155746, 12.9449828], [80.1557002, 12.9449142], [80.1555627, 12.9447996], [80.1555169, 12.9447081], [80.1554711, 12.9447079], [80.1553336, 12.9445477], [80.1552878, 12.9445475], [80.1552191, 12.944456], [80.1551504, 12.9444101], [80.1546236, 12.9441798], [80.1544175, 12.9441333], [80.154143, 12.9444287], [80.1540743, 12.9444284], [80.1540285, 12.9444739], [80.1539598, 12.9444736], [80.1539141, 12.944519], [80.1538454, 12.9445187], [80.1537538, 12.9445868], [80.1536165, 12.944609], [80.1533876, 12.944745], [80.1533189, 12.9447447], [80.1531358, 12.944858], [80.1530671, 12.9448805], [80.1529526, 12.94488], [80.1528611, 12.9449253], [80.1527466, 12.9449248], [80.1526779, 12.9449473], [80.1525863, 12.9448785], [80.152426, 12.9448551], [80.1523115, 12.9447861], [80.1521741, 12.9447628], [80.1521054, 12.9448081], [80.1519223, 12.9448302], [80.1518307, 12.9448982], [80.1516934, 12.9448976], [80.1516934, 12.9449205], [80.1513041, 12.9449189], [80.1511896, 12.9447815], [80.1511438, 12.9447813], [80.1509376, 12.9445523], [80.1505941, 12.9444597], [80.1505941, 12.944414], [80.1505024, 12.9443452], [80.1504795, 12.9442539], [80.1503649, 12.9440937], [80.1503649, 12.9440253], [80.1503191, 12.9439795], [80.150319, 12.9438882], [80.1502732, 12.9438196], [80.1502731, 12.9437284], [80.1502044, 12.9436368], [80.1501814, 12.9435227], [80.1500898, 12.9434538], [80.150021, 12.9433395], [80.1499752, 12.9433393], [80.1498836, 12.9432477], [80.1496775, 12.9432468], [80.1496775, 12.9432696], [80.1495631, 12.9432692], [80.1495631, 12.943292], [80.1494028, 12.9433141], [80.1489908, 12.9435406], [80.1488992, 12.9435402], [80.1487161, 12.9436079], [80.1485558, 12.9436072], [80.1485559, 12.94363], [80.1483269, 12.9436291], [80.1483269, 12.9436519], [80.1481437, 12.9436511], [80.1481209, 12.9437195], [80.148121, 12.9438563], [80.1480752, 12.9439474], [80.1480753, 12.9441071], [80.1480524, 12.944107], [80.1480754, 12.9442896], [80.14819, 12.9444726], [80.14819, 12.944541], [80.1482359, 12.944564], [80.1482817, 12.9446554], [80.1483047, 12.9447924], [80.1484422, 12.9450211], [80.1484422, 12.9450895], [80.148511, 12.9451811], [80.148511, 12.9452723], [80.1485798, 12.9453867], [80.1485798, 12.9455007], [80.1486257, 12.9455922], [80.1486258, 12.9457747], [80.1486029, 12.9457746], [80.148603, 12.9460255], [80.1485801, 12.9460254], [80.1485802, 12.9461395], [80.14842, 12.9462757], [80.1483513, 12.9462754], [80.1483285, 12.9463209], [80.1482598, 12.9463206], [80.148214, 12.9463661], [80.1480538, 12.9463882], [80.1474128, 12.9465681], [80.1472525, 12.9465674], [80.1472525, 12.9465902], [80.1468404, 12.9465885], [80.1467716, 12.946497], [80.1467258, 12.9464968], [80.14668, 12.9464282], [80.1466342, 12.946428], [80.1464739, 12.9462905], [80.1461304, 12.946289], [80.1461304, 12.9463119], [80.1459931, 12.9463113], [80.1459244, 12.9463338], [80.1459015, 12.9463793], [80.1457184, 12.946447], [80.1457871, 12.9465614]]]}}, {"type": "Feature", "properties": {"ward": "26", "zone": "2", "zone_name": "PALLAVARAM", "area_km2": 0.517}, "geometry": {"type": "Polygon", "coordinates": [[[80.1399736, 12.9500277], [80.1400194, 12.9500963], [80.1400881, 12.9501422], [80.1402256, 12.9503937], [80.1402944, 12.9504396], [80.1404777, 12.9507597], [80.1405464, 12.9508056], [80.1407527, 12.9511487], [80.1408443, 12.9511491], [80.140913, 12.9512178], [80.1410046, 12.951241], [80.1410733, 12.9512869], [80.1411191, 12.9513555], [80.1411649, 12.9513557], [80.1412337, 12.9514472], [80.1412795, 12.9514474], [80.1413482, 12.951539], [80.141394, 12.9515391], [80.1414398, 12.9516078], [80.1414856, 12.951608], [80.1415544, 12.9516995], [80.141646, 12.9517455], [80.1416461, 12.9518596], [80.1416689, 12.9518597], [80.1417148, 12.9520423], [80.1416004, 12.9521103], [80.1415547, 12.9522698], [80.1415548, 12.9523839], [80.1416693, 12.9525212], [80.141761, 12.9527041], [80.1419672, 12.9528874], [80.1419672, 12.9529331], [80.1420359, 12.952979], [80.1422651, 12.9533677], [80.1423338, 12.9534136], [80.142563, 12.9538024], [80.1426317, 12.9538483], [80.1426547, 12.9539397], [80.1427234, 12.9539856], [80.1429068, 12.9543057], [80.1429755, 12.9543516], [80.1432047, 12.9547404], [80.1432734, 12.9547863], [80.1435484, 12.9552437], [80.1436171, 12.9552896], [80.1438005, 12.9556097], [80.1438692, 12.9556556], [80.1440067, 12.9559071], [80.1440983, 12.9559759], [80.1441442, 12.9560902], [80.1442129, 12.9561361], [80.1442588, 12.9562503], [80.1443275, 12.9562962], [80.1443733, 12.9564105], [80.1444421, 12.9564564], [80.1445108, 12.9565707], [80.1445566, 12.9565709], [80.1445795, 12.9566395], [80.1446254, 12.9566625], [80.1446483, 12.9567538], [80.1446941, 12.9567768], [80.1447171, 12.9568682], [80.1447858, 12.9569141], [80.1448774, 12.9570513], [80.1449232, 12.9570515], [80.1450149, 12.9571431], [80.1451065, 12.9571663], [80.1451523, 12.957235], [80.145221, 12.9572581], [80.1453126, 12.9572356], [80.1453354, 12.9571901], [80.1454728, 12.957145], [80.1455185, 12.9570768], [80.1455872, 12.9570771], [80.1456788, 12.957009], [80.1458161, 12.9569868], [80.1458619, 12.9569413], [80.1459993, 12.9569191], [80.146045, 12.9568736], [80.1461137, 12.9568739], [80.1461595, 12.9568285], [80.1462968, 12.9568062], [80.1463884, 12.956761], [80.146457, 12.95667], [80.1465028, 12.9566702], [80.1465944, 12.9565565], [80.146663, 12.956534], [80.1466629, 12.9563971], [80.14664, 12.956397], [80.1466399, 12.9560777], [80.146617, 12.9560776], [80.1466169, 12.9559635], [80.146594, 12.9559634], [80.1465939, 12.9557125], [80.1467769, 12.9555764], [80.1468685, 12.9554627], [80.1469829, 12.9554175], [80.1470287, 12.9553493], [80.1470745, 12.9553495], [80.1471202, 12.9552812], [80.1471889, 12.9552587], [80.1471659, 12.9551445], [80.1471201, 12.9550303], [80.1470743, 12.9550073], [80.1470283, 12.9548018], [80.1469825, 12.9547103], [80.1469367, 12.9546873], [80.1469137, 12.9545732], [80.1468679, 12.9545502], [80.1468679, 12.9544817], [80.1467533, 12.9543216], [80.1467533, 12.9542531], [80.1466845, 12.9541616], [80.1466845, 12.9540932], [80.1466387, 12.9540474], [80.1465698, 12.9537733], [80.146524, 12.9537275], [80.1465239, 12.9535222], [80.146501, 12.9535221], [80.1465009, 12.9533396], [80.1465466, 12.9532714], [80.1467984, 12.9530443], [80.1469815, 12.9529766], [80.147096, 12.9529771], [80.1471417, 12.9529316], [80.1473249, 12.9529096], [80.1474393, 12.9528416], [80.147714, 12.9527743], [80.1477598, 12.9527289], [80.1479658, 12.9526841], [80.148149, 12.9525936], [80.1481947, 12.9525254], [80.1482405, 12.9525255], [80.1483091, 12.9524346], [80.1483778, 12.952412], [80.1483776, 12.9521155], [80.148286, 12.9519782], [80.1482402, 12.951978], [80.1482401, 12.9518184], [80.1482172, 12.9518183], [80.1482171, 12.9517042], [80.1481713, 12.9516128], [80.1481026, 12.9515669], [80.1481025, 12.9515212], [80.1479652, 12.9515207], [80.1478965, 12.951566], [80.1477591, 12.9515654], [80.1477591, 12.9515426], [80.1476446, 12.9515421], [80.1475531, 12.9515646], [80.1474615, 12.9516326], [80.1473471, 12.951655], [80.1473242, 12.9517005], [80.1470952, 12.9516996], [80.1470265, 12.9517221], [80.1470266, 12.9518362], [80.1468205, 12.9518353], [80.1467977, 12.9518808], [80.1466832, 12.9518804], [80.1466832, 12.9518576], [80.1465, 12.9518568], [80.1464084, 12.951788], [80.1463168, 12.9517648], [80.1462709, 12.9515137], [80.1461563, 12.9514676], [80.1460188, 12.9512389], [80.1459959, 12.9511703], [80.1459272, 12.9511472], [80.1459043, 12.9510787], [80.1459042, 12.9508962], [80.1457896, 12.9508045], [80.1457438, 12.9507359], [80.1454228, 12.9500502], [80.1453541, 12.9499358], [80.145354, 12.9498674], [80.1452853, 12.949753], [80.1452852, 12.9496162], [80.1455599, 12.9494576], [80.1456286, 12.9494579], [80.1456743, 12.9494125], [80.145743, 12.9494127], [80.1458346, 12.9493447], [80.1459032, 12.949345], [80.1459948, 12.9492769], [80.1460635, 12.9492772], [80.146155, 12.9492091], [80.1462237, 12.9492094], [80.1463153, 12.9491414], [80.1463611, 12.9491415], [80.1464068, 12.9490733], [80.1464526, 12.9490735], [80.1464525, 12.9489138], [80.1464296, 12.9488225], [80.1463608, 12.9487309], [80.1463608, 12.9486625], [80.146292, 12.948571], [80.146292, 12.9485025], [80.1462232, 12.948411], [80.1462232, 12.9483425], [80.1461545, 12.948251], [80.1461544, 12.9481826], [80.1460857, 12.9480682], [80.1460627, 12.9479769], [80.1460627, 12.9478628], [80.1460398, 12.9478627], [80.1460397, 12.9477487], [80.1459938, 12.9476572], [80.1459938, 12.9475432], [80.1459709, 12.9475431], [80.1459708, 12.947429], [80.1459479, 12.9474289], [80.1459479, 12.9473148], [80.145925, 12.9473148], [80.1459249, 12.9472007], [80.145902, 12.9472006], [80.1459019, 12.9470865], [80.145879, 12.9470864], [80.145879, 12.9469724], [80.1458561, 12.9469723], [80.145856, 12.9468582], [80.1458331, 12.9468581], [80.145833, 12.9467441], [80.1457872, 12.9466526], [80.1457871, 12.9465614], [80.1457184, 12.946447], [80.1456726, 12.946424], [80.1450773, 12.9464216], [80.1450773, 12.9464444], [80.144482, 12.9464419], [80.144482, 12.9464647], [80.1439096, 12.9464624], [80.1439096, 12.9464852], [80.1437036, 12.9464843], [80.1437036, 12.9465071], [80.1435891, 12.9465067], [80.1435891, 12.9465295], [80.1434289, 12.9465973], [80.1434518, 12.9466886], [80.1437498, 12.9472373], [80.1437727, 12.9473287], [80.1437728, 12.9474656], [80.1437499, 12.9474655], [80.14375, 12.9475795], [80.1436584, 12.9476248], [80.1436127, 12.947693], [80.143544, 12.9477384], [80.1434524, 12.9477608], [80.1433609, 12.9478517], [80.1432693, 12.9478741], [80.1432007, 12.9479422], [80.1430633, 12.9479645], [80.1429947, 12.9480326], [80.1429489, 12.9480325], [80.1428345, 12.9481689], [80.1427887, 12.9481687], [80.1426972, 12.9482595], [80.1426056, 12.948282], [80.1425827, 12.9483275], [80.1424912, 12.9483499], [80.142331, 12.9485318], [80.1422394, 12.948577], [80.1421707, 12.9485767], [80.1421479, 12.9486223], [80.1420105, 12.9486673], [80.1419877, 12.9487129], [80.1418732, 12.9487352], [80.1418503, 12.9487807], [80.1417587, 12.9488032], [80.1416672, 12.948894], [80.1415756, 12.9489165], [80.1414841, 12.9490073], [80.1413925, 12.9490298], [80.1413697, 12.9490753], [80.1412781, 12.9490977], [80.1411866, 12.9491886], [80.141095, 12.949211], [80.1410721, 12.9492566], [80.1409806, 12.949279], [80.140889, 12.9493699], [80.1407975, 12.9493923], [80.1407746, 12.9494378], [80.140683, 12.9494603], [80.1406601, 12.9495058], [80.1405686, 12.9495282], [80.1405457, 12.9495738], [80.1404541, 12.9495962], [80.1404313, 12.9496417], [80.1403397, 12.9496642], [80.1402482, 12.949755], [80.1401566, 12.9497775], [80.1401337, 12.949823], [80.1399277, 12.9498906], [80.1399736, 12.9500277]]]}}, {"type": "Feature", "properties": {"ward": "27", "zone": "2", "zone_name": "PALLAVARAM", "area_km2": 0.631}, "geometry": {"type": "Polygon", "coordinates": [[[80.1359481, 12.9572426], [80.1360168, 12.9572885], [80.1360856, 12.9574713], [80.136223, 12.9575631], [80.1362917, 12.9576318], [80.1364062, 12.9576323], [80.1364749, 12.9576097], [80.136658, 12.9574964], [80.1367267, 12.9574967], [80.1369555, 12.9572467], [80.1369783, 12.9571328], [80.1372986, 12.9567006], [80.1372986, 12.956655], [80.1373673, 12.9566097], [80.1373672, 12.9565641], [80.1375274, 12.9564507], [80.1375732, 12.9563824], [80.1376877, 12.9563373], [80.1377334, 12.956269], [80.1379165, 12.9561785], [80.1379623, 12.9561103], [80.1380767, 12.9560651], [80.138214, 12.9559516], [80.1382827, 12.9559747], [80.1383972, 12.9559752], [80.1383972, 12.955998], [80.1385117, 12.9559985], [80.1386033, 12.9560445], [80.1387178, 12.9560449], [80.1388094, 12.956091], [80.138901, 12.9560913], [80.139153, 12.9563661], [80.1391759, 12.9564118], [80.1394508, 12.9566639], [80.1394509, 12.9567095], [80.1396341, 12.95687], [80.1396571, 12.9569613], [80.1397029, 12.9569843], [80.1397488, 12.9571214], [80.1397946, 12.9571444], [80.1398175, 12.9572357], [80.1398633, 12.9572587], [80.1399092, 12.9573958], [80.139955, 12.9574188], [80.1399779, 12.9575101], [80.1400237, 12.9575331], [80.1400467, 12.9576245], [80.1401841, 12.9577391], [80.14023, 12.9578534], [80.1402987, 12.9579221], [80.1403217, 12.9580819], [80.1403446, 12.958082], [80.1403448, 12.9583329], [80.1404822, 12.9583563], [80.1407113, 12.9586538], [80.1407801, 12.9588366], [80.1408259, 12.9588596], [80.1408947, 12.9590424], [80.1409405, 12.9590654], [80.1410551, 12.9593396], [80.1411009, 12.9593626], [80.1411468, 12.9594997], [80.1411926, 12.9595227], [80.1412385, 12.9596597], [80.1413072, 12.9597284], [80.1413302, 12.9598882], [80.1413531, 12.9599111], [80.1414448, 12.9600484], [80.1415135, 12.9600943], [80.1415594, 12.9602314], [80.1416052, 12.9602544], [80.1416969, 12.9604829], [80.1417427, 12.9605059], [80.1418115, 12.9606886], [80.1418573, 12.9607116], [80.1419032, 12.9608487], [80.141949, 12.9608717], [80.1420178, 12.9610545], [80.1420636, 12.9610775], [80.1421553, 12.961306], [80.1422011, 12.961329], [80.142247, 12.9614661], [80.1422928, 12.9614891], [80.1423845, 12.9617176], [80.1424303, 12.9617406], [80.1425908, 12.9621062], [80.1426366, 12.9621292], [80.1427283, 12.9623577], [80.1427741, 12.9623807], [80.1429343, 12.9622673], [80.1431861, 12.9621771], [80.143415, 12.9620412], [80.1434837, 12.9620415], [80.1437126, 12.9619056], [80.1437813, 12.9619058], [80.1440101, 12.9617699], [80.1440788, 12.9617702], [80.1443077, 12.9616343], [80.1443764, 12.9616345], [80.1446511, 12.961476], [80.1447198, 12.9614763], [80.1449029, 12.961363], [80.1449715, 12.9613633], [80.1452004, 12.9612273], [80.1452691, 12.9612276], [80.145498, 12.9610917], [80.1455667, 12.961092], [80.1457956, 12.960956], [80.1458642, 12.9609563], [80.1461389, 12.9607978], [80.1462076, 12.960798], [80.1464365, 12.9606621], [80.1465052, 12.9606624], [80.1466425, 12.9605717], [80.1466883, 12.9605719], [80.146734, 12.9605037], [80.1468256, 12.9604812], [80.1469171, 12.9603904], [80.1469629, 12.9603905], [80.14694, 12.9603448], [80.1469399, 12.9602308], [80.146917, 12.9602307], [80.146917, 12.9601166], [80.1468253, 12.9599109], [80.1468252, 12.9598425], [80.1467565, 12.9597966], [80.146619, 12.9595451], [80.1465503, 12.9594992], [80.1464128, 12.9592477], [80.146344, 12.9592017], [80.1462523, 12.9590189], [80.1461836, 12.958973], [80.1461378, 12.9588587], [80.1460691, 12.9588128], [80.1458857, 12.9584927], [80.145817, 12.9584468], [80.1457253, 12.9582639], [80.1456337, 12.9581951], [80.1455879, 12.9581949], [80.145542, 12.9580122], [80.1454503, 12.9579206], [80.1454503, 12.9578749], [80.1453816, 12.957829], [80.1453816, 12.9577606], [80.1453128, 12.9576691], [80.1452898, 12.9574865], [80.145244, 12.9574406], [80.145221, 12.9572581], [80.1451523, 12.957235], [80.1451065, 12.9571663], [80.1450149, 12.9571431], [80.1449232, 12.9570515], [80.1448774, 12.9570513], [80.1447858, 12.9569141], [80.1447171, 12.9568682], [80.1446941, 12.9567768], [80.1446483, 12.9567538], [80.1446254, 12.9566625], [80.1445795, 12.9566395], [80.1445566, 12.9565709], [80.1445108, 12.9565707], [80.1444421, 12.9564564], [80.1443733, 12.9564105], [80.1443275, 12.9562962], [80.1442588, 12.9562503], [80.1442129, 12.9561361], [80.1441442, 12.9560902], [80.1440983, 12.9559759], [80.1440067, 12.9559071], [80.1438692, 12.9556556], [80.1438005, 12.9556097], [80.1436171, 12.9552896], [80.1435484, 12.9552437], [80.1432734, 12.9547863], [80.1432047, 12.9547404], [80.1429755, 12.9543516], [80.1429068, 12.9543057], [80.1427234, 12.9539856], [80.1426547, 12.9539397], [80.1426317, 12.9538483], [80.142563, 12.9538024], [80.1423338, 12.9534136], [80.1422651, 12.9533677], [80.1420359, 12.952979], [80.1419672, 12.9529331], [80.1419672, 12.9528874], [80.141761, 12.9527041], [80.1416693, 12.9525212], [80.1415548, 12.9523839], [80.1414861, 12.9524292], [80.1413488, 12.9524743], [80.1413259, 12.9525198], [80.1412343, 12.9525422], [80.1411886, 12.9526105], [80.141097, 12.9526557], [80.1409368, 12.9527007], [80.140662, 12.9527452], [80.1405934, 12.9527905], [80.1405018, 12.9527901], [80.1404331, 12.9528355], [80.1403416, 12.9528579], [80.1397921, 12.9528557], [80.139792, 12.9528328], [80.1396089, 12.9528321], [80.1395402, 12.952809], [80.1394487, 12.9529227], [80.1394029, 12.9529225], [80.1393571, 12.9529907], [80.1393113, 12.9529905], [80.1392427, 12.9530815], [80.1391053, 12.9531266], [80.1390825, 12.9531721], [80.1389909, 12.9532173], [80.1388307, 12.9532623], [80.1386475, 12.9532844], [80.1385788, 12.9533297], [80.1383957, 12.9533518], [80.138327, 12.9533971], [80.1381439, 12.9534192], [80.1380752, 12.9534645], [80.137892, 12.9534866], [80.1378234, 12.9535319], [80.1375487, 12.9535764], [80.13748, 12.9536217], [80.1372053, 12.9536662], [80.1371366, 12.9537116], [80.1368619, 12.953756], [80.1367932, 12.9538014], [80.1366101, 12.9538234], [80.1365414, 12.9538688], [80.1362667, 12.9539133], [80.136198, 12.9539586], [80.1359233, 12.9540031], [80.1358546, 12.9540484], [80.1353052, 12.9541831], [80.1352594, 12.9542285], [80.1351907, 12.9542282], [80.1350992, 12.9542963], [80.1350076, 12.9543187], [80.1350306, 12.9543644], [80.1350307, 12.9546154], [80.1350765, 12.9546155], [80.1350994, 12.9546841], [80.1351452, 12.9547071], [80.1351453, 12.9548211], [80.1351682, 12.9548212], [80.1351683, 12.9549809], [80.1351912, 12.954981], [80.1352371, 12.9552093], [80.1353058, 12.955278], [80.1353059, 12.9554605], [80.1353289, 12.9555519], [80.1353747, 12.9556205], [80.1353748, 12.9557118], [80.1354436, 12.9558489], [80.1354436, 12.9559402], [80.1355353, 12.9562143], [80.1355354, 12.9563284], [80.1355583, 12.9563285], [80.1355584, 12.9565566], [80.1355813, 12.9565567], [80.1355814, 12.9567392], [80.1356043, 12.9567393], [80.1356044, 12.956899], [80.1356273, 12.9568991], [80.1356274, 12.9570131], [80.1356503, 12.9570132], [80.1357191, 12.9572416], [80.1359481, 12.9572426]]]}}, {"type": "Feature", "properties": {"ward": "28", "zone": "2", "zone_name": "PALLAVARAM", "area_km2": 0.684}, "geometry": {"type": "Polygon", "coordinates": [[[80.1322544, 12.944498], [80.1322549, 12.9455017], [80.132232, 12.9455016], [80.1322321, 12.9456613], [80.132255, 12.9456614], [80.1322551, 12.9458211], [80.1322094, 12.9458894], [80.1322097, 12.9463912], [80.1322326, 12.9463913], [80.1322326, 12.9465054], [80.1322555, 12.9465055], [80.1322556, 12.9466196], [80.1322785, 12.9466196], [80.1322786, 12.9467565], [80.1323015, 12.9467566], [80.1323015, 12.9468707], [80.1323703, 12.946985], [80.1323703, 12.9470535], [80.1324162, 12.9471221], [80.1324162, 12.9472133], [80.132485, 12.9473049], [80.1325079, 12.9474647], [80.1325538, 12.9475105], [80.1325538, 12.9475789], [80.1325996, 12.9476247], [80.1327143, 12.9480358], [80.1327602, 12.9480816], [80.1327602, 12.9481729], [80.132829, 12.9482872], [80.1328519, 12.9483786], [80.132852, 12.9485839], [80.1328749, 12.948584], [80.1328752, 12.9489946], [80.1328981, 12.9489947], [80.1328982, 12.9491544], [80.132944, 12.949223], [80.1329441, 12.9493143], [80.1329899, 12.9493601], [80.1329899, 12.9494285], [80.1330357, 12.9494971], [80.1330587, 12.9495885], [80.1330589, 12.9499307], [80.133036, 12.9499306], [80.133059, 12.9500904], [80.1331506, 12.950182], [80.1332194, 12.9503648], [80.1332196, 12.9506385], [80.1333799, 12.9507761], [80.13338, 12.9508217], [80.1334945, 12.9509134], [80.1334946, 12.9510731], [80.133655, 12.9513475], [80.1336551, 12.9514159], [80.1337467, 12.9515532], [80.1337468, 12.9516216], [80.1338843, 12.9518503], [80.1338843, 12.9519188], [80.1339302, 12.9519874], [80.1339302, 12.9520786], [80.133999, 12.9522614], [80.1339991, 12.9523755], [80.1340449, 12.9524669], [80.134045, 12.952581], [80.1340908, 12.9526724], [80.1342055, 12.9529695], [80.1342742, 12.9530154], [80.1343658, 12.9530386], [80.1343887, 12.9531071], [80.1344574, 12.953153], [80.1344575, 12.9531986], [80.1345262, 12.9532445], [80.134572, 12.9533588], [80.1346408, 12.9534047], [80.1346866, 12.9534733], [80.1347325, 12.9536788], [80.1347783, 12.9537246], [80.1349389, 12.9542728], [80.1350076, 12.9543187], [80.1350992, 12.9542963], [80.1351907, 12.9542282], [80.1352594, 12.9542285], [80.1353052, 12.9541831], [80.1358546, 12.9540484], [80.1359233, 12.9540031], [80.136198, 12.9539586], [80.1362667, 12.9539133], [80.1365414, 12.9538688], [80.1366101, 12.9538234], [80.1367932, 12.9538014], [80.1368619, 12.953756], [80.1371366, 12.9537116], [80.1372053, 12.9536662], [80.13748, 12.9536217], [80.1375487, 12.9535764], [80.1378234, 12.9535319], [80.137892, 12.9534866], [80.1380752, 12.9534645], [80.1381439, 12.9534192], [80.138327, 12.9533971], [80.1383957, 12.9533518], [80.1385788, 12.9533297], [80.1386475, 12.9532844], [80.1388307, 12.9532623], [80.1389909, 12.9532173], [80.1390825, 12.9531721], [80.1391053, 12.9531266], [80.1392427, 12.9530815], [80.1393113, 12.9529905], [80.1393571, 12.9529907], [80.1394029, 12.9529225], [80.1394487, 12.9529227], [80.1395402, 12.952809], [80.1396089, 12.9528321], [80.139792, 12.9528328], [80.1397921, 12.9528557], [80.1403416, 12.9528579], [80.1404331, 12.9528355], [80.1405018, 12.9527901], [80.1405934, 12.9527905], [80.140662, 12.9527452], [80.1409368, 12.9527007], [80.141097, 12.9526557], [80.1411886, 12.9526105], [80.1412343, 12.9525422], [80.1413259, 12.9525198], [80.1413488, 12.9524743], [80.1414861, 12.9524292], [80.1415548, 12.9523839], [80.1415547, 12.9522698], [80.1416004, 12.9521103], [80.1417148, 12.9520423], [80.1416689, 12.9518597], [80.1416461, 12.9518596], [80.141646, 12.9517455], [80.1415544, 12.9516995], [80.1414856, 12.951608], [80.1414398, 12.9516078], [80.141394, 12.9515391], [80.1413482, 12.951539], [80.1412795, 12.9514474], [80.1412337, 12.9514472], [80.1411649, 12.9513557], [80.1411191, 12.9513555], [80.1410733, 12.9512869], [80.1410046, 12.951241], [80.140913, 12.9512178], [80.1408443, 12.9511491], [80.1407527, 12.9511487], [80.1405464, 12.9508056], [80.1404777, 12.9507597], [80.1402944, 12.9504396], [80.1402256, 12.9503937], [80.1400881, 12.9501422], [80.1400194, 12.9500963], [80.1399736, 12.9500277], [80.1399277, 12.9498906], [80.1397903, 12.9497988], [80.1397902, 12.9497532], [80.1397215, 12.9497072], [80.1397215, 12.9496616], [80.1396528, 12.9496157], [80.1396069, 12.9495015], [80.1395382, 12.9494556], [80.1394465, 12.9492727], [80.1393778, 12.9492268], [80.1393319, 12.9491125], [80.1392632, 12.9490666], [80.1391715, 12.9488837], [80.1391028, 12.9488378], [80.139057, 12.9487236], [80.1389882, 12.9486777], [80.1389424, 12.9485634], [80.1388737, 12.9485175], [80.138782, 12.9483346], [80.1387133, 12.9482887], [80.1386674, 12.9481745], [80.1385987, 12.9481286], [80.138507, 12.9479457], [80.1384383, 12.9478998], [80.1383924, 12.9477855], [80.1383237, 12.9477396], [80.138232, 12.9475567], [80.1381633, 12.9475108], [80.1381174, 12.9473966], [80.1380487, 12.9473507], [80.137957, 12.9471678], [80.1378883, 12.9471219], [80.1378425, 12.9470076], [80.1377738, 12.9469617], [80.1377279, 12.9468475], [80.1376592, 12.9468016], [80.1376133, 12.9466873], [80.1375446, 12.9466414], [80.1374529, 12.9464585], [80.1373842, 12.9464126], [80.1373383, 12.9462984], [80.1372696, 12.9462524], [80.1371779, 12.9460696], [80.1371092, 12.9460237], [80.1370634, 12.9459094], [80.1369946, 12.9458635], [80.136903, 12.9456806], [80.1368342, 12.9456347], [80.1367884, 12.9455205], [80.1367197, 12.9454746], [80.1366738, 12.9453603], [80.1366051, 12.9453144], [80.1365134, 12.9451315], [80.1364447, 12.9450856], [80.1363988, 12.9449714], [80.1363301, 12.9449254], [80.1362384, 12.9447426], [80.1361697, 12.9446967], [80.1361238, 12.9445824], [80.1360551, 12.9445365], [80.1360093, 12.9444223], [80.1359406, 12.9443763], [80.1358489, 12.9441935], [80.1357801, 12.9441476], [80.1357343, 12.9440333], [80.1356656, 12.9439874], [80.1355739, 12.9438045], [80.1355052, 12.9437586], [80.1354593, 12.9436444], [80.1353906, 12.9435984], [80.1353906, 12.9435528], [80.1353219, 12.9435069], [80.1353218, 12.9434613], [80.1352302, 12.9433925], [80.1352073, 12.9433924], [80.13507, 12.9434374], [80.1349327, 12.9435966], [80.1348869, 12.9435964], [80.1348411, 12.9436646], [80.1347953, 12.9436644], [80.1347038, 12.9437553], [80.1345664, 12.9437547], [80.1344519, 12.9436858], [80.1343832, 12.9436855], [80.1343375, 12.943731], [80.1342688, 12.9437307], [80.1341314, 12.9438214], [80.1340628, 12.9438211], [80.1339941, 12.9438664], [80.1339255, 12.9439802], [80.1338568, 12.9440256], [80.1333532, 12.9442516], [80.1333304, 12.9442971], [80.1330785, 12.9442961], [80.1330785, 12.9442733], [80.132964, 12.9442728], [80.1328724, 12.9442268], [80.1327579, 12.9442263], [80.1327579, 12.9442035], [80.1326434, 12.944203], [80.1326434, 12.9441802], [80.1324602, 12.9441795], [80.1323687, 12.9442703], [80.1322314, 12.9444523], [80.1322544, 12.944498]]]}}, {"type": "Feature", "properties": {"ward": "29", "zone": "1", "zone_name": "PAMMAL", "area_km2": 0.432}, "geometry": {"type": "Polygon", "coordinates": [[[80.1300397, 12.9551879], [80.1300398, 12.9553019], [80.1300627, 12.955302], [80.1300627, 12.9554389], [80.1300856, 12.955439], [80.1300857, 12.9556215], [80.1301086, 12.9556216], [80.1301088, 12.9558269], [80.1301317, 12.955827], [80.1302006, 12.9561923], [80.1302464, 12.9562609], [80.1303382, 12.9566263], [80.130384, 12.9566721], [80.130384, 12.9567405], [80.1305904, 12.9572889], [80.1305905, 12.9573801], [80.1306592, 12.9574717], [80.130751, 12.957723], [80.1309342, 12.957929], [80.131003, 12.957975], [80.1310716, 12.9579752], [80.1311404, 12.958044], [80.131209, 12.9579986], [80.1313006, 12.9579762], [80.1313235, 12.9579307], [80.1314151, 12.957931], [80.1314609, 12.9579768], [80.1315525, 12.9579772], [80.1316212, 12.9580231], [80.1317128, 12.9580235], [80.1317586, 12.9580693], [80.1317587, 12.9582746], [80.1318504, 12.9584119], [80.1318504, 12.9584803], [80.1318962, 12.9585261], [80.1320109, 12.9588232], [80.1321254, 12.9588236], [80.1321253, 12.9588008], [80.1322398, 12.9588013], [80.1322398, 12.9587785], [80.1323772, 12.9587791], [80.1324688, 12.9587566], [80.1325374, 12.9587113], [80.1325374, 12.9586657], [80.1326289, 12.9585976], [80.1326747, 12.9585065], [80.1327205, 12.9585067], [80.1329722, 12.958234], [80.1330637, 12.9582116], [80.1331095, 12.9581433], [80.1332926, 12.9580757], [80.1333155, 12.9580301], [80.1341395, 12.9576457], [80.1342082, 12.9576232], [80.1342997, 12.9575551], [80.1343684, 12.9575554], [80.1344829, 12.9574875], [80.1345974, 12.9574879], [80.1345973, 12.9574651], [80.1347118, 12.9574656], [80.1347118, 12.9574428], [80.1348263, 12.9574432], [80.1348263, 12.9574204], [80.1349408, 12.9574209], [80.1349407, 12.9573981], [80.1350552, 12.9573986], [80.1350552, 12.9573758], [80.1351697, 12.9573762], [80.1351697, 12.9573534], [80.1352842, 12.9573539], [80.1352841, 12.9573311], [80.1353986, 12.9573315], [80.1353986, 12.9573087], [80.135536, 12.9573093], [80.1357191, 12.9572416], [80.1356503, 12.9570132], [80.1356274, 12.9570131], [80.1356273, 12.9568991], [80.1356044, 12.956899], [80.1356043, 12.9567393], [80.1355814, 12.9567392], [80.1355813, 12.9565567], [80.1355584, 12.9565566], [80.1355583, 12.9563285], [80.1355354, 12.9563284], [80.1355353, 12.9562143], [80.1354436, 12.9559402], [80.1354436, 12.9558489], [80.1353748, 12.9557118], [80.1353747, 12.9556205], [80.1353289, 12.9555519], [80.1353059, 12.9554605], [80.1353058, 12.955278], [80.1352371, 12.9552093], [80.1351912, 12.954981], [80.1351683, 12.9549809], [80.1351682, 12.9548212], [80.1351453, 12.9548211], [80.1351452, 12.9547071], [80.1350994, 12.9546841], [80.1350765, 12.9546155], [80.1350307, 12.9546154], [80.1350306, 12.9543644], [80.1350076, 12.9543187], [80.1349389, 12.9542728], [80.1347783, 12.9537246], [80.1347325, 12.9536788], [80.1346866, 12.9534733], [80.1346408, 12.9534047], [80.134572, 12.9533588], [80.1345262, 12.9532445], [80.1344575, 12.9531986], [80.1344574, 12.953153], [80.1343887, 12.9531071], [80.1343658, 12.9530386], [80.1342742, 12.9530154], [80.1342055, 12.9529695], [80.1340908, 12.9526724], [80.134045, 12.952581], [80.1340449, 12.9524669], [80.1339991, 12.9523755], [80.133999, 12.9522614], [80.1339302, 12.9520786], [80.1339302, 12.9519874], [80.1338843, 12.9519188], [80.1338843, 12.9518503], [80.1337468, 12.9516216], [80.1337467, 12.9515532], [80.1336551, 12.9514159], [80.133655, 12.9513475], [80.1334946, 12.9510731], [80.1334945, 12.9509134], [80.13338, 12.9508217], [80.1333799, 12.9507761], [80.1332196, 12.9506385], [80.1332194, 12.9503648], [80.1331506, 12.950182], [80.133059, 12.9500904], [80.133036, 12.9499306], [80.1330589, 12.9499307], [80.1330587, 12.9495885], [80.1330357, 12.9494971], [80.1329899, 12.9494285], [80.1329899, 12.9493601], [80.1329441, 12.9493143], [80.132944, 12.949223], [80.1328982, 12.9491544], [80.1328981, 12.9489947], [80.1328752, 12.9489946], [80.1328749, 12.948584], [80.132852, 12.9485839], [80.1328519, 12.9483786], [80.132829, 12.9482872], [80.1327602, 12.9481729], [80.1327602, 12.9480816], [80.1327143, 12.9480358], [80.1326686, 12.9480813], [80.1323252, 12.9482167], [80.1323024, 12.9482622], [80.1320734, 12.9483525], [80.1320506, 12.9483981], [80.1318217, 12.9484884], [80.1317988, 12.9485339], [80.1316157, 12.9486016], [80.1315928, 12.9486471], [80.1313639, 12.9487374], [80.1311579, 12.9488734], [80.1310892, 12.948896], [80.1309061, 12.9488952], [80.1309061, 12.948918], [80.1307458, 12.9489174], [80.1305626, 12.9488482], [80.1305626, 12.9488025], [80.1304939, 12.9487795], [80.1303106, 12.9485734], [80.1301502, 12.9484815], [80.12999, 12.9484352], [80.1298755, 12.9484347], [80.1298755, 12.9484119], [80.1297152, 12.9484112], [80.1296465, 12.9484794], [80.1293948, 12.948638], [80.1293948, 12.9486837], [80.1293262, 12.9487746], [80.1293491, 12.9488432], [80.1293492, 12.9490713], [80.1293721, 12.9490714], [80.1293951, 12.949254], [80.1294639, 12.9493911], [80.129464, 12.9494824], [80.1295557, 12.9496881], [80.1296016, 12.9499164], [80.1296474, 12.9499622], [80.1296933, 12.9501677], [80.1297391, 12.9502135], [80.1297392, 12.950282], [80.129785, 12.9503278], [80.1298309, 12.9505333], [80.1298767, 12.9505791], [80.1298768, 12.9506475], [80.1299455, 12.9507847], [80.1299456, 12.9508759], [80.1299914, 12.9509674], [80.1299915, 12.9511042], [80.1300144, 12.9511043], [80.1300145, 12.9512412], [80.1300374, 12.9512413], [80.1300375, 12.951401], [80.1300604, 12.9514923], [80.1301062, 12.9515382], [80.1301063, 12.9516066], [80.1301521, 12.9516524], [80.1301521, 12.9517208], [80.130198, 12.9517667], [80.130198, 12.9518351], [80.1302667, 12.9519266], [80.1303584, 12.9519726], [80.1304499, 12.951973], [80.1305416, 12.952019], [80.130656, 12.9520195], [80.130656, 12.9520423], [80.1307934, 12.9520429], [80.1308163, 12.9520886], [80.1309079, 12.9521118], [80.130908, 12.9521574], [80.1309767, 12.9522033], [80.1311829, 12.9523867], [80.1311829, 12.9524323], [80.1312516, 12.9524782], [80.1312516, 12.9525238], [80.1313203, 12.9525697], [80.1313204, 12.9526154], [80.1313891, 12.9526613], [80.1313891, 12.9527069], [80.1314578, 12.9527528], [80.1315037, 12.952867], [80.1315724, 12.952913], [80.1315724, 12.9529586], [80.1316411, 12.9530045], [80.1317328, 12.9531417], [80.1317786, 12.9531419], [80.1319848, 12.9533709], [80.1320306, 12.9533711], [80.1321222, 12.9534399], [80.1321909, 12.9534402], [80.1322138, 12.9535087], [80.1323055, 12.9536004], [80.1323284, 12.9536917], [80.1323971, 12.9537376], [80.132443, 12.9538062], [80.1324889, 12.9540117], [80.1325347, 12.9540575], [80.1325806, 12.954263], [80.1326723, 12.9544003], [80.1326723, 12.9544687], [80.1327182, 12.9545374], [80.1327182, 12.9546286], [80.1327641, 12.9547201], [80.1326725, 12.9548337], [80.1326039, 12.9548791], [80.1324665, 12.9549241], [80.1324437, 12.9549697], [80.1323292, 12.9549692], [80.1323292, 12.954992], [80.132146, 12.9549684], [80.1320544, 12.9548768], [80.1320086, 12.9548766], [80.1319398, 12.9547851], [80.1318482, 12.9547619], [80.1317337, 12.9546245], [80.1316879, 12.9546244], [80.1316191, 12.9545328], [80.1315733, 12.9545326], [80.1312756, 12.9543489], [80.1311382, 12.9543483], [80.1311382, 12.9543712], [80.1310237, 12.9543707], [80.1309322, 12.9543931], [80.1308864, 12.9544386], [80.130543, 12.954574], [80.1305202, 12.9546195], [80.1303828, 12.9546646], [80.1303142, 12.9547099], [80.1302455, 12.9548009], [80.1300624, 12.954937], [80.1299938, 12.9550508], [80.1300397, 12.9551879]]]}}, {"type": "Feature", "properties": {"ward": "30", "zone": "1", "zone_name": "PAMMAL", "area_km2": 0.73}, "geometry": {"type": "Polygon", "coordinates": [[[80.1192065, 12.9494856], [80.1193211, 12.9496686], [80.1193669, 12.9496688], [80.1194127, 12.9497374], [80.1195043, 12.9497606], [80.1195502, 12.9498293], [80.1196647, 12.9498525], [80.1198021, 12.9499215], [80.1198937, 12.9499219], [80.1199853, 12.9499679], [80.1201455, 12.9499686], [80.1201456, 12.9499914], [80.1204203, 12.9499925], [80.1204203, 12.9500153], [80.1206493, 12.9500163], [80.1206493, 12.9500391], [80.1209011, 12.9500401], [80.1209012, 12.950063], [80.1211759, 12.9500641], [80.1211759, 12.9500869], [80.1214278, 12.9500879], [80.1214278, 12.9501108], [80.121611, 12.9501115], [80.1217942, 12.9501807], [80.1219087, 12.9501812], [80.1221835, 12.9502736], [80.1222979, 12.950274], [80.1223896, 12.95032], [80.1225269, 12.9503206], [80.1225269, 12.9503434], [80.1226643, 12.950344], [80.1226643, 12.9503668], [80.1227788, 12.9503673], [80.1227788, 12.9503901], [80.1228933, 12.9503906], [80.1228933, 12.9504134], [80.1230078, 12.9504138], [80.1231223, 12.9504828], [80.123191, 12.950483], [80.1232597, 12.9505518], [80.1233971, 12.9505979], [80.1234201, 12.9506437], [80.1235575, 12.9506899], [80.1238552, 12.9508736], [80.1239239, 12.9508739], [80.1239926, 12.9509198], [80.1240842, 12.9509202], [80.1244964, 12.9510815], [80.124588, 12.9510819], [80.1246567, 12.9511278], [80.124817, 12.9511285], [80.124817, 12.9511513], [80.1251605, 12.9511527], [80.1251605, 12.9511755], [80.1253208, 12.9511762], [80.1253208, 12.951199], [80.1254581, 12.9511996], [80.1254582, 12.9512224], [80.1257101, 12.9513147], [80.125733, 12.9513604], [80.1258246, 12.9513836], [80.1258704, 12.9514522], [80.125962, 12.9514754], [80.1259849, 12.9515211], [80.1261682, 12.9516131], [80.1262369, 12.9517047], [80.1262827, 12.9517049], [80.1263514, 12.9517964], [80.1265118, 12.9519111], [80.1265118, 12.9519567], [80.1266264, 12.9521397], [80.1266264, 12.9522082], [80.1266723, 12.952254], [80.1266723, 12.9523224], [80.126764, 12.9525281], [80.1267869, 12.9526194], [80.126787, 12.9527335], [80.1268099, 12.9527336], [80.12681, 12.9529617], [80.1267871, 12.9529616], [80.1267872, 12.9531213], [80.1267643, 12.9531212], [80.1267187, 12.9533948], [80.126673, 12.953463], [80.126673, 12.9535543], [80.1266273, 12.9536225], [80.1266273, 12.9537138], [80.1265816, 12.953782], [80.1265816, 12.9538733], [80.1264673, 12.9541466], [80.1264673, 12.9542378], [80.1264216, 12.954306], [80.1264217, 12.9544201], [80.1263988, 12.95442], [80.1263988, 12.9545569], [80.126376, 12.9545568], [80.126376, 12.9547165], [80.1264448, 12.954808], [80.1265365, 12.9550593], [80.1265823, 12.9550823], [80.1266053, 12.9551737], [80.1266511, 12.9552423], [80.1272926, 12.9559065], [80.1274071, 12.9559526], [80.1275217, 12.95609], [80.1276132, 12.9560675], [80.1276361, 12.956022], [80.1277506, 12.9559997], [80.1280709, 12.9557044], [80.1281166, 12.9555677], [80.1281624, 12.9555451], [80.1281624, 12.9554767], [80.1282311, 12.9554541], [80.1282539, 12.9554086], [80.1284371, 12.9553409], [80.1284599, 12.9552954], [80.1285286, 12.9552957], [80.1286431, 12.9552277], [80.1288262, 12.9552057], [80.1288949, 12.9551603], [80.1291696, 12.9551158], [80.1292383, 12.9550705], [80.1293298, 12.9550481], [80.1294443, 12.9550485], [80.1294443, 12.9550257], [80.1299022, 12.9550276], [80.1299938, 12.9550508], [80.1300624, 12.954937], [80.1302455, 12.9548009], [80.1303142, 12.9547099], [80.1303828, 12.9546646], [80.1305202, 12.9546195], [80.130543, 12.954574], [80.1308864, 12.9544386], [80.1309322, 12.9543931], [80.1310237, 12.9543707], [80.1311382, 12.9543712], [80.1311382, 12.9543483], [80.1312756, 12.9543489], [80.1315733, 12.9545326], [80.1316191, 12.9545328], [80.1316879, 12.9546244], [80.1317337, 12.9546245], [80.1318482, 12.9547619], [80.1319398, 12.9547851], [80.1320086, 12.9548766], [80.1320544, 12.9548768], [80.132146, 12.9549684], [80.1323292, 12.954992], [80.1323292, 12.9549692], [80.1324437, 12.9549697], [80.1324665, 12.9549241], [80.1326039, 12.9548791], [80.1326725, 12.9548337], [80.1327641, 12.9547201], [80.1327182, 12.9546286], [80.1327182, 12.9545374], [80.1326723, 12.9544687], [80.1326723, 12.9544003], [80.1325806, 12.954263], [80.1325347, 12.9540575], [80.1324889, 12.9540117], [80.132443, 12.9538062], [80.1323971, 12.9537376], [80.1323284, 12.9536917], [80.1323055, 12.9536004], [80.1322138, 12.9535087], [80.1321909, 12.9534402], [80.1321222, 12.9534399], [80.1320306, 12.9533711], [80.1319848, 12.9533709], [80.1317786, 12.9531419], [80.1317328, 12.9531417], [80.1316411, 12.9530045], [80.1315724, 12.9529586], [80.1315724, 12.952913], [80.1315037, 12.952867], [80.1314578, 12.9527528], [80.1313891, 12.9527069], [80.1313891, 12.9526613], [80.1313204, 12.9526154], [80.1313203, 12.9525697], [80.1312516, 12.9525238], [80.1312516, 12.9524782], [80.1311829, 12.9524323], [80.1311829, 12.9523867], [80.1309767, 12.9522033], [80.130908, 12.9521574], [80.1309079, 12.9521118], [80.1308163, 12.9520886], [80.1307934, 12.9520429], [80.130656, 12.9520423], [80.130656, 12.9520195], [80.1305416, 12.952019], [80.1304499, 12.951973], [80.1303584, 12.9519726], [80.1302667, 12.9519266], [80.130198, 12.9518351], [80.130198, 12.9517667], [80.1301521, 12.9517208], [80.1301521, 12.9516524], [80.1301063, 12.9516066], [80.1301062, 12.9515382], [80.1300604, 12.9514923], [80.1300375, 12.951401], [80.1300374, 12.9512413], [80.1300145, 12.9512412], [80.1300144, 12.9511043], [80.1299915, 12.9511042], [80.1299914, 12.9509674], [80.1299456, 12.9508759], [80.1299455, 12.9507847], [80.1298768, 12.9506475], [80.1298767, 12.9505791], [80.1298309, 12.9505333], [80.129785, 12.9503278], [80.1297392, 12.950282], [80.1297391, 12.9502135], [80.1296933, 12.9501677], [80.1296474, 12.9499622], [80.1296016, 12.9499164], [80.1295557, 12.9496881], [80.129464, 12.9494824], [80.1294639, 12.9493911], [80.1293951, 12.949254], [80.1293721, 12.9490714], [80.1293492, 12.9490713], [80.1293491, 12.9488432], [80.1293262, 12.9487746], [80.1293948, 12.9486837], [80.1293948, 12.948638], [80.1296465, 12.9484794], [80.1297152, 12.9484112], [80.1298755, 12.9484119], [80.1298755, 12.9484347], [80.12999, 12.9484352], [80.1301502, 12.9484815], [80.1303106, 12.9485734], [80.1304939, 12.9487795], [80.1305626, 12.9488025], [80.1305626, 12.9488482], [80.1307458, 12.9489174], [80.1309061, 12.948918], [80.1309061, 12.9488952], [80.1310892, 12.948896], [80.1311579, 12.9488734], [80.1313639, 12.9487374], [80.1315928, 12.9486471], [80.1316157, 12.9486016], [80.1317988, 12.9485339], [80.1318217, 12.9484884], [80.1320506, 12.9483981], [80.1320734, 12.9483525], [80.1323024, 12.9482622], [80.1323252, 12.9482167], [80.1326686, 12.9480813], [80.1327143, 12.9480358], [80.1325996, 12.9476247], [80.1325538, 12.9475789], [80.1325538, 12.9475105], [80.1325079, 12.9474647], [80.132485, 12.9473049], [80.1324162, 12.9472133], [80.1324162, 12.9471221], [80.1323703, 12.9470535], [80.1323703, 12.946985], [80.1323015, 12.9468707], [80.1323015, 12.9467566], [80.1322786, 12.9467565], [80.1322785, 12.9466196], [80.1322556, 12.9466196], [80.1322555, 12.9465055], [80.1322326, 12.9465054], [80.1322326, 12.9463913], [80.1322097, 12.9463912], [80.1322094, 12.9458894], [80.1322551, 12.9458211], [80.132255, 12.9456614], [80.1322321, 12.9456613], [80.132232, 12.9455016], [80.1322549, 12.9455017], [80.1322544, 12.944498], [80.1322314, 12.9444523], [80.1321169, 12.9444062], [80.1320024, 12.9444057], [80.1320025, 12.9444285], [80.1318422, 12.9444279], [80.1318422, 12.9444507], [80.1316132, 12.9444497], [80.1316132, 12.9444269], [80.1314987, 12.9444264], [80.1314987, 12.9444036], [80.1313843, 12.9444031], [80.1313842, 12.9443803], [80.1312698, 12.9443799], [80.1312698, 12.9444027], [80.1311553, 12.9444022], [80.1310637, 12.9444475], [80.1309493, 12.944447], [80.1308577, 12.9444922], [80.1307432, 12.9444918], [80.1306517, 12.944537], [80.1305372, 12.9445365], [80.130354, 12.9446042], [80.1302396, 12.9446037], [80.130148, 12.944649], [80.1300335, 12.9446485], [80.129942, 12.9446938], [80.1298275, 12.9446933], [80.1298275, 12.9447161], [80.1296443, 12.9447382], [80.1295986, 12.9447836], [80.1292552, 12.9448734], [80.1292094, 12.9449189], [80.1289347, 12.9449862], [80.1288889, 12.9450316], [80.1287516, 12.9450538], [80.1286143, 12.9451445], [80.128477, 12.9453949], [80.1284084, 12.9454402], [80.1280881, 12.9459636], [80.1280195, 12.9460089], [80.1278136, 12.9462818], [80.1277678, 12.9462816], [80.1276763, 12.9463953], [80.1274932, 12.9465314], [80.1274932, 12.9465771], [80.1274016, 12.9466451], [80.1274017, 12.9466908], [80.1273101, 12.9467588], [80.1273102, 12.9468044], [80.1272186, 12.9468725], [80.1272186, 12.9469181], [80.1271042, 12.9470089], [80.1271042, 12.9470545], [80.1270127, 12.9471226], [80.1270127, 12.9471682], [80.1268983, 12.947259], [80.1268983, 12.9473046], [80.1268068, 12.9473727], [80.1268068, 12.9474183], [80.1266924, 12.9475091], [80.1266924, 12.9475547], [80.1266009, 12.9476228], [80.1266009, 12.9476684], [80.1265093, 12.9477364], [80.1265094, 12.9477821], [80.1264178, 12.9478501], [80.1264178, 12.9478957], [80.1263263, 12.9479638], [80.1263263, 12.9480094], [80.1262577, 12.9480548], [80.1260974, 12.9480769], [80.1260059, 12.9481222], [80.1258914, 12.9481217], [80.1257998, 12.9481669], [80.1256853, 12.9481665], [80.1256853, 12.9481893], [80.1255709, 12.9481888], [80.1254793, 12.9482341], [80.1253648, 12.9482336], [80.1252733, 12.9482788], [80.1251588, 12.9482784], [80.1251588, 12.9483012], [80.1250443, 12.9483007], [80.1249528, 12.9483459], [80.1248383, 12.9483455], [80.1246552, 12.9484132], [80.1245407, 12.9484127], [80.1244491, 12.9484579], [80.1243346, 12.9484575], [80.1242431, 12.9485027], [80.1241286, 12.9485022], [80.124037, 12.9485475], [80.1239226, 12.948547], [80.1239226, 12.9485698], [80.1238081, 12.9485693], [80.1238081, 12.9485922], [80.1236936, 12.9486145], [80.1236021, 12.9486141], [80.1235105, 12.9486594], [80.123396, 12.9486589], [80.1233045, 12.9487041], [80.12319, 12.9487037], [80.1230984, 12.9487489], [80.1229839, 12.9487484], [80.1228924, 12.9487937], [80.1227779, 12.9487932], [80.1226863, 12.9488385], [80.1225719, 12.948838], [80.1225719, 12.9488608], [80.1224574, 12.9488603], [80.1222743, 12.948928], [80.1220911, 12.9489272], [80.1220911, 12.9488816], [80.1220224, 12.9488357], [80.1220223, 12.9487673], [80.1219765, 12.9487443], [80.1219077, 12.9486071], [80.121862, 12.9486297], [80.1217475, 12.9486293], [80.1216788, 12.9486518], [80.1215873, 12.9487199], [80.1215186, 12.9487196], [80.1214728, 12.948765], [80.1213125, 12.9487872], [80.1211752, 12.948855], [80.1210836, 12.9488547], [80.1209463, 12.9489225], [80.1208547, 12.9489221], [80.120786, 12.9489675], [80.1206945, 12.9489671], [80.1205571, 12.949035], [80.1204655, 12.9490346], [80.1203282, 12.9491025], [80.1202366, 12.9491021], [80.1200993, 12.94917], [80.1200077, 12.9491696], [80.119939, 12.9492149], [80.1198474, 12.9492145], [80.1197788, 12.9492599], [80.1196872, 12.9492595], [80.1194812, 12.9493499], [80.1192065, 12.9494172], [80.1192065, 12.9494856]]]}}, {"type": "Feature", "properties": {"ward": "31", "zone": "1", "zone_name": "PAMMAL", "area_km2": 4.595}, "geometry": {"type": "Polygon", "coordinates": [[[80.1015542, 12.9504621], [80.1016, 12.9504851], [80.1016001, 12.9505992], [80.101623, 12.9505993], [80.1016231, 12.9507133], [80.1016002, 12.9507817], [80.1015315, 12.9508498], [80.1014858, 12.9508496], [80.1014171, 12.9509406], [80.1013713, 12.9509632], [80.1011654, 12.9511221], [80.1011655, 12.9513502], [80.1011885, 12.9514415], [80.1012343, 12.9515102], [80.1013031, 12.951807], [80.1013719, 12.9518985], [80.1013719, 12.951967], [80.1014636, 12.9521042], [80.1014636, 12.9521727], [80.1015324, 12.9522642], [80.1015554, 12.9524468], [80.1016012, 12.9525154], [80.1016242, 12.9526068], [80.1016244, 12.952949], [80.1016473, 12.952949], [80.1016702, 12.953086], [80.1017619, 12.9531548], [80.1018992, 12.9531554], [80.1018992, 12.9531326], [80.1023342, 12.9531344], [80.1023343, 12.9531572], [80.1025632, 12.9531581], [80.1026548, 12.9532041], [80.1026549, 12.953341], [80.102632, 12.9533409], [80.1026326, 12.9542991], [80.1026555, 12.9543904], [80.1027014, 12.954459], [80.1027473, 12.954733], [80.1027931, 12.9547788], [80.1028161, 12.9548701], [80.1028161, 12.9549842], [80.102839, 12.9549843], [80.102862, 12.9551212], [80.1030224, 12.9552588], [80.1030453, 12.9553273], [80.103114, 12.9553732], [80.1031141, 12.9554188], [80.1032057, 12.9554877], [80.1032515, 12.9556019], [80.1033202, 12.9556478], [80.1033203, 12.9556934], [80.103389, 12.9557394], [80.103389, 12.955785], [80.1034806, 12.9558538], [80.1034807, 12.9558994], [80.1035723, 12.9559682], [80.1035952, 12.9560368], [80.1036639, 12.9560827], [80.1037098, 12.9561513], [80.1037099, 12.9563566], [80.1037328, 12.9563567], [80.1037327, 12.9562426], [80.1037556, 12.9562427], [80.1037558, 12.9565393], [80.1037329, 12.9565392], [80.103733, 12.9567673], [80.1037559, 12.9567674], [80.103756, 12.9569043], [80.1037789, 12.9569044], [80.103779, 12.9570413], [80.1038019, 12.9570414], [80.1038019, 12.9571554], [80.1038478, 12.9572012], [80.1038478, 12.9573381], [80.1038707, 12.9573382], [80.1038708, 12.9574751], [80.1038937, 12.9574752], [80.1038938, 12.9576121], [80.1039396, 12.9576579], [80.1039397, 12.9577719], [80.1039626, 12.957772], [80.1039627, 12.9579089], [80.1040085, 12.9580003], [80.1040772, 12.9580234], [80.1041002, 12.9581148], [80.1041002, 12.9582517], [80.1041231, 12.9582518], [80.1041461, 12.9584343], [80.104192, 12.958503], [80.1041923, 12.9590733], [80.1042152, 12.9590734], [80.1042149, 12.9586171], [80.1042608, 12.9586629], [80.1042608, 12.9587314], [80.1043066, 12.9588], [80.1043067, 12.9588913], [80.1043983, 12.9590285], [80.1043984, 12.9591426], [80.1044214, 12.9592339], [80.1044901, 12.9593483], [80.1044904, 12.9598729], [80.1045133, 12.959873], [80.1045131, 12.9594396], [80.104536, 12.959531], [80.1046048, 12.9596681], [80.1046048, 12.9597594], [80.1046736, 12.9598737], [80.1046739, 12.9603528], [80.1046968, 12.9603529], [80.1046966, 12.9600335], [80.1047424, 12.9600793], [80.1047424, 12.9601477], [80.1048112, 12.9602393], [80.1048342, 12.9603762], [80.10488, 12.9603992], [80.10488, 12.9605133], [80.1049717, 12.9606506], [80.104972, 12.9611524], [80.1049949, 12.9611982], [80.1049948, 12.9609472], [80.1050177, 12.9609473], [80.1050178, 12.9611298], [80.1050407, 12.9611299], [80.1050407, 12.961244], [80.1050636, 12.9612441], [80.1050637, 12.9613809], [80.1050866, 12.9614495], [80.1051783, 12.9615183], [80.1051554, 12.9615638], [80.1052699, 12.9616099], [80.1053387, 12.9617471], [80.1054074, 12.961793], [80.1054532, 12.9618616], [80.1054533, 12.9619529], [80.1055678, 12.961999], [80.1055678, 12.9620446], [80.1056594, 12.9620906], [80.1059113, 12.9620916], [80.1060028, 12.9620692], [80.1060715, 12.962001], [80.1061172, 12.9618643], [80.1061859, 12.961819], [80.1062316, 12.9616823], [80.1063918, 12.9616374], [80.1064147, 12.9616831], [80.1065063, 12.9616835], [80.1065522, 12.9617293], [80.1067125, 12.9617756], [80.1067354, 12.9618441], [80.106827, 12.9618445], [80.1070102, 12.9619593], [80.1070789, 12.9619596], [80.1070789, 12.962028], [80.1071248, 12.9620738], [80.1071477, 12.9622336], [80.1071936, 12.9622794], [80.1071936, 12.9623479], [80.1072394, 12.9623937], [80.1072395, 12.9625077], [80.1072853, 12.9625307], [80.1073083, 12.9627133], [80.1073541, 12.962782], [80.1073542, 12.9628732], [80.1074, 12.962919], [80.1074459, 12.9630789], [80.107446, 12.963193], [80.1074689, 12.9632843], [80.1075377, 12.9634215], [80.1075378, 12.963718], [80.1075607, 12.9637181], [80.1075606, 12.9635584], [80.1076064, 12.9635586], [80.1076294, 12.9636271], [80.1078357, 12.9640842], [80.1078815, 12.9641072], [80.1080649, 12.9644274], [80.1083168, 12.9644969], [80.1083168, 12.9646109], [80.1083397, 12.964611], [80.1083397, 12.964497], [80.1084313, 12.964543], [80.1085229, 12.9645433], [80.1085458, 12.9645891], [80.1087977, 12.9646585], [80.1088206, 12.9647499], [80.1088206, 12.9646358], [80.1088435, 12.9646587], [80.1090037, 12.9646594], [80.1090038, 12.9646822], [80.1091182, 12.9646827], [80.1090954, 12.9648423], [80.1091641, 12.9648425], [80.1091869, 12.9647058], [80.1093472, 12.964752], [80.1093702, 12.964889], [80.1094389, 12.9648893], [80.1094389, 12.9648209], [80.1094846, 12.9647982], [80.1095076, 12.964844], [80.1097595, 12.9650047], [80.1097596, 12.9651872], [80.1097825, 12.9651873], [80.1097824, 12.9650276], [80.1098282, 12.9650278], [80.1098741, 12.9650964], [80.1099428, 12.9651195], [80.1099428, 12.9652336], [80.1099657, 12.9651652], [80.1100115, 12.9651654], [80.1100573, 12.965234], [80.1102405, 12.9653489], [80.1102406, 12.9654629], [80.1102635, 12.965463], [80.1102634, 12.965349], [80.1103551, 12.9654406], [80.1104467, 12.9654638], [80.1104467, 12.9655322], [80.1104925, 12.9656008], [80.110607, 12.9656469], [80.1106987, 12.9657614], [80.1107445, 12.9657616], [80.1108132, 12.9658531], [80.110859, 12.9658533], [80.1110423, 12.9660594], [80.1110881, 12.9660595], [80.1111339, 12.9661282], [80.1112026, 12.9661285], [80.1112714, 12.96622], [80.1113172, 12.9662202], [80.111363, 12.9662888], [80.1113631, 12.9664029], [80.1113859, 12.9663117], [80.1115004, 12.9663578], [80.1115462, 12.9664264], [80.111615, 12.9664723], [80.1117066, 12.9664955], [80.1117753, 12.9665871], [80.111844, 12.9666102], [80.1118441, 12.9667699], [80.111867, 12.9667699], [80.1118669, 12.9666559], [80.1119585, 12.9667019], [80.1120044, 12.9667705], [80.1120502, 12.9667707], [80.112096, 12.9668393], [80.1121418, 12.9668395], [80.1121419, 12.9669764], [80.1121648, 12.9669765], [80.1121647, 12.9668624], [80.1122563, 12.9669084], [80.1124166, 12.9669319], [80.112577, 12.9672291], [80.1126228, 12.9672293], [80.1126229, 12.9672978], [80.1126686, 12.9672523], [80.1128289, 12.967253], [80.1128976, 12.9672761], [80.1133097, 12.9672778], [80.1133556, 12.9673236], [80.1135846, 12.967393], [80.1135846, 12.967507], [80.1136075, 12.9675071], [80.1136075, 12.9673931], [80.1137907, 12.9674851], [80.1139052, 12.9675084], [80.113951, 12.9675542], [80.1141342, 12.9676006], [80.1142715, 12.9675099], [80.1144774, 12.9672826], [80.1145461, 12.9672829], [80.1146606, 12.9672149], [80.1148208, 12.9672156], [80.1148208, 12.9671928], [80.1150727, 12.9671938], [80.1151643, 12.9671714], [80.1152329, 12.967126], [80.1153016, 12.9671263], [80.1154389, 12.9670356], [80.1155076, 12.9670359], [80.1155992, 12.9669907], [80.115622, 12.9669451], [80.1159425, 12.9668096], [80.1159425, 12.9667868], [80.116057, 12.9667873], [80.116057, 12.9667644], [80.1162859, 12.9667654], [80.1164462, 12.9667204], [80.1164919, 12.966675], [80.1166293, 12.9666527], [80.1166522, 12.9666072], [80.1167437, 12.9665848], [80.1168124, 12.9665394], [80.1168582, 12.9664712], [80.1169039, 12.9664714], [80.1169497, 12.9664031], [80.1169955, 12.9664033], [80.1172243, 12.9661533], [80.1172701, 12.9661535], [80.1173616, 12.9660398], [80.1174074, 12.96604], [80.117476, 12.9659491], [80.1175218, 12.9659492], [80.1175676, 12.965881], [80.1176363, 12.9658357], [80.1177278, 12.9658132], [80.1177507, 12.9657677], [80.1178423, 12.9657453], [80.1178651, 12.9656997], [80.1181856, 12.965587], [80.1182772, 12.9655646], [80.1183458, 12.9655192], [80.1184145, 12.9655195], [80.1185061, 12.9654514], [80.1185519, 12.9654516], [80.1185976, 12.9653834], [80.1186434, 12.9653836], [80.1186892, 12.9653153], [80.118735, 12.9653155], [80.118918, 12.965111], [80.1189638, 12.9651111], [80.1190096, 12.9650429], [80.1191927, 12.9649752], [80.1192155, 12.9649297], [80.1193071, 12.9649072], [80.11933, 12.9648617], [80.1194216, 12.9648393], [80.1194902, 12.9647939], [80.1199936, 12.9642713], [80.1200852, 12.9642489], [80.1200852, 12.9641805], [80.1202454, 12.9640899], [80.1202911, 12.9639988], [80.1203598, 12.9639307], [80.1204285, 12.9639309], [80.120726, 12.9637269], [80.1207718, 12.963727], [80.1208404, 12.9636361], [80.1208862, 12.9636363], [80.121504, 12.9630001], [80.1217329, 12.9629098], [80.1217558, 12.9628642], [80.1218474, 12.9628418], [80.1218702, 12.9627963], [80.1219618, 12.9627738], [80.1220076, 12.9627056], [80.1220534, 12.9627058], [80.1222364, 12.9625012], [80.1222822, 12.9625014], [80.1224195, 12.9623423], [80.1227171, 12.9622751], [80.1227171, 12.9622523], [80.1228774, 12.9622529], [80.1228773, 12.9622301], [80.1230147, 12.9622307], [80.1230147, 12.9622079], [80.1231979, 12.9622086], [80.1232894, 12.9620721], [80.1235869, 12.9617996], [80.1239073, 12.9616641], [80.1239302, 12.9616185], [80.1240218, 12.9615961], [80.1240446, 12.9615506], [80.1241362, 12.9615281], [80.1241591, 12.9614826], [80.1244567, 12.9613926], [80.1245024, 12.9613472], [80.1249374, 12.9612349], [80.1251434, 12.9611445], [80.125235, 12.9611449], [80.1255784, 12.9610094], [80.1256471, 12.9610097], [80.125853, 12.9608737], [80.1261048, 12.9607835], [80.1261735, 12.9607153], [80.1265169, 12.9607167], [80.1265399, 12.9607624], [80.1266314, 12.9607628], [80.126723, 12.9606491], [80.1268603, 12.9606269], [80.1268603, 12.9606041], [80.1270206, 12.9606047], [80.1270206, 12.9605819], [80.1271579, 12.9605825], [80.1271579, 12.9605597], [80.1273411, 12.9605604], [80.1273411, 12.9605376], [80.1274785, 12.9605382], [80.1274784, 12.9605154], [80.1276387, 12.960516], [80.1276387, 12.9604932], [80.1278219, 12.960494], [80.1278219, 12.9604712], [80.1279592, 12.9604717], [80.1279592, 12.9604489], [80.1281195, 12.9604496], [80.1281195, 12.9604268], [80.1282569, 12.9604274], [80.1282568, 12.9604045], [80.12844, 12.9604053], [80.12844, 12.9603825], [80.1285545, 12.960383], [80.1295618, 12.9601134], [80.1296762, 12.9601138], [80.129722, 12.9600684], [80.1297907, 12.9600687], [80.1298822, 12.9600234], [80.1299509, 12.9599553], [80.1300196, 12.9599556], [80.1300425, 12.95991], [80.1301798, 12.959865], [80.13034, 12.9597288], [80.130546, 12.9596612], [80.1306833, 12.9595705], [80.131187, 12.9594357], [80.1312327, 12.9593903], [80.1313701, 12.959368], [80.1316219, 12.9592094], [80.1316677, 12.9592096], [80.1317592, 12.9590959], [80.1318507, 12.9590506], [80.1318507, 12.959005], [80.1319423, 12.958937], [80.1319422, 12.9588913], [80.1320109, 12.9588232], [80.1318962, 12.9585261], [80.1318504, 12.9584803], [80.1318504, 12.9584119], [80.1317587, 12.9582746], [80.1317586, 12.9580693], [80.1317128, 12.9580235], [80.1316212, 12.9580231], [80.1315525, 12.9579772], [80.1314609, 12.9579768], [80.1314151, 12.957931], [80.1313235, 12.9579307], [80.1313006, 12.9579762], [80.131209, 12.9579986], [80.1311404, 12.958044], [80.1310716, 12.9579752], [80.131003, 12.957975], [80.1309342, 12.957929], [80.130751, 12.957723], [80.1306592, 12.9574717], [80.1305905, 12.9573801], [80.1305904, 12.9572889], [80.130384, 12.9567405], [80.130384, 12.9566721], [80.1303382, 12.9566263], [80.1302464, 12.9562609], [80.1302006, 12.9561923], [80.1301317, 12.955827], [80.1301088, 12.9558269], [80.1301086, 12.9556216], [80.1300857, 12.9556215], [80.1300856, 12.955439], [80.1300627, 12.9554389], [80.1300627, 12.955302], [80.1300398, 12.9553019], [80.1300397, 12.9551879], [80.1299938, 12.9550508], [80.1299022, 12.9550276], [80.1294443, 12.9550257], [80.1294443, 12.9550485], [80.1293298, 12.9550481], [80.1292383, 12.9550705], [80.1291696, 12.9551158], [80.1288949, 12.9551603], [80.1288262, 12.9552057], [80.1286431, 12.9552277], [80.1285286, 12.9552957], [80.1284599, 12.9552954], [80.1284371, 12.9553409], [80.1282539, 12.9554086], [80.1282311, 12.9554541], [80.1281624, 12.9554767], [80.1281624, 12.9555451], [80.1281166, 12.9555677], [80.1280709, 12.9557044], [80.1277506, 12.9559997], [80.1276361, 12.956022], [80.1276132, 12.9560675], [80.1275217, 12.95609], [80.1274071, 12.9559526], [80.1272926, 12.9559065], [80.1266511, 12.9552423], [80.1266053, 12.9551737], [80.1265823, 12.9550823], [80.1265365, 12.9550593], [80.1264448, 12.954808], [80.126376, 12.9547165], [80.126376, 12.9545568], [80.1263988, 12.9545569], [80.1263988, 12.95442], [80.1264217, 12.9544201], [80.1264216, 12.954306], [80.1264673, 12.9542378], [80.1264673, 12.9541466], [80.1265816, 12.9538733], [80.1265816, 12.953782], [80.1266273, 12.9537138], [80.1266273, 12.9536225], [80.126673, 12.9535543], [80.126673, 12.953463], [80.1267187, 12.9533948], [80.1267643, 12.9531212], [80.1267872, 12.9531213], [80.1267871, 12.9529616], [80.12681, 12.9529617], [80.1268099, 12.9527336], [80.126787, 12.9527335], [80.1267869, 12.9526194], [80.126764, 12.9525281], [80.1266723, 12.9523224], [80.1266723, 12.952254], [80.1266264, 12.9522082], [80.1266264, 12.9521397], [80.1265118, 12.9519567], [80.1265118, 12.9519111], [80.1263514, 12.9517964], [80.1262827, 12.9517049], [80.1262369, 12.9517047], [80.1261682, 12.9516131], [80.1259849, 12.9515211], [80.125962, 12.9514754], [80.1258704, 12.9514522], [80.1258246, 12.9513836], [80.125733, 12.9513604], [80.1257101, 12.9513147], [80.1254582, 12.9512224], [80.1254581, 12.9511996], [80.1253208, 12.951199], [80.1253208, 12.9511762], [80.1251605, 12.9511755], [80.1251605, 12.9511527], [80.124817, 12.9511513], [80.124817, 12.9511285], [80.1246567, 12.9511278], [80.124588, 12.9510819], [80.1244964, 12.9510815], [80.1240842, 12.9509202], [80.1239926, 12.9509198], [80.1239239, 12.9508739], [80.1238552, 12.9508736], [80.1235575, 12.9506899], [80.1234201, 12.9506437], [80.1233971, 12.9505979], [80.1232597, 12.9505518], [80.123191, 12.950483], [80.1231223, 12.9504828], [80.1230078, 12.9504138], [80.1228933, 12.9504134], [80.1228933, 12.9503906], [80.1227788, 12.9503901], [80.1227788, 12.9503673], [80.1226643, 12.9503668], [80.1226643, 12.950344], [80.1225269, 12.9503434], [80.1225269, 12.9503206], [80.1223896, 12.95032], [80.1222979, 12.950274], [80.1221835, 12.9502736], [80.1219087, 12.9501812], [80.1217942, 12.9501807], [80.121611, 12.9501115], [80.1214278, 12.9501108], [80.1214278, 12.9500879], [80.1211759, 12.9500869], [80.1211759, 12.9500641], [80.1209012, 12.950063], [80.1209011, 12.9500401], [80.1206493, 12.9500391], [80.1206493, 12.9500163], [80.1204203, 12.9500153], [80.1204203, 12.9499925], [80.1201456, 12.9499914], [80.1201455, 12.9499686], [80.1199853, 12.9499679], [80.1198937, 12.9499219], [80.1198021, 12.9499215], [80.1196647, 12.9498525], [80.1195502, 12.9498293], [80.1195043, 12.9497606], [80.1194127, 12.9497374], [80.1193669, 12.9496688], [80.1193211, 12.9496686], [80.1192065, 12.9494856], [80.1192065, 12.9494172], [80.119092, 12.9494395], [80.1190462, 12.949485], [80.1189547, 12.9494846], [80.1188173, 12.9495525], [80.1187257, 12.9495521], [80.1185884, 12.94962], [80.1184968, 12.9496196], [80.1183595, 12.9496875], [80.1182679, 12.9496871], [80.1181306, 12.949755], [80.118039, 12.9497546], [80.1179016, 12.9498224], [80.1178101, 12.9498221], [80.1176727, 12.9498899], [80.1175811, 12.9498896], [80.1175125, 12.9499349], [80.1173522, 12.9499342], [80.1173522, 12.949957], [80.1172148, 12.9499565], [80.1172148, 12.9499793], [80.1171004, 12.9499788], [80.1170317, 12.950047], [80.1169859, 12.950024], [80.1168028, 12.950046], [80.1167112, 12.9501369], [80.1166426, 12.9501594], [80.1164823, 12.9501588], [80.1164136, 12.9501813], [80.1163448, 12.9500441], [80.1163448, 12.9499301], [80.1163219, 12.94993], [80.1163217, 12.9495878], [80.1162987, 12.9494964], [80.11623, 12.9493593], [80.1161613, 12.9493362], [80.1159094, 12.9493352], [80.1159094, 12.949358], [80.115772, 12.9493574], [80.115772, 12.9493802], [80.1154972, 12.949265], [80.1154743, 12.9492193], [80.1152453, 12.9490815], [80.1152223, 12.9489673], [80.1151535, 12.9488302], [80.1151535, 12.9487389], [80.115245, 12.948648], [80.115245, 12.9486024], [80.1153136, 12.9485571], [80.1153136, 12.9485114], [80.1153823, 12.9484661], [80.1153822, 12.9484205], [80.1154509, 12.9483751], [80.1154966, 12.9482613], [80.1155653, 12.9482159], [80.1155653, 12.9481703], [80.1156339, 12.9481021], [80.1156339, 12.9479881], [80.115611, 12.947988], [80.1155651, 12.9478509], [80.1155193, 12.9478279], [80.1154963, 12.9477366], [80.1154276, 12.9476907], [80.1153818, 12.947622], [80.1153359, 12.947485], [80.1152901, 12.947462], [80.1152672, 12.9473706], [80.1151297, 12.9472104], [80.1151067, 12.947119], [80.1150609, 12.947096], [80.1149922, 12.9469589], [80.1148777, 12.9469584], [80.1148777, 12.9469356], [80.1147174, 12.9469349], [80.1147174, 12.9469121], [80.1145113, 12.9469113], [80.1145113, 12.9468885], [80.1143281, 12.9468877], [80.1143281, 12.9468649], [80.114145, 12.9468641], [80.1141449, 12.9468413], [80.1139847, 12.9468407], [80.1139847, 12.9468178], [80.1138015, 12.9468171], [80.1138015, 12.9467943], [80.1136183, 12.9467935], [80.1136183, 12.9467707], [80.1133206, 12.9467695], [80.1133207, 12.9467923], [80.1131604, 12.9467916], [80.1131604, 12.9468144], [80.1130459, 12.946814], [80.1130459, 12.9468368], [80.1128628, 12.946836], [80.1128628, 12.9468588], [80.1126796, 12.9468581], [80.1126109, 12.9468806], [80.1125194, 12.9469487], [80.1124507, 12.9469484], [80.1124049, 12.9469938], [80.1118325, 12.9469915], [80.1118325, 12.9469686], [80.1115807, 12.9469676], [80.1115806, 12.9469448], [80.1113288, 12.9469437], [80.1113288, 12.9469209], [80.1111914, 12.9469204], [80.1111456, 12.9468974], [80.1111227, 12.9468288], [80.1110768, 12.9468058], [80.111031, 12.9467144], [80.1104357, 12.9467119], [80.1103899, 12.9466661], [80.1100693, 12.9466648], [80.1100693, 12.9466876], [80.1098862, 12.9466869], [80.1098862, 12.9467097], [80.1096801, 12.9467088], [80.1096801, 12.9467316], [80.1094741, 12.9467308], [80.1094741, 12.9467536], [80.1093596, 12.9467531], [80.1093596, 12.9467759], [80.1092222, 12.9467754], [80.1092223, 12.9467982], [80.1091078, 12.9467977], [80.1091078, 12.9468205], [80.1089933, 12.94682], [80.1089933, 12.9468429], [80.1088788, 12.9468424], [80.1088789, 12.9468652], [80.1087644, 12.9468647], [80.1087644, 12.9468875], [80.1086499, 12.9468871], [80.1086499, 12.9469099], [80.1085354, 12.9469094], [80.1085355, 12.9469322], [80.108421, 12.9469317], [80.108421, 12.9469546], [80.1082836, 12.946954], [80.1082836, 12.9469768], [80.1081691, 12.9469763], [80.1081692, 12.9469991], [80.1080318, 12.9469986], [80.1080318, 12.9470214], [80.1079173, 12.9470209], [80.1079173, 12.9470437], [80.1077799, 12.9470432], [80.10778, 12.947066], [80.1075968, 12.9470652], [80.1075281, 12.9470193], [80.1074136, 12.9470188], [80.1074136, 12.946996], [80.1072533, 12.9469954], [80.1072533, 12.9469725], [80.107093, 12.9469719], [80.107093, 12.9469491], [80.1068869, 12.9469482], [80.106887, 12.946971], [80.1067725, 12.9469706], [80.1067725, 12.9469934], [80.106658, 12.9469929], [80.106658, 12.9470157], [80.1065435, 12.9470152], [80.1065436, 12.947038], [80.1064062, 12.9470375], [80.1064062, 12.9470603], [80.106223, 12.9470823], [80.1061544, 12.9471277], [80.1061315, 12.9472188], [80.10604, 12.9473097], [80.1059943, 12.9474464], [80.1059028, 12.9475373], [80.10588, 12.9476969], [80.1058113, 12.9477878], [80.1057198, 12.94797], [80.1055825, 12.948015], [80.1054451, 12.9480144], [80.1054451, 12.9480373], [80.1053307, 12.9480368], [80.1053307, 12.9480596], [80.1052162, 12.9480591], [80.1051246, 12.9481044], [80.1050101, 12.9481039], [80.1050102, 12.9481267], [80.1048957, 12.9481262], [80.1048041, 12.9481715], [80.1046896, 12.948171], [80.1043234, 12.9482836], [80.1043005, 12.9483291], [80.1041174, 12.9484196], [80.1040716, 12.9484878], [80.1040258, 12.9484876], [80.1036597, 12.9487599], [80.1035681, 12.9487823], [80.1035452, 12.9488278], [80.1026068, 12.9494171], [80.1025611, 12.9494853], [80.1024695, 12.9495078], [80.1024466, 12.9495533], [80.1018515, 12.9499158], [80.1016227, 12.9501202], [80.1015313, 12.950348], [80.1015542, 12.9504621]]]}}, {"type": "Feature", "properties": {"ward": "32", "zone": "4", "zone_name": "PERUNGALATHUR", "area_km2": 2.523}, "geometry": {"type": "Polygon", "coordinates": [[[80.0994459, 12.9471684], [80.0994916, 12.9471686], [80.0995375, 12.94726], [80.0996063, 12.9474656], [80.099675, 12.9475116], [80.0997209, 12.9476258], [80.0997896, 12.9476489], [80.0997896, 12.9477173], [80.0998583, 12.9477404], [80.0998584, 12.9478089], [80.0999271, 12.947832], [80.0999271, 12.9479004], [80.0999958, 12.9479235], [80.0999958, 12.9479919], [80.1000645, 12.948015], [80.1000646, 12.9480835], [80.1001333, 12.9481294], [80.1001333, 12.948175], [80.100202, 12.9482209], [80.1002021, 12.9482665], [80.1002708, 12.9483124], [80.1002708, 12.9483581], [80.1003395, 12.948404], [80.1003395, 12.9484496], [80.1004083, 12.9484955], [80.1004084, 12.9487236], [80.1004313, 12.9487237], [80.1004315, 12.9490431], [80.1004544, 12.9490432], [80.1004546, 12.9493626], [80.1004775, 12.9493627], [80.1004775, 12.9494767], [80.1005463, 12.9495683], [80.1006151, 12.9497739], [80.1006609, 12.9497969], [80.1006609, 12.9498881], [80.1007068, 12.9499796], [80.1007526, 12.9500026], [80.1007526, 12.9500938], [80.1007985, 12.9501852], [80.1008443, 12.9502082], [80.1009131, 12.9504367], [80.1010048, 12.9505511], [80.1010506, 12.9505741], [80.1012337, 12.950552], [80.1013024, 12.9504839], [80.1015313, 12.950348], [80.1016227, 12.9501202], [80.1018515, 12.9499158], [80.1024466, 12.9495533], [80.1024695, 12.9495078], [80.1025611, 12.9494853], [80.1026068, 12.9494171], [80.1035452, 12.9488278], [80.1035681, 12.9487823], [80.1036597, 12.9487599], [80.1040258, 12.9484876], [80.1040716, 12.9484878], [80.1041174, 12.9484196], [80.1043005, 12.9483291], [80.1043234, 12.9482836], [80.1046896, 12.948171], [80.1048041, 12.9481715], [80.1048957, 12.9481262], [80.1050102, 12.9481267], [80.1050101, 12.9481039], [80.1051246, 12.9481044], [80.1052162, 12.9480591], [80.1053307, 12.9480596], [80.1053307, 12.9480368], [80.1054451, 12.9480373], [80.1054451, 12.9480144], [80.1055825, 12.948015], [80.1057198, 12.94797], [80.1058113, 12.9477878], [80.10588, 12.9476969], [80.1059028, 12.9475373], [80.1059943, 12.9474464], [80.10604, 12.9473097], [80.1061315, 12.9472188], [80.1061544, 12.9471277], [80.106223, 12.9470823], [80.1064062, 12.9470603], [80.1064062, 12.9470375], [80.1065436, 12.947038], [80.1065435, 12.9470152], [80.106658, 12.9470157], [80.106658, 12.9469929], [80.1067725, 12.9469934], [80.1067725, 12.9469706], [80.106887, 12.946971], [80.1068869, 12.9469482], [80.107093, 12.9469491], [80.107093, 12.9469719], [80.1072533, 12.9469725], [80.1072533, 12.9469954], [80.1074136, 12.946996], [80.1074136, 12.9470188], [80.1075281, 12.9470193], [80.1075968, 12.9470652], [80.10778, 12.947066], [80.1077799, 12.9470432], [80.1079173, 12.9470437], [80.1079173, 12.9470209], [80.1080318, 12.9470214], [80.1080318, 12.9469986], [80.1081692, 12.9469991], [80.1081691, 12.9469763], [80.1082836, 12.9469768], [80.1082836, 12.946954], [80.108421, 12.9469546], [80.108421, 12.9469317], [80.1085355, 12.9469322], [80.1085354, 12.9469094], [80.1086499, 12.9469099], [80.1086499, 12.9468871], [80.1087644, 12.9468875], [80.1087644, 12.9468647], [80.1088789, 12.9468652], [80.1088788, 12.9468424], [80.1089933, 12.9468429], [80.1089933, 12.94682], [80.1091078, 12.9468205], [80.1091078, 12.9467977], [80.1092223, 12.9467982], [80.1092222, 12.9467754], [80.1093596, 12.9467759], [80.1093596, 12.9467531], [80.1094741, 12.9467536], [80.1094741, 12.9467308], [80.1096801, 12.9467316], [80.1096801, 12.9467088], [80.1098862, 12.9467097], [80.1098862, 12.9466869], [80.1100693, 12.9466876], [80.1100693, 12.9466648], [80.1103899, 12.9466661], [80.1104357, 12.9467119], [80.111031, 12.9467144], [80.1110768, 12.9468058], [80.1111227, 12.9468288], [80.1111456, 12.9468974], [80.1111914, 12.9469204], [80.1113288, 12.9469209], [80.1113288, 12.9469437], [80.1115806, 12.9469448], [80.1115807, 12.9469676], [80.1118325, 12.9469686], [80.1118325, 12.9469915], [80.1124049, 12.9469938], [80.1124507, 12.9469484], [80.1125194, 12.9469487], [80.1126109, 12.9468806], [80.1126796, 12.9468581], [80.1128628, 12.9468588], [80.1128628, 12.946836], [80.1130459, 12.9468368], [80.1130459, 12.946814], [80.1131604, 12.9468144], [80.1131604, 12.9467916], [80.1133207, 12.9467923], [80.1133206, 12.9467695], [80.1136183, 12.9467707], [80.1136183, 12.9467935], [80.1138015, 12.9467943], [80.1138015, 12.9468171], [80.1139847, 12.9468178], [80.1139847, 12.9468407], [80.1141449, 12.9468413], [80.114145, 12.9468641], [80.1143281, 12.9468649], [80.1143281, 12.9468877], [80.1145113, 12.9468885], [80.1145113, 12.9469113], [80.1147174, 12.9469121], [80.1147174, 12.9469349], [80.1148777, 12.9469356], [80.1148777, 12.9469584], [80.1149922, 12.9469589], [80.1150609, 12.947096], [80.1151067, 12.947119], [80.1151297, 12.9472104], [80.1152672, 12.9473706], [80.1152901, 12.947462], [80.1153359, 12.947485], [80.1153818, 12.947622], [80.1154276, 12.9476907], [80.1154963, 12.9477366], [80.1155193, 12.9478279], [80.1155651, 12.9478509], [80.115611, 12.947988], [80.1156339, 12.9479881], [80.1156339, 12.9481021], [80.1155653, 12.9481703], [80.1155653, 12.9482159], [80.1154966, 12.9482613], [80.1154509, 12.9483751], [80.1153822, 12.9484205], [80.1153823, 12.9484661], [80.1153136, 12.9485114], [80.1153136, 12.9485571], [80.115245, 12.9486024], [80.115245, 12.948648], [80.1151535, 12.9487389], [80.1151535, 12.9488302], [80.1152223, 12.9489673], [80.1152453, 12.9490815], [80.1154743, 12.9492193], [80.1154972, 12.949265], [80.115772, 12.9493802], [80.115772, 12.9493574], [80.1159094, 12.949358], [80.1159094, 12.9493352], [80.1161613, 12.9493362], [80.11623, 12.9493593], [80.1162987, 12.9494964], [80.1163217, 12.9495878], [80.1163219, 12.94993], [80.1163448, 12.9499301], [80.1163448, 12.9500441], [80.1164136, 12.9501813], [80.1164823, 12.9501588], [80.1166426, 12.9501594], [80.1167112, 12.9501369], [80.1168028, 12.950046], [80.1169859, 12.950024], [80.1170317, 12.950047], [80.1171004, 12.9499788], [80.1172148, 12.9499793], [80.1172148, 12.9499565], [80.1173522, 12.949957], [80.1173522, 12.9499342], [80.1175125, 12.9499349], [80.1175811, 12.9498896], [80.1176727, 12.9498899], [80.1178101, 12.9498221], [80.1179016, 12.9498224], [80.118039, 12.9497546], [80.1181306, 12.949755], [80.1182679, 12.9496871], [80.1183595, 12.9496875], [80.1184968, 12.9496196], [80.1185884, 12.94962], [80.1187257, 12.9495521], [80.1188173, 12.9495525], [80.1189547, 12.9494846], [80.1190462, 12.949485], [80.119092, 12.9494395], [80.1192065, 12.9494172], [80.1194812, 12.9493499], [80.1196872, 12.9492595], [80.1197788, 12.9492599], [80.1198474, 12.9492145], [80.119939, 12.9492149], [80.1200077, 12.9491696], [80.1200993, 12.94917], [80.1202366, 12.9491021], [80.1203282, 12.9491025], [80.1204655, 12.9490346], [80.1205571, 12.949035], [80.1206945, 12.9489671], [80.120786, 12.9489675], [80.1208547, 12.9489221], [80.1209463, 12.9489225], [80.1210836, 12.9488547], [80.1211752, 12.948855], [80.1213125, 12.9487872], [80.1214728, 12.948765], [80.1215186, 12.9487196], [80.1215873, 12.9487199], [80.1216788, 12.9486518], [80.1217475, 12.9486293], [80.121862, 12.9486297], [80.1219077, 12.9486071], [80.1219765, 12.9487443], [80.1220223, 12.9487673], [80.1220224, 12.9488357], [80.1220911, 12.9488816], [80.1220911, 12.9489272], [80.1222743, 12.948928], [80.1224574, 12.9488603], [80.1225719, 12.9488608], [80.1225719, 12.948838], [80.1226863, 12.9488385], [80.1227779, 12.9487932], [80.1228924, 12.9487937], [80.1229839, 12.9487484], [80.1230984, 12.9487489], [80.12319, 12.9487037], [80.1233045, 12.9487041], [80.123396, 12.9486589], [80.1235105, 12.9486594], [80.1236021, 12.9486141], [80.1236936, 12.9486145], [80.1236707, 12.948546], [80.1236706, 12.9484319], [80.1236477, 12.9483406], [80.1235789, 12.948249], [80.1235789, 12.9481806], [80.1235102, 12.9480891], [80.1235101, 12.9480206], [80.1234414, 12.9479291], [80.1234413, 12.9478606], [80.1233726, 12.9477691], [80.1233726, 12.9477007], [80.1233038, 12.9476091], [80.1233038, 12.9475407], [80.123235, 12.9474492], [80.123235, 12.9473807], [80.1231433, 12.9472435], [80.1231433, 12.947175], [80.1230745, 12.9470835], [80.1230745, 12.9470151], [80.1230058, 12.9469235], [80.1230057, 12.9468551], [80.122937, 12.9467636], [80.1229369, 12.9466951], [80.1228682, 12.9466036], [80.1228682, 12.9465352], [80.1227994, 12.9464436], [80.1227994, 12.9463752], [80.1227306, 12.9462837], [80.1227306, 12.9462152], [80.1226619, 12.9461237], [80.1226618, 12.9460552], [80.1225702, 12.945918], [80.1225701, 12.9458496], [80.1224784, 12.9457123], [80.1224784, 12.9456439], [80.1223867, 12.9455066], [80.1223867, 12.9454382], [80.122295, 12.9453009], [80.122295, 12.9452325], [80.1222033, 12.9450952], [80.1222033, 12.9450268], [80.1221116, 12.9448895], [80.1221116, 12.9448211], [80.1220199, 12.9446838], [80.1220199, 12.9446154], [80.1219282, 12.9444782], [80.1219282, 12.9444097], [80.1218365, 12.9442725], [80.1218365, 12.944204], [80.1217448, 12.9440668], [80.1217448, 12.9439983], [80.1216531, 12.9438611], [80.1216531, 12.9437927], [80.1215843, 12.9437011], [80.1215843, 12.9436327], [80.1214697, 12.9434497], [80.1214697, 12.9433813], [80.121378, 12.943244], [80.121378, 12.9431756], [80.1212863, 12.9430383], [80.1212862, 12.9429699], [80.1211946, 12.9428326], [80.1211945, 12.9427642], [80.1211029, 12.9426269], [80.1211028, 12.9425585], [80.1210112, 12.9424213], [80.1210111, 12.9423528], [80.1209424, 12.9422613], [80.1209424, 12.9421928], [80.1208507, 12.9420556], [80.1208506, 12.9419872], [80.120759, 12.9418499], [80.1207589, 12.9417815], [80.1206673, 12.9416442], [80.1206672, 12.9415758], [80.1205756, 12.9414385], [80.1205755, 12.9413701], [80.1204839, 12.9412328], [80.1204838, 12.9411644], [80.1203922, 12.9410271], [80.1203921, 12.9409587], [80.1203005, 12.9408215], [80.1203004, 12.940753], [80.1202088, 12.9406158], [80.1202087, 12.9405473], [80.1201171, 12.9404101], [80.1200941, 12.9402503], [80.1200023, 12.9399762], [80.1200022, 12.9398621], [80.1199793, 12.9397708], [80.1199335, 12.9397021], [80.1199105, 12.9396108], [80.1199105, 12.9394967], [80.1195433, 12.9381265], [80.1195432, 12.937944], [80.1195203, 12.9379439], [80.11952, 12.9373736], [80.1194971, 12.9373735], [80.1194967, 12.9367803], [80.1194738, 12.9367802], [80.1194736, 12.936324], [80.1194507, 12.9363239], [80.1194505, 12.936073], [80.1194276, 12.9360272], [80.1193818, 12.9360042], [80.1192673, 12.9360038], [80.1191986, 12.9359579], [80.1190612, 12.9359573], [80.1190612, 12.9359345], [80.1187636, 12.9359333], [80.1187636, 12.9359561], [80.1185117, 12.935955], [80.1185117, 12.9359778], [80.1181683, 12.9359764], [80.1181683, 12.9359992], [80.1178249, 12.9359978], [80.1178249, 12.9360206], [80.1175043, 12.9360193], [80.1175043, 12.9360421], [80.1171609, 12.9360407], [80.1171609, 12.9360635], [80.1160848, 12.9360591], [80.1160848, 12.9360362], [80.1153292, 12.9360331], [80.1153292, 12.9360559], [80.1152147, 12.9360555], [80.1152148, 12.9360783], [80.1151003, 12.9360778], [80.1151003, 12.9361006], [80.1149171, 12.9360999], [80.1149171, 12.9361227], [80.1145508, 12.9361212], [80.1145508, 12.9360984], [80.1144134, 12.9360522], [80.1143905, 12.9360064], [80.1143218, 12.9359833], [80.1142302, 12.9360286], [80.1141615, 12.9360283], [80.11407, 12.9360964], [80.1140013, 12.9360961], [80.1139326, 12.9361414], [80.1137495, 12.9361635], [80.1133832, 12.9363217], [80.1133603, 12.9363672], [80.1132917, 12.9363897], [80.1132688, 12.9364809], [80.1132689, 12.9365949], [80.113246, 12.9365948], [80.1132461, 12.936823], [80.113269, 12.9368231], [80.1132692, 12.9370512], [80.1132921, 12.9370513], [80.1132922, 12.937211], [80.113315, 12.9372111], [80.1133151, 12.9373707], [80.113338, 12.9373708], [80.1133382, 12.9375761], [80.1133611, 12.9375762], [80.1133611, 12.9377131], [80.113384, 12.9377132], [80.1133841, 12.9378729], [80.113407, 12.937873], [80.1134071, 12.9380327], [80.11343, 12.9380328], [80.1134301, 12.9382381], [80.113453, 12.9382382], [80.1134533, 12.9387629], [80.1134304, 12.9387628], [80.1134305, 12.9388768], [80.1133389, 12.9389221], [80.1132703, 12.9389902], [80.1131787, 12.9389899], [80.1131329, 12.9390353], [80.1129727, 12.9390803], [80.1125606, 12.9390786], [80.1125606, 12.9390557], [80.1124003, 12.9390551], [80.1123086, 12.9389635], [80.1122629, 12.9389633], [80.112217, 12.9388946], [80.1121712, 12.9388944], [80.1120796, 12.93878], [80.1119651, 12.9387795], [80.1119651, 12.9387567], [80.1118048, 12.9387561], [80.1118048, 12.9387332], [80.1116674, 12.9387327], [80.1116216, 12.9386869], [80.1115529, 12.9386866], [80.1114842, 12.9386407], [80.111301, 12.9386399], [80.111301, 12.9386171], [80.1108202, 12.9386151], [80.1108202, 12.9386379], [80.110637, 12.9386372], [80.1106371, 12.93866], [80.1104539, 12.9386592], [80.1104539, 12.938682], [80.1102707, 12.9386813], [80.1102707, 12.9387041], [80.1100876, 12.9387033], [80.1100876, 12.9387262], [80.1099044, 12.9387254], [80.1099044, 12.9387482], [80.1097213, 12.9387475], [80.1097213, 12.9387703], [80.1095381, 12.9387695], [80.1095381, 12.9387923], [80.1093778, 12.9387917], [80.1093779, 12.9388145], [80.1091947, 12.9388137], [80.1091947, 12.9388365], [80.1090344, 12.9388359], [80.1090344, 12.9388587], [80.1088742, 12.938858], [80.1088742, 12.9388808], [80.1087139, 12.9388802], [80.1087139, 12.938903], [80.1085308, 12.9389022], [80.1085308, 12.938925], [80.1083705, 12.9389244], [80.1083705, 12.9389472], [80.1082102, 12.9389465], [80.1082103, 12.9389693], [80.10805, 12.9389687], [80.10805, 12.9389915], [80.1078897, 12.9389908], [80.1078897, 12.9390136], [80.1077066, 12.9390129], [80.1077066, 12.9390357], [80.1075692, 12.9390351], [80.1075692, 12.9390579], [80.107386, 12.9390572], [80.1073861, 12.93908], [80.1072258, 12.9390793], [80.1072258, 12.9391021], [80.1070655, 12.9391015], [80.1070655, 12.9391243], [80.1068824, 12.9391235], [80.1068824, 12.9391464], [80.1067221, 12.9391457], [80.1067221, 12.9391685], [80.1065619, 12.9391678], [80.1065619, 12.9391907], [80.1064016, 12.93919], [80.1064016, 12.9392128], [80.1062413, 12.9392121], [80.1062413, 12.939235], [80.106104, 12.9392344], [80.106104, 12.9392116], [80.1059895, 12.9392111], [80.1059895, 12.9391883], [80.1057376, 12.9391416], [80.1056689, 12.9392098], [80.1056231, 12.9392096], [80.1053943, 12.9394596], [80.1053485, 12.9394594], [80.1052799, 12.9395504], [80.1052341, 12.9395502], [80.1051655, 12.9396411], [80.1051197, 12.9396409], [80.1050739, 12.9397092], [80.1050281, 12.939709], [80.1049824, 12.9397773], [80.1049366, 12.9397771], [80.1048908, 12.9398453], [80.104845, 12.9398451], [80.1047993, 12.9399134], [80.1047535, 12.9399132], [80.1047077, 12.9399814], [80.104662, 12.9399812], [80.1046162, 12.9400495], [80.1045704, 12.9400493], [80.1045247, 12.9401176], [80.1044102, 12.9401627], [80.1043645, 12.940231], [80.10425, 12.9402761], [80.1042042, 12.9403444], [80.1040898, 12.9403895], [80.104044, 12.9404578], [80.1039296, 12.9405029], [80.1038838, 12.9405712], [80.1037694, 12.9406163], [80.1037236, 12.9406846], [80.1036092, 12.9407297], [80.1035634, 12.940798], [80.103449, 12.9408431], [80.1034032, 12.9409114], [80.1032888, 12.9409565], [80.103243, 12.9410248], [80.1031286, 12.9410699], [80.1030828, 12.9411382], [80.1029683, 12.9411833], [80.1028311, 12.9413424], [80.1027624, 12.9413878], [80.1026708, 12.9414102], [80.102648, 12.9414557], [80.1025564, 12.9414782], [80.1025335, 12.9415237], [80.102442, 12.9415461], [80.1023504, 12.9416598], [80.1014807, 12.9422037], [80.1014349, 12.942272], [80.099604, 12.9434507], [80.0995582, 12.9435189], [80.0995124, 12.9435187], [80.0992836, 12.9437003], [80.099192, 12.9437227], [80.0991691, 12.9437682], [80.0990775, 12.9437907], [80.0987571, 12.9439947], [80.0986884, 12.9439944], [80.0986427, 12.9440398], [80.098574, 12.9440395], [80.0985053, 12.9441077], [80.0984138, 12.9441301], [80.0983909, 12.9441756], [80.0982993, 12.9442209], [80.0983452, 12.9443351], [80.0983453, 12.9444492], [80.0983681, 12.9444493], [80.0983682, 12.9445634], [80.0984599, 12.9447006], [80.0984599, 12.944769], [80.0985973, 12.9448609], [80.0985974, 12.9449065], [80.0986661, 12.9449524], [80.0986661, 12.944998], [80.0987348, 12.9450439], [80.0987349, 12.9450896], [80.0988036, 12.9451355], [80.0988036, 12.9451811], [80.0988723, 12.945227], [80.0988723, 12.9452726], [80.0989411, 12.9453185], [80.0989411, 12.9454098], [80.099239, 12.9458673], [80.0992391, 12.9459813], [80.0991933, 12.9460496], [80.0991934, 12.9461636], [80.0991477, 12.9462547], [80.0991019, 12.9462773], [80.0990791, 12.9463913], [80.0994459, 12.9471684]]]}}, {"type": "Feature", "properties": {"ward": "33", "zone": "4", "zone_name": "PERUNGALATHUR", "area_km2": 1.951}, "geometry": {"type": "Polygon", "coordinates": [[[80.1213702, 12.9299444], [80.1214161, 12.9300586], [80.1224699, 12.9310895], [80.1224928, 12.9311809], [80.1225386, 12.9312039], [80.1225616, 12.931318], [80.1226304, 12.9314324], [80.1226304, 12.9315464], [80.1225618, 12.9315918], [80.1225618, 12.9316374], [80.1224931, 12.9316827], [80.1224245, 12.9317965], [80.12231, 12.9318189], [80.1218523, 12.9320679], [80.1217836, 12.9320904], [80.1213716, 12.9322712], [80.1213487, 12.9323168], [80.1212343, 12.9323619], [80.1210283, 12.9325436], [80.1210284, 12.9327032], [80.1210055, 12.9327031], [80.1210057, 12.9330681], [80.1210286, 12.9330682], [80.1210287, 12.9332279], [80.1210516, 12.933228], [80.1210517, 12.9333877], [80.1210746, 12.9333878], [80.1210747, 12.9335475], [80.1210976, 12.9335476], [80.1210977, 12.9337073], [80.1211206, 12.9337074], [80.1211207, 12.9338671], [80.1211435, 12.9338672], [80.1211436, 12.9340268], [80.1211665, 12.9340269], [80.1211666, 12.9341866], [80.1211895, 12.9341867], [80.1211896, 12.9343464], [80.1212125, 12.9343465], [80.1212126, 12.9345062], [80.1212355, 12.9345063], [80.1212356, 12.934666], [80.1212585, 12.9346661], [80.1212586, 12.9348257], [80.1212815, 12.9348258], [80.1212816, 12.9349855], [80.1213045, 12.9349856], [80.1213047, 12.9353734], [80.1212589, 12.9354417], [80.121259, 12.9355557], [80.1212362, 12.9356469], [80.1211904, 12.9356695], [80.121053, 12.935669], [80.121053, 12.9356918], [80.1209157, 12.9356912], [80.1209157, 12.935714], [80.120183, 12.935711], [80.120183, 12.9357338], [80.1200685, 12.9357333], [80.1200685, 12.9357561], [80.1199312, 12.9357556], [80.1198854, 12.935801], [80.119542, 12.9359365], [80.1195192, 12.935982], [80.1194276, 12.9360272], [80.1194505, 12.936073], [80.1194507, 12.9363239], [80.1194736, 12.936324], [80.1194738, 12.9367802], [80.1194967, 12.9367803], [80.1194971, 12.9373735], [80.11952, 12.9373736], [80.1195203, 12.9379439], [80.1195432, 12.937944], [80.1195433, 12.9381265], [80.1199105, 12.9394967], [80.1199105, 12.9396108], [80.1199335, 12.9397021], [80.1199793, 12.9397708], [80.1200022, 12.9398621], [80.1200023, 12.9399762], [80.1200941, 12.9402503], [80.1201171, 12.9404101], [80.1202087, 12.9405473], [80.1202088, 12.9406158], [80.1203004, 12.940753], [80.1203005, 12.9408215], [80.1203921, 12.9409587], [80.1203922, 12.9410271], [80.1204838, 12.9411644], [80.1204839, 12.9412328], [80.1205755, 12.9413701], [80.1205756, 12.9414385], [80.1206672, 12.9415758], [80.1206673, 12.9416442], [80.1207589, 12.9417815], [80.120759, 12.9418499], [80.1208506, 12.9419872], [80.1208507, 12.9420556], [80.1209424, 12.9421928], [80.1209424, 12.9422613], [80.1210111, 12.9423528], [80.1210112, 12.9424213], [80.1211028, 12.9425585], [80.1211029, 12.9426269], [80.1211945, 12.9427642], [80.1211946, 12.9428326], [80.1212862, 12.9429699], [80.1212863, 12.9430383], [80.121378, 12.9431756], [80.121378, 12.943244], [80.1214697, 12.9433813], [80.1214697, 12.9434497], [80.1215843, 12.9436327], [80.1215843, 12.9437011], [80.1216531, 12.9437927], [80.1216531, 12.9438611], [80.1217448, 12.9439983], [80.1217448, 12.9440668], [80.1218365, 12.944204], [80.1218365, 12.9442725], [80.1219282, 12.9444097], [80.1219282, 12.9444782], [80.1220199, 12.9446154], [80.1220199, 12.9446838], [80.1221116, 12.9448211], [80.1221116, 12.9448895], [80.1222033, 12.9450268], [80.1222033, 12.9450952], [80.122295, 12.9452325], [80.122295, 12.9453009], [80.1223867, 12.9454382], [80.1223867, 12.9455066], [80.1224784, 12.9456439], [80.1224784, 12.9457123], [80.1225701, 12.9458496], [80.1225702, 12.945918], [80.1226618, 12.9460552], [80.1226619, 12.9461237], [80.1227306, 12.9462152], [80.1227306, 12.9462837], [80.1227994, 12.9463752], [80.1227994, 12.9464436], [80.1228682, 12.9465352], [80.1228682, 12.9466036], [80.1229369, 12.9466951], [80.122937, 12.9467636], [80.1230057, 12.9468551], [80.1230058, 12.9469235], [80.1230745, 12.9470151], [80.1230745, 12.9470835], [80.1231433, 12.947175], [80.1231433, 12.9472435], [80.123235, 12.9473807], [80.123235, 12.9474492], [80.1233038, 12.9475407], [80.1233038, 12.9476091], [80.1233726, 12.9477007], [80.1233726, 12.9477691], [80.1234413, 12.9478606], [80.1234414, 12.9479291], [80.1235101, 12.9480206], [80.1235102, 12.9480891], [80.1235789, 12.9481806], [80.1235789, 12.948249], [80.1236477, 12.9483406], [80.1236706, 12.9484319], [80.1236707, 12.948546], [80.1236936, 12.9486145], [80.1238081, 12.9485922], [80.1238081, 12.9485693], [80.1239226, 12.9485698], [80.1239226, 12.948547], [80.124037, 12.9485475], [80.1241286, 12.9485022], [80.1242431, 12.9485027], [80.1243346, 12.9484575], [80.1244491, 12.9484579], [80.1245407, 12.9484127], [80.1246552, 12.9484132], [80.1248383, 12.9483455], [80.1249528, 12.9483459], [80.1250443, 12.9483007], [80.1251588, 12.9483012], [80.1251588, 12.9482784], [80.1252733, 12.9482788], [80.1253648, 12.9482336], [80.1254793, 12.9482341], [80.1255709, 12.9481888], [80.1256853, 12.9481893], [80.1256853, 12.9481665], [80.1257998, 12.9481669], [80.1258914, 12.9481217], [80.1260059, 12.9481222], [80.1260974, 12.9480769], [80.1262577, 12.9480548], [80.1263263, 12.9480094], [80.1263263, 12.9479638], [80.1264178, 12.9478957], [80.1264178, 12.9478501], [80.1265094, 12.9477821], [80.1265093, 12.9477364], [80.1266009, 12.9476684], [80.1266009, 12.9476228], [80.1266924, 12.9475547], [80.1266924, 12.9475091], [80.1268068, 12.9474183], [80.1268068, 12.9473727], [80.1268983, 12.9473046], [80.1268983, 12.947259], [80.1270127, 12.9471682], [80.1270127, 12.9471226], [80.1271042, 12.9470545], [80.1271042, 12.9470089], [80.1272186, 12.9469181], [80.1272186, 12.9468725], [80.1273102, 12.9468044], [80.1273101, 12.9467588], [80.1274017, 12.9466908], [80.1274016, 12.9466451], [80.1274932, 12.9465771], [80.1274932, 12.9465314], [80.1276763, 12.9463953], [80.1277678, 12.9462816], [80.1278136, 12.9462818], [80.1280195, 12.9460089], [80.1280881, 12.9459636], [80.1284084, 12.9454402], [80.128477, 12.9453949], [80.1286143, 12.9451445], [80.1287516, 12.9450538], [80.1288889, 12.9450316], [80.1289347, 12.9449862], [80.1292094, 12.9449189], [80.1292552, 12.9448734], [80.1295986, 12.9447836], [80.1296443, 12.9447382], [80.1298275, 12.9447161], [80.1298275, 12.9446933], [80.129942, 12.9446938], [80.1300335, 12.9446485], [80.130148, 12.944649], [80.1302396, 12.9446037], [80.130354, 12.9446042], [80.1305372, 12.9445365], [80.1306517, 12.944537], [80.1307432, 12.9444918], [80.1308577, 12.9444922], [80.1309493, 12.944447], [80.1310637, 12.9444475], [80.1311553, 12.9444022], [80.1312698, 12.9444027], [80.1312698, 12.9443799], [80.1313842, 12.9443803], [80.1313843, 12.9444031], [80.1314987, 12.9444036], [80.1314987, 12.9444264], [80.1316132, 12.9444269], [80.1316132, 12.9444497], [80.1318422, 12.9444507], [80.1318422, 12.9444279], [80.1320025, 12.9444285], [80.1320024, 12.9444057], [80.1321169, 12.9444062], [80.1322314, 12.9444523], [80.1323687, 12.9442703], [80.1324602, 12.9441795], [80.1326434, 12.9441802], [80.1326434, 12.944203], [80.1327579, 12.9442035], [80.1327579, 12.9442263], [80.1328724, 12.9442268], [80.132964, 12.9442728], [80.1330785, 12.9442733], [80.1330785, 12.9442961], [80.1333304, 12.9442971], [80.1333532, 12.9442516], [80.1338568, 12.9440256], [80.1339255, 12.9439802], [80.1339941, 12.9438664], [80.1340628, 12.9438211], [80.1341314, 12.9438214], [80.1342688, 12.9437307], [80.1343375, 12.943731], [80.1343832, 12.9436855], [80.1344519, 12.9436858], [80.1345664, 12.9437547], [80.1347038, 12.9437553], [80.1347953, 12.9436644], [80.1348411, 12.9436646], [80.1348869, 12.9435964], [80.1349327, 12.9435966], [80.13507, 12.9434374], [80.1352073, 12.9433924], [80.1352072, 12.9432099], [80.1351842, 12.9431185], [80.1350238, 12.9428441], [80.1349322, 12.9427981], [80.1348406, 12.9427977], [80.1347031, 12.9425462], [80.1346344, 12.9425003], [80.1343135, 12.9419743], [80.1342448, 12.9419284], [80.1338781, 12.9413338], [80.1338094, 12.9412879], [80.1338094, 12.9412422], [80.1335803, 12.9409447], [80.1335573, 12.9408534], [80.1334886, 12.9408075], [80.1334886, 12.9407619], [80.1334198, 12.9407159], [80.1334198, 12.9406703], [80.1333282, 12.9405787], [80.1333052, 12.9404874], [80.1332365, 12.9404414], [80.1331448, 12.9402586], [80.1330761, 12.9402127], [80.1327553, 12.9396866], [80.1326865, 12.9396407], [80.1323657, 12.9391147], [80.132297, 12.9390688], [80.1319761, 12.9385428], [80.1319074, 12.9384969], [80.1316324, 12.9380395], [80.131495, 12.9380161], [80.1314034, 12.9379701], [80.1312889, 12.9378784], [80.1312659, 12.9377871], [80.1311284, 12.9376268], [80.1311055, 12.9375355], [80.130968, 12.9373752], [80.1309451, 12.9372839], [80.1308763, 12.9372151], [80.1308992, 12.937124], [80.1308991, 12.9369643], [80.1308533, 12.9369413], [80.1308074, 12.9368271], [80.1307387, 12.9367811], [80.1304179, 12.9362551], [80.1303491, 12.9362092], [80.1300283, 12.9356832], [80.1299596, 12.9356373], [80.1296387, 12.9351113], [80.12957, 12.9350654], [80.1292033, 12.9344936], [80.1291574, 12.9342881], [80.1291345, 12.9342652], [80.1289971, 12.9342418], [80.1289513, 12.934196], [80.1288368, 12.9341727], [80.1287681, 12.9340811], [80.1287223, 12.934081], [80.1286535, 12.9339894], [80.1286077, 12.9339892], [80.1285161, 12.9338748], [80.1284703, 12.9338746], [80.1284016, 12.9337831], [80.1283558, 12.9337829], [80.128287, 12.9336913], [80.1282412, 12.9336912], [80.1281725, 12.9335996], [80.1281267, 12.9335994], [80.1280579, 12.9335079], [80.1280122, 12.9335077], [80.1279434, 12.9334162], [80.1278976, 12.933416], [80.127806, 12.9333015], [80.1277602, 12.9333014], [80.1276914, 12.9332098], [80.1276456, 12.9332096], [80.1275769, 12.9331181], [80.1275311, 12.9331179], [80.1274624, 12.9330264], [80.1274166, 12.9330262], [80.1273478, 12.9329347], [80.127302, 12.9329345], [80.1272333, 12.9328429], [80.1271875, 12.9328427], [80.1270959, 12.9327283], [80.1270501, 12.9327281], [80.1269813, 12.9326366], [80.1269355, 12.9326364], [80.1268897, 12.9325678], [80.1268439, 12.9325676], [80.1267981, 12.9324989], [80.1267523, 12.9324988], [80.1266377, 12.9323614], [80.1265919, 12.9323612], [80.1265232, 12.9322697], [80.1264774, 12.9322695], [80.1263857, 12.9321551], [80.12634, 12.9321549], [80.1262483, 12.9320404], [80.1262025, 12.9320402], [80.126065, 12.93188], [80.1260192, 12.9318798], [80.1258818, 12.9317195], [80.125836, 12.9317194], [80.1257214, 12.931582], [80.1256756, 12.9315818], [80.1255382, 12.9314216], [80.1254924, 12.9314214], [80.1253549, 12.9312611], [80.1253091, 12.9312609], [80.1251945, 12.9311236], [80.1251488, 12.9311234], [80.1250113, 12.9309631], [80.1249655, 12.9309629], [80.1248509, 12.9308256], [80.1248051, 12.9308254], [80.1246677, 12.9306652], [80.1246219, 12.930665], [80.1244844, 12.9305047], [80.1244386, 12.9305045], [80.1243241, 12.9303672], [80.1242783, 12.930367], [80.1241408, 12.9302067], [80.124095, 12.9302065], [80.1239575, 12.9300463], [80.1239117, 12.9300461], [80.1237972, 12.9299088], [80.1237514, 12.9299086], [80.1236139, 12.9297483], [80.1235681, 12.9297481], [80.1234307, 12.9295879], [80.1233849, 12.9295877], [80.1232703, 12.9294503], [80.1232245, 12.9294501], [80.123087, 12.9292899], [80.1230412, 12.9292897], [80.1229267, 12.9291523], [80.1228809, 12.9291522], [80.1227205, 12.928969], [80.1226747, 12.9289688], [80.1224456, 12.9287169], [80.1223998, 12.9287167], [80.1222853, 12.9285794], [80.1222395, 12.9285792], [80.1221479, 12.9286929], [80.1220106, 12.9287836], [80.1220107, 12.9288292], [80.1217589, 12.9290563], [80.121759, 12.9291019], [80.1215072, 12.929329], [80.1215073, 12.9293746], [80.12137, 12.9295337], [80.12137, 12.9296022], [80.1213242, 12.9296248], [80.1212785, 12.9297159], [80.1212557, 12.9298526], [80.1213702, 12.9299444]]]}}, {"type": "Feature", "properties": {"ward": "34", "zone": "3", "zone_name": "SEMBAKKAM", "area_km2": 1.196}, "geometry": {"type": "Polygon", "coordinates": [[[80.1292033, 12.9344936], [80.12957, 12.9350654], [80.1296387, 12.9351113], [80.1299596, 12.9356373], [80.1300283, 12.9356832], [80.1303491, 12.9362092], [80.1304179, 12.9362551], [80.1307387, 12.9367811], [80.1308074, 12.9368271], [80.1308533, 12.9369413], [80.1308991, 12.9369643], [80.1308992, 12.937124], [80.1308763, 12.9372151], [80.1309451, 12.9372839], [80.130968, 12.9373752], [80.1311055, 12.9375355], [80.1311284, 12.9376268], [80.1312659, 12.9377871], [80.1312889, 12.9378784], [80.1314034, 12.9379701], [80.131495, 12.9380161], [80.1316324, 12.9380395], [80.1319074, 12.9384969], [80.1319761, 12.9385428], [80.132297, 12.9390688], [80.1323657, 12.9391147], [80.1326865, 12.9396407], [80.1327553, 12.9396866], [80.1330761, 12.9402127], [80.1331448, 12.9402586], [80.1332365, 12.9404414], [80.1333052, 12.9404874], [80.1333282, 12.9405787], [80.1334198, 12.9406703], [80.1334198, 12.9407159], [80.1334886, 12.9407619], [80.1334886, 12.9408075], [80.1335573, 12.9408534], [80.1335803, 12.9409447], [80.1338094, 12.9412422], [80.1338094, 12.9412879], [80.1338781, 12.9413338], [80.1342448, 12.9419284], [80.1343135, 12.9419743], [80.1346344, 12.9425003], [80.1347031, 12.9425462], [80.1348406, 12.9427977], [80.1349322, 12.9427981], [80.1350238, 12.9428441], [80.1351842, 12.9431185], [80.1352072, 12.9432099], [80.1352073, 12.9433924], [80.1352302, 12.9433925], [80.1352988, 12.9433243], [80.1353904, 12.9433019], [80.1354133, 12.9432564], [80.1355278, 12.943234], [80.1355735, 12.9431886], [80.1357338, 12.9431664], [80.1358024, 12.9431211], [80.1362833, 12.9431231], [80.1362833, 12.9431459], [80.1366038, 12.9431472], [80.1366954, 12.9431248], [80.1368098, 12.9430568], [80.1369701, 12.9430347], [80.1370616, 12.9429666], [80.1371303, 12.9429669], [80.1372219, 12.9428988], [80.1372906, 12.9428991], [80.1373363, 12.9428537], [80.1374966, 12.9428087], [80.1375652, 12.9427634], [80.1376567, 12.9426497], [80.1377025, 12.9426499], [80.1377712, 12.9425589], [80.1378399, 12.9425364], [80.1378398, 12.9424679], [80.1379084, 12.942377], [80.1379084, 12.9423085], [80.1379771, 12.9422404], [80.1379999, 12.9421492], [80.1380457, 12.9421266], [80.1381142, 12.9419216], [80.13816, 12.941899], [80.13816, 12.9418305], [80.1382286, 12.9417624], [80.1382744, 12.9416713], [80.1382743, 12.9416029], [80.1383201, 12.9415802], [80.138343, 12.9415119], [80.1384802, 12.9413528], [80.138526, 12.941353], [80.1386176, 12.9412393], [80.1386634, 12.9412395], [80.1387091, 12.9411712], [80.1388236, 12.9411261], [80.1388693, 12.9410578], [80.1389151, 12.941058], [80.1389609, 12.9409898], [80.1390753, 12.9409446], [80.1391211, 12.9408764], [80.1391669, 12.9408766], [80.1392126, 12.9408083], [80.1393499, 12.9407176], [80.1393727, 12.9405808], [80.1396017, 12.9405818], [80.1396475, 12.9405135], [80.139739, 12.9404683], [80.1398764, 12.9404689], [80.1399221, 12.9403778], [80.1400137, 12.9403097], [80.1400594, 12.9402187], [80.1402426, 12.9402651], [80.1402884, 12.9402196], [80.1403341, 12.9400601], [80.1404027, 12.9400376], [80.1404256, 12.9399921], [80.1405401, 12.9399469], [80.1405858, 12.9398787], [80.1407003, 12.9398335], [80.140746, 12.9397653], [80.1407918, 12.9397655], [80.1408376, 12.9396972], [80.140952, 12.9396521], [80.1409978, 12.9395838], [80.1411122, 12.9395387], [80.141158, 12.9394704], [80.1412038, 12.9394706], [80.1412495, 12.9394024], [80.141364, 12.9393572], [80.1414097, 12.939289], [80.1415013, 12.9392665], [80.1415242, 12.939221], [80.1415929, 12.9392213], [80.1416386, 12.9391758], [80.1417302, 12.9391762], [80.1417989, 12.9391309], [80.1418217, 12.9390397], [80.1418216, 12.9389028], [80.1418445, 12.9389029], [80.1418443, 12.9385608], [80.1418672, 12.9385608], [80.1418671, 12.9383327], [80.14189, 12.9383328], [80.1418899, 12.9381275], [80.1419128, 12.9381276], [80.1419356, 12.9379452], [80.1419813, 12.9378998], [80.1420041, 12.937763], [80.1420728, 12.9377176], [80.1421185, 12.9375809], [80.1421872, 12.937604], [80.1423475, 12.9376047], [80.1423475, 12.9375819], [80.1424849, 12.9375825], [80.1424848, 12.9375596], [80.1427596, 12.9375608], [80.1428512, 12.9375384], [80.1428969, 12.9374929], [80.1430572, 12.9374708], [80.1431716, 12.9374028], [80.1433777, 12.9373352], [80.1434463, 12.9372899], [80.1434921, 12.9372216], [80.1435836, 12.9371992], [80.1436752, 12.9370855], [80.1437209, 12.9370629], [80.143904, 12.936904], [80.1439955, 12.9367675], [80.1442931, 12.9367002], [80.1443389, 12.9366548], [80.1444076, 12.9366551], [80.1444305, 12.9366096], [80.1445678, 12.9365645], [80.1445907, 12.9364962], [80.1446593, 12.9364052], [80.1446593, 12.9363368], [80.1447508, 12.9362003], [80.1447507, 12.9361318], [80.1447965, 12.9361092], [80.1447965, 12.9360408], [80.1448422, 12.9359953], [80.1448422, 12.9359269], [80.1450252, 12.9356083], [80.145048, 12.9354943], [80.1450022, 12.9354257], [80.1449792, 12.9353343], [80.1449334, 12.9353113], [80.1448875, 12.9351515], [80.1448188, 12.9351055], [80.1446813, 12.9348997], [80.1446126, 12.9348766], [80.144086, 12.9348744], [80.144086, 12.9348972], [80.1439486, 12.9348966], [80.1439486, 12.9349195], [80.1437884, 12.9349188], [80.1437884, 12.9349416], [80.143651, 12.934941], [80.143651, 12.9349639], [80.1434908, 12.9349632], [80.1434908, 12.934986], [80.1433763, 12.9349855], [80.1433763, 12.9350083], [80.1432389, 12.9350306], [80.1431474, 12.9350986], [80.1430787, 12.9350984], [80.1430329, 12.9351438], [80.1429642, 12.9351435], [80.1429185, 12.935189], [80.1428498, 12.9351887], [80.142804, 12.9352341], [80.1427353, 12.935211], [80.1426437, 12.9351422], [80.1426437, 12.9350966], [80.142575, 12.9350507], [80.1425749, 12.935005], [80.1423687, 12.9346848], [80.1423686, 12.9345479], [80.1423457, 12.9345478], [80.1423456, 12.9344338], [80.1423227, 12.9344337], [80.1423227, 12.9342968], [80.1422998, 12.9342967], [80.1422997, 12.9341598], [80.1422768, 12.9341597], [80.1422767, 12.9340457], [80.1422538, 12.9340456], [80.1422537, 12.9339087], [80.1422308, 12.9339086], [80.1422308, 12.9337946], [80.1422079, 12.9337945], [80.1421849, 12.9336575], [80.1421391, 12.9336117], [80.1421391, 12.9335432], [80.1420245, 12.9333831], [80.1419558, 12.93336], [80.1414292, 12.9333578], [80.1414292, 12.9333806], [80.1413147, 12.9333801], [80.1413147, 12.933403], [80.1411773, 12.9334024], [80.1411773, 12.9334252], [80.1410629, 12.9334247], [80.1410629, 12.9334475], [80.1409255, 12.933447], [80.1409255, 12.9334698], [80.1407881, 12.9334692], [80.1407882, 12.933492], [80.1406737, 12.9334916], [80.1406737, 12.9335144], [80.1405592, 12.9335139], [80.1404676, 12.9335591], [80.1403074, 12.9335585], [80.1403074, 12.9335813], [80.14017, 12.9335807], [80.1401242, 12.9336262], [80.1400556, 12.9336259], [80.1400098, 12.9336713], [80.1399411, 12.933671], [80.1399182, 12.9337166], [80.1398038, 12.9337389], [80.1393003, 12.9342159], [80.1392546, 12.9343298], [80.13898, 12.9346252], [80.1389114, 12.9346705], [80.1388198, 12.9346702], [80.1386824, 12.934738], [80.1385451, 12.9347375], [80.1384535, 12.9347143], [80.1383161, 12.9346453], [80.1382473, 12.9345537], [80.1382473, 12.9344625], [80.1382014, 12.934371], [80.1382013, 12.934257], [80.1381784, 12.9342569], [80.1381783, 12.9340516], [80.1381325, 12.9339601], [80.1381324, 12.9338233], [80.1381095, 12.9338232], [80.1380865, 12.9336862], [80.1380407, 12.9336404], [80.1380407, 12.9335719], [80.1379719, 12.9334804], [80.1379719, 12.933412], [80.1379031, 12.9333204], [80.1379031, 12.933252], [80.1377197, 12.9327722], [80.1376967, 12.9326808], [80.1376966, 12.932544], [80.1376737, 12.9325439], [80.1376737, 12.9324298], [80.1376508, 12.9324297], [80.1376506, 12.9320875], [80.1376735, 12.9320876], [80.1376734, 12.9319051], [80.1376963, 12.9319052], [80.1376962, 12.9317911], [80.1377191, 12.9317684], [80.1376732, 12.9316998], [80.1375816, 12.931631], [80.1375816, 12.9315854], [80.1374212, 12.9314478], [80.1374212, 12.9314022], [80.1371463, 12.9311045], [80.1370547, 12.9310585], [80.136986, 12.9310582], [80.1369402, 12.9310124], [80.1368715, 12.9310121], [80.1368028, 12.9309662], [80.1362761, 12.930964], [80.1361158, 12.9308493], [80.1360241, 12.9306892], [80.1360241, 12.9306208], [80.1359095, 12.9304606], [80.1359095, 12.9303922], [80.1358637, 12.9303692], [80.1358407, 12.9302779], [80.1357491, 12.9302091], [80.1356346, 12.9302086], [80.135543, 12.9301626], [80.135108, 12.9301608], [80.1350851, 12.9302519], [80.1350854, 12.9306169], [80.1350625, 12.9306168], [80.1350625, 12.9307537], [80.1350397, 12.9308221], [80.1349939, 12.9308447], [80.1349482, 12.9309586], [80.1348795, 12.9310039], [80.1348338, 12.9311178], [80.1347651, 12.9311631], [80.1346279, 12.9314135], [80.1345592, 12.9314588], [80.1345135, 12.9315727], [80.1344448, 12.931618], [80.1343534, 12.9318002], [80.1342847, 12.9318455], [80.134239, 12.9319594], [80.1341703, 12.9320047], [80.1341703, 12.9320503], [80.1340788, 12.9321412], [80.134056, 12.9322324], [80.1339644, 12.9323232], [80.1339416, 12.9324144], [80.1338958, 12.9324826], [80.1338043, 12.9325507], [80.1337814, 12.9325962], [80.1334153, 12.9329825], [80.1333695, 12.9329823], [80.133278, 12.9330732], [80.1331864, 12.9330956], [80.1331178, 12.9331638], [80.1329804, 12.933186], [80.1329118, 12.9332542], [80.132866, 12.933254], [80.1327973, 12.933345], [80.1325456, 12.9334808], [80.1325227, 12.9335948], [80.1324541, 12.9336401], [80.1322709, 12.9337078], [80.1322252, 12.933776], [80.1321336, 12.9337985], [80.1320421, 12.9338893], [80.1318361, 12.9339569], [80.1311951, 12.9340912], [80.1311264, 12.9341365], [80.1309432, 12.9341586], [80.1308516, 12.9340897], [80.1307829, 12.9340666], [80.1306455, 12.9340661], [80.1306455, 12.9340889], [80.1304166, 12.9340879], [80.1304166, 12.9341108], [80.1301876, 12.9341098], [80.1301876, 12.9341326], [80.1299587, 12.9341317], [80.1299587, 12.9341545], [80.1297297, 12.9341535], [80.1297298, 12.9341764], [80.1295008, 12.9341754], [80.1295008, 12.9341982], [80.1293634, 12.9341977], [80.1293405, 12.9342204], [80.1292032, 12.9342426], [80.1291574, 12.9342881], [80.1292033, 12.9344936]]]}}, {"type": "Feature", "properties": {"ward": "35", "zone": "3", "zone_name": "SEMBAKKAM", "area_km2": 0.55}, "geometry": {"type": "Polygon", "coordinates": [[[80.1353218, 12.9434613], [80.1353219, 12.9435069], [80.1353906, 12.9435528], [80.1353906, 12.9435984], [80.1354593, 12.9436444], [80.1355052, 12.9437586], [80.1355739, 12.9438045], [80.1356656, 12.9439874], [80.1357343, 12.9440333], [80.1357801, 12.9441476], [80.1358489, 12.9441935], [80.1359406, 12.9443763], [80.1360093, 12.9444223], [80.1360551, 12.9445365], [80.1361238, 12.9445824], [80.1361697, 12.9446967], [80.1362384, 12.9447426], [80.1363301, 12.9449254], [80.1363988, 12.9449714], [80.1364447, 12.9450856], [80.1365134, 12.9451315], [80.1366051, 12.9453144], [80.1366738, 12.9453603], [80.1367197, 12.9454746], [80.1367884, 12.9455205], [80.1368342, 12.9456347], [80.136903, 12.9456806], [80.1369946, 12.9458635], [80.1370634, 12.9459094], [80.1371092, 12.9460237], [80.1371779, 12.9460696], [80.1372696, 12.9462524], [80.1373383, 12.9462984], [80.1373842, 12.9464126], [80.1374529, 12.9464585], [80.1375446, 12.9466414], [80.1376133, 12.9466873], [80.1376592, 12.9468016], [80.1377279, 12.9468475], [80.1377738, 12.9469617], [80.1378425, 12.9470076], [80.1378883, 12.9471219], [80.137957, 12.9471678], [80.1380487, 12.9473507], [80.1381174, 12.9473966], [80.1381633, 12.9475108], [80.138232, 12.9475567], [80.1383237, 12.9477396], [80.1383924, 12.9477855], [80.1384383, 12.9478998], [80.138507, 12.9479457], [80.1385987, 12.9481286], [80.1386674, 12.9481745], [80.1387133, 12.9482887], [80.138782, 12.9483346], [80.1388737, 12.9485175], [80.1389424, 12.9485634], [80.1389882, 12.9486777], [80.139057, 12.9487236], [80.1391028, 12.9488378], [80.1391715, 12.9488837], [80.1392632, 12.9490666], [80.1393319, 12.9491125], [80.1393778, 12.9492268], [80.1394465, 12.9492727], [80.1395382, 12.9494556], [80.1396069, 12.9495015], [80.1396528, 12.9496157], [80.1397215, 12.9496616], [80.1397215, 12.9497072], [80.1397902, 12.9497532], [80.1397903, 12.9497988], [80.1399277, 12.9498906], [80.1401337, 12.949823], [80.1401566, 12.9497775], [80.1402482, 12.949755], [80.1403397, 12.9496642], [80.1404313, 12.9496417], [80.1404541, 12.9495962], [80.1405457, 12.9495738], [80.1405686, 12.9495282], [80.1406601, 12.9495058], [80.140683, 12.9494603], [80.1407746, 12.9494378], [80.1407975, 12.9493923], [80.140889, 12.9493699], [80.1409806, 12.949279], [80.1410721, 12.9492566], [80.141095, 12.949211], [80.1411866, 12.9491886], [80.1412781, 12.9490977], [80.1413697, 12.9490753], [80.1413925, 12.9490298], [80.1414841, 12.9490073], [80.1415756, 12.9489165], [80.1416672, 12.948894], [80.1417587, 12.9488032], [80.1418503, 12.9487807], [80.1418732, 12.9487352], [80.1419877, 12.9487129], [80.1420105, 12.9486673], [80.1421479, 12.9486223], [80.1421707, 12.9485767], [80.1422394, 12.948577], [80.142331, 12.9485318], [80.1424912, 12.9483499], [80.1425827, 12.9483275], [80.1426056, 12.948282], [80.1426972, 12.9482595], [80.1427887, 12.9481687], [80.1428345, 12.9481689], [80.1429489, 12.9480325], [80.1429947, 12.9480326], [80.1430633, 12.9479645], [80.1432007, 12.9479422], [80.1432693, 12.9478741], [80.1433609, 12.9478517], [80.1434524, 12.9477608], [80.143544, 12.9477384], [80.1436127, 12.947693], [80.1436584, 12.9476248], [80.14375, 12.9475795], [80.1437499, 12.9474655], [80.1437728, 12.9474656], [80.1437727, 12.9473287], [80.1437498, 12.9472373], [80.1434518, 12.9466886], [80.1434289, 12.9465973], [80.1433831, 12.9465743], [80.143177, 12.9465734], [80.1431083, 12.9465503], [80.1430395, 12.946436], [80.1430395, 12.9462991], [80.1430165, 12.9462077], [80.1429477, 12.9460706], [80.1429477, 12.9459793], [80.142856, 12.9457736], [80.1428559, 12.9456824], [80.1427872, 12.9455452], [80.1427871, 12.945454], [80.1427183, 12.9453168], [80.1427183, 12.9452256], [80.1426266, 12.9450199], [80.1426265, 12.9449286], [80.1425578, 12.9448371], [80.1425577, 12.9447687], [80.142489, 12.9446999], [80.142489, 12.9446315], [80.1424431, 12.9445629], [80.1423744, 12.9445398], [80.1423515, 12.9444941], [80.1420996, 12.9443562], [80.1420996, 12.9443105], [80.1420079, 12.9441733], [80.1420079, 12.9441048], [80.1418933, 12.9439447], [80.1418932, 12.9438534], [80.1418244, 12.9436706], [80.1418243, 12.9434881], [80.1418014, 12.9434881], [80.1418013, 12.9433512], [80.1417785, 12.9433511], [80.1417554, 12.9431685], [80.1417096, 12.9431227], [80.1417096, 12.9430542], [80.1416638, 12.9430084], [80.1416637, 12.94294], [80.141595, 12.9428485], [80.1415721, 12.9427799], [80.1415718, 12.942278], [80.1416176, 12.9422782], [80.1416862, 12.9421873], [80.1417549, 12.9421876], [80.1417777, 12.942142], [80.1418693, 12.9420968], [80.141938, 12.9420971], [80.1420067, 12.9420517], [80.1421898, 12.9420297], [80.1422356, 12.9419842], [80.1424416, 12.9419166], [80.1425103, 12.9418713], [80.142556, 12.9418031], [80.1426018, 12.9418032], [80.1426933, 12.9416896], [80.1426933, 12.9415755], [80.1426704, 12.9415754], [80.1426703, 12.9414157], [80.1426474, 12.9414156], [80.1426473, 12.9412787], [80.1426244, 12.9412786], [80.1426243, 12.9411418], [80.1426014, 12.9411417], [80.1426013, 12.9409364], [80.1425783, 12.940845], [80.1425096, 12.9407079], [80.1425095, 12.9406166], [80.1424408, 12.9404795], [80.1424407, 12.9403882], [80.1423261, 12.940114], [80.142326, 12.9400227], [80.1422114, 12.9397485], [80.1421196, 12.9394288], [80.1420738, 12.9394058], [80.1419592, 12.9392456], [80.1418447, 12.9391995], [80.1417989, 12.9391309], [80.1417302, 12.9391762], [80.1416386, 12.9391758], [80.1415929, 12.9392213], [80.1415242, 12.939221], [80.1415013, 12.9392665], [80.1414097, 12.939289], [80.141364, 12.9393572], [80.1412495, 12.9394024], [80.1412038, 12.9394706], [80.141158, 12.9394704], [80.1411122, 12.9395387], [80.1409978, 12.9395838], [80.140952, 12.9396521], [80.1408376, 12.9396972], [80.1407918, 12.9397655], [80.140746, 12.9397653], [80.1407003, 12.9398335], [80.1405858, 12.9398787], [80.1405401, 12.9399469], [80.1404256, 12.9399921], [80.1404027, 12.9400376], [80.1403341, 12.9400601], [80.1402884, 12.9402196], [80.1402426, 12.9402651], [80.1400594, 12.9402187], [80.1400137, 12.9403097], [80.1399221, 12.9403778], [80.1398764, 12.9404689], [80.139739, 12.9404683], [80.1396475, 12.9405135], [80.1396017, 12.9405818], [80.1393727, 12.9405808], [80.1393499, 12.9407176], [80.1392126, 12.9408083], [80.1391669, 12.9408766], [80.1391211, 12.9408764], [80.1390753, 12.9409446], [80.1389609, 12.9409898], [80.1389151, 12.941058], [80.1388693, 12.9410578], [80.1388236, 12.9411261], [80.1387091, 12.9411712], [80.1386634, 12.9412395], [80.1386176, 12.9412393], [80.138526, 12.941353], [80.1384802, 12.9413528], [80.138343, 12.9415119], [80.1383201, 12.9415802], [80.1382743, 12.9416029], [80.1382744, 12.9416713], [80.1382286, 12.9417624], [80.13816, 12.9418305], [80.13816, 12.941899], [80.1381142, 12.9419216], [80.1380457, 12.9421266], [80.1379999, 12.9421492], [80.1379771, 12.9422404], [80.1379084, 12.9423085], [80.1379084, 12.942377], [80.1378398, 12.9424679], [80.1378399, 12.9425364], [80.1377712, 12.9425589], [80.1377025, 12.9426499], [80.1376567, 12.9426497], [80.1375652, 12.9427634], [80.1374966, 12.9428087], [80.1373363, 12.9428537], [80.1372906, 12.9428991], [80.1372219, 12.9428988], [80.1371303, 12.9429669], [80.1370616, 12.9429666], [80.1369701, 12.9430347], [80.1368098, 12.9430568], [80.1366954, 12.9431248], [80.1366038, 12.9431472], [80.1362833, 12.9431459], [80.1362833, 12.9431231], [80.1358024, 12.9431211], [80.1357338, 12.9431664], [80.1355735, 12.9431886], [80.1355278, 12.943234], [80.1354133, 12.9432564], [80.1353904, 12.9433019], [80.1352988, 12.9433243], [80.1352302, 12.9433925], [80.1353218, 12.9434613]]]}}, {"type": "Feature", "properties": {"ward": "36", "zone": "3", "zone_name": "SEMBAKKAM", "area_km2": 0.342}, "geometry": {"type": "Polygon", "coordinates": [[[80.1426018, 12.9418032], [80.142556, 12.9418031], [80.1425103, 12.9418713], [80.1424416, 12.9419166], [80.1422356, 12.9419842], [80.1421898, 12.9420297], [80.1420067, 12.9420517], [80.141938, 12.9420971], [80.1418693, 12.9420968], [80.1417777, 12.942142], [80.1417549, 12.9421876], [80.1416862, 12.9421873], [80.1416176, 12.9422782], [80.1415718, 12.942278], [80.1415721, 12.9427799], [80.141595, 12.9428485], [80.1416637, 12.94294], [80.1416638, 12.9430084], [80.1417096, 12.9430542], [80.1417096, 12.9431227], [80.1417554, 12.9431685], [80.1417785, 12.9433511], [80.1418013, 12.9433512], [80.1418014, 12.9434881], [80.1418243, 12.9434881], [80.1418244, 12.9436706], [80.1418932, 12.9438534], [80.1418933, 12.9439447], [80.1420079, 12.9441048], [80.1420079, 12.9441733], [80.1420996, 12.9443105], [80.1420996, 12.9443562], [80.1423515, 12.9444941], [80.1423744, 12.9445398], [80.1424431, 12.9445629], [80.142489, 12.9446315], [80.142489, 12.9446999], [80.1425577, 12.9447687], [80.1425578, 12.9448371], [80.1426265, 12.9449286], [80.1426266, 12.9450199], [80.1427183, 12.9452256], [80.1427183, 12.9453168], [80.1427871, 12.945454], [80.1427872, 12.9455452], [80.1428559, 12.9456824], [80.142856, 12.9457736], [80.1429477, 12.9459793], [80.1429477, 12.9460706], [80.1430165, 12.9462077], [80.1430395, 12.9462991], [80.1430395, 12.946436], [80.1431083, 12.9465503], [80.143177, 12.9465734], [80.1433831, 12.9465743], [80.1434289, 12.9465973], [80.1435891, 12.9465295], [80.1435891, 12.9465067], [80.1437036, 12.9465071], [80.1437036, 12.9464843], [80.1439096, 12.9464852], [80.1439096, 12.9464624], [80.144482, 12.9464647], [80.144482, 12.9464419], [80.1450773, 12.9464444], [80.1450773, 12.9464216], [80.1456726, 12.946424], [80.1457184, 12.946447], [80.1459015, 12.9463793], [80.1459244, 12.9463338], [80.1459931, 12.9463113], [80.1461304, 12.9463119], [80.1461304, 12.946289], [80.1464739, 12.9462905], [80.1466342, 12.946428], [80.14668, 12.9464282], [80.1467258, 12.9464968], [80.1467716, 12.946497], [80.1468404, 12.9465885], [80.1472525, 12.9465902], [80.1472525, 12.9465674], [80.1474128, 12.9465681], [80.1480538, 12.9463882], [80.148214, 12.9463661], [80.1482598, 12.9463206], [80.1483285, 12.9463209], [80.1483513, 12.9462754], [80.14842, 12.9462757], [80.1485802, 12.9461395], [80.1485801, 12.9460254], [80.148603, 12.9460255], [80.1486029, 12.9457746], [80.1486258, 12.9457747], [80.1486257, 12.9455922], [80.1485798, 12.9455007], [80.1485798, 12.9453867], [80.148511, 12.9452723], [80.148511, 12.9451811], [80.1484422, 12.9450895], [80.1484422, 12.9450211], [80.1483047, 12.9447924], [80.1482817, 12.9446554], [80.1482359, 12.944564], [80.14819, 12.944541], [80.14819, 12.9444726], [80.1480754, 12.9442896], [80.1480524, 12.944107], [80.1480753, 12.9441071], [80.1480752, 12.9439474], [80.148121, 12.9438563], [80.1481209, 12.9437195], [80.1481437, 12.9436511], [80.148075, 12.9435824], [80.148075, 12.9435368], [80.1480063, 12.9434909], [80.1479375, 12.9433081], [80.1478229, 12.9432164], [80.1478229, 12.9431707], [80.1476855, 12.9430561], [80.1476854, 12.9430105], [80.1475709, 12.9429188], [80.147548, 12.9428274], [80.1475021, 12.9428044], [80.1474792, 12.9427131], [80.1474334, 12.9426901], [80.1473645, 12.942416], [80.14725, 12.9422331], [80.1472499, 12.9421646], [80.1472041, 12.9421188], [80.1471811, 12.9419818], [80.1471353, 12.941936], [80.1470894, 12.9417305], [80.1470436, 12.9416847], [80.1470435, 12.9415935], [80.1469977, 12.941502], [80.1469976, 12.941388], [80.1469747, 12.9413879], [80.1469288, 12.9412052], [80.1467685, 12.9412045], [80.1467685, 12.9411817], [80.1462877, 12.9411797], [80.1462877, 12.9412025], [80.1461732, 12.9412021], [80.1461733, 12.9412249], [80.1460588, 12.9412244], [80.1460588, 12.9412472], [80.1459443, 12.9412467], [80.1459443, 12.9412695], [80.1458298, 12.9412691], [80.1458299, 12.9412919], [80.1456925, 12.9412913], [80.1456925, 12.9413141], [80.145578, 12.9413137], [80.145578, 12.9413365], [80.1454406, 12.9413359], [80.1454407, 12.9413587], [80.1453262, 12.9413582], [80.1453262, 12.9413811], [80.1451888, 12.9413805], [80.1451888, 12.9414033], [80.1450743, 12.9414028], [80.1450744, 12.9414256], [80.144937, 12.9414251], [80.144937, 12.9414479], [80.1448225, 12.9414474], [80.1448225, 12.9414702], [80.144708, 12.9414698], [80.1447081, 12.9414926], [80.1445707, 12.941492], [80.1445707, 12.9415148], [80.1444562, 12.9415143], [80.1444562, 12.9415371], [80.1443189, 12.9415366], [80.1443189, 12.9415594], [80.1442044, 12.9415589], [80.1442044, 12.9415817], [80.144067, 12.9415812], [80.144067, 12.941604], [80.1439526, 12.9416035], [80.1439526, 12.9416263], [80.1438381, 12.9416258], [80.1438381, 12.9416487], [80.1437007, 12.9416481], [80.1437007, 12.9416709], [80.1435863, 12.9416704], [80.1435863, 12.9416932], [80.1434489, 12.9416927], [80.1434489, 12.9417155], [80.1433344, 12.941715], [80.1433344, 12.9417378], [80.1428765, 12.9417359], [80.1428765, 12.9417131], [80.1427162, 12.9417125], [80.1426933, 12.9416896], [80.1426018, 12.9418032]]]}}, {"type": "Feature", "properties": {"ward": "37", "zone": "3", "zone_name": "SEMBAKKAM", "area_km2": 0.511}, "geometry": {"type": "Polygon", "coordinates": [[[80.1418447, 12.9391995], [80.1419592, 12.9392456], [80.1420738, 12.9394058], [80.1421196, 12.9394288], [80.1422114, 12.9397485], [80.142326, 12.9400227], [80.1423261, 12.940114], [80.1424407, 12.9403882], [80.1424408, 12.9404795], [80.1425095, 12.9406166], [80.1425096, 12.9407079], [80.1425783, 12.940845], [80.1426013, 12.9409364], [80.1426014, 12.9411417], [80.1426243, 12.9411418], [80.1426244, 12.9412786], [80.1426473, 12.9412787], [80.1426474, 12.9414156], [80.1426703, 12.9414157], [80.1426704, 12.9415754], [80.1426933, 12.9415755], [80.1426933, 12.9416896], [80.1427162, 12.9417125], [80.1428765, 12.9417131], [80.1428765, 12.9417359], [80.1433344, 12.9417378], [80.1433344, 12.941715], [80.1434489, 12.9417155], [80.1434489, 12.9416927], [80.1435863, 12.9416932], [80.1435863, 12.9416704], [80.1437007, 12.9416709], [80.1437007, 12.9416481], [80.1438381, 12.9416487], [80.1438381, 12.9416258], [80.1439526, 12.9416263], [80.1439526, 12.9416035], [80.144067, 12.941604], [80.144067, 12.9415812], [80.1442044, 12.9415817], [80.1442044, 12.9415589], [80.1443189, 12.9415594], [80.1443189, 12.9415366], [80.1444562, 12.9415371], [80.1444562, 12.9415143], [80.1445707, 12.9415148], [80.1445707, 12.941492], [80.1447081, 12.9414926], [80.144708, 12.9414698], [80.1448225, 12.9414702], [80.1448225, 12.9414474], [80.144937, 12.9414479], [80.144937, 12.9414251], [80.1450744, 12.9414256], [80.1450743, 12.9414028], [80.1451888, 12.9414033], [80.1451888, 12.9413805], [80.1453262, 12.9413811], [80.1453262, 12.9413582], [80.1454407, 12.9413587], [80.1454406, 12.9413359], [80.145578, 12.9413365], [80.145578, 12.9413137], [80.1456925, 12.9413141], [80.1456925, 12.9412913], [80.1458299, 12.9412919], [80.1458298, 12.9412691], [80.1459443, 12.9412695], [80.1459443, 12.9412467], [80.1460588, 12.9412472], [80.1460588, 12.9412244], [80.1461733, 12.9412249], [80.1461732, 12.9412021], [80.1462877, 12.9412025], [80.1462877, 12.9411797], [80.1467685, 12.9411817], [80.1467685, 12.9412045], [80.1469288, 12.9412052], [80.1470661, 12.9411373], [80.1471119, 12.9410691], [80.1472035, 12.9410466], [80.1473637, 12.9409332], [80.1474553, 12.9409336], [80.1475468, 12.9408884], [80.1476613, 12.9408888], [80.1478444, 12.9408211], [80.1479589, 12.9408216], [80.148142, 12.9407539], [80.1482565, 12.9407544], [80.1483481, 12.9407092], [80.1484626, 12.9407096], [80.1485541, 12.9406872], [80.1485999, 12.940619], [80.1487143, 12.9405282], [80.1487372, 12.9404598], [80.1488516, 12.9404603], [80.1488516, 12.9404375], [80.148989, 12.9404152], [80.1491034, 12.9403245], [80.1491721, 12.9403476], [80.1493553, 12.9403483], [80.1493553, 12.9403711], [80.1494698, 12.9403716], [80.1495385, 12.9404175], [80.1497446, 12.9404184], [80.1497446, 12.9403956], [80.1499964, 12.9403966], [80.1501108, 12.9402602], [80.1502711, 12.9402609], [80.1502711, 12.9402837], [80.1503856, 12.940307], [80.1504771, 12.9401705], [80.1505916, 12.9401709], [80.1506831, 12.9401257], [80.150706, 12.9400802], [80.1507976, 12.9400349], [80.1508663, 12.9400352], [80.1509349, 12.9399442], [80.1509807, 12.9399444], [80.1510264, 12.9398762], [80.1510722, 12.9398764], [80.1511637, 12.9397627], [80.1512324, 12.9397401], [80.1512095, 12.9396944], [80.1512093, 12.9393294], [80.1511864, 12.9393293], [80.1511863, 12.9391925], [80.1511634, 12.9391924], [80.1511633, 12.9390555], [80.1511175, 12.938964], [80.1511174, 12.9387815], [80.1510945, 12.9387815], [80.1510944, 12.9386218], [80.1510715, 12.9386217], [80.1510714, 12.9384392], [80.1510485, 12.9384391], [80.1510484, 12.9382794], [80.1510255, 12.9382793], [80.1510254, 12.9381196], [80.1510025, 12.9381195], [80.1510023, 12.9378001], [80.1509794, 12.9378], [80.1509792, 12.937435], [80.1509563, 12.9374349], [80.1509562, 12.9372981], [80.1509104, 12.9372066], [80.1509103, 12.9370698], [80.1508645, 12.9370011], [80.1508644, 12.9369099], [80.1508186, 12.9368413], [80.1508185, 12.9367272], [80.1507727, 12.9366358], [80.1507726, 12.9364989], [80.1507497, 12.9364988], [80.1507496, 12.9363619], [80.1507267, 12.9363618], [80.1507266, 12.9361565], [80.1507037, 12.9361564], [80.1507036, 12.9360423], [80.1501083, 12.9360399], [80.1501084, 12.9360627], [80.1499252, 12.9360619], [80.1499252, 12.9360848], [80.149742, 12.936084], [80.149742, 12.9361068], [80.1495589, 12.9361061], [80.1495589, 12.9361289], [80.1493528, 12.936128], [80.1493528, 12.9361508], [80.1491468, 12.93615], [80.1491468, 12.9361728], [80.1490094, 12.9361722], [80.1490094, 12.936195], [80.1486889, 12.9361937], [80.1486889, 12.9361709], [80.1485515, 12.9361703], [80.1485515, 12.9361475], [80.1482538, 12.9361463], [80.1481164, 12.935986], [80.1480706, 12.9359859], [80.1479789, 12.9358714], [80.1478873, 12.9358482], [80.1478644, 12.9358025], [80.1476812, 12.9357105], [80.1475438, 12.9356871], [80.147498, 12.9356413], [80.1474293, 12.935641], [80.1473835, 12.9355952], [80.1472919, 12.9355948], [80.1472232, 12.9355489], [80.14704, 12.9355482], [80.1469484, 12.9355022], [80.1467881, 12.9355015], [80.1467881, 12.9354787], [80.1466049, 12.9354779], [80.1466049, 12.9354551], [80.1452769, 12.9354496], [80.1452769, 12.9354724], [80.1451625, 12.935472], [80.1451625, 12.9354948], [80.145048, 12.9354943], [80.1450252, 12.9356083], [80.1448422, 12.9359269], [80.1448422, 12.9359953], [80.1447965, 12.9360408], [80.1447965, 12.9361092], [80.1447507, 12.9361318], [80.1447508, 12.9362003], [80.1446593, 12.9363368], [80.1446593, 12.9364052], [80.1445907, 12.9364962], [80.1445678, 12.9365645], [80.1444305, 12.9366096], [80.1444076, 12.9366551], [80.1443389, 12.9366548], [80.1442931, 12.9367002], [80.1439955, 12.9367675], [80.143904, 12.936904], [80.1437209, 12.9370629], [80.1436752, 12.9370855], [80.1435836, 12.9371992], [80.1434921, 12.9372216], [80.1434463, 12.9372899], [80.1433777, 12.9373352], [80.1431716, 12.9374028], [80.1430572, 12.9374708], [80.1428969, 12.9374929], [80.1428512, 12.9375384], [80.1427596, 12.9375608], [80.1424848, 12.9375596], [80.1424849, 12.9375825], [80.1423475, 12.9375819], [80.1423475, 12.9376047], [80.1421872, 12.937604], [80.1421185, 12.9375809], [80.1420728, 12.9377176], [80.1420041, 12.937763], [80.1419813, 12.9378998], [80.1419356, 12.9379452], [80.1419128, 12.9381276], [80.1418899, 12.9381275], [80.14189, 12.9383328], [80.1418671, 12.9383327], [80.1418672, 12.9385608], [80.1418443, 12.9385608], [80.1418445, 12.9389029], [80.1418216, 12.9389028], [80.1418217, 12.9390397], [80.1417989, 12.9391309], [80.1418447, 12.9391995]]]}}, {"type": "Feature", "properties": {"ward": "38", "zone": "3", "zone_name": "SEMBAKKAM", "area_km2": 0.49}, "geometry": {"type": "Polygon", "coordinates": [[[80.1469747, 12.9413879], [80.1469976, 12.941388], [80.1469977, 12.941502], [80.1470435, 12.9415935], [80.1470436, 12.9416847], [80.1470894, 12.9417305], [80.1471353, 12.941936], [80.1471811, 12.9419818], [80.1472041, 12.9421188], [80.1472499, 12.9421646], [80.14725, 12.9422331], [80.1473645, 12.942416], [80.1474334, 12.9426901], [80.1474792, 12.9427131], [80.1475021, 12.9428044], [80.147548, 12.9428274], [80.1475709, 12.9429188], [80.1476854, 12.9430105], [80.1476855, 12.9430561], [80.1478229, 12.9431707], [80.1478229, 12.9432164], [80.1479375, 12.9433081], [80.1480063, 12.9434909], [80.148075, 12.9435368], [80.148075, 12.9435824], [80.1481437, 12.9436511], [80.1483269, 12.9436519], [80.1483269, 12.9436291], [80.1485559, 12.94363], [80.1485558, 12.9436072], [80.1487161, 12.9436079], [80.1488992, 12.9435402], [80.1489908, 12.9435406], [80.1494028, 12.9433141], [80.1495631, 12.943292], [80.1495631, 12.9432692], [80.1496775, 12.9432696], [80.1496775, 12.9432468], [80.1498836, 12.9432477], [80.1499752, 12.9433393], [80.150021, 12.9433395], [80.1500898, 12.9434538], [80.1501814, 12.9435227], [80.1502044, 12.9436368], [80.1502731, 12.9437284], [80.1502732, 12.9438196], [80.150319, 12.9438882], [80.1503191, 12.9439795], [80.1503649, 12.9440253], [80.1503649, 12.9440937], [80.1504795, 12.9442539], [80.1505024, 12.9443452], [80.1505941, 12.944414], [80.1505941, 12.9444597], [80.1509376, 12.9445523], [80.1511438, 12.9447813], [80.1511896, 12.9447815], [80.1513041, 12.9449189], [80.1516934, 12.9449205], [80.1516934, 12.9448976], [80.1518307, 12.9448982], [80.1519223, 12.9448302], [80.1521054, 12.9448081], [80.1521741, 12.9447628], [80.1523115, 12.9447861], [80.152426, 12.9448551], [80.1525863, 12.9448785], [80.1526779, 12.9449473], [80.1527466, 12.9449248], [80.1528611, 12.9449253], [80.1529526, 12.94488], [80.1530671, 12.9448805], [80.1531358, 12.944858], [80.1533189, 12.9447447], [80.1533876, 12.944745], [80.1536165, 12.944609], [80.1537538, 12.9445868], [80.1538454, 12.9445187], [80.1539141, 12.944519], [80.1539598, 12.9444736], [80.1540285, 12.9444739], [80.1540743, 12.9444284], [80.154143, 12.9444287], [80.1544175, 12.9441333], [80.15428, 12.9438133], [80.1542341, 12.9437447], [80.1540967, 12.9436529], [80.1540738, 12.9436072], [80.1539822, 12.943584], [80.1539364, 12.9435154], [80.1538219, 12.9434693], [80.153776, 12.9434006], [80.1536615, 12.9433545], [80.1536157, 12.9432859], [80.1535699, 12.9432857], [80.1535241, 12.9432171], [80.1534095, 12.943171], [80.1531575, 12.9428962], [80.1531117, 12.942896], [80.1526764, 12.942438], [80.1526307, 12.9424378], [80.1524474, 12.9422317], [80.1524244, 12.9421176], [80.1523786, 12.9420717], [80.1523556, 12.9418891], [80.1523327, 12.9418434], [80.1524929, 12.9417072], [80.1525386, 12.9416846], [80.1526073, 12.9415936], [80.1527217, 12.9415941], [80.1527217, 12.9415713], [80.1528362, 12.9415718], [80.1528362, 12.9415489], [80.1529736, 12.9415495], [80.1529736, 12.9415267], [80.153088, 12.9415272], [80.153088, 12.9415044], [80.1532025, 12.9415048], [80.1532025, 12.941482], [80.153317, 12.9414825], [80.153317, 12.9414597], [80.1534543, 12.9414602], [80.1534543, 12.9414374], [80.1535688, 12.9414379], [80.1535688, 12.9414151], [80.1536833, 12.9414156], [80.1536833, 12.9413928], [80.1537977, 12.9413932], [80.1537977, 12.9413704], [80.1539351, 12.941371], [80.1540267, 12.9413257], [80.154164, 12.9413263], [80.154164, 12.9413035], [80.1542785, 12.941304], [80.1542785, 12.9412812], [80.1544159, 12.9412817], [80.1544159, 12.9412589], [80.1545761, 12.9412596], [80.1545761, 12.9412368], [80.1547822, 12.9412376], [80.1547822, 12.9412148], [80.1548966, 12.9412153], [80.1548966, 12.9411925], [80.1550569, 12.9411931], [80.1550569, 12.9411703], [80.1552172, 12.941171], [80.1552172, 12.9411482], [80.1553774, 12.9411488], [80.155469, 12.9411036], [80.1555835, 12.941104], [80.1556292, 12.9410586], [80.1557208, 12.941059], [80.1558581, 12.9409683], [80.1558581, 12.9409227], [80.1559268, 12.9408773], [80.1559267, 12.9408317], [80.1560183, 12.9407637], [80.1560411, 12.9406497], [80.1560869, 12.9405586], [80.1561555, 12.9405133], [80.1561555, 12.9404677], [80.1561097, 12.9403762], [80.1560409, 12.9403303], [80.1560409, 12.9402847], [80.1559722, 12.9402388], [80.1559722, 12.9401932], [80.155766, 12.9400098], [80.1556973, 12.9399639], [80.1553767, 12.9398257], [80.1553537, 12.93978], [80.1550331, 12.9396418], [80.1550102, 12.9395961], [80.1547354, 12.9394809], [80.1546895, 12.9394122], [80.1546437, 12.939412], [80.1545979, 12.9393434], [80.1544834, 12.9392973], [80.1544376, 12.9392515], [80.1544375, 12.9391831], [80.1543917, 12.9391373], [80.1543917, 12.9390688], [80.1543459, 12.939023], [80.1543458, 12.9389089], [80.154277, 12.9387262], [80.1542769, 12.9386121], [80.1542311, 12.9385663], [80.1541623, 12.9382694], [80.1541394, 12.9382693], [80.1541392, 12.9380868], [80.1542079, 12.9380187], [80.1542079, 12.9379503], [80.1542765, 12.9379049], [80.1542994, 12.9378138], [80.1544596, 12.9377004], [80.154574, 12.9375411], [80.1545739, 12.9374499], [80.1546197, 12.9373816], [80.1546196, 12.9373132], [80.1546654, 12.9372678], [80.1546882, 12.937131], [80.154734, 12.9370856], [80.1547339, 12.9370171], [80.1548483, 12.9368579], [80.1550084, 12.9364936], [80.1550541, 12.9364709], [80.155077, 12.9363798], [80.155054, 12.9362884], [80.155054, 12.9361744], [80.1550311, 12.9361287], [80.1548937, 12.9361281], [80.1548937, 12.9361053], [80.1547563, 12.9361047], [80.1545731, 12.9360355], [80.1544357, 12.936035], [80.1544357, 12.9360121], [80.1542983, 12.9360116], [80.1542983, 12.9359888], [80.1540693, 12.9359878], [80.1540693, 12.9360106], [80.1538404, 12.9360097], [80.1537488, 12.9359637], [80.1535656, 12.9359629], [80.1535656, 12.9359401], [80.1534511, 12.9359396], [80.1533824, 12.9358937], [80.1532679, 12.9358933], [80.1532222, 12.9359387], [80.1530161, 12.9360063], [80.1529933, 12.9360518], [80.1529017, 12.9360742], [80.152833, 12.9361424], [80.1526041, 12.9361414], [80.1526041, 12.9361186], [80.1524209, 12.9361179], [80.1524209, 12.9360951], [80.1522377, 12.9360943], [80.1522377, 12.9360715], [80.1521232, 12.936071], [80.1521232, 12.9360482], [80.1517568, 12.9359783], [80.1516881, 12.9359324], [80.1516423, 12.935955], [80.1514821, 12.9359543], [80.1514821, 12.9359771], [80.1510928, 12.9359755], [80.1510929, 12.9359983], [80.1508868, 12.9359975], [80.1508868, 12.9360203], [80.1507723, 12.9360198], [80.1507036, 12.9360423], [80.1507037, 12.9361564], [80.1507266, 12.9361565], [80.1507267, 12.9363618], [80.1507496, 12.9363619], [80.1507497, 12.9364988], [80.1507726, 12.9364989], [80.1507727, 12.9366358], [80.1508185, 12.9367272], [80.1508186, 12.9368413], [80.1508644, 12.9369099], [80.1508645, 12.9370011], [80.1509103, 12.9370698], [80.1509104, 12.9372066], [80.1509562, 12.9372981], [80.1509563, 12.9374349], [80.1509792, 12.937435], [80.1509794, 12.9378], [80.1510023, 12.9378001], [80.1510025, 12.9381195], [80.1510254, 12.9381196], [80.1510255, 12.9382793], [80.1510484, 12.9382794], [80.1510485, 12.9384391], [80.1510714, 12.9384392], [80.1510715, 12.9386217], [80.1510944, 12.9386218], [80.1510945, 12.9387815], [80.1511174, 12.9387815], [80.1511175, 12.938964], [80.1511633, 12.9390555], [80.1511634, 12.9391924], [80.1511863, 12.9391925], [80.1511864, 12.9393293], [80.1512093, 12.9393294], [80.1512095, 12.9396944], [80.1512324, 12.9397401], [80.1511637, 12.9397627], [80.1510722, 12.9398764], [80.1510264, 12.9398762], [80.1509807, 12.9399444], [80.1509349, 12.9399442], [80.1508663, 12.9400352], [80.1507976, 12.9400349], [80.150706, 12.9400802], [80.1506831, 12.9401257], [80.1505916, 12.9401709], [80.1504771, 12.9401705], [80.1503856, 12.940307], [80.1502711, 12.9402837], [80.1502711, 12.9402609], [80.1501108, 12.9402602], [80.1499964, 12.9403966], [80.1497446, 12.9403956], [80.1497446, 12.9404184], [80.1495385, 12.9404175], [80.1494698, 12.9403716], [80.1493553, 12.9403711], [80.1493553, 12.9403483], [80.1491721, 12.9403476], [80.1491034, 12.9403245], [80.148989, 12.9404152], [80.1488516, 12.9404375], [80.1488516, 12.9404603], [80.1487372, 12.9404598], [80.1487143, 12.9405282], [80.1485999, 12.940619], [80.1485541, 12.9406872], [80.1484626, 12.9407096], [80.1483481, 12.9407092], [80.1482565, 12.9407544], [80.148142, 12.9407539], [80.1479589, 12.9408216], [80.1478444, 12.9408211], [80.1476613, 12.9408888], [80.1475468, 12.9408884], [80.1474553, 12.9409336], [80.1473637, 12.9409332], [80.1472035, 12.9410466], [80.1471119, 12.9410691], [80.1470661, 12.9411373], [80.1469288, 12.9412052], [80.1469747, 12.9413879]]]}}, {"type": "Feature", "properties": {"ward": "39", "zone": "3", "zone_name": "SEMBAKKAM", "area_km2": 1.153}, "geometry": {"type": "Polygon", "coordinates": [[[80.1517568, 12.9359783], [80.1521232, 12.9360482], [80.1521232, 12.936071], [80.1522377, 12.9360715], [80.1522377, 12.9360943], [80.1524209, 12.9360951], [80.1524209, 12.9361179], [80.1526041, 12.9361186], [80.1526041, 12.9361414], [80.152833, 12.9361424], [80.1529017, 12.9360742], [80.1529933, 12.9360518], [80.1530161, 12.9360063], [80.1532222, 12.9359387], [80.1532679, 12.9358933], [80.1533824, 12.9358937], [80.1534511, 12.9359396], [80.1535656, 12.9359401], [80.1535656, 12.9359629], [80.1537488, 12.9359637], [80.1538404, 12.9360097], [80.1540693, 12.9360106], [80.1540693, 12.9359878], [80.1542983, 12.9359888], [80.1542983, 12.9360116], [80.1544357, 12.9360121], [80.1544357, 12.936035], [80.1545731, 12.9360355], [80.1547563, 12.9361047], [80.1548937, 12.9361053], [80.1548937, 12.9361281], [80.1550311, 12.9361287], [80.155054, 12.9361744], [80.155054, 12.9362884], [80.155077, 12.9363798], [80.1552373, 12.9364717], [80.1552602, 12.9365174], [80.1553518, 12.9365406], [80.1553977, 12.9366092], [80.1555122, 12.9366553], [80.1555809, 12.9367241], [80.1556496, 12.9367243], [80.1556954, 12.9367702], [80.1557641, 12.9367704], [80.1558099, 12.9368162], [80.1559015, 12.9368166], [80.156016, 12.9368855], [80.1563366, 12.9368869], [80.1563366, 12.936864], [80.1566113, 12.9368652], [80.1566113, 12.9368424], [80.1567945, 12.9368431], [80.1567945, 12.9368203], [80.1569547, 12.936821], [80.1569547, 12.9367982], [80.1570921, 12.9367987], [80.1570921, 12.9367759], [80.1572523, 12.9367766], [80.1572523, 12.9367538], [80.1574126, 12.9367544], [80.1574126, 12.9367316], [80.1575729, 12.9367323], [80.1575729, 12.9367095], [80.1577331, 12.9367101], [80.1577331, 12.9366873], [80.1578934, 12.936688], [80.1579849, 12.9366427], [80.1581223, 12.9366433], [80.1581223, 12.9366205], [80.1582597, 12.9366211], [80.1584428, 12.9365534], [80.1588549, 12.9365551], [80.1589237, 12.9366694], [80.1589924, 12.9367153], [80.1589924, 12.936761], [80.1590612, 12.9368297], [80.1590612, 12.9368981], [80.15913, 12.9369896], [80.1591529, 12.9371038], [80.1591987, 12.9371268], [80.1591988, 12.9371952], [80.1592904, 12.9372869], [80.159382, 12.9373101], [80.1597025, 12.9373114], [80.1597025, 12.9372886], [80.1598857, 12.9372893], [80.1598857, 12.9372665], [80.1600002, 12.937267], [80.1600002, 12.9372442], [80.1601146, 12.9372446], [80.1601146, 12.9372218], [80.1602291, 12.9372223], [80.1602291, 12.9371995], [80.1603436, 12.9372], [80.1604351, 12.9371547], [80.1605496, 12.9371552], [80.1610074, 12.9370202], [80.161099, 12.9370206], [80.1611677, 12.9369752], [80.1612364, 12.9369755], [80.1612821, 12.9369301], [80.1614195, 12.9369079], [80.161511, 12.936817], [80.1616026, 12.9367945], [80.1616255, 12.936749], [80.1617171, 12.9367266], [80.1617399, 12.9366811], [80.1619459, 12.9366135], [80.1619917, 12.936568], [80.1620833, 12.9365456], [80.1622893, 12.9365464], [80.162381, 12.9365924], [80.1624725, 12.9365928], [80.1625642, 12.9366388], [80.16261, 12.9367075], [80.1626559, 12.9368445], [80.1627017, 12.9368675], [80.1628164, 12.9372786], [80.1628622, 12.9373472], [80.1628852, 12.9375298], [80.1629311, 12.9375985], [80.1629541, 12.9377811], [80.1629999, 12.9378497], [80.1629999, 12.9379409], [80.1630458, 12.9380096], [80.1630688, 12.9381922], [80.1631375, 12.9383065], [80.1631376, 12.9383749], [80.1631834, 12.9384208], [80.1631834, 12.938512], [80.1632293, 12.9385806], [80.1632293, 12.9386491], [80.1632522, 12.9386264], [80.1633667, 12.9386268], [80.1634353, 12.9385815], [80.1641678, 12.9382423], [80.1643509, 12.9381062], [80.1644196, 12.9380837], [80.1664796, 12.9370884], [80.1666627, 12.9369523], [80.1667314, 12.9369298], [80.1673037, 12.9366584], [80.1672807, 12.9365442], [80.1672349, 12.9364984], [80.1672348, 12.93643], [80.167189, 12.9363614], [80.1671889, 12.9362701], [80.1671431, 12.9362471], [80.1670515, 12.9361327], [80.1670057, 12.9361325], [80.1669141, 12.9360637], [80.1668225, 12.9360633], [80.1666393, 12.9359941], [80.1661814, 12.9359922], [80.1655633, 12.9362178], [80.1654717, 12.9362174], [80.1653802, 12.9362627], [80.1652428, 12.9362621], [80.1652428, 12.9362849], [80.1651054, 12.9362843], [80.1651054, 12.9363071], [80.164968, 12.9363066], [80.1648993, 12.9362379], [80.1648535, 12.9362377], [80.1647619, 12.9361232], [80.1647161, 12.936123], [80.1643953, 12.9357795], [80.1643495, 12.9357793], [80.1642579, 12.9356649], [80.1642121, 12.9356647], [80.1641663, 12.9355961], [80.1641205, 12.9355959], [80.1640517, 12.9355044], [80.1640059, 12.9355042], [80.1639372, 12.9354126], [80.1638914, 12.9354124], [80.1638456, 12.9353438], [80.1637998, 12.9353436], [80.163731, 12.9352521], [80.1636853, 12.9352519], [80.1636394, 12.9351833], [80.1635936, 12.9351831], [80.1635249, 12.9350916], [80.1634791, 12.9350914], [80.1634104, 12.9349998], [80.1633646, 12.9349996], [80.1633187, 12.934931], [80.1632729, 12.9349308], [80.1632042, 12.9348393], [80.1631584, 12.9348391], [80.1630897, 12.9347476], [80.1630439, 12.9347474], [80.162998, 12.9346788], [80.1629522, 12.9346786], [80.1628835, 12.934587], [80.1628377, 12.9345868], [80.162769, 12.9344953], [80.1627232, 12.9344951], [80.1626773, 12.9344265], [80.1626315, 12.9344263], [80.1625628, 12.9343348], [80.162517, 12.9343346], [80.1624712, 12.934266], [80.1624254, 12.9342658], [80.1623566, 12.9341742], [80.1623109, 12.934174], [80.1622421, 12.9340825], [80.1621963, 12.9340823], [80.1621505, 12.9340137], [80.1621047, 12.9340135], [80.162036, 12.933922], [80.1619902, 12.9339218], [80.1619443, 12.9338532], [80.1618298, 12.9338071], [80.161784, 12.9337384], [80.1616695, 12.9336923], [80.1616237, 12.9336237], [80.1615779, 12.9336235], [80.161532, 12.9335549], [80.1614175, 12.9335088], [80.1613717, 12.9334402], [80.1613259, 12.93344], [80.1612801, 12.9333714], [80.1611656, 12.9333253], [80.1611197, 12.9332566], [80.1610052, 12.9332105], [80.1609594, 12.9331419], [80.1609136, 12.9331417], [80.1608678, 12.9330731], [80.1607533, 12.933027], [80.1606616, 12.9329126], [80.1604784, 12.9327749], [80.1604783, 12.9327293], [80.1604096, 12.9326834], [80.1604096, 12.9325921], [80.1603638, 12.9325691], [80.1603408, 12.9324778], [80.1603407, 12.9323637], [80.1602949, 12.9322723], [80.1602948, 12.9321582], [80.1602719, 12.9321581], [80.1602718, 12.9320213], [80.160249, 12.9320212], [80.1602489, 12.9318843], [80.160226, 12.9318842], [80.1602259, 12.9317473], [80.160203, 12.9317472], [80.1602029, 12.9316332], [80.16018, 12.9316331], [80.16018, 12.9314962], [80.1601571, 12.9314961], [80.160157, 12.9313592], [80.1601341, 12.9313591], [80.160134, 12.9312223], [80.1601111, 12.9312222], [80.160111, 12.9310853], [80.1600881, 12.9310852], [80.1600881, 12.9309711], [80.1600652, 12.930971], [80.1600651, 12.9308342], [80.1600422, 12.9308341], [80.1600421, 12.9306972], [80.1599963, 12.9306514], [80.1599962, 12.9305601], [80.1599504, 12.9305143], [80.1599504, 12.9304459], [80.1598358, 12.9302629], [80.1597671, 12.930217], [80.1596984, 12.9302167], [80.159561, 12.9301249], [80.1593777, 12.9300329], [80.1593089, 12.9298501], [80.1592402, 12.9297814], [80.1592402, 12.9296901], [80.1591714, 12.9295986], [80.1591714, 12.9295302], [80.1591256, 12.9295072], [80.159011, 12.9293014], [80.1588507, 12.9292551], [80.1586445, 12.9291174], [80.1585758, 12.9291171], [80.1585758, 12.9290486], [80.15853, 12.9290028], [80.158507, 12.9288659], [80.1584612, 12.92882], [80.1584611, 12.9287516], [80.1583924, 12.9286373], [80.1583694, 12.9284547], [80.1583006, 12.9283175], [80.1582088, 12.9279521], [80.1580713, 12.9277234], [80.1580713, 12.927655], [80.1578879, 12.9273349], [80.1577503, 12.9269921], [80.1576816, 12.9269462], [80.1576816, 12.9269006], [80.1574983, 12.9266945], [80.1574525, 12.9266715], [80.1571091, 12.9266701], [80.157109, 12.9266473], [80.1567655, 12.926509], [80.1567655, 12.9263949], [80.1568112, 12.9263039], [80.1568111, 12.9261898], [80.156834, 12.9261899], [80.1568339, 12.926053], [80.1569026, 12.9259849], [80.1569254, 12.9258709], [80.1569712, 12.9258255], [80.1569711, 12.925757], [80.1570398, 12.9256433], [80.1570396, 12.9254151], [80.1569938, 12.9253921], [80.1570624, 12.9252099], [80.1571311, 12.9251646], [80.1571768, 12.9250279], [80.1572225, 12.9249596], [80.1573141, 12.9249372], [80.1573599, 12.924869], [80.157543, 12.9247328], [80.1575886, 12.9245505], [80.1576344, 12.9245051], [80.1576572, 12.9244139], [80.157657, 12.9239577], [80.1576341, 12.9239576], [80.157634, 12.9237295], [80.1575424, 12.9237063], [80.1574965, 12.9236605], [80.1574049, 12.9236601], [80.1572217, 12.9235909], [80.1566722, 12.9235886], [80.1566722, 12.9236114], [80.156283, 12.9236098], [80.156283, 12.9236326], [80.156077, 12.9236318], [80.1559854, 12.9236542], [80.1559167, 12.9236996], [80.1558022, 12.9236991], [80.1557565, 12.9237445], [80.1556878, 12.9237442], [80.155642, 12.9237897], [80.1555733, 12.9237894], [80.1555277, 12.9239945], [80.1554819, 12.9240399], [80.1554819, 12.9241084], [80.1552988, 12.9241989], [80.1552302, 12.9242898], [80.1551157, 12.924335], [80.15507, 12.9244032], [80.1549555, 12.9244484], [80.1549098, 12.9245166], [80.1548182, 12.9245391], [80.154864, 12.9246077], [80.1548641, 12.9246761], [80.1549328, 12.9247677], [80.1549329, 12.9248361], [80.1550016, 12.9249276], [80.1550246, 12.9250646], [80.1550704, 12.9250876], [80.1550704, 12.9251789], [80.1551163, 12.9252247], [80.1551163, 12.9253159], [80.1551622, 12.9254074], [80.1551622, 12.9255214], [80.1552081, 12.9256129], [80.1552081, 12.9257269], [80.155254, 12.9258184], [80.155254, 12.9259324], [80.1553228, 12.9261152], [80.1553229, 12.9262293], [80.1553688, 12.9263207], [80.1553688, 12.9264348], [80.1553917, 12.9264349], [80.1553918, 12.9265489], [80.1554147, 12.926549], [80.1554147, 12.9266631], [80.1554376, 12.9266632], [80.1554377, 12.9267773], [80.1554606, 12.9267773], [80.1554607, 12.9268914], [80.1554836, 12.9268915], [80.1554836, 12.9270056], [80.1555065, 12.9270057], [80.1555066, 12.9271197], [80.1555295, 12.9271198], [80.1555296, 12.9272339], [80.1555525, 12.927234], [80.1555525, 12.927348], [80.1555754, 12.9273481], [80.1555755, 12.9274622], [80.1555984, 12.9274623], [80.1555985, 12.9276904], [80.1556214, 12.9276905], [80.1556216, 12.9279414], [80.1555758, 12.9280325], [80.1555761, 12.9284888], [80.155599, 12.9284889], [80.1555991, 12.9286485], [80.155622, 12.9286486], [80.1556221, 12.9289224], [80.1555764, 12.9289678], [80.1555764, 12.9290591], [80.1555078, 12.9291957], [80.1554391, 12.9292182], [80.1553018, 12.9292176], [80.1553018, 12.9292404], [80.155027, 12.9292393], [80.155027, 12.9292621], [80.1547294, 12.9292609], [80.1547294, 12.9292837], [80.154592, 12.9292831], [80.154592, 12.9293059], [80.1544776, 12.9293055], [80.1544776, 12.9293283], [80.1543173, 12.9293276], [80.1543173, 12.9293504], [80.154157, 12.9293498], [80.1541112, 12.929304], [80.1540196, 12.9293036], [80.1539051, 12.9292347], [80.1538364, 12.9292344], [80.1535158, 12.9290506], [80.1533784, 12.9290272], [80.1533326, 12.9289814], [80.1532639, 12.9289811], [80.1531952, 12.9289352], [80.1530578, 12.9289346], [80.1530578, 12.9289118], [80.1510658, 12.9289036], [80.1510658, 12.9289264], [80.1506308, 12.9289246], [80.1506308, 12.9289474], [80.1504934, 12.9289468], [80.1504248, 12.9289922], [80.1502874, 12.9289916], [80.1502645, 12.9290828], [80.1502188, 12.929151], [80.1502189, 12.9293335], [80.150196, 12.9293334], [80.1501961, 12.9295615], [80.150219, 12.9295616], [80.1502191, 12.9296985], [80.1503109, 12.9299726], [80.1503109, 12.9300867], [80.1504256, 12.9304522], [80.1504257, 12.9305662], [80.1505404, 12.9309317], [80.1505404, 12.9310458], [80.1505633, 12.9310459], [80.1506552, 12.9315025], [80.150701, 12.9315483], [80.1508157, 12.9319594], [80.1508616, 12.9320052], [80.1509533, 12.9323478], [80.1509992, 12.9323936], [80.1510909, 12.9327362], [80.1511368, 12.932782], [80.1512056, 12.933056], [80.1512514, 12.9331018], [80.1513432, 12.9334444], [80.151389, 12.9334902], [80.1514808, 12.9338328], [80.1515266, 12.9338786], [80.1516184, 12.9342211], [80.1516642, 12.9342669], [80.1516643, 12.9343354], [80.1517101, 12.934404], [80.1517331, 12.9344954], [80.1517332, 12.9347919], [80.1517561, 12.934792], [80.1517565, 12.9354308], [80.1517336, 12.9354307], [80.1517337, 12.935636], [80.1517108, 12.9356359], [80.151711, 12.9358412], [80.1516881, 12.9359324], [80.1517568, 12.9359783]]]}}, {"type": "Feature", "properties": {"ward": "40", "zone": "3", "zone_name": "SEMBAKKAM", "area_km2": 2.076}, "geometry": {"type": "Polygon", "coordinates": [[[80.1576341, 12.9239576], [80.157657, 12.9239577], [80.1576572, 12.9244139], [80.1576344, 12.9245051], [80.1575886, 12.9245505], [80.157543, 12.9247328], [80.1573599, 12.924869], [80.1573141, 12.9249372], [80.1572225, 12.9249596], [80.1571768, 12.9250279], [80.1571311, 12.9251646], [80.1570624, 12.9252099], [80.1569938, 12.9253921], [80.1570396, 12.9254151], [80.1570398, 12.9256433], [80.1569711, 12.925757], [80.1569712, 12.9258255], [80.1569254, 12.9258709], [80.1569026, 12.9259849], [80.1568339, 12.926053], [80.156834, 12.9261899], [80.1568111, 12.9261898], [80.1568112, 12.9263039], [80.1567655, 12.9263949], [80.1567655, 12.926509], [80.157109, 12.9266473], [80.1571091, 12.9266701], [80.1574525, 12.9266715], [80.1574983, 12.9266945], [80.1576816, 12.9269006], [80.1576816, 12.9269462], [80.1577503, 12.9269921], [80.1578879, 12.9273349], [80.1580713, 12.927655], [80.1580713, 12.9277234], [80.1582088, 12.9279521], [80.1583006, 12.9283175], [80.1583694, 12.9284547], [80.1583924, 12.9286373], [80.1584611, 12.9287516], [80.1584612, 12.92882], [80.158507, 12.9288659], [80.15853, 12.9290028], [80.1585758, 12.9290486], [80.1585758, 12.9291171], [80.1586445, 12.9291174], [80.1588507, 12.9292551], [80.159011, 12.9293014], [80.1591256, 12.9295072], [80.1591714, 12.9295302], [80.1591714, 12.9295986], [80.1592402, 12.9296901], [80.1592402, 12.9297814], [80.1593089, 12.9298501], [80.1593777, 12.9300329], [80.159561, 12.9301249], [80.1596984, 12.9302167], [80.1597671, 12.930217], [80.1598358, 12.9302629], [80.1599504, 12.9304459], [80.1599504, 12.9305143], [80.1599962, 12.9305601], [80.1599963, 12.9306514], [80.1600421, 12.9306972], [80.1600422, 12.9308341], [80.1600651, 12.9308342], [80.1600652, 12.930971], [80.1600881, 12.9309711], [80.1600881, 12.9310852], [80.160111, 12.9310853], [80.1601111, 12.9312222], [80.160134, 12.9312223], [80.1601341, 12.9313591], [80.160157, 12.9313592], [80.1601571, 12.9314961], [80.16018, 12.9314962], [80.16018, 12.9316331], [80.1602029, 12.9316332], [80.160203, 12.9317472], [80.1602259, 12.9317473], [80.160226, 12.9318842], [80.1602489, 12.9318843], [80.160249, 12.9320212], [80.1602718, 12.9320213], [80.1602719, 12.9321581], [80.1602948, 12.9321582], [80.1602949, 12.9322723], [80.1603407, 12.9323637], [80.1603408, 12.9324778], [80.1603638, 12.9325691], [80.1604096, 12.9325921], [80.1604096, 12.9326834], [80.1604783, 12.9327293], [80.1604784, 12.9327749], [80.1606616, 12.9329126], [80.1607533, 12.933027], [80.1608678, 12.9330731], [80.1609136, 12.9331417], [80.1609594, 12.9331419], [80.1610052, 12.9332105], [80.1611197, 12.9332566], [80.1611656, 12.9333253], [80.1612801, 12.9333714], [80.1613259, 12.93344], [80.1613717, 12.9334402], [80.1614175, 12.9335088], [80.161532, 12.9335549], [80.1615779, 12.9336235], [80.1616237, 12.9336237], [80.1616695, 12.9336923], [80.161784, 12.9337384], [80.1618298, 12.9338071], [80.1619443, 12.9338532], [80.1619902, 12.9339218], [80.162036, 12.933922], [80.1621047, 12.9340135], [80.1621505, 12.9340137], [80.1621963, 12.9340823], [80.1622421, 12.9340825], [80.1623109, 12.934174], [80.1623566, 12.9341742], [80.1624254, 12.9342658], [80.1624712, 12.934266], [80.162517, 12.9343346], [80.1625628, 12.9343348], [80.1626315, 12.9344263], [80.1626773, 12.9344265], [80.1627232, 12.9344951], [80.162769, 12.9344953], [80.1628377, 12.9345868], [80.1628835, 12.934587], [80.1629522, 12.9346786], [80.162998, 12.9346788], [80.1630439, 12.9347474], [80.1630897, 12.9347476], [80.1631584, 12.9348391], [80.1632042, 12.9348393], [80.1632729, 12.9349308], [80.1633187, 12.934931], [80.1633646, 12.9349996], [80.1634104, 12.9349998], [80.1634791, 12.9350914], [80.1635249, 12.9350916], [80.1635936, 12.9351831], [80.1636394, 12.9351833], [80.1636853, 12.9352519], [80.163731, 12.9352521], [80.1637998, 12.9353436], [80.1638456, 12.9353438], [80.1638914, 12.9354124], [80.1639372, 12.9354126], [80.1640059, 12.9355042], [80.1640517, 12.9355044], [80.1641205, 12.9355959], [80.1641663, 12.9355961], [80.1642121, 12.9356647], [80.1642579, 12.9356649], [80.1643495, 12.9357793], [80.1643953, 12.9357795], [80.1647161, 12.936123], [80.1647619, 12.9361232], [80.1648535, 12.9362377], [80.1648993, 12.9362379], [80.164968, 12.9363066], [80.1651054, 12.9363071], [80.1651054, 12.9362843], [80.1652428, 12.9362849], [80.1652428, 12.9362621], [80.1653802, 12.9362627], [80.1654717, 12.9362174], [80.1655633, 12.9362178], [80.1661814, 12.9359922], [80.1666393, 12.9359941], [80.1668225, 12.9360633], [80.1669141, 12.9360637], [80.1670057, 12.9361325], [80.1670515, 12.9361327], [80.1671431, 12.9362471], [80.1671889, 12.9362701], [80.167189, 12.9363614], [80.1672348, 12.93643], [80.1672349, 12.9364984], [80.1672807, 12.9365442], [80.1673037, 12.9366584], [80.1673723, 12.9366131], [80.1677386, 12.9364549], [80.1677385, 12.9364093], [80.1678072, 12.9364095], [80.1678758, 12.9362958], [80.1678757, 12.9361133], [80.1678986, 12.9361134], [80.1678985, 12.9359081], [80.1679214, 12.9359081], [80.1679213, 12.9357256], [80.1679442, 12.9357257], [80.1679441, 12.9355204], [80.167967, 12.9355205], [80.1679669, 12.935338], [80.1679898, 12.9353381], [80.1679897, 12.9351556], [80.1680126, 12.9351557], [80.1680124, 12.9349504], [80.1680353, 12.9349505], [80.1680352, 12.934768], [80.1680581, 12.9347681], [80.168058, 12.9345628], [80.1680809, 12.9345629], [80.1680808, 12.9343804], [80.1681037, 12.9343805], [80.1681036, 12.9341752], [80.1681265, 12.9341753], [80.1681264, 12.9339928], [80.1681492, 12.9339928], [80.1681491, 12.9338103], [80.168172, 12.9338104], [80.1681719, 12.9336051], [80.1681948, 12.9336052], [80.1681947, 12.9334227], [80.1682176, 12.9334228], [80.1682175, 12.9332175], [80.1682404, 12.9332176], [80.1682403, 12.9330351], [80.1682632, 12.9330352], [80.168263, 12.9328299], [80.1682859, 12.93283], [80.1682858, 12.9326475], [80.1683087, 12.9326476], [80.1683086, 12.9324651], [80.1683315, 12.9324652], [80.1683314, 12.9322599], [80.1683543, 12.93226], [80.1686971, 12.9311664], [80.1687429, 12.9311209], [80.1687428, 12.9310525], [80.1690171, 12.9303008], [80.1690171, 12.9302096], [80.1691542, 12.9297539], [80.1691541, 12.9296398], [80.1692912, 12.9291841], [80.1692912, 12.9290701], [80.1694511, 12.9285232], [80.1694511, 12.9284092], [80.169611, 12.9278623], [80.1696109, 12.9277483], [80.1697481, 12.9272926], [80.169748, 12.9271785], [80.1699079, 12.9266317], [80.1699079, 12.9265176], [80.1699993, 12.9262443], [80.1699992, 12.9260618], [80.1699763, 12.9260617], [80.1699762, 12.9258336], [80.1699533, 12.9258335], [80.1699531, 12.9256053], [80.1699302, 12.9256052], [80.1699301, 12.9253771], [80.1699072, 12.925377], [80.1699071, 12.9251489], [80.1698842, 12.9251488], [80.169884, 12.9248979], [80.1698611, 12.9248978], [80.169861, 12.9246696], [80.1698381, 12.9246695], [80.169838, 12.9244414], [80.1698151, 12.9244413], [80.1698149, 12.9242132], [80.169792, 12.9242131], [80.1697919, 12.923985], [80.169769, 12.9239849], [80.1697689, 12.9237568], [80.169746, 12.9237567], [80.1697458, 12.9235057], [80.1697229, 12.9235056], [80.1697228, 12.9232775], [80.1696999, 12.9232774], [80.1696998, 12.9230493], [80.1696769, 12.9230492], [80.1696768, 12.9228211], [80.1696539, 12.922821], [80.1696537, 12.9225929], [80.1696308, 12.9225928], [80.1696307, 12.9223418], [80.1696078, 12.9223417], [80.1696076, 12.9221136], [80.1695847, 12.9220223], [80.1694473, 12.9219076], [80.1693099, 12.9219071], [80.1693099, 12.9219299], [80.1691496, 12.9219292], [80.1691267, 12.9218835], [80.1691266, 12.9217466], [80.1691037, 12.9216553], [80.1690578, 12.9215867], [80.1690348, 12.9214041], [80.1689661, 12.9212897], [80.168966, 12.9211528], [80.168943, 12.9210615], [80.1688743, 12.9209471], [80.1688742, 12.9207875], [80.1688971, 12.9207876], [80.168897, 12.9206735], [80.1688741, 12.9206734], [80.1688053, 12.920445], [80.1687137, 12.9203534], [80.1687136, 12.9202165], [80.1686906, 12.9201251], [80.1686219, 12.9200108], [80.1686218, 12.9198739], [80.1685989, 12.9197826], [80.1686904, 12.9197373], [80.168782, 12.9197377], [80.168988, 12.9196473], [80.1690796, 12.9196477], [80.1692169, 12.9195798], [80.1693085, 12.9195802], [80.1693314, 12.9195347], [80.1694459, 12.9195351], [80.1695374, 12.9195127], [80.1695603, 12.9194672], [80.1696748, 12.9194676], [80.1696748, 12.9194448], [80.1697892, 12.9194225], [80.1698121, 12.9193542], [80.1698579, 12.9193315], [80.1698578, 12.9191718], [80.1698348, 12.9190805], [80.1697661, 12.9189662], [80.169766, 12.9188293], [80.1696972, 12.9187149], [80.1696972, 12.9185781], [80.1696284, 12.9184637], [80.1696283, 12.9183268], [80.1695596, 12.9182125], [80.1695595, 12.9180756], [80.1694907, 12.9179613], [80.1694907, 12.9178244], [80.1694219, 12.91771], [80.1694218, 12.9175732], [80.169376, 12.9175045], [80.1693988, 12.9174134], [80.1693987, 12.9171625], [80.1694216, 12.9171625], [80.1694215, 12.9170029], [80.1693757, 12.9169342], [80.1691693, 12.9164771], [80.1691235, 12.9164541], [80.1690318, 12.9162713], [80.1689631, 12.9162253], [80.1685964, 12.9156307], [80.1685048, 12.9155619], [80.1684819, 12.9154705], [80.1684818, 12.9153337], [80.1684589, 12.9153336], [80.1684588, 12.9151967], [80.1684359, 12.9151966], [80.1684358, 12.9150597], [80.1684129, 12.9150596], [80.1684128, 12.9149228], [80.16839, 12.9149227], [80.1683899, 12.9147858], [80.1683669, 12.9146945], [80.1683211, 12.9146258], [80.1682295, 12.9145798], [80.1680921, 12.9145793], [80.1680921, 12.9145564], [80.167886, 12.9145556], [80.1677945, 12.9146465], [80.1677029, 12.9146689], [80.1675884, 12.9146684], [80.1675884, 12.9146456], [80.1666955, 12.9146419], [80.1666955, 12.9146647], [80.1665352, 12.9146641], [80.1664664, 12.9145269], [80.1663977, 12.9145038], [80.1663977, 12.9144582], [80.166329, 12.9144351], [80.1660772, 12.9145025], [80.1660543, 12.914548], [80.1659627, 12.9145476], [80.1658712, 12.9146157], [80.1658025, 12.9146154], [80.165711, 12.9146835], [80.1655507, 12.9147284], [80.1655279, 12.914774], [80.1654363, 12.9147736], [80.1653676, 12.9148646], [80.1652761, 12.914887], [80.1651387, 12.9148864], [80.1651387, 12.9149092], [80.1650013, 12.9149087], [80.1650013, 12.9149315], [80.164864, 12.9149309], [80.164864, 12.9149537], [80.1647266, 12.9149532], [80.1647266, 12.914976], [80.1645892, 12.9149754], [80.1645892, 12.9149982], [80.1644519, 12.9149977], [80.1644519, 12.9150205], [80.1643145, 12.9150199], [80.1643145, 12.9150427], [80.1641771, 12.9150421], [80.1641772, 12.915065], [80.1640398, 12.9150644], [80.1640398, 12.9150872], [80.1639253, 12.9150867], [80.1639253, 12.9151095], [80.1637422, 12.9151316], [80.1637422, 12.9151772], [80.1636735, 12.9152454], [80.1636965, 12.9153139], [80.1636966, 12.9154508], [80.1637195, 12.9154509], [80.1637195, 12.9155878], [80.1637424, 12.9155879], [80.1637425, 12.9157247], [80.1637654, 12.9157248], [80.1637656, 12.916067], [80.1637427, 12.9160669], [80.1637428, 12.916181], [80.163697, 12.9162264], [80.1636971, 12.9163177], [80.1636285, 12.9164314], [80.1636285, 12.9164999], [80.1635827, 12.9165453], [80.1635599, 12.9166821], [80.1635141, 12.9167275], [80.1635142, 12.916796], [80.1634684, 12.9168414], [80.1634685, 12.9169098], [80.1634227, 12.9169553], [80.1634227, 12.9170237], [80.163377, 12.9170691], [80.163377, 12.9171376], [80.1633313, 12.9172058], [80.1633313, 12.9172971], [80.1632855, 12.9173425], [80.1632627, 12.9175021], [80.1632169, 12.9175019], [80.163217, 12.9176388], [80.1631484, 12.917821], [80.1631485, 12.9179351], [80.1631256, 12.917935], [80.1631257, 12.9180719], [80.1631028, 12.9180718], [80.1631033, 12.9188702], [80.1631262, 12.9188703], [80.1631265, 12.9193722], [80.1630807, 12.9194404], [80.1631037, 12.9195318], [80.1631037, 12.9196458], [80.1631266, 12.9196459], [80.1631267, 12.9197828], [80.1631496, 12.9197829], [80.1631497, 12.9199426], [80.1631726, 12.9199883], [80.1631268, 12.9200109], [80.163127, 12.9202619], [80.1631499, 12.9202619], [80.1631507, 12.9216535], [80.1631736, 12.9216536], [80.1631737, 12.9218817], [80.1631508, 12.9218816], [80.1631509, 12.9220641], [80.163128, 12.922064], [80.1631052, 12.9222464], [80.1630366, 12.9223374], [80.1629679, 12.9223827], [80.1628764, 12.9224052], [80.1627162, 12.9225186], [80.1626475, 12.9225183], [80.1622354, 12.9226763], [80.1621439, 12.9226759], [80.1615945, 12.9228789], [80.1615029, 12.9228786], [80.1609535, 12.9230816], [80.1608619, 12.9230812], [80.1606559, 12.9231716], [80.1604727, 12.9231937], [80.1603354, 12.9232616], [80.1602209, 12.9232611], [80.1602209, 12.9232839], [80.1601065, 12.9232834], [80.1601065, 12.9233062], [80.1599004, 12.9233054], [80.1599004, 12.9233282], [80.1596944, 12.9233273], [80.1596944, 12.9233502], [80.1595112, 12.9233494], [80.1595112, 12.9233722], [80.1593052, 12.9233714], [80.1593052, 12.9233942], [80.1590991, 12.9233933], [80.1590991, 12.9234161], [80.1589159, 12.9234154], [80.158916, 12.9234382], [80.1587099, 12.9234373], [80.1587099, 12.9234602], [80.1585038, 12.9234593], [80.1585039, 12.9234821], [80.1583207, 12.9234814], [80.1583207, 12.9235042], [80.1581375, 12.9235034], [80.1580918, 12.9235489], [80.1578628, 12.9235935], [80.15784, 12.9236391], [80.1577255, 12.9236614], [80.157634, 12.9237295], [80.1576341, 12.9239576]]]}}, {"type": "Feature", "properties": {"ward": "41", "zone": "3", "zone_name": "SEMBAKKAM", "area_km2": 1.113}, "geometry": {"type": "Polygon", "coordinates": [[[80.1546748, 12.9141588], [80.1549038, 12.9142967], [80.1549496, 12.9143653], [80.1549726, 12.9144566], [80.1550184, 12.9144796], [80.1550413, 12.914571], [80.1550871, 12.914594], [80.1551101, 12.9146853], [80.1551559, 12.9147083], [80.1552476, 12.9148684], [80.1552934, 12.9148686], [80.155385, 12.9149602], [80.1554766, 12.9149834], [80.1554995, 12.9150291], [80.1555682, 12.9150294], [80.155614, 12.9150752], [80.1557514, 12.9150986], [80.1557972, 12.9151444], [80.1558659, 12.9151447], [80.1559346, 12.9151906], [80.1559805, 12.915282], [80.1560721, 12.9153509], [80.1560721, 12.9153965], [80.1561409, 12.9154424], [80.1561409, 12.915488], [80.1562096, 12.9155339], [80.1562097, 12.9156252], [80.1562784, 12.9157623], [80.1562785, 12.9158764], [80.1563243, 12.9159678], [80.1563245, 12.9162416], [80.1563474, 12.9162417], [80.1563475, 12.9164926], [80.1563704, 12.9164927], [80.1563706, 12.9167665], [80.1563935, 12.9167666], [80.1563936, 12.9170175], [80.1564165, 12.9170176], [80.1564167, 12.9172685], [80.1564396, 12.9172686], [80.1564397, 12.9175424], [80.1564626, 12.9175425], [80.1564627, 12.9176565], [80.1564856, 12.9177479], [80.1565544, 12.9178394], [80.1565544, 12.9179078], [80.1565087, 12.9179305], [80.1565088, 12.9182042], [80.1564859, 12.9182041], [80.156486, 12.9184094], [80.1564631, 12.9184093], [80.1564175, 12.9186373], [80.1563488, 12.9186826], [80.1562572, 12.918705], [80.1562344, 12.9187506], [80.1561428, 12.918773], [80.1560741, 12.9188184], [80.1560513, 12.9188867], [80.1559827, 12.9189777], [80.1559827, 12.9190917], [80.155937, 12.9191828], [80.1559372, 12.9195706], [80.1559143, 12.9195705], [80.1559145, 12.9198671], [80.1559374, 12.9198672], [80.1559375, 12.9200497], [80.1559604, 12.9200498], [80.1559605, 12.9202323], [80.1559834, 12.9202323], [80.1559835, 12.920392], [80.1560064, 12.9203921], [80.1560065, 12.9205518], [80.1559378, 12.92062], [80.155892, 12.9206198], [80.1558463, 12.920688], [80.1558005, 12.9206878], [80.1557319, 12.9207788], [80.1556861, 12.9207786], [80.1556403, 12.9208469], [80.1555716, 12.9208466], [80.155503, 12.9208919], [80.1554114, 12.9208915], [80.1553427, 12.9209369], [80.1549764, 12.9210266], [80.1548849, 12.9210947], [80.1548162, 12.9210944], [80.1547933, 12.9211399], [80.154656, 12.921185], [80.1545873, 12.921276], [80.1545645, 12.9213671], [80.1545646, 12.9215496], [80.1545417, 12.9215495], [80.1545418, 12.9216636], [80.154496, 12.921709], [80.1544961, 12.9218231], [80.1546335, 12.9219833], [80.1546565, 12.922029], [80.1546565, 12.9221431], [80.154565, 12.922234], [80.1545654, 12.9228499], [80.1545883, 12.92285], [80.1545884, 12.9230325], [80.1546113, 12.9230326], [80.1546343, 12.9232152], [80.1547946, 12.9233527], [80.1548862, 12.9233759], [80.1549091, 12.9234216], [80.1550007, 12.9234677], [80.1552298, 12.923537], [80.1552527, 12.9235828], [80.1553443, 12.9236059], [80.1553672, 12.9236517], [80.1554588, 12.9236749], [80.1555046, 12.9237435], [80.1555733, 12.9237894], [80.155642, 12.9237897], [80.1556878, 12.9237442], [80.1557565, 12.9237445], [80.1558022, 12.9236991], [80.1559167, 12.9236996], [80.1559854, 12.9236542], [80.156077, 12.9236318], [80.156283, 12.9236326], [80.156283, 12.9236098], [80.1566722, 12.9236114], [80.1566722, 12.9235886], [80.1572217, 12.9235909], [80.1574049, 12.9236601], [80.1574965, 12.9236605], [80.1575424, 12.9237063], [80.157634, 12.9237295], [80.1577255, 12.9236614], [80.15784, 12.9236391], [80.1578628, 12.9235935], [80.1580918, 12.9235489], [80.1581375, 12.9235034], [80.1583207, 12.9235042], [80.1583207, 12.9234814], [80.1585039, 12.9234821], [80.1585038, 12.9234593], [80.1587099, 12.9234602], [80.1587099, 12.9234373], [80.158916, 12.9234382], [80.1589159, 12.9234154], [80.1590991, 12.9234161], [80.1590991, 12.9233933], [80.1593052, 12.9233942], [80.1593052, 12.9233714], [80.1595112, 12.9233722], [80.1595112, 12.9233494], [80.1596944, 12.9233502], [80.1596944, 12.9233273], [80.1599004, 12.9233282], [80.1599004, 12.9233054], [80.1601065, 12.9233062], [80.1601065, 12.9232834], [80.1602209, 12.9232839], [80.1602209, 12.9232611], [80.1603354, 12.9232616], [80.1604727, 12.9231937], [80.1606559, 12.9231716], [80.1608619, 12.9230812], [80.1609535, 12.9230816], [80.1615029, 12.9228786], [80.1615945, 12.9228789], [80.1621439, 12.9226759], [80.1622354, 12.9226763], [80.1626475, 12.9225183], [80.1627162, 12.9225186], [80.1628764, 12.9224052], [80.1629679, 12.9223827], [80.1630366, 12.9223374], [80.1631052, 12.9222464], [80.163128, 12.922064], [80.1631509, 12.9220641], [80.1631508, 12.9218816], [80.1631737, 12.9218817], [80.1631736, 12.9216536], [80.1631507, 12.9216535], [80.1631499, 12.9202619], [80.163127, 12.9202619], [80.1631268, 12.9200109], [80.1631726, 12.9199883], [80.1631497, 12.9199426], [80.1631496, 12.9197829], [80.1631267, 12.9197828], [80.1631266, 12.9196459], [80.1631037, 12.9196458], [80.1631037, 12.9195318], [80.1630807, 12.9194404], [80.1631265, 12.9193722], [80.1631262, 12.9188703], [80.1631033, 12.9188702], [80.1631028, 12.9180718], [80.1631257, 12.9180719], [80.1631256, 12.917935], [80.1631485, 12.9179351], [80.1631484, 12.917821], [80.163217, 12.9176388], [80.1632169, 12.9175019], [80.1632627, 12.9175021], [80.1632855, 12.9173425], [80.1633313, 12.9172971], [80.1633313, 12.9172058], [80.163377, 12.9171376], [80.163377, 12.9170691], [80.1634227, 12.9170237], [80.1634227, 12.9169553], [80.1634685, 12.9169098], [80.1634684, 12.9168414], [80.1635142, 12.916796], [80.1635141, 12.9167275], [80.1635599, 12.9166821], [80.1635827, 12.9165453], [80.1636285, 12.9164999], [80.1636285, 12.9164314], [80.1636971, 12.9163177], [80.163697, 12.9162264], [80.1637428, 12.916181], [80.1637427, 12.9160669], [80.1637656, 12.916067], [80.1637654, 12.9157248], [80.1637425, 12.9157247], [80.1637424, 12.9155879], [80.1637195, 12.9155878], [80.1637195, 12.9154509], [80.1636966, 12.9154508], [80.1636965, 12.9153139], [80.1636735, 12.9152454], [80.1637422, 12.9151772], [80.1637422, 12.9151316], [80.1637192, 12.9149946], [80.1636734, 12.914926], [80.1636733, 12.9148348], [80.1636275, 12.9147661], [80.1636274, 12.9146749], [80.1635816, 12.9146519], [80.1635815, 12.914515], [80.1635357, 12.914492], [80.1635357, 12.9143551], [80.1634898, 12.9143321], [80.1634898, 12.9142181], [80.163444, 12.9141722], [80.1634439, 12.9140582], [80.1634209, 12.9139668], [80.1633751, 12.9138982], [80.1633751, 12.913807], [80.1633292, 12.9137383], [80.1633292, 12.9136471], [80.1632833, 12.9135785], [80.1632833, 12.9134872], [80.1632145, 12.9133729], [80.1632145, 12.913236], [80.1631916, 12.9132359], [80.1631915, 12.9131218], [80.1631686, 12.9131217], [80.1631456, 12.9129391], [80.1630998, 12.9128933], [80.1630997, 12.9127336], [80.1630768, 12.9127336], [80.1630538, 12.912551], [80.163008, 12.9125051], [80.1630079, 12.9123683], [80.162985, 12.9123682], [80.1629849, 12.9122541], [80.162962, 12.912254], [80.162939, 12.9120714], [80.1628932, 12.9120256], [80.1628931, 12.9118659], [80.1628702, 12.9118658], [80.1628472, 12.9116832], [80.1628014, 12.9116374], [80.1628013, 12.9115005], [80.1627784, 12.9114548], [80.162641, 12.9114543], [80.162641, 12.9114314], [80.1623891, 12.9114304], [80.1623891, 12.9114076], [80.1617938, 12.9114051], [80.1617938, 12.9113823], [80.1610153, 12.9113791], [80.1610153, 12.9113563], [80.1606261, 12.9113547], [80.1606261, 12.9113319], [80.1605116, 12.9113314], [80.1605116, 12.9113086], [80.1603742, 12.911308], [80.1603742, 12.9112852], [80.1602597, 12.9112847], [80.1602597, 12.9112619], [80.1601223, 12.9112614], [80.1601223, 12.9112385], [80.1600078, 12.9112381], [80.1600078, 12.9112153], [80.1598704, 12.9112147], [80.1598704, 12.9111919], [80.159756, 12.9111914], [80.1597559, 12.9111686], [80.1596186, 12.911168], [80.1596185, 12.9111452], [80.1594812, 12.9111446], [80.1594812, 12.9111218], [80.1593667, 12.9111214], [80.1593667, 12.9110985], [80.1592293, 12.911098], [80.1592293, 12.9110752], [80.1591148, 12.9110747], [80.1591148, 12.9110519], [80.1589774, 12.9110513], [80.1589774, 12.9110285], [80.1588629, 12.911028], [80.1588629, 12.9110052], [80.1587255, 12.9110047], [80.1587255, 12.9109818], [80.158611, 12.9109814], [80.158611, 12.9109586], [80.1584736, 12.910958], [80.1584736, 12.9109352], [80.1583362, 12.9109346], [80.1583362, 12.9109118], [80.1582218, 12.9109113], [80.1581301, 12.9107969], [80.1580385, 12.9107509], [80.1579698, 12.9107506], [80.1578324, 12.9106816], [80.1577408, 12.9106812], [80.1576951, 12.9107723], [80.1576264, 12.910772], [80.1576034, 12.9107263], [80.1575118, 12.9106803], [80.1574431, 12.91068], [80.1574203, 12.9107255], [80.1573516, 12.9107252], [80.1572829, 12.9106565], [80.1572828, 12.9106109], [80.1571913, 12.9106105], [80.1570997, 12.9106786], [80.1569852, 12.9106781], [80.1569852, 12.9106553], [80.1568707, 12.9106548], [80.1567791, 12.9106088], [80.1566646, 12.9106083], [80.1565502, 12.9107447], [80.1564817, 12.9109269], [80.1564359, 12.9109496], [80.1563673, 12.9111318], [80.1563215, 12.9111544], [80.1562301, 12.9113822], [80.1561843, 12.9114048], [80.1561157, 12.911587], [80.1560699, 12.9116096], [80.1560013, 12.9117918], [80.1559556, 12.9118145], [80.155887, 12.9119967], [80.1558412, 12.9120193], [80.1557498, 12.912247], [80.155704, 12.9122697], [80.1556354, 12.9124519], [80.1555896, 12.9124745], [80.155521, 12.9126567], [80.1554753, 12.9126793], [80.1554067, 12.9128616], [80.1553609, 12.9128842], [80.1552923, 12.9130664], [80.1552465, 12.913089], [80.1552008, 12.9132257], [80.155155, 12.9132483], [80.1551322, 12.9133395], [80.1550864, 12.9133621], [80.1550407, 12.9134988], [80.1549949, 12.9135214], [80.1549721, 12.9136126], [80.1549263, 12.9136352], [80.1548806, 12.9137719], [80.1548348, 12.9137945], [80.1547891, 12.9139312], [80.1547433, 12.9139538], [80.1546747, 12.914136], [80.1546748, 12.9141588]]]}}, {"type": "Feature", "properties": {"ward": "42", "zone": "3", "zone_name": "SEMBAKKAM", "area_km2": 0.841}, "geometry": {"type": "Polygon", "coordinates": [[[80.1498519, 12.9282826], [80.1498978, 12.9284197], [80.1499436, 12.9284427], [80.1499666, 12.928534], [80.1500582, 12.9286028], [80.150104, 12.9286715], [80.150127, 12.9287628], [80.1501728, 12.9287858], [80.1502187, 12.9289457], [80.1502874, 12.9289916], [80.1504248, 12.9289922], [80.1504934, 12.9289468], [80.1506308, 12.9289474], [80.1506308, 12.9289246], [80.1510658, 12.9289264], [80.1510658, 12.9289036], [80.1530578, 12.9289118], [80.1530578, 12.9289346], [80.1531952, 12.9289352], [80.1532639, 12.9289811], [80.1533326, 12.9289814], [80.1533784, 12.9290272], [80.1535158, 12.9290506], [80.1538364, 12.9292344], [80.1539051, 12.9292347], [80.1540196, 12.9293036], [80.1541112, 12.929304], [80.154157, 12.9293498], [80.1543173, 12.9293504], [80.1543173, 12.9293276], [80.1544776, 12.9293283], [80.1544776, 12.9293055], [80.154592, 12.9293059], [80.154592, 12.9292831], [80.1547294, 12.9292837], [80.1547294, 12.9292609], [80.155027, 12.9292621], [80.155027, 12.9292393], [80.1553018, 12.9292404], [80.1553018, 12.9292176], [80.1554391, 12.9292182], [80.1555078, 12.9291957], [80.1555764, 12.9290591], [80.1555764, 12.9289678], [80.1556221, 12.9289224], [80.155622, 12.9286486], [80.1555991, 12.9286485], [80.155599, 12.9284889], [80.1555761, 12.9284888], [80.1555758, 12.9280325], [80.1556216, 12.9279414], [80.1556214, 12.9276905], [80.1555985, 12.9276904], [80.1555984, 12.9274623], [80.1555755, 12.9274622], [80.1555754, 12.9273481], [80.1555525, 12.927348], [80.1555525, 12.927234], [80.1555296, 12.9272339], [80.1555295, 12.9271198], [80.1555066, 12.9271197], [80.1555065, 12.9270057], [80.1554836, 12.9270056], [80.1554836, 12.9268915], [80.1554607, 12.9268914], [80.1554606, 12.9267773], [80.1554377, 12.9267773], [80.1554376, 12.9266632], [80.1554147, 12.9266631], [80.1554147, 12.926549], [80.1553918, 12.9265489], [80.1553917, 12.9264349], [80.1553688, 12.9264348], [80.1553688, 12.9263207], [80.1553229, 12.9262293], [80.1553228, 12.9261152], [80.155254, 12.9259324], [80.155254, 12.9258184], [80.1552081, 12.9257269], [80.1552081, 12.9256129], [80.1551622, 12.9255214], [80.1551622, 12.9254074], [80.1551163, 12.9253159], [80.1551163, 12.9252247], [80.1550704, 12.9251789], [80.1550704, 12.9250876], [80.1550246, 12.9250646], [80.1550016, 12.9249276], [80.1549329, 12.9248361], [80.1549328, 12.9247677], [80.1548641, 12.9246761], [80.154864, 12.9246077], [80.1548182, 12.9245391], [80.1549098, 12.9245166], [80.1549555, 12.9244484], [80.15507, 12.9244032], [80.1551157, 12.924335], [80.1552302, 12.9242898], [80.1552988, 12.9241989], [80.1554819, 12.9241084], [80.1554819, 12.9240399], [80.1555277, 12.9239945], [80.1555733, 12.9237894], [80.1555046, 12.9237435], [80.1554588, 12.9236749], [80.1553672, 12.9236517], [80.1553443, 12.9236059], [80.1552527, 12.9235828], [80.1552298, 12.923537], [80.1550007, 12.9234677], [80.1549091, 12.9234216], [80.1548862, 12.9233759], [80.1547946, 12.9233527], [80.1546343, 12.9232152], [80.1546113, 12.9230326], [80.1545884, 12.9230325], [80.1545883, 12.92285], [80.1545654, 12.9228499], [80.154565, 12.922234], [80.1546565, 12.9221431], [80.1546565, 12.922029], [80.1546335, 12.9219833], [80.1544961, 12.9218231], [80.154496, 12.921709], [80.1545418, 12.9216636], [80.1545417, 12.9215495], [80.1545646, 12.9215496], [80.1545645, 12.9213671], [80.1545873, 12.921276], [80.154656, 12.921185], [80.1547933, 12.9211399], [80.1548162, 12.9210944], [80.1548849, 12.9210947], [80.1549764, 12.9210266], [80.1553427, 12.9209369], [80.1554114, 12.9208915], [80.155503, 12.9208919], [80.1555716, 12.9208466], [80.1556403, 12.9208469], [80.1556861, 12.9207786], [80.1557319, 12.9207788], [80.1558005, 12.9206878], [80.1558463, 12.920688], [80.155892, 12.9206198], [80.1559378, 12.92062], [80.1560065, 12.9205518], [80.1560064, 12.9203921], [80.1559835, 12.920392], [80.1559834, 12.9202323], [80.1559605, 12.9202323], [80.1559604, 12.9200498], [80.1559375, 12.9200497], [80.1559374, 12.9198672], [80.1559145, 12.9198671], [80.1559143, 12.9195705], [80.1559372, 12.9195706], [80.155937, 12.9191828], [80.1559827, 12.9190917], [80.1559827, 12.9189777], [80.1560513, 12.9188867], [80.1560741, 12.9188184], [80.1561428, 12.918773], [80.1562344, 12.9187506], [80.1562572, 12.918705], [80.1563488, 12.9186826], [80.1564175, 12.9186373], [80.1564631, 12.9184093], [80.156486, 12.9184094], [80.1564859, 12.9182041], [80.1565088, 12.9182042], [80.1565087, 12.9179305], [80.1565544, 12.9179078], [80.1565544, 12.9178394], [80.1564856, 12.9177479], [80.1564627, 12.9176565], [80.1564626, 12.9175425], [80.1564397, 12.9175424], [80.1564396, 12.9172686], [80.1564167, 12.9172685], [80.1564165, 12.9170176], [80.1563936, 12.9170175], [80.1563935, 12.9167666], [80.1563706, 12.9167665], [80.1563704, 12.9164927], [80.1563475, 12.9164926], [80.1563474, 12.9162417], [80.1563245, 12.9162416], [80.1563243, 12.9159678], [80.1562785, 12.9158764], [80.1562784, 12.9157623], [80.1562097, 12.9156252], [80.1562096, 12.9155339], [80.1561409, 12.915488], [80.1561409, 12.9154424], [80.1560721, 12.9153965], [80.1560721, 12.9153509], [80.1559805, 12.915282], [80.1559346, 12.9151906], [80.1558659, 12.9151447], [80.1557972, 12.9151444], [80.1557514, 12.9150986], [80.155614, 12.9150752], [80.1555682, 12.9150294], [80.1554995, 12.9150291], [80.1554766, 12.9149834], [80.155385, 12.9149602], [80.1552934, 12.9148686], [80.1552476, 12.9148684], [80.1551559, 12.9147083], [80.1551101, 12.9146853], [80.1550871, 12.914594], [80.1550413, 12.914571], [80.1550184, 12.9144796], [80.1549726, 12.9144566], [80.1549496, 12.9143653], [80.1549038, 12.9142967], [80.1546748, 12.9141588], [80.1546747, 12.914136], [80.1545832, 12.9142269], [80.1545604, 12.9143181], [80.1545146, 12.9143407], [80.1543773, 12.914477], [80.1542857, 12.9144994], [80.1542629, 12.914545], [80.1541255, 12.91459], [80.1541026, 12.9146355], [80.1539653, 12.9146806], [80.1539424, 12.9147261], [80.1538051, 12.9147712], [80.1537822, 12.9148167], [80.1536448, 12.9148618], [80.153622, 12.9149073], [80.1534846, 12.9149524], [80.1534618, 12.9149979], [80.1533244, 12.915043], [80.1533015, 12.9150885], [80.1531642, 12.9151335], [80.1531413, 12.9151791], [80.1530497, 12.9152015], [80.1530269, 12.915247], [80.1528895, 12.9152921], [80.1528667, 12.9153376], [80.1527293, 12.9153827], [80.1527064, 12.9154282], [80.1525691, 12.9154733], [80.1525462, 12.9155188], [80.1524089, 12.9155639], [80.152386, 12.9156094], [80.1522944, 12.9156318], [80.1522258, 12.9156772], [80.1521572, 12.9158138], [80.1521572, 12.9159278], [80.1521343, 12.9159277], [80.1521344, 12.9160646], [80.1521115, 12.9160645], [80.1521116, 12.9162926], [80.1521345, 12.9162927], [80.1521347, 12.9164752], [80.1521575, 12.9164753], [80.1521577, 12.9166806], [80.1521806, 12.9166807], [80.1521807, 12.916886], [80.1522036, 12.9168861], [80.1522037, 12.9170914], [80.1522266, 12.9170915], [80.1522267, 12.917274], [80.1522496, 12.9172741], [80.1522497, 12.9174794], [80.1522726, 12.9174795], [80.1522727, 12.9176848], [80.1522956, 12.9176849], [80.1522958, 12.9178903], [80.1523186, 12.9178903], [80.1523187, 12.91805], [80.1522958, 12.9180499], [80.1522962, 12.9185746], [80.1522733, 12.9185745], [80.1522735, 12.9189395], [80.1522506, 12.9189394], [80.1522509, 12.9195554], [80.152228, 12.9195553], [80.1522283, 12.9200115], [80.1522054, 12.9200114], [80.1522056, 12.920308], [80.1521827, 12.9203079], [80.1521829, 12.9206045], [80.15216, 12.9206044], [80.1521601, 12.9208781], [80.1521372, 12.920878], [80.1521374, 12.9211518], [80.1521145, 12.9211517], [80.1521146, 12.9214026], [80.1520689, 12.9214937], [80.152069, 12.9216077], [80.1520461, 12.9216076], [80.1520462, 12.9218814], [80.1520691, 12.9218815], [80.1520692, 12.9219956], [80.1520005, 12.9220409], [80.1520006, 12.9220865], [80.151909, 12.9221774], [80.1518862, 12.9222685], [80.1518862, 12.9223826], [80.1518634, 12.9223825], [80.1517262, 12.9228382], [80.1508333, 12.9228345], [80.1508333, 12.9228117], [80.1499403, 12.922808], [80.1499403, 12.9227852], [80.1490703, 12.9227816], [80.1490703, 12.9227588], [80.1482689, 12.9227555], [80.1482002, 12.922778], [80.1481545, 12.9228919], [80.1481546, 12.9230972], [80.1482004, 12.923143], [80.1482005, 12.9232114], [80.1482921, 12.9233487], [80.148338, 12.9235086], [80.1485213, 12.923669], [80.1485671, 12.9237376], [80.148613, 12.9238975], [80.1486131, 12.9240116], [80.148636, 12.9240117], [80.148636, 12.9241257], [80.1486589, 12.9241258], [80.148659, 12.9243083], [80.1485904, 12.9243765], [80.1485217, 12.9243762], [80.148453, 12.9244215], [80.1483615, 12.924444], [80.148247, 12.9244435], [80.1481554, 12.9244888], [80.1480409, 12.9244883], [80.148041, 12.9245111], [80.1479265, 12.9245106], [80.1479265, 12.9245334], [80.1476289, 12.9246235], [80.1476291, 12.9248972], [80.1476519, 12.9248973], [80.1476521, 12.9250798], [80.147675, 12.9250799], [80.1476751, 12.9252852], [80.147698, 12.9252853], [80.1476981, 12.9254678], [80.147721, 12.9254679], [80.1477211, 12.9256504], [80.147744, 12.9256505], [80.1477441, 12.925833], [80.147767, 12.9258331], [80.1477671, 12.9260156], [80.14779, 12.9260157], [80.1477901, 12.926221], [80.147813, 12.9262211], [80.1478131, 12.9264036], [80.147836, 12.9264037], [80.1478361, 12.9265862], [80.147859, 12.9265863], [80.1478591, 12.9267688], [80.147882, 12.9267689], [80.1478822, 12.9270426], [80.1479737, 12.9270202], [80.1480882, 12.9270206], [80.1480882, 12.9269978], [80.1482027, 12.9269983], [80.1482942, 12.9269531], [80.1484316, 12.9269536], [80.1484316, 12.9269308], [80.1485461, 12.9269313], [80.1485461, 12.9269085], [80.1486606, 12.926909], [80.1488437, 12.9267956], [80.1489581, 12.9267961], [80.1491413, 12.9267284], [80.1494389, 12.9267297], [80.1494389, 12.9267525], [80.1495763, 12.926753], [80.149645, 12.9268218], [80.1496451, 12.9268674], [80.1497138, 12.9269133], [80.1497138, 12.9269817], [80.1497596, 12.9270276], [80.1497597, 12.927096], [80.1498055, 12.9271418], [80.1498056, 12.9273015], [80.1498285, 12.9273016], [80.1498286, 12.9274385], [80.1498515, 12.9274386], [80.1498515, 12.9275754], [80.1498744, 12.9275755], [80.1498746, 12.9279177], [80.1498517, 12.9279176], [80.1498518, 12.9280317], [80.1498289, 12.9280316], [80.149829, 12.9281685], [80.1498061, 12.9282368], [80.1498519, 12.9282826]]]}}, {"type": "Feature", "properties": {"ward": "43", "zone": "3", "zone_name": "SEMBAKKAM", "area_km2": 0.759}, "geometry": {"type": "Polygon", "coordinates": [[[80.1376962, 12.9317911], [80.1376963, 12.9319052], [80.1376734, 12.9319051], [80.1376735, 12.9320876], [80.1376506, 12.9320875], [80.1376508, 12.9324297], [80.1376737, 12.9324298], [80.1376737, 12.9325439], [80.1376966, 12.932544], [80.1376967, 12.9326808], [80.1377197, 12.9327722], [80.1379031, 12.933252], [80.1379031, 12.9333204], [80.1379719, 12.933412], [80.1379719, 12.9334804], [80.1380407, 12.9335719], [80.1380407, 12.9336404], [80.1380865, 12.9336862], [80.1381095, 12.9338232], [80.1381324, 12.9338233], [80.1381325, 12.9339601], [80.1381783, 12.9340516], [80.1381784, 12.9342569], [80.1382013, 12.934257], [80.1382014, 12.934371], [80.1382473, 12.9344625], [80.1382473, 12.9345537], [80.1383161, 12.9346453], [80.1384535, 12.9347143], [80.1385451, 12.9347375], [80.1386824, 12.934738], [80.1388198, 12.9346702], [80.1389114, 12.9346705], [80.13898, 12.9346252], [80.1392546, 12.9343298], [80.1393003, 12.9342159], [80.1398038, 12.9337389], [80.1399182, 12.9337166], [80.1399411, 12.933671], [80.1400098, 12.9336713], [80.1400556, 12.9336259], [80.1401242, 12.9336262], [80.14017, 12.9335807], [80.1403074, 12.9335813], [80.1403074, 12.9335585], [80.1404676, 12.9335591], [80.1405592, 12.9335139], [80.1406737, 12.9335144], [80.1406737, 12.9334916], [80.1407882, 12.933492], [80.1407881, 12.9334692], [80.1409255, 12.9334698], [80.1409255, 12.933447], [80.1410629, 12.9334475], [80.1410629, 12.9334247], [80.1411773, 12.9334252], [80.1411773, 12.9334024], [80.1413147, 12.933403], [80.1413147, 12.9333801], [80.1414292, 12.9333806], [80.1414292, 12.9333578], [80.1419558, 12.93336], [80.1420245, 12.9333831], [80.1421391, 12.9335432], [80.1421391, 12.9336117], [80.1421849, 12.9336575], [80.1422079, 12.9337945], [80.1422308, 12.9337946], [80.1422308, 12.9339086], [80.1422537, 12.9339087], [80.1422538, 12.9340456], [80.1422767, 12.9340457], [80.1422768, 12.9341597], [80.1422997, 12.9341598], [80.1422998, 12.9342967], [80.1423227, 12.9342968], [80.1423227, 12.9344337], [80.1423456, 12.9344338], [80.1423457, 12.9345478], [80.1423686, 12.9345479], [80.1423687, 12.9346848], [80.1425749, 12.935005], [80.142575, 12.9350507], [80.1426437, 12.9350966], [80.1426437, 12.9351422], [80.1427353, 12.935211], [80.142804, 12.9352341], [80.1428498, 12.9351887], [80.1429185, 12.935189], [80.1429642, 12.9351435], [80.1430329, 12.9351438], [80.1430787, 12.9350984], [80.1431474, 12.9350986], [80.1432389, 12.9350306], [80.1433763, 12.9350083], [80.1433763, 12.9349855], [80.1434908, 12.934986], [80.1434908, 12.9349632], [80.143651, 12.9349639], [80.143651, 12.934941], [80.1437884, 12.9349416], [80.1437884, 12.9349188], [80.1439486, 12.9349195], [80.1439486, 12.9348966], [80.144086, 12.9348972], [80.144086, 12.9348744], [80.1446126, 12.9348766], [80.1446813, 12.9348997], [80.1448188, 12.9351055], [80.1448875, 12.9351515], [80.1449334, 12.9353113], [80.1449792, 12.9353343], [80.1450022, 12.9354257], [80.145048, 12.9354943], [80.1451625, 12.9354948], [80.1451625, 12.935472], [80.1452769, 12.9354724], [80.1452769, 12.9354496], [80.1466049, 12.9354551], [80.1466049, 12.9354779], [80.1467881, 12.9354787], [80.1467881, 12.9355015], [80.1469484, 12.9355022], [80.14704, 12.9355482], [80.1472232, 12.9355489], [80.1472919, 12.9355948], [80.1473835, 12.9355952], [80.1474293, 12.935641], [80.147498, 12.9356413], [80.1475438, 12.9356871], [80.1476812, 12.9357105], [80.1478644, 12.9358025], [80.1478873, 12.9358482], [80.1479789, 12.9358714], [80.1480706, 12.9359859], [80.1481164, 12.935986], [80.1482538, 12.9361463], [80.1485515, 12.9361475], [80.1485515, 12.9361703], [80.1486889, 12.9361709], [80.1486889, 12.9361937], [80.1490094, 12.936195], [80.1490094, 12.9361722], [80.1491468, 12.9361728], [80.1491468, 12.93615], [80.1493528, 12.9361508], [80.1493528, 12.936128], [80.1495589, 12.9361289], [80.1495589, 12.9361061], [80.149742, 12.9361068], [80.149742, 12.936084], [80.1499252, 12.9360848], [80.1499252, 12.9360619], [80.1501084, 12.9360627], [80.1501083, 12.9360399], [80.1507036, 12.9360423], [80.1507723, 12.9360198], [80.1508868, 12.9360203], [80.1508868, 12.9359975], [80.1510929, 12.9359983], [80.1510928, 12.9359755], [80.1514821, 12.9359771], [80.1514821, 12.9359543], [80.1516423, 12.935955], [80.1516881, 12.9359324], [80.151711, 12.9358412], [80.1517108, 12.9356359], [80.1517337, 12.935636], [80.1517336, 12.9354307], [80.1517565, 12.9354308], [80.1517561, 12.934792], [80.1517332, 12.9347919], [80.1517331, 12.9344954], [80.1517101, 12.934404], [80.1516643, 12.9343354], [80.1516642, 12.9342669], [80.1516184, 12.9342211], [80.1515266, 12.9338786], [80.1514808, 12.9338328], [80.151389, 12.9334902], [80.1513432, 12.9334444], [80.1512514, 12.9331018], [80.1512056, 12.933056], [80.1511368, 12.932782], [80.1510909, 12.9327362], [80.1509992, 12.9323936], [80.1509533, 12.9323478], [80.1508616, 12.9320052], [80.1508157, 12.9319594], [80.150701, 12.9315483], [80.1506552, 12.9315025], [80.1505633, 12.9310459], [80.1505404, 12.9310458], [80.1505404, 12.9309317], [80.1504257, 12.9305662], [80.1504256, 12.9304522], [80.1503109, 12.9300867], [80.1503109, 12.9299726], [80.1502191, 12.9296985], [80.150219, 12.9295616], [80.1501961, 12.9295615], [80.150196, 12.9293334], [80.1502189, 12.9293335], [80.1502188, 12.929151], [80.1502645, 12.9290828], [80.1502874, 12.9289916], [80.1502187, 12.9289457], [80.1501728, 12.9287858], [80.150127, 12.9287628], [80.150104, 12.9286715], [80.1500582, 12.9286028], [80.1499666, 12.928534], [80.1499436, 12.9284427], [80.1498978, 12.9284197], [80.1498519, 12.9282826], [80.1498061, 12.9282368], [80.149623, 12.9283045], [80.1493711, 12.9283034], [80.1493712, 12.9283263], [80.149188, 12.9283483], [80.1491422, 12.9283937], [80.1490507, 12.9283934], [80.148982, 12.9284387], [80.1488904, 12.9284383], [80.1488217, 12.9284837], [80.1485928, 12.9285284], [80.1485699, 12.9285739], [80.1484784, 12.9285963], [80.1484326, 12.9286646], [80.1483868, 12.9286644], [80.1483411, 12.9287326], [80.1482495, 12.9287779], [80.1482496, 12.9288919], [80.1482267, 12.9288918], [80.1482268, 12.9290515], [80.1482039, 12.9290514], [80.148204, 12.9291883], [80.1481582, 12.9292566], [80.1481583, 12.9293478], [80.1481125, 12.9293932], [80.1481125, 12.9294617], [80.1480668, 12.9295071], [80.1480668, 12.9295756], [80.1479982, 12.9296209], [80.147815, 12.9296886], [80.1477922, 12.9297341], [80.1477235, 12.9297338], [80.1476777, 12.9297793], [80.1475861, 12.9298017], [80.1474259, 12.929801], [80.1474259, 12.9298238], [80.1472427, 12.9298231], [80.1472427, 12.9298459], [80.1470824, 12.9298452], [80.1470825, 12.929868], [80.1468993, 12.9298673], [80.1468993, 12.9298901], [80.1467161, 12.9298893], [80.1467161, 12.9299122], [80.1465559, 12.9299115], [80.1465559, 12.9299343], [80.1463727, 12.9299336], [80.1463727, 12.9299564], [80.1461896, 12.9299556], [80.1461896, 12.9299784], [80.1460293, 12.9299778], [80.1460293, 12.9300006], [80.1458461, 12.9299998], [80.1458462, 12.9300226], [80.1456859, 12.930022], [80.1456859, 12.9300448], [80.1455027, 12.930044], [80.1455027, 12.9300668], [80.1453196, 12.9300661], [80.1453196, 12.9300889], [80.1451593, 12.9300882], [80.1451593, 12.930111], [80.1449762, 12.9301103], [80.1449762, 12.9301331], [80.1448159, 12.9301324], [80.1448159, 12.9301552], [80.1446327, 12.9301545], [80.1446328, 12.9301773], [80.1444496, 12.9301765], [80.1444496, 12.9301994], [80.1442893, 12.9301987], [80.1442893, 12.9302215], [80.1441062, 12.9302208], [80.1441062, 12.9302436], [80.143923, 12.9302428], [80.143923, 12.9302656], [80.1437628, 12.930265], [80.1437628, 12.9302878], [80.1435796, 12.930287], [80.1435796, 12.9303098], [80.1433964, 12.9303091], [80.1433965, 12.9303319], [80.1432133, 12.9303311], [80.1432133, 12.9303539], [80.143053, 12.9303533], [80.143053, 12.9303761], [80.1428928, 12.9303754], [80.1428928, 12.9303982], [80.1427325, 12.9303976], [80.1426867, 12.930443], [80.1425952, 12.9304426], [80.1425494, 12.9304881], [80.142412, 12.9305103], [80.1423205, 12.9305784], [80.1422748, 12.9307151], [80.142229, 12.9307377], [80.1421375, 12.9309426], [80.142046, 12.9309651], [80.1419773, 12.9310332], [80.1418857, 12.9310328], [80.1418629, 12.9310784], [80.1417026, 12.9310777], [80.141611, 12.9311229], [80.1414279, 12.9311222], [80.1414279, 12.931145], [80.1412447, 12.9311442], [80.1412447, 12.9311671], [80.1410387, 12.9311662], [80.1410387, 12.931189], [80.1408555, 12.9311883], [80.1408555, 12.9312111], [80.1406723, 12.9312103], [80.1406724, 12.9312331], [80.1404892, 12.9312324], [80.1404892, 12.9312552], [80.1402831, 12.9312543], [80.1402831, 12.9312771], [80.1401, 12.9312764], [80.1401, 12.9312992], [80.1399855, 12.9312987], [80.1399855, 12.9313215], [80.1398481, 12.931321], [80.1397795, 12.9313663], [80.139665, 12.9313658], [80.139665, 12.9313887], [80.1395276, 12.9313881], [80.1395277, 12.9314109], [80.1393903, 12.9314103], [80.1393216, 12.9314557], [80.1392071, 12.9314552], [80.1392071, 12.931478], [80.1390698, 12.9314774], [80.1390698, 12.9315003], [80.1389553, 12.9314998], [80.1388637, 12.931545], [80.1387493, 12.9315446], [80.1387493, 12.9315674], [80.138589, 12.9315667], [80.1384974, 12.931612], [80.138383, 12.9316115], [80.1382914, 12.9316567], [80.138154, 12.9316562], [80.138154, 12.931679], [80.1377191, 12.9317684], [80.1376962, 12.9317911]]]}}, {"type": "Feature", "properties": {"ward": "44", "zone": "3", "zone_name": "SEMBAKKAM", "area_km2": 0.544}, "geometry": {"type": "Polygon", "coordinates": [[[80.135543, 12.9301626], [80.1356346, 12.9302086], [80.1357491, 12.9302091], [80.1358407, 12.9302779], [80.1358637, 12.9303692], [80.1359095, 12.9303922], [80.1359095, 12.9304606], [80.1360241, 12.9306208], [80.1360241, 12.9306892], [80.1361158, 12.9308493], [80.1362761, 12.930964], [80.1368028, 12.9309662], [80.1368715, 12.9310121], [80.1369402, 12.9310124], [80.136986, 12.9310582], [80.1370547, 12.9310585], [80.1371463, 12.9311045], [80.1374212, 12.9314022], [80.1374212, 12.9314478], [80.1375816, 12.9315854], [80.1375816, 12.931631], [80.1376732, 12.9316998], [80.1377191, 12.9317684], [80.138154, 12.931679], [80.138154, 12.9316562], [80.1382914, 12.9316567], [80.138383, 12.9316115], [80.1384974, 12.931612], [80.138589, 12.9315667], [80.1387493, 12.9315674], [80.1387493, 12.9315446], [80.1388637, 12.931545], [80.1389553, 12.9314998], [80.1390698, 12.9315003], [80.1390698, 12.9314774], [80.1392071, 12.931478], [80.1392071, 12.9314552], [80.1393216, 12.9314557], [80.1393903, 12.9314103], [80.1395277, 12.9314109], [80.1395276, 12.9313881], [80.139665, 12.9313887], [80.139665, 12.9313658], [80.1397795, 12.9313663], [80.1398481, 12.931321], [80.1399855, 12.9313215], [80.1399855, 12.9312987], [80.1401, 12.9312992], [80.1401, 12.9312764], [80.1402831, 12.9312771], [80.1402831, 12.9312543], [80.1404892, 12.9312552], [80.1404892, 12.9312324], [80.1406724, 12.9312331], [80.1406723, 12.9312103], [80.1408555, 12.9312111], [80.1408555, 12.9311883], [80.1410387, 12.931189], [80.1410387, 12.9311662], [80.1412447, 12.9311671], [80.1412447, 12.9311442], [80.1414279, 12.931145], [80.1414279, 12.9311222], [80.141611, 12.9311229], [80.1417026, 12.9310777], [80.1418629, 12.9310784], [80.1418857, 12.9310328], [80.1419773, 12.9310332], [80.142046, 12.9309651], [80.1421375, 12.9309426], [80.142229, 12.9307377], [80.1422748, 12.9307151], [80.1423205, 12.9305784], [80.142412, 12.9305103], [80.1425494, 12.9304881], [80.1425952, 12.9304426], [80.1426867, 12.930443], [80.1427325, 12.9303976], [80.1428928, 12.9303982], [80.1428928, 12.9303754], [80.143053, 12.9303761], [80.143053, 12.9303533], [80.1432133, 12.9303539], [80.1432133, 12.9303311], [80.1433965, 12.9303319], [80.1433964, 12.9303091], [80.1435796, 12.9303098], [80.1435796, 12.930287], [80.1437628, 12.9302878], [80.1437628, 12.930265], [80.143923, 12.9302656], [80.143923, 12.9302428], [80.1441062, 12.9302436], [80.1441062, 12.9302208], [80.1442893, 12.9302215], [80.1442893, 12.9301987], [80.1444496, 12.9301994], [80.1444496, 12.9301765], [80.1446328, 12.9301773], [80.1446327, 12.9301545], [80.1448159, 12.9301552], [80.1448159, 12.9301324], [80.1449762, 12.9301331], [80.1449762, 12.9301103], [80.1451593, 12.930111], [80.1451593, 12.9300882], [80.1453196, 12.9300889], [80.1453196, 12.9300661], [80.1455027, 12.9300668], [80.1455027, 12.930044], [80.1456859, 12.9300448], [80.1456859, 12.930022], [80.1458462, 12.9300226], [80.1458461, 12.9299998], [80.1460293, 12.9300006], [80.1460293, 12.9299778], [80.1461896, 12.9299784], [80.1461896, 12.9299556], [80.1463727, 12.9299564], [80.1463727, 12.9299336], [80.1465559, 12.9299343], [80.1465559, 12.9299115], [80.1467161, 12.9299122], [80.1467161, 12.9298893], [80.1468993, 12.9298901], [80.1468993, 12.9298673], [80.1470825, 12.929868], [80.1470824, 12.9298452], [80.1472427, 12.9298459], [80.1472427, 12.9298231], [80.1474259, 12.9298238], [80.1474259, 12.929801], [80.1475861, 12.9298017], [80.1476777, 12.9297793], [80.1477235, 12.9297338], [80.1477922, 12.9297341], [80.147815, 12.9296886], [80.1479982, 12.9296209], [80.1480668, 12.9295756], [80.1480668, 12.9295071], [80.1481125, 12.9294617], [80.1481125, 12.9293932], [80.1481583, 12.9293478], [80.1481582, 12.9292566], [80.148204, 12.9291883], [80.1482039, 12.9290514], [80.1482268, 12.9290515], [80.1482267, 12.9288918], [80.1482496, 12.9288919], [80.1482495, 12.9287779], [80.1483411, 12.9287326], [80.1483868, 12.9286644], [80.1484326, 12.9286646], [80.1484784, 12.9285963], [80.1485699, 12.9285739], [80.1485928, 12.9285284], [80.1488217, 12.9284837], [80.1488904, 12.9284383], [80.148982, 12.9284387], [80.1490507, 12.9283934], [80.1491422, 12.9283937], [80.149188, 12.9283483], [80.1493712, 12.9283263], [80.1493711, 12.9283034], [80.149623, 12.9283045], [80.1498061, 12.9282368], [80.149829, 12.9281685], [80.1498289, 12.9280316], [80.1498518, 12.9280317], [80.1498517, 12.9279176], [80.1498746, 12.9279177], [80.1498744, 12.9275755], [80.1498515, 12.9275754], [80.1498515, 12.9274386], [80.1498286, 12.9274385], [80.1498285, 12.9273016], [80.1498056, 12.9273015], [80.1498055, 12.9271418], [80.1497597, 12.927096], [80.1497596, 12.9270276], [80.1497138, 12.9269817], [80.1497138, 12.9269133], [80.1496451, 12.9268674], [80.149645, 12.9268218], [80.1495763, 12.926753], [80.1494389, 12.9267525], [80.1494389, 12.9267297], [80.1491413, 12.9267284], [80.1489581, 12.9267961], [80.1488437, 12.9267956], [80.1486606, 12.926909], [80.1485461, 12.9269085], [80.1485461, 12.9269313], [80.1484316, 12.9269308], [80.1484316, 12.9269536], [80.1482942, 12.9269531], [80.1482027, 12.9269983], [80.1480882, 12.9269978], [80.1480882, 12.9270206], [80.1479737, 12.9270202], [80.1478822, 12.9270426], [80.147722, 12.9271788], [80.1476533, 12.9271785], [80.1474244, 12.9273145], [80.1473557, 12.9273142], [80.1472413, 12.9273822], [80.1470581, 12.9274042], [80.1470124, 12.9274725], [80.1469666, 12.9274723], [80.146875, 12.9275403], [80.1468063, 12.92754], [80.1467606, 12.9275855], [80.1465545, 12.9276303], [80.1464859, 12.9276984], [80.1464859, 12.927744], [80.1464173, 12.927835], [80.1463257, 12.9278802], [80.1461883, 12.9278797], [80.1461884, 12.9279025], [80.1460739, 12.927902], [80.1460739, 12.9279248], [80.1459594, 12.9279244], [80.1459594, 12.9279472], [80.1458449, 12.9279467], [80.145845, 12.9279695], [80.1457305, 12.927969], [80.1457305, 12.9279918], [80.145616, 12.9279914], [80.145616, 12.9280142], [80.1455015, 12.9279909], [80.1454557, 12.9279223], [80.1452725, 12.9278531], [80.1451122, 12.9278524], [80.1451122, 12.9278296], [80.1449748, 12.927829], [80.1449748, 12.9278062], [80.1448145, 12.9278056], [80.1448145, 12.9277828], [80.1446542, 12.9277821], [80.1446542, 12.9277593], [80.1445169, 12.9277587], [80.1445168, 12.9277359], [80.1443795, 12.9277353], [80.1443795, 12.9277125], [80.1442192, 12.9277119], [80.1442192, 12.927689], [80.1440818, 12.9276885], [80.1440818, 12.9276657], [80.1439215, 12.927665], [80.1439215, 12.9276422], [80.1437612, 12.9276415], [80.1437612, 12.9276187], [80.1436009, 12.9276181], [80.1436009, 12.9275952], [80.1434406, 12.9275946], [80.143349, 12.9275258], [80.1432574, 12.9273885], [80.1431429, 12.927388], [80.1431429, 12.9273652], [80.1428452, 12.927364], [80.1427765, 12.9273181], [80.1425933, 12.9272945], [80.1425246, 12.9272486], [80.1422956, 12.927202], [80.1421582, 12.9270874], [80.1420666, 12.9270642], [80.1420437, 12.9270185], [80.1415628, 12.9270165], [80.1415628, 12.9270393], [80.1414026, 12.9270387], [80.1411278, 12.9269235], [80.1410362, 12.9269231], [80.1409446, 12.9268771], [80.1408301, 12.9268766], [80.1408072, 12.9268537], [80.140624, 12.9268529], [80.140624, 12.9268301], [80.1404179, 12.9268293], [80.1403263, 12.9267377], [80.1400057, 12.9267363], [80.1398226, 12.926804], [80.1397997, 12.9268495], [80.1397082, 12.926872], [80.1396853, 12.9269175], [80.1393648, 12.9269162], [80.1393648, 12.926939], [80.1389755, 12.9269374], [80.1389068, 12.9268687], [80.1388152, 12.9268911], [80.1386321, 12.9268903], [80.1385863, 12.9269358], [80.138426, 12.9269351], [80.138426, 12.9269579], [80.1382886, 12.9269346], [80.1382199, 12.9268658], [80.1381054, 12.9268654], [80.1381055, 12.9268882], [80.1378994, 12.9269558], [80.1378079, 12.9271151], [80.137808, 12.9272519], [80.1377623, 12.927343], [80.1376707, 12.9274111], [80.1375104, 12.9273648], [80.137396, 12.9273643], [80.1373044, 12.9274095], [80.1369382, 12.9276818], [80.1367551, 12.9277038], [80.1366864, 12.9277492], [80.1365948, 12.9277488], [80.1365262, 12.9277941], [80.1364346, 12.9277938], [80.1363659, 12.9278391], [80.1362743, 12.9278387], [80.1362057, 12.9278841], [80.1361141, 12.9278837], [80.1360225, 12.9279518], [80.1359538, 12.9279515], [80.1356792, 12.92811], [80.1356105, 12.9281097], [80.1354274, 12.928223], [80.1353129, 12.9282454], [80.1352901, 12.9283137], [80.1351757, 12.9284958], [80.1351762, 12.9292942], [80.1351533, 12.9292941], [80.1351534, 12.9295907], [80.1350848, 12.9297044], [80.1350849, 12.9298185], [80.1351537, 12.9299557], [80.135108, 12.9301608], [80.135543, 12.9301626]]]}}, {"type": "Feature", "properties": {"ward": "45", "zone": "5", "zone_name": "EAST TAMBARAM", "area_km2": 0.648}, "geometry": {"type": "Polygon", "coordinates": [[[80.1352639, 12.9226333], [80.1352639, 12.922679], [80.1354014, 12.9228848], [80.1354929, 12.9228624], [80.1356303, 12.922863], [80.1356303, 12.9228402], [80.1357906, 12.9228408], [80.1357906, 12.922818], [80.1359737, 12.9228188], [80.1359737, 12.9227959], [80.1360882, 12.9227964], [80.1360882, 12.9227736], [80.1374391, 12.9227792], [80.137439, 12.9227564], [80.138103, 12.9227591], [80.1381259, 12.9227136], [80.1382175, 12.9226912], [80.1382403, 12.9226456], [80.1383319, 12.9226004], [80.1384006, 12.9226007], [80.1384464, 12.9225552], [80.138515, 12.9225555], [80.1385608, 12.9225101], [80.1386295, 12.9225104], [80.1387668, 12.9224197], [80.1394995, 12.9224227], [80.1394995, 12.9224455], [80.139614, 12.922446], [80.1397972, 12.9225152], [80.1397972, 12.9225608], [80.1398889, 12.9226981], [80.1398889, 12.9227665], [80.1399347, 12.9227895], [80.1399577, 12.9228808], [80.1399578, 12.9230177], [80.1399807, 12.9230178], [80.1399807, 12.9231319], [80.1400266, 12.9232005], [80.1400266, 12.9232917], [80.1400954, 12.9234745], [80.1400955, 12.9237027], [80.1401184, 12.9237027], [80.1401185, 12.9238168], [80.1401644, 12.9239082], [80.1401644, 12.9240223], [80.1402332, 12.9242051], [80.1402333, 12.9243192], [80.1403021, 12.9245019], [80.1403021, 12.924616], [80.1403939, 12.9248901], [80.140394, 12.9250042], [80.1404628, 12.925187], [80.1404628, 12.925301], [80.1405546, 12.9255752], [80.1405546, 12.9256892], [80.1406234, 12.925872], [80.1406235, 12.9259861], [80.1406923, 12.9261689], [80.1406924, 12.9262829], [80.1407841, 12.926557], [80.1407842, 12.9266711], [80.1408071, 12.9266712], [80.1408072, 12.9268537], [80.1408301, 12.9268766], [80.1409446, 12.9268771], [80.1410362, 12.9269231], [80.1411278, 12.9269235], [80.1414026, 12.9270387], [80.1415628, 12.9270393], [80.1415628, 12.9270165], [80.1420437, 12.9270185], [80.1420666, 12.9270642], [80.1421582, 12.9270874], [80.1422956, 12.927202], [80.1425246, 12.9272486], [80.1425933, 12.9272945], [80.1427765, 12.9273181], [80.1428452, 12.927364], [80.1431429, 12.9273652], [80.1431429, 12.927388], [80.1432574, 12.9273885], [80.143349, 12.9275258], [80.1434406, 12.9275946], [80.1436009, 12.9275952], [80.1436009, 12.9276181], [80.1437612, 12.9276187], [80.1437612, 12.9276415], [80.1439215, 12.9276422], [80.1439215, 12.927665], [80.1440818, 12.9276657], [80.1440818, 12.9276885], [80.1442192, 12.927689], [80.1442192, 12.9277119], [80.1443795, 12.9277125], [80.1443795, 12.9277353], [80.1445168, 12.9277359], [80.1445169, 12.9277587], [80.1446542, 12.9277593], [80.1446542, 12.9277821], [80.1448145, 12.9277828], [80.1448145, 12.9278056], [80.1449748, 12.9278062], [80.1449748, 12.927829], [80.1451122, 12.9278296], [80.1451122, 12.9278524], [80.1452725, 12.9278531], [80.1454557, 12.9279223], [80.1455015, 12.9279909], [80.145616, 12.9280142], [80.145616, 12.9279914], [80.1457305, 12.9279918], [80.1457305, 12.927969], [80.145845, 12.9279695], [80.1458449, 12.9279467], [80.1459594, 12.9279472], [80.1459594, 12.9279244], [80.1460739, 12.9279248], [80.1460739, 12.927902], [80.1461884, 12.9279025], [80.1461883, 12.9278797], [80.1463257, 12.9278802], [80.1464173, 12.927835], [80.1464859, 12.927744], [80.1464859, 12.9276984], [80.1465545, 12.9276303], [80.1467606, 12.9275855], [80.1468063, 12.92754], [80.146875, 12.9275403], [80.1469666, 12.9274723], [80.1470124, 12.9274725], [80.1470581, 12.9274042], [80.1470352, 12.9273585], [80.147035, 12.9269707], [80.1470121, 12.9269706], [80.1470119, 12.9267653], [80.1469891, 12.9267652], [80.1469889, 12.926537], [80.1469431, 12.9264912], [80.1468513, 12.9261715], [80.1467597, 12.9261483], [80.1465994, 12.9260336], [80.1465307, 12.9260333], [80.1464849, 12.9259875], [80.1457521, 12.9258248], [80.1456605, 12.9257559], [80.1455918, 12.9257557], [80.1453628, 12.9256178], [80.1453169, 12.9255264], [80.1452939, 12.9253894], [80.1452481, 12.9253436], [80.1452481, 12.9252524], [80.1452022, 12.9251609], [80.1452021, 12.9250241], [80.1451792, 12.925024], [80.1451792, 12.9249099], [80.1451563, 12.9249098], [80.1451562, 12.9247957], [80.1451333, 12.9247956], [80.1451333, 12.9246816], [80.1450645, 12.9245444], [80.1450644, 12.9244532], [80.1447892, 12.9236992], [80.1447663, 12.9236079], [80.1447662, 12.9234026], [80.1448348, 12.923266], [80.1448347, 12.9231747], [80.1449033, 12.9229925], [80.1449032, 12.9228785], [80.1449261, 12.9228785], [80.144926, 12.9227189], [80.1449489, 12.922719], [80.1449488, 12.9224452], [80.1449259, 12.9224451], [80.1449258, 12.9223082], [80.1449029, 12.9223081], [80.1448799, 12.9221712], [80.1448341, 12.9221254], [80.1448111, 12.9219884], [80.1447653, 12.9219654], [80.1447194, 12.9218055], [80.1446736, 12.9217825], [80.1446278, 12.9216911], [80.1446277, 12.9215998], [80.1445819, 12.9215084], [80.1445818, 12.9213943], [80.1445589, 12.9213942], [80.1445588, 12.9212345], [80.144513, 12.9211431], [80.1445128, 12.9208922], [80.1444899, 12.9208921], [80.1444898, 12.9206868], [80.1445127, 12.9206868], [80.1445124, 12.9200709], [80.1445353, 12.920071], [80.1445352, 12.9199341], [80.1445581, 12.9199342], [80.1446495, 12.9196837], [80.1446953, 12.919661], [80.1447181, 12.9195699], [80.1447639, 12.9195473], [80.1447868, 12.9194561], [80.1448325, 12.9194335], [80.1451299, 12.9189557], [80.1451298, 12.9188188], [80.1451527, 12.9188189], [80.1451527, 12.9187048], [80.1451755, 12.9187049], [80.1451755, 12.9185452], [80.1450609, 12.9184763], [80.1449694, 12.9184759], [80.1449235, 12.9184301], [80.1445343, 12.9184285], [80.1445343, 12.9184513], [80.144374, 12.9184507], [80.1443741, 12.9184735], [80.1442138, 12.9184728], [80.1442138, 12.9184956], [80.1440535, 12.918495], [80.1440535, 12.9185178], [80.1438933, 12.9185171], [80.1438933, 12.9185399], [80.1437559, 12.9185394], [80.1437559, 12.9185622], [80.1435956, 12.9185615], [80.1435957, 12.9185843], [80.1434354, 12.9185837], [80.1434354, 12.9186065], [80.1432751, 12.9186058], [80.1432751, 12.9186286], [80.1431378, 12.9186281], [80.1431378, 12.9186509], [80.142863, 12.9186497], [80.142863, 12.9186269], [80.1425882, 12.9186258], [80.1425425, 12.9187168], [80.1424511, 12.9189674], [80.1423595, 12.9190355], [80.1419934, 12.9193761], [80.1419935, 12.9194902], [80.1419706, 12.9194901], [80.1419478, 12.9196725], [80.141902, 12.9197179], [80.141902, 12.9197864], [80.1418563, 12.9198318], [80.1418334, 12.9199458], [80.1417648, 12.9199455], [80.1416274, 12.9200362], [80.1415588, 12.9200587], [80.1414443, 12.9200582], [80.1414443, 12.9200811], [80.1411466, 12.9200798], [80.1411467, 12.9201026], [80.1410322, 12.9201022], [80.1409864, 12.9201476], [80.140849, 12.9201698], [80.1408033, 12.9202153], [80.1407346, 12.920215], [80.1406888, 12.9202832], [80.140666, 12.9203744], [80.1406661, 12.9204885], [80.1406432, 12.9205796], [80.1405975, 12.9206479], [80.1405975, 12.9207619], [80.1405289, 12.9208985], [80.1403687, 12.9210347], [80.140323, 12.921103], [80.1403001, 12.9211941], [80.1402544, 12.9212168], [80.1402087, 12.9213534], [80.1401629, 12.9213533], [80.1401171, 12.9214215], [80.1400255, 12.9214667], [80.1399569, 12.9214665], [80.1399111, 12.9215119], [80.1398195, 12.9215343], [80.1394761, 12.9215329], [80.1394761, 12.9215101], [80.1393387, 12.9215095], [80.13927, 12.9214864], [80.139247, 12.9213951], [80.1391783, 12.9213264], [80.1391783, 12.9212579], [80.1391325, 12.9212349], [80.1390866, 12.9211435], [80.1390866, 12.9210751], [80.1390408, 12.9210521], [80.1390178, 12.9209379], [80.138972, 12.9208693], [80.1388117, 12.9208686], [80.1388117, 12.9208458], [80.1379874, 12.9208424], [80.1378958, 12.9207964], [80.1377813, 12.9207959], [80.1377126, 12.9207728], [80.1375522, 12.9204984], [80.1375292, 12.9203386], [80.1374834, 12.9202472], [80.1374833, 12.9201331], [80.1374604, 12.920133], [80.1374603, 12.9199962], [80.1374374, 12.9199961], [80.1374374, 12.919882], [80.1374145, 12.9198819], [80.1374144, 12.919745], [80.1373915, 12.9197449], [80.1373914, 12.9196309], [80.1373685, 12.9196308], [80.1373685, 12.9194939], [80.1373226, 12.9194253], [80.1373226, 12.919334], [80.1372768, 12.919311], [80.1372767, 12.9192198], [80.137185, 12.9190825], [80.1371163, 12.9190366], [80.136956, 12.9189903], [80.1367041, 12.9189437], [80.1366583, 12.918875], [80.1366125, 12.9188749], [80.1365667, 12.9188062], [80.1365209, 12.918806], [80.1364751, 12.9187374], [80.1364063, 12.9186915], [80.1363147, 12.9186683], [80.1362689, 12.9185997], [80.1362231, 12.9185995], [80.1361315, 12.9184851], [80.1360857, 12.9184849], [80.1360169, 12.9183933], [80.1359711, 12.9183931], [80.1359253, 12.9183245], [80.1358795, 12.9183243], [80.1358337, 12.9182557], [80.135765, 12.9182326], [80.1357193, 12.9183237], [80.1357193, 12.9183921], [80.1356507, 12.9184831], [80.1355821, 12.9186881], [80.1354906, 12.918779], [80.1354677, 12.9188701], [80.1352847, 12.9190975], [80.1352618, 12.9191886], [80.1351932, 12.919234], [80.1351932, 12.9193024], [80.1351474, 12.9193479], [80.1351476, 12.9196444], [80.1351705, 12.9196445], [80.1351707, 12.9199867], [80.1351936, 12.9199868], [80.1351938, 12.9203518], [80.1352167, 12.9203519], [80.135217, 12.9208081], [80.1351484, 12.9209904], [80.1351485, 12.92115], [80.1351256, 12.92115], [80.1351257, 12.9213096], [80.1351028, 12.9213095], [80.1351029, 12.9215149], [80.13508, 12.9215148], [80.1350802, 12.9218798], [80.1350573, 12.9218797], [80.1350577, 12.92245], [80.1352639, 12.9226333]]]}}, {"type": "Feature", "properties": {"ward": "46", "zone": "5", "zone_name": "EAST TAMBARAM", "area_km2": 0.595}, "geometry": {"type": "Polygon", "coordinates": [[[80.1299293, 12.9229991], [80.1299522, 12.9229992], [80.1299523, 12.9232045], [80.1299752, 12.9232046], [80.1299753, 12.9234099], [80.1299982, 12.92341], [80.1299983, 12.9235241], [80.1300441, 12.9235927], [80.130113, 12.923958], [80.1301818, 12.9240951], [80.1301818, 12.9241864], [80.1302277, 12.924255], [80.1302965, 12.9244834], [80.1303423, 12.9245064], [80.1303882, 12.9246435], [80.130434, 12.9246665], [80.1304569, 12.9247578], [80.1305715, 12.9248496], [80.1305944, 12.9249409], [80.1306402, 12.9249639], [80.1306861, 12.9250553], [80.1306861, 12.9251238], [80.1307548, 12.9252153], [80.1307549, 12.9252838], [80.1308007, 12.9253524], [80.1308008, 12.9254436], [80.1308466, 12.9255351], [80.1308467, 12.9256491], [80.1309614, 12.9260146], [80.1309614, 12.9261287], [80.1310532, 12.9264028], [80.1310532, 12.9265169], [80.1311679, 12.9268823], [80.131168, 12.9269964], [80.1312827, 12.9273619], [80.1312828, 12.9274759], [80.1313057, 12.927476], [80.1313975, 12.9279327], [80.1314433, 12.9279785], [80.1315351, 12.9282298], [80.1315809, 12.9282528], [80.1316954, 12.9284129], [80.1317412, 12.9284131], [80.13181, 12.9285047], [80.1319245, 12.9285508], [80.132016, 12.9285055], [80.1320847, 12.9285058], [80.1321305, 12.9284604], [80.1321992, 12.9284606], [80.1322678, 12.9284153], [80.1323594, 12.9284157], [80.1324052, 12.9283702], [80.1326113, 12.9283711], [80.1326112, 12.9283483], [80.1327944, 12.928349], [80.1327944, 12.9283262], [80.1329776, 12.928327], [80.1329776, 12.9283042], [80.1331607, 12.9283049], [80.1331607, 12.9282821], [80.1333439, 12.9282829], [80.1333439, 12.9282601], [80.1335499, 12.9282609], [80.1335499, 12.9282381], [80.1337331, 12.9282389], [80.1337331, 12.928216], [80.1339162, 12.9282168], [80.1339162, 12.928194], [80.1340994, 12.9281947], [80.1340994, 12.9281719], [80.1342826, 12.9281727], [80.1342825, 12.9281499], [80.1344886, 12.9281507], [80.1344886, 12.9281279], [80.1346718, 12.9281287], [80.1346718, 12.9281059], [80.1348549, 12.9281066], [80.1348549, 12.9280838], [80.1350381, 12.9280846], [80.1351068, 12.928062], [80.13529, 12.9281769], [80.1353129, 12.9282454], [80.1354274, 12.928223], [80.1356105, 12.9281097], [80.1356792, 12.92811], [80.1359538, 12.9279515], [80.1360225, 12.9279518], [80.1361141, 12.9278837], [80.1362057, 12.9278841], [80.1362743, 12.9278387], [80.1363659, 12.9278391], [80.1364346, 12.9277938], [80.1365262, 12.9277941], [80.1365948, 12.9277488], [80.1366864, 12.9277492], [80.1367551, 12.9277038], [80.1369382, 12.9276818], [80.1373044, 12.9274095], [80.137396, 12.9273643], [80.1375104, 12.9273648], [80.1376707, 12.9274111], [80.1377623, 12.927343], [80.137808, 12.9272519], [80.1378079, 12.9271151], [80.1378994, 12.9269558], [80.1381055, 12.9268882], [80.1381054, 12.9268654], [80.1382199, 12.9268658], [80.1382886, 12.9269346], [80.138426, 12.9269579], [80.138426, 12.9269351], [80.1385863, 12.9269358], [80.1386321, 12.9268903], [80.1388152, 12.9268911], [80.1389068, 12.9268687], [80.1389755, 12.9269374], [80.1393648, 12.926939], [80.1393648, 12.9269162], [80.1396853, 12.9269175], [80.1397082, 12.926872], [80.1397997, 12.9268495], [80.1398226, 12.926804], [80.1400057, 12.9267363], [80.1403263, 12.9267377], [80.1404179, 12.9268293], [80.140624, 12.9268301], [80.140624, 12.9268529], [80.1408072, 12.9268537], [80.1408071, 12.9266712], [80.1407842, 12.9266711], [80.1407841, 12.926557], [80.1406924, 12.9262829], [80.1406923, 12.9261689], [80.1406235, 12.9259861], [80.1406234, 12.925872], [80.1405546, 12.9256892], [80.1405546, 12.9255752], [80.1404628, 12.925301], [80.1404628, 12.925187], [80.140394, 12.9250042], [80.1403939, 12.9248901], [80.1403021, 12.924616], [80.1403021, 12.9245019], [80.1402333, 12.9243192], [80.1402332, 12.9242051], [80.1401644, 12.9240223], [80.1401644, 12.9239082], [80.1401185, 12.9238168], [80.1401184, 12.9237027], [80.1400955, 12.9237027], [80.1400954, 12.9234745], [80.1400266, 12.9232917], [80.1400266, 12.9232005], [80.1399807, 12.9231319], [80.1399807, 12.9230178], [80.1399578, 12.9230177], [80.1399577, 12.9228808], [80.1399347, 12.9227895], [80.1398889, 12.9227665], [80.1398889, 12.9226981], [80.1397972, 12.9225608], [80.1397972, 12.9225152], [80.139614, 12.922446], [80.1394995, 12.9224455], [80.1394995, 12.9224227], [80.1387668, 12.9224197], [80.1386295, 12.9225104], [80.1385608, 12.9225101], [80.138515, 12.9225555], [80.1384464, 12.9225552], [80.1384006, 12.9226007], [80.1383319, 12.9226004], [80.1382403, 12.9226456], [80.1382175, 12.9226912], [80.1381259, 12.9227136], [80.138103, 12.9227591], [80.137439, 12.9227564], [80.1374391, 12.9227792], [80.1360882, 12.9227736], [80.1360882, 12.9227964], [80.1359737, 12.9227959], [80.1359737, 12.9228188], [80.1357906, 12.922818], [80.1357906, 12.9228408], [80.1356303, 12.9228402], [80.1356303, 12.922863], [80.1354929, 12.9228624], [80.1354014, 12.9228848], [80.1352639, 12.922679], [80.1352639, 12.9226333], [80.1350577, 12.92245], [80.1350348, 12.9224727], [80.1348745, 12.922472], [80.134783, 12.9225173], [80.1346685, 12.9225168], [80.1346685, 12.9225396], [80.1345082, 12.922539], [80.1345082, 12.9225618], [80.13389, 12.9225592], [80.1338901, 12.922582], [80.1331574, 12.922579], [80.1331574, 12.9226018], [80.1325392, 12.9225993], [80.1325392, 12.9226221], [80.1319897, 12.9226198], [80.1319897, 12.9226426], [80.1314631, 12.9226404], [80.1314631, 12.9226633], [80.1307991, 12.9226605], [80.1307075, 12.9225917], [80.1304785, 12.9225223], [80.1304556, 12.9224766], [80.130364, 12.9224534], [80.1302954, 12.9225444], [80.1301123, 12.9226805], [80.129975, 12.9228624], [80.1299292, 12.922885], [80.1299293, 12.9229991]]]}}, {"type": "Feature", "properties": {"ward": "47", "zone": "5", "zone_name": "EAST TAMBARAM", "area_km2": 0.376}, "geometry": {"type": "Polygon", "coordinates": [[[80.1319246, 12.9288017], [80.1319475, 12.9288018], [80.1319479, 12.9294862], [80.131925, 12.9294861], [80.1319251, 12.9296001], [80.1319022, 12.9296685], [80.1318107, 12.9296909], [80.1317191, 12.929759], [80.1316275, 12.9297586], [80.1315589, 12.9298039], [80.1314215, 12.9298034], [80.1314215, 12.9298262], [80.1310781, 12.9298248], [80.1310781, 12.9298476], [80.1307346, 12.9298462], [80.1307347, 12.929869], [80.1302309, 12.9298669], [80.1302309, 12.9298441], [80.1300707, 12.9298434], [80.1300248, 12.9297976], [80.1299562, 12.9297973], [80.1298874, 12.9297058], [80.1297957, 12.9294545], [80.1297499, 12.9294315], [80.1297498, 12.929363], [80.1296811, 12.9293399], [80.129498, 12.9293392], [80.1294979, 12.9293164], [80.1291774, 12.929315], [80.1291774, 12.9293379], [80.1275063, 12.9297644], [80.1274834, 12.9298099], [80.1273232, 12.9298777], [80.1273235, 12.9304024], [80.1273464, 12.9304025], [80.1273694, 12.9305851], [80.1274152, 12.9306537], [80.1274841, 12.931019], [80.1275299, 12.9310876], [80.1275988, 12.9314529], [80.1276447, 12.9315215], [80.1277136, 12.9318868], [80.1277594, 12.9319554], [80.1277824, 12.9321152], [80.1278511, 12.9321611], [80.127897, 12.9322754], [80.1279886, 12.9323442], [80.1279886, 12.9323898], [80.1281261, 12.9325044], [80.1281261, 12.9325501], [80.1281948, 12.932596], [80.1282864, 12.9325963], [80.1283322, 12.9326422], [80.1284009, 12.9326424], [80.1284696, 12.9326884], [80.1285612, 12.9326887], [80.1285613, 12.9328256], [80.1285842, 12.9328257], [80.1285843, 12.9330082], [80.1286072, 12.9330995], [80.1287217, 12.9331913], [80.1287218, 12.9332369], [80.1288821, 12.9333744], [80.1288822, 12.9334201], [80.1290196, 12.9335347], [80.1290196, 12.9335803], [80.12918, 12.9337178], [80.12918, 12.9337635], [80.1293174, 12.9338781], [80.1293633, 12.9339695], [80.1293634, 12.9341977], [80.1295008, 12.9341982], [80.1295008, 12.9341754], [80.1297298, 12.9341764], [80.1297297, 12.9341535], [80.1299587, 12.9341545], [80.1299587, 12.9341317], [80.1301876, 12.9341326], [80.1301876, 12.9341098], [80.1304166, 12.9341108], [80.1304166, 12.9340879], [80.1306455, 12.9340889], [80.1306455, 12.9340661], [80.1307829, 12.9340666], [80.1308516, 12.9340897], [80.1309432, 12.9341586], [80.1311264, 12.9341365], [80.1311951, 12.9340912], [80.1318361, 12.9339569], [80.1320421, 12.9338893], [80.1321336, 12.9337985], [80.1322252, 12.933776], [80.1322709, 12.9337078], [80.1324541, 12.9336401], [80.1325227, 12.9335948], [80.1325456, 12.9334808], [80.1327973, 12.933345], [80.132866, 12.933254], [80.1329118, 12.9332542], [80.1329804, 12.933186], [80.1331178, 12.9331638], [80.1331864, 12.9330956], [80.133278, 12.9330732], [80.1333695, 12.9329823], [80.1334153, 12.9329825], [80.1337814, 12.9325962], [80.1338043, 12.9325507], [80.1338958, 12.9324826], [80.1339416, 12.9324144], [80.1339644, 12.9323232], [80.134056, 12.9322324], [80.1340788, 12.9321412], [80.1341703, 12.9320503], [80.1341703, 12.9320047], [80.134239, 12.9319594], [80.1342847, 12.9318455], [80.1343534, 12.9318002], [80.1344448, 12.931618], [80.1345135, 12.9315727], [80.1345592, 12.9314588], [80.1346279, 12.9314135], [80.1347651, 12.9311631], [80.1348338, 12.9311178], [80.1348795, 12.9310039], [80.1349482, 12.9309586], [80.1349939, 12.9308447], [80.1350397, 12.9308221], [80.1350625, 12.9307537], [80.1350625, 12.9306168], [80.1350854, 12.9306169], [80.1350851, 12.9302519], [80.135108, 12.9301608], [80.1351537, 12.9299557], [80.1350849, 12.9298185], [80.1350848, 12.9297044], [80.1351534, 12.9295907], [80.1351533, 12.9292941], [80.1351762, 12.9292942], [80.1351757, 12.9284958], [80.1352901, 12.9283137], [80.1353129, 12.9282454], [80.13529, 12.9281769], [80.1351068, 12.928062], [80.1350381, 12.9280846], [80.1348549, 12.9280838], [80.1348549, 12.9281066], [80.1346718, 12.9281059], [80.1346718, 12.9281287], [80.1344886, 12.9281279], [80.1344886, 12.9281507], [80.1342825, 12.9281499], [80.1342826, 12.9281727], [80.1340994, 12.9281719], [80.1340994, 12.9281947], [80.1339162, 12.928194], [80.1339162, 12.9282168], [80.1337331, 12.928216], [80.1337331, 12.9282389], [80.1335499, 12.9282381], [80.1335499, 12.9282609], [80.1333439, 12.9282601], [80.1333439, 12.9282829], [80.1331607, 12.9282821], [80.1331607, 12.9283049], [80.1329776, 12.9283042], [80.1329776, 12.928327], [80.1327944, 12.9283262], [80.1327944, 12.928349], [80.1326112, 12.9283483], [80.1326113, 12.9283711], [80.1324052, 12.9283702], [80.1323594, 12.9284157], [80.1322678, 12.9284153], [80.1321992, 12.9284606], [80.1321305, 12.9284604], [80.1320847, 12.9285058], [80.132016, 12.9285055], [80.1319245, 12.9285508], [80.1319246, 12.9288017]]]}}, {"type": "Feature", "properties": {"ward": "48", "zone": "5", "zone_name": "EAST TAMBARAM", "area_km2": 1.0}, "geometry": {"type": "Polygon", "coordinates": [[[80.1164441, 12.9239928], [80.116696, 12.9241307], [80.1167418, 12.9241993], [80.1169251, 12.9242913], [80.1169709, 12.92436], [80.1170854, 12.9244061], [80.1171312, 12.9244747], [80.1173145, 12.9245667], [80.1173603, 12.9246353], [80.1174748, 12.9246814], [80.1175206, 12.92475], [80.1177039, 12.924842], [80.1177497, 12.9249107], [80.1179329, 12.9250027], [80.1179787, 12.9250713], [80.1180933, 12.9251174], [80.1181391, 12.925186], [80.1183223, 12.925278], [80.1183681, 12.9253467], [80.1184826, 12.9253928], [80.1185285, 12.9254614], [80.118643, 12.9255075], [80.1186888, 12.9255761], [80.118872, 12.9256681], [80.1189179, 12.9257367], [80.1190324, 12.9257828], [80.1190782, 12.9258515], [80.1193301, 12.9259894], [80.119376, 12.926058], [80.1194905, 12.9261041], [80.1195363, 12.9261727], [80.1196508, 12.9262188], [80.1196967, 12.9262875], [80.1197425, 12.9262876], [80.1197654, 12.9263562], [80.119857, 12.926425], [80.1198799, 12.9264935], [80.1199944, 12.926494], [80.1200402, 12.9265398], [80.1201089, 12.9265401], [80.1202693, 12.9267233], [80.1203609, 12.9267693], [80.1204754, 12.9267925], [80.1205213, 12.9268612], [80.12059, 12.9268843], [80.1206129, 12.9269984], [80.1209795, 12.9273878], [80.1210253, 12.9273879], [80.1213231, 12.9277085], [80.1213689, 12.9277087], [80.1216667, 12.9280293], [80.1217125, 12.9280295], [80.1220104, 12.9283501], [80.1220562, 12.9283731], [80.1222165, 12.9285107], [80.1222395, 12.9285792], [80.1222853, 12.9285794], [80.1223998, 12.9287167], [80.1224456, 12.9287169], [80.1226747, 12.9289688], [80.1227205, 12.928969], [80.1228809, 12.9291522], [80.1229267, 12.9291523], [80.1230412, 12.9292897], [80.123087, 12.9292899], [80.1232245, 12.9294501], [80.1232703, 12.9294503], [80.1233849, 12.9295877], [80.1234307, 12.9295879], [80.1235681, 12.9297481], [80.1236139, 12.9297483], [80.1237514, 12.9299086], [80.1237972, 12.9299088], [80.1239117, 12.9300461], [80.1239575, 12.9300463], [80.124095, 12.9302065], [80.1241408, 12.9302067], [80.1242783, 12.930367], [80.1243241, 12.9303672], [80.1244386, 12.9305045], [80.1244844, 12.9305047], [80.1246219, 12.930665], [80.1246677, 12.9306652], [80.1248051, 12.9308254], [80.1248509, 12.9308256], [80.1249655, 12.9309629], [80.1250113, 12.9309631], [80.1251488, 12.9311234], [80.1251945, 12.9311236], [80.1253091, 12.9312609], [80.1253549, 12.9312611], [80.1254924, 12.9314214], [80.1255382, 12.9314216], [80.1256756, 12.9315818], [80.1257214, 12.931582], [80.125836, 12.9317194], [80.1258818, 12.9317195], [80.1260192, 12.9318798], [80.126065, 12.93188], [80.1262025, 12.9320402], [80.1262483, 12.9320404], [80.12634, 12.9321549], [80.1263857, 12.9321551], [80.1264774, 12.9322695], [80.1265232, 12.9322697], [80.1265919, 12.9323612], [80.1266377, 12.9323614], [80.1267523, 12.9324988], [80.1267981, 12.9324989], [80.1268439, 12.9325676], [80.1268897, 12.9325678], [80.1269355, 12.9326364], [80.1269813, 12.9326366], [80.1270501, 12.9327281], [80.1270959, 12.9327283], [80.1271875, 12.9328427], [80.1272333, 12.9328429], [80.127302, 12.9329345], [80.1273478, 12.9329347], [80.1274166, 12.9330262], [80.1274624, 12.9330264], [80.1275311, 12.9331179], [80.1275769, 12.9331181], [80.1276456, 12.9332096], [80.1276914, 12.9332098], [80.1277602, 12.9333014], [80.127806, 12.9333015], [80.1278976, 12.933416], [80.1279434, 12.9334162], [80.1280122, 12.9335077], [80.1280579, 12.9335079], [80.1281267, 12.9335994], [80.1281725, 12.9335996], [80.1282412, 12.9336912], [80.128287, 12.9336913], [80.1283558, 12.9337829], [80.1284016, 12.9337831], [80.1284703, 12.9338746], [80.1285161, 12.9338748], [80.1286077, 12.9339892], [80.1286535, 12.9339894], [80.1287223, 12.934081], [80.1287681, 12.9340811], [80.1288368, 12.9341727], [80.1289513, 12.934196], [80.1289971, 12.9342418], [80.1291345, 12.9342652], [80.1291574, 12.9342881], [80.1292032, 12.9342426], [80.1293405, 12.9342204], [80.1293634, 12.9341977], [80.1293633, 12.9339695], [80.1293174, 12.9338781], [80.12918, 12.9337635], [80.12918, 12.9337178], [80.1290196, 12.9335803], [80.1290196, 12.9335347], [80.1288822, 12.9334201], [80.1288821, 12.9333744], [80.1287218, 12.9332369], [80.1287217, 12.9331913], [80.1286072, 12.9330995], [80.1285843, 12.9330082], [80.1285842, 12.9328257], [80.1285613, 12.9328256], [80.1285612, 12.9326887], [80.1284696, 12.9326884], [80.1284009, 12.9326424], [80.1283322, 12.9326422], [80.1282864, 12.9325963], [80.1281948, 12.932596], [80.1281261, 12.9325501], [80.1281261, 12.9325044], [80.1279886, 12.9323898], [80.1279886, 12.9323442], [80.127897, 12.9322754], [80.1278511, 12.9321611], [80.1277824, 12.9321152], [80.1277594, 12.9319554], [80.1277136, 12.9318868], [80.1276447, 12.9315215], [80.1275988, 12.9314529], [80.1275299, 12.9310876], [80.1274841, 12.931019], [80.1274152, 12.9306537], [80.1273694, 12.9305851], [80.1273464, 12.9304025], [80.1273235, 12.9304024], [80.1273232, 12.9298777], [80.1274834, 12.9298099], [80.1275063, 12.9297644], [80.1291774, 12.9293379], [80.1291774, 12.929315], [80.1294979, 12.9293164], [80.129498, 12.9293392], [80.1296811, 12.9293399], [80.1297498, 12.929363], [80.1297499, 12.9294315], [80.1297957, 12.9294545], [80.1298874, 12.9297058], [80.1299562, 12.9297973], [80.1300248, 12.9297976], [80.1300707, 12.9298434], [80.1302309, 12.9298441], [80.1302309, 12.9298669], [80.1307347, 12.929869], [80.1307346, 12.9298462], [80.1310781, 12.9298476], [80.1310781, 12.9298248], [80.1314215, 12.9298262], [80.1314215, 12.9298034], [80.1315589, 12.9298039], [80.1316275, 12.9297586], [80.1317191, 12.929759], [80.1318107, 12.9296909], [80.1319022, 12.9296685], [80.1319251, 12.9296001], [80.131925, 12.9294861], [80.1319479, 12.9294862], [80.1319475, 12.9288018], [80.1319246, 12.9288017], [80.1319245, 12.9285508], [80.13181, 12.9285047], [80.1317412, 12.9284131], [80.1316954, 12.9284129], [80.1315809, 12.9282528], [80.1315351, 12.9282298], [80.1314433, 12.9279785], [80.1313975, 12.9279327], [80.1313057, 12.927476], [80.1312828, 12.9274759], [80.1312827, 12.9273619], [80.131168, 12.9269964], [80.1311679, 12.9268823], [80.1310532, 12.9265169], [80.1310532, 12.9264028], [80.1309614, 12.9261287], [80.1309614, 12.9260146], [80.1308467, 12.9256491], [80.1308466, 12.9255351], [80.1308008, 12.9254436], [80.1308007, 12.9253524], [80.1307549, 12.9252838], [80.1307548, 12.9252153], [80.1306861, 12.9251238], [80.1306861, 12.9250553], [80.1306402, 12.9249639], [80.1305944, 12.9249409], [80.1305715, 12.9248496], [80.1304569, 12.9247578], [80.130434, 12.9246665], [80.1303882, 12.9246435], [80.1303423, 12.9245064], [80.1302965, 12.9244834], [80.1302277, 12.924255], [80.1301818, 12.9241864], [80.1301818, 12.9240951], [80.130113, 12.923958], [80.1300441, 12.9235927], [80.1299983, 12.9235241], [80.1299982, 12.92341], [80.1299753, 12.9234099], [80.1299752, 12.9232046], [80.1299523, 12.9232045], [80.1299522, 12.9229992], [80.1299293, 12.9229991], [80.1299292, 12.922885], [80.1298376, 12.922839], [80.129746, 12.9228387], [80.1296773, 12.9227928], [80.1295857, 12.9227696], [80.1294712, 12.9227691], [80.1294712, 12.9227463], [80.1287843, 12.9227434], [80.1287843, 12.9227663], [80.1283264, 12.9227644], [80.1283264, 12.9227872], [80.1278227, 12.9227851], [80.1278227, 12.9227623], [80.1277082, 12.9227618], [80.1277082, 12.922739], [80.1275937, 12.9227385], [80.1275021, 12.9227153], [80.1274563, 12.9226695], [80.1273876, 12.9226692], [80.1273189, 12.9226918], [80.1271816, 12.9227824], [80.1270214, 12.9228274], [80.1268611, 12.9228267], [80.1268611, 12.9228496], [80.1265635, 12.9228483], [80.1265635, 12.9228711], [80.1261285, 12.9228693], [80.1261285, 12.9228922], [80.1256934, 12.9228904], [80.1256935, 12.9229132], [80.1252584, 12.9229114], [80.1252584, 12.9229342], [80.1248234, 12.9229324], [80.1248234, 12.9229552], [80.1243884, 12.9229534], [80.1243884, 12.9229762], [80.1239534, 12.9229744], [80.1239534, 12.9229972], [80.1235184, 12.9229954], [80.1235184, 12.9230183], [80.1230834, 12.9230165], [80.1230834, 12.9230393], [80.1226255, 12.9230374], [80.1226255, 12.9230602], [80.1221904, 12.9230584], [80.1221905, 12.9230812], [80.1217554, 12.9230794], [80.1217554, 12.9231022], [80.1213204, 12.9231004], [80.1213204, 12.9231232], [80.1208854, 12.9231214], [80.1208854, 12.9231443], [80.1204504, 12.9231425], [80.1204504, 12.9231653], [80.1202443, 12.9231644], [80.1202444, 12.9231872], [80.1200154, 12.9231863], [80.1200154, 12.9232091], [80.1197864, 12.9232082], [80.1197865, 12.923231], [80.1195804, 12.9232301], [80.1195804, 12.9232529], [80.1193514, 12.923252], [80.1193515, 12.9232748], [80.1191225, 12.9232738], [80.1191225, 12.9232967], [80.1189164, 12.9232958], [80.1189165, 12.9233186], [80.1186875, 12.9233177], [80.1186875, 12.9233405], [80.1184585, 12.9233395], [80.1184586, 12.9233624], [80.1182525, 12.9233615], [80.1182525, 12.9233843], [80.1180235, 12.9233834], [80.1180236, 12.9234062], [80.1177946, 12.9234052], [80.1177946, 12.9234281], [80.1176343, 12.9234274], [80.1175428, 12.9234498], [80.1174741, 12.9234952], [80.1171078, 12.9235621], [80.1170391, 12.9236074], [80.1165355, 12.9237194], [80.1164897, 12.9237877], [80.1163524, 12.9238783], [80.1164441, 12.9239928]]]}}, {"type": "Feature", "properties": {"ward": "49", "zone": "4", "zone_name": "PERUNGALATHUR", "area_km2": 1.025}, "geometry": {"type": "Polygon", "coordinates": [[[80.1107863, 12.9198404], [80.1107863, 12.919886], [80.1106948, 12.9199541], [80.1106261, 12.9199538], [80.1104888, 12.9200445], [80.1104201, 12.9200442], [80.110237, 12.9201575], [80.1101683, 12.9201572], [80.110031, 12.9202479], [80.1099623, 12.9202476], [80.109825, 12.9203383], [80.1097563, 12.920338], [80.1094359, 12.9206332], [80.109436, 12.9207473], [80.1094589, 12.9207474], [80.1094589, 12.9208614], [80.1094819, 12.9209528], [80.1095277, 12.9209758], [80.1095736, 12.9211357], [80.1096652, 12.9212045], [80.1096652, 12.9212501], [80.1098256, 12.9213876], [80.1099172, 12.9215021], [80.109963, 12.9215023], [80.1100089, 12.9215709], [80.1100547, 12.9215711], [80.1101463, 12.9216399], [80.1101463, 12.9216855], [80.1102608, 12.9217088], [80.1103525, 12.9218233], [80.1104211, 12.9218235], [80.1104899, 12.9219379], [80.11049, 12.922052], [80.1105358, 12.922075], [80.1105358, 12.9221434], [80.1105816, 12.922212], [80.1105817, 12.9223489], [80.1106046, 12.922349], [80.1106047, 12.9224859], [80.1106276, 12.922486], [80.1106277, 12.9226456], [80.1106506, 12.9226457], [80.1106507, 12.9227826], [80.1106736, 12.9227827], [80.1106737, 12.9229424], [80.1106965, 12.9229425], [80.1106966, 12.9230794], [80.1107195, 12.9230795], [80.1107196, 12.9232163], [80.1107425, 12.9232164], [80.1107426, 12.9233761], [80.1107655, 12.9233762], [80.1107656, 12.9235131], [80.1107885, 12.9235132], [80.1107886, 12.9236729], [80.1108115, 12.923673], [80.1108115, 12.9238098], [80.1108344, 12.9238099], [80.1108345, 12.9239468], [80.1108574, 12.9239469], [80.1108575, 12.9241066], [80.1108804, 12.9241067], [80.1108807, 12.9245629], [80.1108578, 12.9245628], [80.110835, 12.9246996], [80.1106976, 12.9247447], [80.1106747, 12.9247902], [80.110606, 12.9247899], [80.1105374, 12.9248581], [80.1102627, 12.9249026], [80.1101482, 12.9249705], [80.109782, 12.9251287], [80.1097591, 12.9251742], [80.1097592, 12.9253795], [80.1097821, 12.9253796], [80.1097823, 12.925585], [80.1098051, 12.925585], [80.1098055, 12.9262238], [80.1098284, 12.9262239], [80.1098289, 12.927068], [80.1098518, 12.927068], [80.1098519, 12.9272505], [80.1098978, 12.927342], [80.1098978, 12.927456], [80.1099665, 12.9274791], [80.1099895, 12.9275477], [80.1101269, 12.9276167], [80.1101727, 12.9276853], [80.1102185, 12.9276855], [80.1103101, 12.9277771], [80.1106308, 12.9279153], [80.1106537, 12.927961], [80.1109743, 12.9280992], [80.1109972, 12.928145], [80.1112721, 12.9282602], [80.111295, 12.9283059], [80.1116156, 12.9284441], [80.1116385, 12.9284898], [80.1118217, 12.928559], [80.1118905, 12.9286505], [80.1119363, 12.9286507], [80.1119821, 12.9287193], [80.1121424, 12.9288341], [80.1122113, 12.9290625], [80.1123488, 12.9292683], [80.1123947, 12.9294282], [80.1124405, 12.9294512], [80.1124405, 12.9295197], [80.1123719, 12.9296106], [80.1123719, 12.9296791], [80.1123261, 12.9297245], [80.1123262, 12.9297929], [80.1122804, 12.9298384], [80.1122805, 12.9299296], [80.1122347, 12.9299979], [80.1122349, 12.9303401], [80.1122578, 12.9303402], [80.1122581, 12.9307964], [80.112281, 12.9307965], [80.1122811, 12.9310018], [80.112304, 12.9310019], [80.1123041, 12.9312072], [80.112327, 12.9312073], [80.1123271, 12.9314126], [80.11235, 12.9314127], [80.1123502, 12.9316408], [80.1123731, 12.9316409], [80.1123732, 12.9318691], [80.1123961, 12.9318692], [80.1123962, 12.9320517], [80.1124191, 12.9320518], [80.1124191, 12.9321658], [80.112442, 12.9321659], [80.1124421, 12.93228], [80.112465, 12.9322801], [80.1124651, 12.9323941], [80.112488, 12.9323942], [80.1124883, 12.9329417], [80.1124654, 12.9329416], [80.1124655, 12.9331241], [80.1124426, 12.933124], [80.1124427, 12.9332837], [80.1124198, 12.9332836], [80.1124199, 12.9335346], [80.1123971, 12.9335345], [80.1123973, 12.9338767], [80.1124202, 12.9338767], [80.1124203, 12.9341277], [80.1124432, 12.9341278], [80.1124433, 12.9342875], [80.1124662, 12.9342876], [80.1124663, 12.9344701], [80.1124892, 12.9344702], [80.1124893, 12.9346298], [80.1125122, 12.9346299], [80.1125122, 12.934744], [80.1125351, 12.9347441], [80.1125352, 12.9348582], [80.1125581, 12.9348583], [80.1126728, 12.9351553], [80.1127415, 12.9352012], [80.1128788, 12.9352018], [80.1128789, 12.9352246], [80.113291, 12.9352263], [80.113291, 12.9352035], [80.1134741, 12.9352042], [80.1134741, 12.9351814], [80.1136802, 12.9351823], [80.1136802, 12.9351594], [80.113932, 12.9351605], [80.113932, 12.9351377], [80.1141152, 12.9351384], [80.1141152, 12.93507], [80.1141609, 12.9350246], [80.1141609, 12.9349561], [80.1142066, 12.9349107], [80.1142066, 12.9348422], [80.1142524, 12.9347968], [80.1142981, 12.9346373], [80.114298, 12.9345233], [80.1143209, 12.9345233], [80.1143437, 12.9343866], [80.1144581, 12.9342274], [80.114481, 12.934159], [80.1144809, 12.9340221], [80.1145038, 12.9340222], [80.1145037, 12.9339082], [80.1144808, 12.9339081], [80.1144807, 12.9337256], [80.1144119, 12.9335428], [80.1144118, 12.9334287], [80.1143889, 12.9334286], [80.1143889, 12.9333146], [80.114366, 12.9333145], [80.1143659, 12.9331548], [80.114343, 12.9331547], [80.1143428, 12.9328581], [80.1143657, 12.9328582], [80.1143656, 12.9327214], [80.1144342, 12.9325848], [80.1145029, 12.932585], [80.1145487, 12.9325396], [80.1146403, 12.93254], [80.1147089, 12.9324946], [80.1148234, 12.9324951], [80.1148234, 12.9324723], [80.1149379, 12.9324728], [80.1150066, 12.9324274], [80.1152355, 12.9323828], [80.1153499, 12.9322007], [80.1153498, 12.9321095], [80.1154184, 12.9319729], [80.1154183, 12.9317676], [80.1154412, 12.9317677], [80.1154406, 12.9308095], [80.1154864, 12.9307413], [80.1154863, 12.9306501], [80.1155321, 12.9306046], [80.1155549, 12.9304906], [80.1156694, 12.9304911], [80.1156694, 12.9304683], [80.1161502, 12.9304703], [80.1161502, 12.9304931], [80.1162647, 12.9304936], [80.1162647, 12.9305164], [80.116425, 12.9305171], [80.116425, 12.9305399], [80.1168142, 12.9305415], [80.1168142, 12.9305187], [80.1170203, 12.9305195], [80.1170203, 12.9304967], [80.1171348, 12.9304972], [80.1171348, 12.9304744], [80.1172721, 12.9304749], [80.1172721, 12.9304521], [80.1174095, 12.9304527], [80.1174095, 12.9304299], [80.1175469, 12.9304304], [80.1176384, 12.930408], [80.1177071, 12.9303627], [80.117913, 12.9301354], [80.1180046, 12.930113], [80.1181878, 12.9302278], [80.1182565, 12.9302281], [80.1183252, 12.930274], [80.1184626, 12.9302745], [80.1184626, 12.9302517], [80.1186, 12.9302523], [80.1186, 12.9302295], [80.1187144, 12.9302299], [80.1187144, 12.9302071], [80.1188518, 12.9302077], [80.1188518, 12.9301849], [80.1189663, 12.9301854], [80.1189663, 12.9301625], [80.1191036, 12.9301631], [80.1191036, 12.9301403], [80.1192181, 12.9301408], [80.1192181, 12.930118], [80.1193555, 12.9301185], [80.1193554, 12.9300957], [80.1195157, 12.9300964], [80.1195157, 12.9300736], [80.1197447, 12.9300745], [80.1197447, 12.9300517], [80.1199736, 12.9300526], [80.1199736, 12.9300298], [80.1202026, 12.9300308], [80.1202026, 12.930008], [80.1204315, 12.9300089], [80.1204315, 12.9299861], [80.120546, 12.9299866], [80.120546, 12.9299638], [80.1206604, 12.9299642], [80.1206604, 12.9299414], [80.1207978, 12.929942], [80.1207978, 12.9299192], [80.120981, 12.9299199], [80.1210496, 12.9298746], [80.1211412, 12.9298522], [80.1212557, 12.9298526], [80.1212785, 12.9297159], [80.1213242, 12.9296248], [80.12137, 12.9296022], [80.12137, 12.9295337], [80.1215073, 12.9293746], [80.1215072, 12.929329], [80.121759, 12.9291019], [80.1217589, 12.9290563], [80.1220107, 12.9288292], [80.1220106, 12.9287836], [80.1221479, 12.9286929], [80.1222395, 12.9285792], [80.1222165, 12.9285107], [80.1220562, 12.9283731], [80.1220104, 12.9283501], [80.1217125, 12.9280295], [80.1216667, 12.9280293], [80.1213689, 12.9277087], [80.1213231, 12.9277085], [80.1210253, 12.9273879], [80.1209795, 12.9273878], [80.1206129, 12.9269984], [80.12059, 12.9268843], [80.1205213, 12.9268612], [80.1204754, 12.9267925], [80.1203609, 12.9267693], [80.1202693, 12.9267233], [80.1201089, 12.9265401], [80.1200402, 12.9265398], [80.1199944, 12.926494], [80.1198799, 12.9264935], [80.119857, 12.926425], [80.1197654, 12.9263562], [80.1197425, 12.9262876], [80.1196967, 12.9262875], [80.1196508, 12.9262188], [80.1195363, 12.9261727], [80.1194905, 12.9261041], [80.119376, 12.926058], [80.1193301, 12.9259894], [80.1190782, 12.9258515], [80.1190324, 12.9257828], [80.1189179, 12.9257367], [80.118872, 12.9256681], [80.1186888, 12.9255761], [80.118643, 12.9255075], [80.1185285, 12.9254614], [80.1184826, 12.9253928], [80.1183681, 12.9253467], [80.1183223, 12.925278], [80.1181391, 12.925186], [80.1180933, 12.9251174], [80.1179787, 12.9250713], [80.1179329, 12.9250027], [80.1177497, 12.9249107], [80.1177039, 12.924842], [80.1175206, 12.92475], [80.1174748, 12.9246814], [80.1173603, 12.9246353], [80.1173145, 12.9245667], [80.1171312, 12.9244747], [80.1170854, 12.9244061], [80.1169709, 12.92436], [80.1169251, 12.9242913], [80.1167418, 12.9241993], [80.116696, 12.9241307], [80.1164441, 12.9239928], [80.1163524, 12.9238783], [80.1163295, 12.9238782], [80.1161691, 12.9236951], [80.1161234, 12.9236949], [80.1160317, 12.9235805], [80.1159859, 12.9235803], [80.1159172, 12.9234887], [80.1158714, 12.9234885], [80.1158255, 12.9234199], [80.1157798, 12.9234197], [80.115711, 12.9233282], [80.1156652, 12.923328], [80.1155965, 12.9232365], [80.1155507, 12.9232363], [80.1154819, 12.9231448], [80.1154362, 12.9231446], [80.1153674, 12.923053], [80.1153216, 12.9230528], [80.1152529, 12.9229613], [80.1152071, 12.9229611], [80.1151383, 12.9228696], [80.1150926, 12.9228694], [80.1150238, 12.9227779], [80.114978, 12.9227777], [80.1149093, 12.9226861], [80.1148635, 12.922686], [80.1147947, 12.9225944], [80.1147489, 12.9225942], [80.1146802, 12.9225027], [80.1146344, 12.9225025], [80.1145657, 12.922411], [80.1145199, 12.9224108], [80.1144511, 12.9223192], [80.1144053, 12.9223191], [80.1143366, 12.9222275], [80.1142908, 12.9222273], [80.1142221, 12.9221358], [80.1141763, 12.9221356], [80.1140846, 12.9220212], [80.1140388, 12.922021], [80.1139701, 12.9219295], [80.1138785, 12.9219063], [80.113741, 12.921746], [80.1135807, 12.9216541], [80.1133974, 12.921448], [80.1133516, 12.9214478], [80.1132829, 12.9213563], [80.1132371, 12.9213561], [80.1131225, 12.9212188], [80.1130767, 12.9212186], [80.113008, 12.921127], [80.1129622, 12.9211269], [80.1128705, 12.9210124], [80.1128248, 12.9210122], [80.1127331, 12.9208978], [80.1126873, 12.9208976], [80.1125957, 12.9207832], [80.1125499, 12.920783], [80.1124582, 12.9206685], [80.1124124, 12.9206683], [80.1123437, 12.9205768], [80.1122979, 12.9205766], [80.1122062, 12.9204622], [80.1121604, 12.920462], [80.1120688, 12.9203475], [80.112023, 12.9203474], [80.1119314, 12.9202329], [80.1118856, 12.9202327], [80.1117939, 12.9201183], [80.1117481, 12.9201181], [80.1116794, 12.9200266], [80.1116336, 12.9200264], [80.1115419, 12.9199119], [80.1114961, 12.9199117], [80.1114274, 12.9198202], [80.1113129, 12.9197741], [80.1112442, 12.9197966], [80.1111527, 12.9198647], [80.1110382, 12.9198642], [80.1110382, 12.9198414], [80.1108779, 12.9197495], [80.1107863, 12.9198404]]]}}, {"type": "Feature", "properties": {"ward": "50", "zone": "4", "zone_name": "PERUNGALATHUR", "area_km2": 0.465}, "geometry": {"type": "Polygon", "coordinates": [[[80.1143905, 12.9360064], [80.1144134, 12.9360522], [80.1145508, 12.9360984], [80.1145508, 12.9361212], [80.1149171, 12.9361227], [80.1149171, 12.9360999], [80.1151003, 12.9361006], [80.1151003, 12.9360778], [80.1152148, 12.9360783], [80.1152147, 12.9360555], [80.1153292, 12.9360559], [80.1153292, 12.9360331], [80.1160848, 12.9360362], [80.1160848, 12.9360591], [80.1171609, 12.9360635], [80.1171609, 12.9360407], [80.1175043, 12.9360421], [80.1175043, 12.9360193], [80.1178249, 12.9360206], [80.1178249, 12.9359978], [80.1181683, 12.9359992], [80.1181683, 12.9359764], [80.1185117, 12.9359778], [80.1185117, 12.935955], [80.1187636, 12.9359561], [80.1187636, 12.9359333], [80.1190612, 12.9359345], [80.1190612, 12.9359573], [80.1191986, 12.9359579], [80.1192673, 12.9360038], [80.1193818, 12.9360042], [80.1194276, 12.9360272], [80.1195192, 12.935982], [80.119542, 12.9359365], [80.1198854, 12.935801], [80.1199312, 12.9357556], [80.1200685, 12.9357561], [80.1200685, 12.9357333], [80.120183, 12.9357338], [80.120183, 12.935711], [80.1209157, 12.935714], [80.1209157, 12.9356912], [80.121053, 12.9356918], [80.121053, 12.935669], [80.1211904, 12.9356695], [80.1212362, 12.9356469], [80.121259, 12.9355557], [80.1212589, 12.9354417], [80.1213047, 12.9353734], [80.1213045, 12.9349856], [80.1212816, 12.9349855], [80.1212815, 12.9348258], [80.1212586, 12.9348257], [80.1212585, 12.9346661], [80.1212356, 12.934666], [80.1212355, 12.9345063], [80.1212126, 12.9345062], [80.1212125, 12.9343465], [80.1211896, 12.9343464], [80.1211895, 12.9341867], [80.1211666, 12.9341866], [80.1211665, 12.9340269], [80.1211436, 12.9340268], [80.1211435, 12.9338672], [80.1211207, 12.9338671], [80.1211206, 12.9337074], [80.1210977, 12.9337073], [80.1210976, 12.9335476], [80.1210747, 12.9335475], [80.1210746, 12.9333878], [80.1210517, 12.9333877], [80.1210516, 12.933228], [80.1210287, 12.9332279], [80.1210286, 12.9330682], [80.1210057, 12.9330681], [80.1210055, 12.9327031], [80.1210284, 12.9327032], [80.1210283, 12.9325436], [80.1212343, 12.9323619], [80.1213487, 12.9323168], [80.1213716, 12.9322712], [80.1217836, 12.9320904], [80.1218523, 12.9320679], [80.12231, 12.9318189], [80.1224245, 12.9317965], [80.1224931, 12.9316827], [80.1225618, 12.9316374], [80.1225618, 12.9315918], [80.1226304, 12.9315464], [80.1226304, 12.9314324], [80.1225616, 12.931318], [80.1225386, 12.9312039], [80.1224928, 12.9311809], [80.1224699, 12.9310895], [80.1214161, 12.9300586], [80.1213702, 12.9299444], [80.1212557, 12.9298526], [80.1211412, 12.9298522], [80.1210496, 12.9298746], [80.120981, 12.9299199], [80.1207978, 12.9299192], [80.1207978, 12.929942], [80.1206604, 12.9299414], [80.1206604, 12.9299642], [80.120546, 12.9299638], [80.120546, 12.9299866], [80.1204315, 12.9299861], [80.1204315, 12.9300089], [80.1202026, 12.930008], [80.1202026, 12.9300308], [80.1199736, 12.9300298], [80.1199736, 12.9300526], [80.1197447, 12.9300517], [80.1197447, 12.9300745], [80.1195157, 12.9300736], [80.1195157, 12.9300964], [80.1193554, 12.9300957], [80.1193555, 12.9301185], [80.1192181, 12.930118], [80.1192181, 12.9301408], [80.1191036, 12.9301403], [80.1191036, 12.9301631], [80.1189663, 12.9301625], [80.1189663, 12.9301854], [80.1188518, 12.9301849], [80.1188518, 12.9302077], [80.1187144, 12.9302071], [80.1187144, 12.9302299], [80.1186, 12.9302295], [80.1186, 12.9302523], [80.1184626, 12.9302517], [80.1184626, 12.9302745], [80.1183252, 12.930274], [80.1182565, 12.9302281], [80.1181878, 12.9302278], [80.1180046, 12.930113], [80.117913, 12.9301354], [80.1177071, 12.9303627], [80.1176384, 12.930408], [80.1175469, 12.9304304], [80.1174095, 12.9304299], [80.1174095, 12.9304527], [80.1172721, 12.9304521], [80.1172721, 12.9304749], [80.1171348, 12.9304744], [80.1171348, 12.9304972], [80.1170203, 12.9304967], [80.1170203, 12.9305195], [80.1168142, 12.9305187], [80.1168142, 12.9305415], [80.116425, 12.9305399], [80.116425, 12.9305171], [80.1162647, 12.9305164], [80.1162647, 12.9304936], [80.1161502, 12.9304931], [80.1161502, 12.9304703], [80.1156694, 12.9304683], [80.1156694, 12.9304911], [80.1155549, 12.9304906], [80.1155321, 12.9306046], [80.1154863, 12.9306501], [80.1154864, 12.9307413], [80.1154406, 12.9308095], [80.1154412, 12.9317677], [80.1154183, 12.9317676], [80.1154184, 12.9319729], [80.1153498, 12.9321095], [80.1153499, 12.9322007], [80.1152355, 12.9323828], [80.1150066, 12.9324274], [80.1149379, 12.9324728], [80.1148234, 12.9324723], [80.1148234, 12.9324951], [80.1147089, 12.9324946], [80.1146403, 12.93254], [80.1145487, 12.9325396], [80.1145029, 12.932585], [80.1144342, 12.9325848], [80.1143656, 12.9327214], [80.1143657, 12.9328582], [80.1143428, 12.9328581], [80.114343, 12.9331547], [80.1143659, 12.9331548], [80.114366, 12.9333145], [80.1143889, 12.9333146], [80.1143889, 12.9334286], [80.1144118, 12.9334287], [80.1144119, 12.9335428], [80.1144807, 12.9337256], [80.1144808, 12.9339081], [80.1145037, 12.9339082], [80.1145038, 12.9340222], [80.1144809, 12.9340221], [80.114481, 12.934159], [80.1144581, 12.9342274], [80.1143437, 12.9343866], [80.1143209, 12.9345233], [80.114298, 12.9345233], [80.1142981, 12.9346373], [80.1142524, 12.9347968], [80.1142066, 12.9348422], [80.1142066, 12.9349107], [80.1141609, 12.9349561], [80.1141609, 12.9350246], [80.1141152, 12.93507], [80.1141152, 12.9351384], [80.1141839, 12.93523], [80.1142298, 12.9353898], [80.1142756, 12.9354128], [80.1142986, 12.9355042], [80.1142987, 12.9357551], [80.1143216, 12.9357552], [80.1143218, 12.9359833], [80.1143905, 12.9360064]]]}}, {"type": "Feature", "properties": {"ward": "51", "zone": "4", "zone_name": "PERUNGALATHUR", "area_km2": 0.908}, "geometry": {"type": "Polygon", "coordinates": [[[80.1059895, 12.9391883], [80.1059895, 12.9392111], [80.106104, 12.9392116], [80.106104, 12.9392344], [80.1062413, 12.939235], [80.1062413, 12.9392121], [80.1064016, 12.9392128], [80.1064016, 12.93919], [80.1065619, 12.9391907], [80.1065619, 12.9391678], [80.1067221, 12.9391685], [80.1067221, 12.9391457], [80.1068824, 12.9391464], [80.1068824, 12.9391235], [80.1070655, 12.9391243], [80.1070655, 12.9391015], [80.1072258, 12.9391021], [80.1072258, 12.9390793], [80.1073861, 12.93908], [80.107386, 12.9390572], [80.1075692, 12.9390579], [80.1075692, 12.9390351], [80.1077066, 12.9390357], [80.1077066, 12.9390129], [80.1078897, 12.9390136], [80.1078897, 12.9389908], [80.10805, 12.9389915], [80.10805, 12.9389687], [80.1082103, 12.9389693], [80.1082102, 12.9389465], [80.1083705, 12.9389472], [80.1083705, 12.9389244], [80.1085308, 12.938925], [80.1085308, 12.9389022], [80.1087139, 12.938903], [80.1087139, 12.9388802], [80.1088742, 12.9388808], [80.1088742, 12.938858], [80.1090344, 12.9388587], [80.1090344, 12.9388359], [80.1091947, 12.9388365], [80.1091947, 12.9388137], [80.1093779, 12.9388145], [80.1093778, 12.9387917], [80.1095381, 12.9387923], [80.1095381, 12.9387695], [80.1097213, 12.9387703], [80.1097213, 12.9387475], [80.1099044, 12.9387482], [80.1099044, 12.9387254], [80.1100876, 12.9387262], [80.1100876, 12.9387033], [80.1102707, 12.9387041], [80.1102707, 12.9386813], [80.1104539, 12.938682], [80.1104539, 12.9386592], [80.1106371, 12.93866], [80.110637, 12.9386372], [80.1108202, 12.9386379], [80.1108202, 12.9386151], [80.111301, 12.9386171], [80.111301, 12.9386399], [80.1114842, 12.9386407], [80.1115529, 12.9386866], [80.1116216, 12.9386869], [80.1116674, 12.9387327], [80.1118048, 12.9387332], [80.1118048, 12.9387561], [80.1119651, 12.9387567], [80.1119651, 12.9387795], [80.1120796, 12.93878], [80.1121712, 12.9388944], [80.112217, 12.9388946], [80.1122629, 12.9389633], [80.1123086, 12.9389635], [80.1124003, 12.9390551], [80.1125606, 12.9390557], [80.1125606, 12.9390786], [80.1129727, 12.9390803], [80.1131329, 12.9390353], [80.1131787, 12.9389899], [80.1132703, 12.9389902], [80.1133389, 12.9389221], [80.1134305, 12.9388768], [80.1134304, 12.9387628], [80.1134533, 12.9387629], [80.113453, 12.9382382], [80.1134301, 12.9382381], [80.11343, 12.9380328], [80.1134071, 12.9380327], [80.113407, 12.937873], [80.1133841, 12.9378729], [80.113384, 12.9377132], [80.1133611, 12.9377131], [80.1133611, 12.9375762], [80.1133382, 12.9375761], [80.113338, 12.9373708], [80.1133151, 12.9373707], [80.113315, 12.9372111], [80.1132922, 12.937211], [80.1132921, 12.9370513], [80.1132692, 12.9370512], [80.113269, 12.9368231], [80.1132461, 12.936823], [80.113246, 12.9365948], [80.1132689, 12.9365949], [80.1132688, 12.9364809], [80.1132917, 12.9363897], [80.1133603, 12.9363672], [80.1133832, 12.9363217], [80.1137495, 12.9361635], [80.1139326, 12.9361414], [80.1140013, 12.9360961], [80.11407, 12.9360964], [80.1141615, 12.9360283], [80.1142302, 12.9360286], [80.1143218, 12.9359833], [80.1143216, 12.9357552], [80.1142987, 12.9357551], [80.1142986, 12.9355042], [80.1142756, 12.9354128], [80.1142298, 12.9353898], [80.1141839, 12.93523], [80.1141152, 12.9351384], [80.113932, 12.9351377], [80.113932, 12.9351605], [80.1136802, 12.9351594], [80.1136802, 12.9351823], [80.1134741, 12.9351814], [80.1134741, 12.9352042], [80.113291, 12.9352035], [80.113291, 12.9352263], [80.1128789, 12.9352246], [80.1128788, 12.9352018], [80.1127415, 12.9352012], [80.1126728, 12.9351553], [80.1125581, 12.9348583], [80.1125352, 12.9348582], [80.1125351, 12.9347441], [80.1125122, 12.934744], [80.1125122, 12.9346299], [80.1124893, 12.9346298], [80.1124892, 12.9344702], [80.1124663, 12.9344701], [80.1124662, 12.9342876], [80.1124433, 12.9342875], [80.1124432, 12.9341278], [80.1124203, 12.9341277], [80.1124202, 12.9338767], [80.1123973, 12.9338767], [80.1123971, 12.9335345], [80.1124199, 12.9335346], [80.1124198, 12.9332836], [80.1124427, 12.9332837], [80.1124426, 12.933124], [80.1124655, 12.9331241], [80.1124654, 12.9329416], [80.1124883, 12.9329417], [80.112488, 12.9323942], [80.1124651, 12.9323941], [80.112465, 12.9322801], [80.1124421, 12.93228], [80.112442, 12.9321659], [80.1124191, 12.9321658], [80.1124191, 12.9320518], [80.1123962, 12.9320517], [80.1123961, 12.9318692], [80.1123732, 12.9318691], [80.1123731, 12.9316409], [80.1123502, 12.9316408], [80.11235, 12.9314127], [80.1123271, 12.9314126], [80.112327, 12.9312073], [80.1123041, 12.9312072], [80.112304, 12.9310019], [80.1122811, 12.9310018], [80.112281, 12.9307965], [80.1122581, 12.9307964], [80.1122578, 12.9303402], [80.1122349, 12.9303401], [80.1122347, 12.9299979], [80.1122805, 12.9299296], [80.1122804, 12.9298384], [80.1123262, 12.9297929], [80.1123261, 12.9297245], [80.1123719, 12.9296791], [80.1123719, 12.9296106], [80.1124405, 12.9295197], [80.1124405, 12.9294512], [80.1123947, 12.9294282], [80.1123488, 12.9292683], [80.1122113, 12.9290625], [80.1121424, 12.9288341], [80.1119821, 12.9287193], [80.1119363, 12.9286507], [80.1118905, 12.9286505], [80.1118217, 12.928559], [80.1116385, 12.9284898], [80.1116156, 12.9284441], [80.111295, 12.9283059], [80.1112721, 12.9282602], [80.1109972, 12.928145], [80.1109743, 12.9280992], [80.1106537, 12.927961], [80.1106308, 12.9279153], [80.1103101, 12.9277771], [80.1102185, 12.9276855], [80.1101727, 12.9276853], [80.1101269, 12.9276167], [80.1099895, 12.9275477], [80.1099665, 12.9274791], [80.1098978, 12.927456], [80.1098978, 12.927342], [80.1098519, 12.9272505], [80.1098518, 12.927068], [80.1098289, 12.927068], [80.1098284, 12.9262239], [80.1098055, 12.9262238], [80.1098051, 12.925585], [80.1097823, 12.925585], [80.1097821, 12.9253796], [80.1097592, 12.9253795], [80.1097591, 12.9251742], [80.1096446, 12.9251509], [80.109553, 12.9251049], [80.1090264, 12.9251028], [80.1090264, 12.9251256], [80.1089119, 12.9251251], [80.1089119, 12.9251479], [80.1087746, 12.9251474], [80.1087746, 12.9251702], [80.1086601, 12.9251697], [80.1086601, 12.9251925], [80.1085227, 12.9251919], [80.1085228, 12.9252148], [80.1084083, 12.9252143], [80.1084083, 12.9252371], [80.1082709, 12.9252365], [80.1082709, 12.9252593], [80.1081564, 12.9252589], [80.1081565, 12.9252817], [80.1080191, 12.9252811], [80.1080191, 12.9253039], [80.1079046, 12.9253034], [80.1079046, 12.9253263], [80.1077672, 12.9253257], [80.1077673, 12.9253485], [80.1076528, 12.925348], [80.1076528, 12.9253708], [80.1075383, 12.9253704], [80.1075383, 12.9253932], [80.1074009, 12.9253926], [80.107401, 12.9254154], [80.1072865, 12.925415], [80.1072865, 12.9254378], [80.1071491, 12.9254372], [80.1071491, 12.92546], [80.1070347, 12.9254595], [80.1070347, 12.9254824], [80.1065081, 12.9254802], [80.106508, 12.9254574], [80.1062561, 12.9253879], [80.1061417, 12.9254559], [80.106073, 12.9254556], [80.1060272, 12.925501], [80.1057525, 12.9255683], [80.1057068, 12.9256137], [80.1055923, 12.9256133], [80.1055465, 12.9256587], [80.1054549, 12.9256583], [80.1054092, 12.9258178], [80.1054093, 12.9259775], [80.1053864, 12.9259774], [80.1053868, 12.9265934], [80.1053639, 12.9266617], [80.1052724, 12.9267982], [80.1052496, 12.9268665], [80.1052497, 12.9270034], [80.1052039, 12.9270717], [80.105204, 12.9271629], [80.1051582, 12.927254], [80.1051583, 12.927368], [80.1051354, 12.9273679], [80.1051355, 12.9275961], [80.1051126, 12.927596], [80.1051127, 12.9277785], [80.1050898, 12.9277784], [80.1050899, 12.9279381], [80.1050671, 12.9279836], [80.1052274, 12.9280299], [80.1053418, 12.9280304], [80.1053419, 12.9280532], [80.1054792, 12.9280537], [80.1054792, 12.9280765], [80.1056395, 12.9280772], [80.1058915, 12.928352], [80.1059373, 12.9283522], [80.1060061, 12.9284437], [80.1060519, 12.9284439], [80.1060977, 12.9285125], [80.1061435, 12.9285127], [80.1061893, 12.9285814], [80.1062809, 12.9286045], [80.1065329, 12.9287653], [80.1066016, 12.9287656], [80.1066474, 12.9288114], [80.1067161, 12.9288117], [80.1067619, 12.9288575], [80.1068306, 12.9288577], [80.1069222, 12.9289266], [80.107197, 12.9290189], [80.1072199, 12.9290647], [80.1073115, 12.9290879], [80.1073802, 12.9291338], [80.107449, 12.9292481], [80.107449, 12.9293394], [80.1075178, 12.9294537], [80.1075179, 12.9295906], [80.1075408, 12.9295907], [80.1075409, 12.9297504], [80.1075638, 12.9297505], [80.1075639, 12.9299101], [80.1075868, 12.9299102], [80.1075869, 12.9300927], [80.1076098, 12.9300928], [80.1076099, 12.9302753], [80.1076557, 12.9303668], [80.1076558, 12.9304808], [80.1077016, 12.9305267], [80.1077017, 12.9306179], [80.1077475, 12.9306637], [80.1077475, 12.930755], [80.1078163, 12.9308465], [80.1078163, 12.9309149], [80.1078621, 12.9309607], [80.1078624, 12.9313714], [80.1078395, 12.9313713], [80.1078396, 12.9315538], [80.1078167, 12.9315537], [80.1078168, 12.9316906], [80.1077939, 12.9316905], [80.1077939, 12.9318045], [80.1077482, 12.9318728], [80.1077482, 12.931964], [80.1077025, 12.9320323], [80.1076797, 12.9322147], [80.1076339, 12.9322829], [80.1076112, 12.9324653], [80.1075654, 12.9325336], [80.1075655, 12.9326248], [80.1075197, 12.9326931], [80.1074969, 12.9328755], [80.1074512, 12.9329437], [80.1074512, 12.933035], [80.1074055, 12.9331032], [80.1074055, 12.9331945], [80.1073598, 12.9332627], [80.1073598, 12.933354], [80.1072912, 12.9334906], [80.1072913, 12.9335818], [80.1072455, 12.9336501], [80.1072456, 12.9337413], [80.107177, 12.9338779], [80.107177, 12.9339692], [80.1071313, 12.9340374], [80.1071313, 12.9341287], [80.1070627, 12.9342652], [80.1070628, 12.9343565], [80.1069941, 12.9344931], [80.1069942, 12.9345843], [80.1069484, 12.9346526], [80.1069485, 12.9347438], [80.1068799, 12.9348804], [80.1068799, 12.9349717], [80.1068342, 12.9350399], [80.1068342, 12.9351312], [80.1067656, 12.9352678], [80.1067657, 12.935359], [80.1066971, 12.9354956], [80.1066971, 12.9355869], [80.1066514, 12.9356551], [80.1066514, 12.9357464], [80.1065828, 12.9358829], [80.1065829, 12.9359742], [80.1065371, 12.9360424], [80.1065372, 12.9361337], [80.1064686, 12.9362703], [80.1064686, 12.9363615], [80.1064, 12.9364981], [80.1064001, 12.9365894], [80.1063543, 12.9366576], [80.1063544, 12.9367489], [80.1062858, 12.9368855], [80.1062858, 12.9369767], [80.1062401, 12.937045], [80.1062401, 12.9371362], [80.1061715, 12.9372728], [80.1060116, 12.9378425], [80.1059658, 12.9378651], [80.1059658, 12.9379563], [80.1060117, 12.9380021], [80.1060117, 12.9380934], [80.1058515, 12.9382068], [80.1058516, 12.9383437], [80.1057373, 12.9386169], [80.1057376, 12.9391416], [80.1059895, 12.9391883]]]}}, {"type": "Feature", "properties": {"ward": "52", "zone": "4", "zone_name": "PERUNGALATHUR", "area_km2": 1.566}, "geometry": {"type": "Polygon", "coordinates": [[[80.0946083, 12.9360616], [80.0946086, 12.9365635], [80.0946773, 12.9367006], [80.0946774, 12.9367919], [80.0947462, 12.9369062], [80.0947462, 12.9369747], [80.094792, 12.9369977], [80.0948608, 12.9371805], [80.0949066, 12.9372035], [80.0949525, 12.9373405], [80.0949983, 12.9373635], [80.0950212, 12.9374321], [80.0951589, 12.9379573], [80.0952047, 12.9379803], [80.0952964, 12.9382088], [80.0953422, 12.9382318], [80.0955027, 12.9385975], [80.0955485, 12.9386205], [80.0955486, 12.9386889], [80.0955944, 12.9387119], [80.0956173, 12.9388261], [80.0956631, 12.9388491], [80.095709, 12.9389861], [80.0957548, 12.9390548], [80.0958465, 12.9391236], [80.0958465, 12.9391692], [80.095961, 12.9392609], [80.0959611, 12.9393066], [80.0960527, 12.9393754], [80.0960527, 12.939421], [80.0961672, 12.9395127], [80.0961673, 12.9395583], [80.096236, 12.9396043], [80.096236, 12.9396727], [80.0962818, 12.9396957], [80.0962819, 12.9397641], [80.0963506, 12.9398557], [80.0963506, 12.9399241], [80.0963965, 12.9399471], [80.0963965, 12.9400155], [80.0964423, 12.9400614], [80.0964653, 12.9402211], [80.096557, 12.9404268], [80.0965571, 12.9405181], [80.0966029, 12.9405867], [80.0966029, 12.940678], [80.0966488, 12.9407466], [80.0966947, 12.9409749], [80.0967634, 12.9410436], [80.0968322, 12.9412264], [80.0969009, 12.9412723], [80.096901, 12.9413179], [80.0969926, 12.9413868], [80.0970155, 12.9414781], [80.0970613, 12.9415011], [80.0970843, 12.9415924], [80.0971301, 12.9416154], [80.097176, 12.9417525], [80.0972447, 12.9418212], [80.0972448, 12.9419125], [80.0973135, 12.9420268], [80.0974053, 12.9423694], [80.0974511, 12.9424152], [80.0974512, 12.9425293], [80.097497, 12.9426207], [80.0974974, 12.9433051], [80.0975203, 12.9433052], [80.0975433, 12.9434878], [80.0975891, 12.9435336], [80.097635, 12.9437163], [80.0978871, 12.9439911], [80.0979558, 12.944037], [80.0980932, 12.9440832], [80.0982993, 12.9442209], [80.0983909, 12.9441756], [80.0984138, 12.9441301], [80.0985053, 12.9441077], [80.098574, 12.9440395], [80.0986427, 12.9440398], [80.0986884, 12.9439944], [80.0987571, 12.9439947], [80.0990775, 12.9437907], [80.0991691, 12.9437682], [80.099192, 12.9437227], [80.0992836, 12.9437003], [80.0995124, 12.9435187], [80.0995582, 12.9435189], [80.099604, 12.9434507], [80.1014349, 12.942272], [80.1014807, 12.9422037], [80.1023504, 12.9416598], [80.102442, 12.9415461], [80.1025335, 12.9415237], [80.1025564, 12.9414782], [80.102648, 12.9414557], [80.1026708, 12.9414102], [80.1027624, 12.9413878], [80.1028311, 12.9413424], [80.1029683, 12.9411833], [80.1030828, 12.9411382], [80.1031286, 12.9410699], [80.103243, 12.9410248], [80.1032888, 12.9409565], [80.1034032, 12.9409114], [80.103449, 12.9408431], [80.1035634, 12.940798], [80.1036092, 12.9407297], [80.1037236, 12.9406846], [80.1037694, 12.9406163], [80.1038838, 12.9405712], [80.1039296, 12.9405029], [80.104044, 12.9404578], [80.1040898, 12.9403895], [80.1042042, 12.9403444], [80.10425, 12.9402761], [80.1043645, 12.940231], [80.1044102, 12.9401627], [80.1045247, 12.9401176], [80.1045704, 12.9400493], [80.1046162, 12.9400495], [80.104662, 12.9399812], [80.1047077, 12.9399814], [80.1047535, 12.9399132], [80.1047993, 12.9399134], [80.104845, 12.9398451], [80.1048908, 12.9398453], [80.1049366, 12.9397771], [80.1049824, 12.9397773], [80.1050281, 12.939709], [80.1050739, 12.9397092], [80.1051197, 12.9396409], [80.1051655, 12.9396411], [80.1052341, 12.9395502], [80.1052799, 12.9395504], [80.1053485, 12.9394594], [80.1053943, 12.9394596], [80.1056231, 12.9392096], [80.1056689, 12.9392098], [80.1057376, 12.9391416], [80.1057373, 12.9386169], [80.1058516, 12.9383437], [80.1058515, 12.9382068], [80.1060117, 12.9380934], [80.1060117, 12.9380021], [80.1059658, 12.9379563], [80.1059658, 12.9378651], [80.1060116, 12.9378425], [80.1061715, 12.9372728], [80.1062401, 12.9371362], [80.1062401, 12.937045], [80.1062858, 12.9369767], [80.1062858, 12.9368855], [80.1063544, 12.9367489], [80.1063543, 12.9366576], [80.1064001, 12.9365894], [80.1064, 12.9364981], [80.1064686, 12.9363615], [80.1064686, 12.9362703], [80.1065372, 12.9361337], [80.1065371, 12.9360424], [80.1065829, 12.9359742], [80.1065828, 12.9358829], [80.1066514, 12.9357464], [80.1066514, 12.9356551], [80.1066971, 12.9355869], [80.1066971, 12.9354956], [80.1067657, 12.935359], [80.1067656, 12.9352678], [80.1068342, 12.9351312], [80.1068342, 12.9350399], [80.1068799, 12.9349717], [80.1068799, 12.9348804], [80.1069485, 12.9347438], [80.1069484, 12.9346526], [80.1069942, 12.9345843], [80.1069941, 12.9344931], [80.1070628, 12.9343565], [80.1070627, 12.9342652], [80.1071313, 12.9341287], [80.1071313, 12.9340374], [80.107177, 12.9339692], [80.107177, 12.9338779], [80.1072456, 12.9337413], [80.1072455, 12.9336501], [80.1072913, 12.9335818], [80.1072912, 12.9334906], [80.1073598, 12.933354], [80.1073598, 12.9332627], [80.1074055, 12.9331945], [80.1074055, 12.9331032], [80.1074512, 12.933035], [80.1074512, 12.9329437], [80.1074969, 12.9328755], [80.1075197, 12.9326931], [80.1075655, 12.9326248], [80.1075654, 12.9325336], [80.1076112, 12.9324653], [80.1076339, 12.9322829], [80.1076797, 12.9322147], [80.1077025, 12.9320323], [80.1077482, 12.931964], [80.1077482, 12.9318728], [80.1077939, 12.9318045], [80.1077939, 12.9316905], [80.1078168, 12.9316906], [80.1078167, 12.9315537], [80.1078396, 12.9315538], [80.1078395, 12.9313713], [80.1078624, 12.9313714], [80.1078621, 12.9309607], [80.1078163, 12.9309149], [80.1078163, 12.9308465], [80.1077475, 12.930755], [80.1077475, 12.9306637], [80.1077017, 12.9306179], [80.1077016, 12.9305267], [80.1076558, 12.9304808], [80.1076557, 12.9303668], [80.1076099, 12.9302753], [80.1076098, 12.9300928], [80.1075869, 12.9300927], [80.1075868, 12.9299102], [80.1075639, 12.9299101], [80.1075638, 12.9297505], [80.1075409, 12.9297504], [80.1075408, 12.9295907], [80.1075179, 12.9295906], [80.1075178, 12.9294537], [80.107449, 12.9293394], [80.107449, 12.9292481], [80.1073802, 12.9291338], [80.1073115, 12.9290879], [80.1072199, 12.9290647], [80.107197, 12.9290189], [80.1069222, 12.9289266], [80.1068306, 12.9288577], [80.1067619, 12.9288575], [80.1067161, 12.9288117], [80.1066474, 12.9288114], [80.1066016, 12.9287656], [80.1065329, 12.9287653], [80.1062809, 12.9286045], [80.1061893, 12.9285814], [80.1061435, 12.9285127], [80.1060977, 12.9285125], [80.1060519, 12.9284439], [80.1060061, 12.9284437], [80.1059373, 12.9283522], [80.1058915, 12.928352], [80.1056395, 12.9280772], [80.1054792, 12.9280765], [80.1054792, 12.9280537], [80.1053419, 12.9280532], [80.1053418, 12.9280304], [80.1052274, 12.9280299], [80.1050671, 12.9279836], [80.1045405, 12.9279814], [80.1045404, 12.9279586], [80.1041512, 12.927957], [80.1041512, 12.9279798], [80.1038994, 12.9279788], [80.1038994, 12.9280016], [80.1034186, 12.9279996], [80.1034185, 12.9279768], [80.1032354, 12.927976], [80.1032354, 12.9279532], [80.1030293, 12.9279524], [80.1030293, 12.9279296], [80.1028461, 12.9279288], [80.1028461, 12.927906], [80.1027316, 12.9279055], [80.1027087, 12.927837], [80.1027086, 12.9277229], [80.1026857, 12.9277228], [80.1026856, 12.9275859], [80.1026627, 12.9275859], [80.1026627, 12.9274718], [80.1025709, 12.9271977], [80.1025708, 12.9270152], [80.1025479, 12.9270151], [80.1025478, 12.9268554], [80.102502, 12.9267868], [80.102479, 12.9266042], [80.1024332, 12.9265583], [80.1024331, 12.9264899], [80.1023873, 12.9264213], [80.1023872, 12.9262844], [80.1023643, 12.9262843], [80.1023643, 12.9261703], [80.1023414, 12.9261702], [80.1023413, 12.9260561], [80.1023184, 12.926056], [80.1023183, 12.9259419], [80.1022725, 12.9258961], [80.1022725, 12.9258277], [80.1022267, 12.9257819], [80.1022266, 12.9256906], [80.1021808, 12.9256676], [80.1021349, 12.9255534], [80.1020433, 12.9255302], [80.101883, 12.9254155], [80.1018143, 12.9254152], [80.1017685, 12.9253694], [80.1015624, 12.9253229], [80.1015166, 12.9252771], [80.1014479, 12.9252768], [80.1014021, 12.925231], [80.1013334, 12.9252307], [80.1012876, 12.9251849], [80.1012189, 12.9251846], [80.1011731, 12.9251388], [80.1011044, 12.9251385], [80.1010586, 12.9250927], [80.1009899, 12.9250924], [80.1009212, 12.9250465], [80.1004174, 12.9250444], [80.1003946, 12.9251127], [80.1003718, 12.9252952], [80.100326, 12.9253406], [80.1003032, 12.9254317], [80.1003033, 12.9256599], [80.1003262, 12.92566], [80.1003034, 12.9258196], [80.1002347, 12.9258421], [80.1002349, 12.9261843], [80.100212, 12.9261842], [80.1002122, 12.9263895], [80.1001893, 12.9263894], [80.1001894, 12.9265719], [80.1001665, 12.9265718], [80.1001667, 12.9269824], [80.1001896, 12.9269825], [80.1001897, 12.9271194], [80.1002355, 12.927188], [80.1003273, 12.9275306], [80.1003731, 12.9275536], [80.1003961, 12.9276449], [80.1004419, 12.9277136], [80.1005335, 12.9277824], [80.1005336, 12.927828], [80.1006023, 12.9278739], [80.1006023, 12.9279195], [80.1006939, 12.9279883], [80.1007398, 12.928057], [80.1006025, 12.9282161], [80.1005567, 12.9282387], [80.1002363, 12.928534], [80.1002363, 12.9285796], [80.1001677, 12.9286249], [80.1001677, 12.9286705], [80.1000762, 12.9287614], [80.1000533, 12.9288526], [80.1000076, 12.9288752], [80.1000076, 12.9289436], [80.0999161, 12.9290801], [80.0999161, 12.9291714], [80.0998704, 12.9292168], [80.0998475, 12.929308], [80.0998477, 12.9295133], [80.0998248, 12.9295132], [80.0998249, 12.9296957], [80.099802, 12.9296956], [80.0998021, 12.9299009], [80.0997792, 12.9299008], [80.0997793, 12.9301061], [80.0997564, 12.930106], [80.0997565, 12.9302885], [80.0997336, 12.9302884], [80.0997337, 12.9304937], [80.0997109, 12.9304936], [80.099711, 12.9306761], [80.0996881, 12.9306761], [80.0996882, 12.9308814], [80.0996653, 12.9308813], [80.0996654, 12.9310866], [80.0996425, 12.9310865], [80.0996426, 12.931269], [80.0996197, 12.9312689], [80.0996198, 12.9314742], [80.0995969, 12.9314741], [80.0995971, 12.9316794], [80.0995742, 12.9316793], [80.0995743, 12.9318618], [80.0995514, 12.9318617], [80.0995515, 12.932067], [80.0995286, 12.932067], [80.0995287, 12.9322495], [80.0995058, 12.9322494], [80.0995059, 12.9324547], [80.099483, 12.9324546], [80.0994832, 12.9326599], [80.0994603, 12.9326598], [80.0994604, 12.9328423], [80.0994375, 12.9328422], [80.0994376, 12.9330475], [80.0994147, 12.9330474], [80.0994148, 12.9332299], [80.0993919, 12.9332298], [80.099392, 12.9334351], [80.0993691, 12.933435], [80.0993695, 12.9340053], [80.0993466, 12.9340053], [80.0993468, 12.9344615], [80.0993239, 12.9344614], [80.0992555, 12.9348033], [80.0991868, 12.9348258], [80.098935, 12.9349845], [80.0987748, 12.9350066], [80.0985916, 12.9350743], [80.0984771, 12.9350738], [80.098294, 12.9351415], [80.0981795, 12.9351411], [80.0979964, 12.9352087], [80.0978819, 12.9352083], [80.0977904, 12.9352535], [80.0976759, 12.935253], [80.0974928, 12.9353207], [80.0973783, 12.9353202], [80.0971951, 12.9353879], [80.0970807, 12.9353875], [80.0968975, 12.9354551], [80.0967831, 12.9354547], [80.0966915, 12.9354999], [80.096577, 12.9354994], [80.0963939, 12.9355671], [80.0962794, 12.9355666], [80.0960963, 12.9356343], [80.0959818, 12.9356339], [80.0957987, 12.9357015], [80.0956842, 12.9357011], [80.0955926, 12.9357463], [80.0954782, 12.9357458], [80.095295, 12.9358135], [80.0951805, 12.935813], [80.0949974, 12.9358807], [80.0948371, 12.9358801], [80.0948372, 12.9359029], [80.0946769, 12.9359022], [80.0946769, 12.935925], [80.0945624, 12.9359702], [80.0946083, 12.9360616]]]}}, {"type": "Feature", "properties": {"ward": "53", "zone": "4", "zone_name": "PERUNGALATHUR", "area_km2": 0.893}, "geometry": {"type": "Polygon", "coordinates": [[[80.1062561, 12.925251], [80.1062332, 12.9252509], [80.106233, 12.9249087], [80.1062101, 12.9249086], [80.10621, 12.9247261], [80.1061871, 12.924726], [80.106187, 12.9245435], [80.1062099, 12.9245436], [80.1062097, 12.9242015], [80.1062326, 12.9242015], [80.1062325, 12.9240875], [80.1062554, 12.9240876], [80.1062553, 12.9238823], [80.1062782, 12.9238824], [80.1062779, 12.9234946], [80.1063008, 12.9234946], [80.1063006, 12.923084], [80.1063235, 12.9230841], [80.1063233, 12.9226963], [80.1063462, 12.9226964], [80.1063459, 12.9222858], [80.1063688, 12.9222859], [80.1063686, 12.9218752], [80.1063915, 12.9218753], [80.1063913, 12.9215332], [80.1063684, 12.9215331], [80.1063224, 12.9213047], [80.1062766, 12.9212817], [80.1062537, 12.9211904], [80.1061163, 12.9211214], [80.1060018, 12.9211209], [80.1060018, 12.9210981], [80.1057499, 12.9210971], [80.1057499, 12.9210743], [80.1055209, 12.9210733], [80.1055209, 12.9210505], [80.1054065, 12.92105], [80.1054064, 12.9210272], [80.1052691, 12.9210266], [80.1052003, 12.9209579], [80.1051774, 12.9208666], [80.1051316, 12.9208436], [80.1051086, 12.9207522], [80.1050628, 12.9207292], [80.104994, 12.9205236], [80.1049482, 12.9205006], [80.1049253, 12.9204093], [80.1048795, 12.9203863], [80.1048336, 12.920272], [80.1047649, 12.9202489], [80.1046046, 12.9202483], [80.1046046, 12.9202255], [80.1044901, 12.920225], [80.1044901, 12.9202022], [80.1043756, 12.9202017], [80.1043069, 12.9201558], [80.1041924, 12.9201553], [80.1041237, 12.9201322], [80.104055, 12.9200635], [80.104032, 12.9199494], [80.1039862, 12.9199264], [80.1039174, 12.9196523], [80.1038716, 12.9196065], [80.1038257, 12.919401], [80.1037798, 12.9193324], [80.1036653, 12.9193091], [80.1036195, 12.9192633], [80.1035279, 12.9192401], [80.1033905, 12.9192395], [80.1032989, 12.9191935], [80.1030013, 12.9191923], [80.1030013, 12.9191695], [80.1026578, 12.9191681], [80.1026578, 12.9191452], [80.1023373, 12.9191439], [80.1023372, 12.9191211], [80.1020167, 12.9191198], [80.1020167, 12.919097], [80.1016732, 12.9190956], [80.1016732, 12.9190727], [80.1014443, 12.9190718], [80.1014443, 12.919049], [80.1013069, 12.9190484], [80.1011236, 12.9189336], [80.101055, 12.9189333], [80.101032, 12.9188876], [80.101032, 12.9187735], [80.1009861, 12.9186821], [80.1009859, 12.9183399], [80.1010088, 12.91834], [80.1010087, 12.9181575], [80.1010316, 12.9181576], [80.1010315, 12.9179751], [80.1010544, 12.9179752], [80.1010543, 12.9177927], [80.1010772, 12.9177928], [80.1010771, 12.9176103], [80.1011, 12.9176104], [80.1010999, 12.9174279], [80.1011228, 12.917428], [80.1011226, 12.9172227], [80.1011455, 12.9172228], [80.1011454, 12.9170403], [80.1011683, 12.9170404], [80.1011682, 12.9168579], [80.1011911, 12.9168579], [80.101191, 12.9166754], [80.1012139, 12.9166755], [80.1012138, 12.916493], [80.1012367, 12.9164931], [80.1012366, 12.9163106], [80.1012595, 12.9163107], [80.1012594, 12.9161054], [80.1012823, 12.9161055], [80.1012822, 12.915923], [80.1013051, 12.9159231], [80.1013049, 12.9157178], [80.1013278, 12.9157179], [80.1013277, 12.9155354], [80.1013506, 12.9155355], [80.1013503, 12.9150564], [80.1013274, 12.9150563], [80.1013273, 12.9147598], [80.1013044, 12.9147597], [80.1013042, 12.9144631], [80.1012813, 12.914463], [80.1012812, 12.914349], [80.1012583, 12.9142804], [80.1012125, 12.9142574], [80.1012125, 12.914189], [80.1011437, 12.9141203], [80.1010291, 12.9139373], [80.1009834, 12.9139599], [80.1005942, 12.9140496], [80.1005713, 12.9140951], [80.1004797, 12.9141175], [80.1004569, 12.9141631], [80.1003653, 12.9141855], [80.1003424, 12.914231], [80.1002509, 12.9142534], [80.1002051, 12.9143217], [80.1001593, 12.9143215], [80.1000907, 12.9144125], [80.0999076, 12.9145486], [80.0999077, 12.9147083], [80.0998848, 12.9147082], [80.0998851, 12.9151872], [80.099908, 12.9151873], [80.0999081, 12.9154383], [80.099931, 12.9154384], [80.0999314, 12.9160315], [80.0999085, 12.9160314], [80.0999085, 12.9161455], [80.0998399, 12.9163277], [80.09984, 12.9164417], [80.0998171, 12.9164416], [80.0998172, 12.9165557], [80.0997486, 12.9167379], [80.0997487, 12.916852], [80.0996572, 12.9171254], [80.0996115, 12.917148], [80.0995886, 12.9172391], [80.0995429, 12.9173074], [80.0994742, 12.9173527], [80.0994514, 12.9174439], [80.0994056, 12.9175121], [80.0993369, 12.9175575], [80.099337, 12.9176031], [80.0992454, 12.9176712], [80.0992226, 12.9177167], [80.0989937, 12.9179667], [80.0989022, 12.9179891], [80.0988793, 12.9180346], [80.0987877, 12.9180571], [80.0987649, 12.9181026], [80.0986733, 12.918125], [80.0986504, 12.9181706], [80.0985131, 12.9182156], [80.0984902, 12.9182612], [80.0983529, 12.9183062], [80.09833, 12.9183517], [80.0981926, 12.9183968], [80.0981698, 12.9184423], [80.0980324, 12.9184874], [80.0980095, 12.9185329], [80.0978722, 12.918578], [80.0978493, 12.9186235], [80.097712, 12.9186686], [80.0976891, 12.9187141], [80.0975975, 12.9187365], [80.0972085, 12.9190999], [80.0972085, 12.9191456], [80.0970712, 12.919259], [80.0970713, 12.9193047], [80.0968882, 12.9194636], [80.096728, 12.9196454], [80.0966136, 12.9196906], [80.0964991, 12.9196901], [80.0964991, 12.9197129], [80.0963159, 12.9197122], [80.0963159, 12.919735], [80.0961099, 12.9197341], [80.0961099, 12.9197569], [80.0958351, 12.9197558], [80.0958352, 12.9197786], [80.095423, 12.9197769], [80.095423, 12.9197997], [80.0952857, 12.9197992], [80.0952856, 12.9197764], [80.0951712, 12.9197759], [80.0951253, 12.9197301], [80.0950567, 12.9197298], [80.0950108, 12.919684], [80.0949421, 12.9196837], [80.0948734, 12.919615], [80.0947818, 12.9195918], [80.0947589, 12.9195461], [80.0946444, 12.9195228], [80.0945986, 12.919477], [80.0944841, 12.9194765], [80.0944841, 12.9194537], [80.0943696, 12.9194532], [80.0943696, 12.9194304], [80.0942093, 12.9194069], [80.0941407, 12.9194751], [80.0941407, 12.9195207], [80.094072, 12.919566], [80.0940721, 12.9196117], [80.0939577, 12.9197709], [80.0939577, 12.9198621], [80.093912, 12.9199532], [80.093912, 12.9200672], [80.0938435, 12.9202495], [80.0938435, 12.9203635], [80.093775, 12.9205457], [80.093775, 12.9206598], [80.0937064, 12.920842], [80.0937065, 12.9209561], [80.0936836, 12.920956], [80.0936839, 12.9214807], [80.0937068, 12.9214808], [80.0937069, 12.9216176], [80.0937756, 12.9216407], [80.0939588, 12.9216643], [80.0940046, 12.9217101], [80.0941191, 12.9217106], [80.0941878, 12.9217565], [80.0942794, 12.9217569], [80.0943481, 12.9218028], [80.0944397, 12.9218032], [80.0945771, 12.9218722], [80.0946687, 12.9218725], [80.0947374, 12.9219185], [80.094829, 12.9219188], [80.0949664, 12.9219878], [80.095058, 12.9219882], [80.0951267, 12.9220341], [80.0954931, 12.9221497], [80.095516, 12.9221954], [80.0957908, 12.9223106], [80.0958138, 12.9223563], [80.0960886, 12.9224715], [80.0961115, 12.9225173], [80.0963405, 12.9226095], [80.0963634, 12.9226552], [80.0965008, 12.9227014], [80.0965925, 12.922793], [80.0966841, 12.9228162], [80.0978752, 12.9236423], [80.0979668, 12.9236655], [80.0983333, 12.9239408], [80.0984249, 12.923964], [80.0984478, 12.9240097], [80.0985394, 12.9240329], [80.0987455, 12.9241706], [80.0988142, 12.9241709], [80.09886, 12.9242167], [80.0989287, 12.924217], [80.0989745, 12.9242628], [80.0990432, 12.9242631], [80.099089, 12.9243089], [80.0991577, 12.9243092], [80.0992494, 12.924378], [80.099318, 12.9243783], [80.0993639, 12.9244241], [80.0994326, 12.9244244], [80.0994784, 12.9244702], [80.0995471, 12.9244705], [80.0995929, 12.9245163], [80.0996616, 12.9245166], [80.0997074, 12.9245624], [80.0997761, 12.9245627], [80.0998219, 12.9246085], [80.0999822, 12.9246548], [80.1000051, 12.9247005], [80.1001883, 12.9247925], [80.1004174, 12.9250444], [80.1009212, 12.9250465], [80.1009899, 12.9250924], [80.1010586, 12.9250927], [80.1011044, 12.9251385], [80.1011731, 12.9251388], [80.1012189, 12.9251846], [80.1012876, 12.9251849], [80.1013334, 12.9252307], [80.1014021, 12.925231], [80.1014479, 12.9252768], [80.1015166, 12.9252771], [80.1015624, 12.9253229], [80.1017685, 12.9253694], [80.1018143, 12.9254152], [80.101883, 12.9254155], [80.1020433, 12.9255302], [80.1021349, 12.9255534], [80.1021808, 12.9256676], [80.1022266, 12.9256906], [80.1022267, 12.9257819], [80.1022725, 12.9258277], [80.1022725, 12.9258961], [80.1023183, 12.9259419], [80.1023184, 12.926056], [80.1023413, 12.9260561], [80.1023414, 12.9261702], [80.1023643, 12.9261703], [80.1023643, 12.9262843], [80.1023872, 12.9262844], [80.1023873, 12.9264213], [80.1024331, 12.9264899], [80.1024332, 12.9265583], [80.102479, 12.9266042], [80.102502, 12.9267868], [80.1025478, 12.9268554], [80.1025479, 12.9270151], [80.1025708, 12.9270152], [80.1025709, 12.9271977], [80.1026627, 12.9274718], [80.1026627, 12.9275859], [80.1026856, 12.9275859], [80.1026857, 12.9277228], [80.1027086, 12.9277229], [80.1027087, 12.927837], [80.1027316, 12.9279055], [80.1028461, 12.927906], [80.1028461, 12.9279288], [80.1030293, 12.9279296], [80.1030293, 12.9279524], [80.1032354, 12.9279532], [80.1032354, 12.927976], [80.1034185, 12.9279768], [80.1034186, 12.9279996], [80.1038994, 12.9280016], [80.1038994, 12.9279788], [80.1041512, 12.9279798], [80.1041512, 12.927957], [80.1045404, 12.9279586], [80.1045405, 12.9279814], [80.1050671, 12.9279836], [80.1050899, 12.9279381], [80.1050898, 12.9277784], [80.1051127, 12.9277785], [80.1051126, 12.927596], [80.1051355, 12.9275961], [80.1051354, 12.9273679], [80.1051583, 12.927368], [80.1051582, 12.927254], [80.105204, 12.9271629], [80.1052039, 12.9270717], [80.1052497, 12.9270034], [80.1052496, 12.9268665], [80.1052724, 12.9267982], [80.1053639, 12.9266617], [80.1053868, 12.9265934], [80.1053864, 12.9259774], [80.1054093, 12.9259775], [80.1054092, 12.9258178], [80.1054549, 12.9256583], [80.1055465, 12.9256587], [80.1055923, 12.9256133], [80.1057068, 12.9256137], [80.1057525, 12.9255683], [80.1060272, 12.925501], [80.106073, 12.9254556], [80.1061417, 12.9254559], [80.1062561, 12.9253879], [80.1062561, 12.925251]]]}}, {"type": "Feature", "properties": {"ward": "54", "zone": "4", "zone_name": "PERUNGALATHUR", "area_km2": 1.049}, "geometry": {"type": "Polygon", "coordinates": [[[80.0936383, 12.9217542], [80.0935467, 12.9218223], [80.0935239, 12.9219134], [80.0934781, 12.9219361], [80.0934324, 12.9220271], [80.0934324, 12.9221184], [80.0933867, 12.9221866], [80.093341, 12.9224602], [80.0932953, 12.9225284], [80.0932497, 12.922802], [80.0932039, 12.9228702], [80.0931354, 12.923235], [80.0930897, 12.9233032], [80.0929984, 12.9237591], [80.0929526, 12.9238273], [80.092907, 12.9241009], [80.0928612, 12.9241691], [80.0928156, 12.9244427], [80.0927698, 12.9245109], [80.0927014, 12.9248757], [80.0926556, 12.9249439], [80.09261, 12.9252175], [80.0925642, 12.9252857], [80.0925643, 12.925377], [80.09245, 12.9257415], [80.0924501, 12.9259468], [80.0924272, 12.9259467], [80.0924275, 12.9263801], [80.0924046, 12.9263801], [80.092405, 12.9270416], [80.0923821, 12.9270415], [80.0923824, 12.9275206], [80.0923595, 12.9275205], [80.0923598, 12.9279995], [80.0923369, 12.9279995], [80.0923372, 12.9285013], [80.0923143, 12.9285012], [80.0923146, 12.9290487], [80.0922917, 12.9290486], [80.0922921, 12.9298243], [80.0923151, 12.9299156], [80.0923839, 12.9300528], [80.0925215, 12.9305552], [80.0925673, 12.930601], [80.0927279, 12.9311492], [80.0927738, 12.931195], [80.0927967, 12.9313548], [80.0928426, 12.9314006], [80.0928655, 12.9315376], [80.0929114, 12.9315834], [80.0929114, 12.9316746], [80.0929572, 12.9317204], [80.093049, 12.932063], [80.0930948, 12.9321088], [80.0930949, 12.9321773], [80.0931407, 12.9322459], [80.0931408, 12.9323371], [80.0932554, 12.9326114], [80.0932555, 12.9327026], [80.0935306, 12.9334565], [80.0935307, 12.9335478], [80.0937371, 12.9340961], [80.0937371, 12.9341874], [80.0938747, 12.9345302], [80.0939436, 12.934827], [80.0939894, 12.9348728], [80.0940353, 12.9350783], [80.0940811, 12.9351241], [80.0941041, 12.9352611], [80.0941499, 12.9353069], [80.0942417, 12.9356039], [80.0942875, 12.9356269], [80.0943104, 12.9357182], [80.0943563, 12.9357868], [80.0944479, 12.9358556], [80.0944479, 12.9359013], [80.0945624, 12.9359702], [80.0946769, 12.935925], [80.0946769, 12.9359022], [80.0948372, 12.9359029], [80.0948371, 12.9358801], [80.0949974, 12.9358807], [80.0951805, 12.935813], [80.095295, 12.9358135], [80.0954782, 12.9357458], [80.0955926, 12.9357463], [80.0956842, 12.9357011], [80.0957987, 12.9357015], [80.0959818, 12.9356339], [80.0960963, 12.9356343], [80.0962794, 12.9355666], [80.0963939, 12.9355671], [80.096577, 12.9354994], [80.0966915, 12.9354999], [80.0967831, 12.9354547], [80.0968975, 12.9354551], [80.0970807, 12.9353875], [80.0971951, 12.9353879], [80.0973783, 12.9353202], [80.0974928, 12.9353207], [80.0976759, 12.935253], [80.0977904, 12.9352535], [80.0978819, 12.9352083], [80.0979964, 12.9352087], [80.0981795, 12.9351411], [80.098294, 12.9351415], [80.0984771, 12.9350738], [80.0985916, 12.9350743], [80.0987748, 12.9350066], [80.098935, 12.9349845], [80.0991868, 12.9348258], [80.0992555, 12.9348033], [80.0993239, 12.9344614], [80.0993468, 12.9344615], [80.0993466, 12.9340053], [80.0993695, 12.9340053], [80.0993691, 12.933435], [80.099392, 12.9334351], [80.0993919, 12.9332298], [80.0994148, 12.9332299], [80.0994147, 12.9330474], [80.0994376, 12.9330475], [80.0994375, 12.9328422], [80.0994604, 12.9328423], [80.0994603, 12.9326598], [80.0994832, 12.9326599], [80.099483, 12.9324546], [80.0995059, 12.9324547], [80.0995058, 12.9322494], [80.0995287, 12.9322495], [80.0995286, 12.932067], [80.0995515, 12.932067], [80.0995514, 12.9318617], [80.0995743, 12.9318618], [80.0995742, 12.9316793], [80.0995971, 12.9316794], [80.0995969, 12.9314741], [80.0996198, 12.9314742], [80.0996197, 12.9312689], [80.0996426, 12.931269], [80.0996425, 12.9310865], [80.0996654, 12.9310866], [80.0996653, 12.9308813], [80.0996882, 12.9308814], [80.0996881, 12.9306761], [80.099711, 12.9306761], [80.0997109, 12.9304936], [80.0997337, 12.9304937], [80.0997336, 12.9302884], [80.0997565, 12.9302885], [80.0997564, 12.930106], [80.0997793, 12.9301061], [80.0997792, 12.9299008], [80.0998021, 12.9299009], [80.099802, 12.9296956], [80.0998249, 12.9296957], [80.0998248, 12.9295132], [80.0998477, 12.9295133], [80.0998475, 12.929308], [80.0998704, 12.9292168], [80.0999161, 12.9291714], [80.0999161, 12.9290801], [80.1000076, 12.9289436], [80.1000076, 12.9288752], [80.1000533, 12.9288526], [80.1000762, 12.9287614], [80.1001677, 12.9286705], [80.1001677, 12.9286249], [80.1002363, 12.9285796], [80.1002363, 12.928534], [80.1005567, 12.9282387], [80.1006025, 12.9282161], [80.1007398, 12.928057], [80.1006939, 12.9279883], [80.1006023, 12.9279195], [80.1006023, 12.9278739], [80.1005336, 12.927828], [80.1005335, 12.9277824], [80.1004419, 12.9277136], [80.1003961, 12.9276449], [80.1003731, 12.9275536], [80.1003273, 12.9275306], [80.1002355, 12.927188], [80.1001897, 12.9271194], [80.1001896, 12.9269825], [80.1001667, 12.9269824], [80.1001665, 12.9265718], [80.1001894, 12.9265719], [80.1001893, 12.9263894], [80.1002122, 12.9263895], [80.100212, 12.9261842], [80.1002349, 12.9261843], [80.1002347, 12.9258421], [80.1003034, 12.9258196], [80.1003262, 12.92566], [80.1003033, 12.9256599], [80.1003032, 12.9254317], [80.100326, 12.9253406], [80.1003718, 12.9252952], [80.1003946, 12.9251127], [80.1004174, 12.9250444], [80.1001883, 12.9247925], [80.1000051, 12.9247005], [80.0999822, 12.9246548], [80.0998219, 12.9246085], [80.0997761, 12.9245627], [80.0997074, 12.9245624], [80.0996616, 12.9245166], [80.0995929, 12.9245163], [80.0995471, 12.9244705], [80.0994784, 12.9244702], [80.0994326, 12.9244244], [80.0993639, 12.9244241], [80.099318, 12.9243783], [80.0992494, 12.924378], [80.0991577, 12.9243092], [80.099089, 12.9243089], [80.0990432, 12.9242631], [80.0989745, 12.9242628], [80.0989287, 12.924217], [80.09886, 12.9242167], [80.0988142, 12.9241709], [80.0987455, 12.9241706], [80.0985394, 12.9240329], [80.0984478, 12.9240097], [80.0984249, 12.923964], [80.0983333, 12.9239408], [80.0979668, 12.9236655], [80.0978752, 12.9236423], [80.0966841, 12.9228162], [80.0965925, 12.922793], [80.0965008, 12.9227014], [80.0963634, 12.9226552], [80.0963405, 12.9226095], [80.0961115, 12.9225173], [80.0960886, 12.9224715], [80.0958138, 12.9223563], [80.0957908, 12.9223106], [80.095516, 12.9221954], [80.0954931, 12.9221497], [80.0951267, 12.9220341], [80.095058, 12.9219882], [80.0949664, 12.9219878], [80.094829, 12.9219188], [80.0947374, 12.9219185], [80.0946687, 12.9218725], [80.0945771, 12.9218722], [80.0944397, 12.9218032], [80.0943481, 12.9218028], [80.0942794, 12.9217569], [80.0941878, 12.9217565], [80.0941191, 12.9217106], [80.0940046, 12.9217101], [80.0939588, 12.9216643], [80.0937756, 12.9216407], [80.0937069, 12.9216176], [80.0936383, 12.9217542]]]}}, {"type": "Feature", "properties": {"ward": "55", "zone": "4", "zone_name": "PERUNGALATHUR", "area_km2": 2.973}, "geometry": {"type": "Polygon", "coordinates": [[[80.0835666, 12.9262523], [80.083498, 12.9262976], [80.0834522, 12.9263659], [80.0834294, 12.926457], [80.0833379, 12.9265479], [80.0833379, 12.9266164], [80.083132, 12.9268664], [80.083132, 12.9269805], [80.0831549, 12.9269806], [80.083155, 12.9271175], [80.0832238, 12.9273003], [80.0832239, 12.9274143], [80.0834074, 12.9280538], [80.0834075, 12.9282135], [80.0833846, 12.9282134], [80.0833847, 12.9284187], [80.0833618, 12.9284186], [80.083362, 12.9286011], [80.0833391, 12.928601], [80.0833392, 12.9287835], [80.0833163, 12.9287834], [80.0833164, 12.9289888], [80.0832935, 12.9289887], [80.0832936, 12.929194], [80.0833394, 12.9292398], [80.0833395, 12.9293082], [80.0833853, 12.929354], [80.0833854, 12.9294681], [80.0833396, 12.9295135], [80.0833396, 12.929582], [80.0832938, 12.9295818], [80.083271, 12.9296958], [80.0832252, 12.9297412], [80.0832939, 12.9297415], [80.0833168, 12.9296959], [80.0835, 12.9296739], [80.0834771, 12.9297194], [80.0833627, 12.9298102], [80.0833627, 12.9299243], [80.083294, 12.929924], [80.083317, 12.9300153], [80.0834085, 12.9299244], [80.0834772, 12.9299247], [80.0834544, 12.9300387], [80.0834544, 12.9301528], [80.0835003, 12.9302442], [80.0836148, 12.9302219], [80.0835919, 12.9302674], [80.0835232, 12.9302671], [80.0835232, 12.9303127], [80.0836148, 12.9303131], [80.083569, 12.9303585], [80.083592, 12.9305183], [80.0836607, 12.930473], [80.083798, 12.9304279], [80.0838668, 12.9304967], [80.0838668, 12.9305879], [80.0839126, 12.9306109], [80.0839356, 12.9307707], [80.0840044, 12.9308622], [80.0840044, 12.9309307], [80.0840502, 12.9309765], [80.0840503, 12.9310449], [80.0840961, 12.9310907], [80.0840961, 12.9311592], [80.0841649, 12.9312279], [80.0841649, 12.9313191], [80.0842107, 12.9313421], [80.0842337, 12.9315019], [80.0843024, 12.9315934], [80.0843025, 12.9316619], [80.0843483, 12.9316849], [80.0843942, 12.9318904], [80.08444, 12.9319134], [80.0844629, 12.9319819], [80.0846234, 12.9323476], [80.0846692, 12.9323706], [80.0846693, 12.9324618], [80.0848068, 12.9326905], [80.0848068, 12.932759], [80.0848756, 12.9328505], [80.0849215, 12.9330104], [80.0849673, 12.9330334], [80.0849673, 12.9331246], [80.0850361, 12.9332162], [80.0850361, 12.9332846], [80.0851048, 12.9333761], [80.0851507, 12.933536], [80.0851965, 12.933559], [80.0851966, 12.9336503], [80.0852653, 12.9337418], [80.0852654, 12.9338102], [80.0853341, 12.9339018], [80.08538, 12.9340616], [80.0854258, 12.9340846], [80.0854259, 12.9341759], [80.0854946, 12.9342674], [80.0855405, 12.9344273], [80.0855863, 12.9344503], [80.0855863, 12.9345415], [80.0856551, 12.9346103], [80.0856551, 12.9347015], [80.0857239, 12.9347931], [80.0857698, 12.9349529], [80.0858156, 12.9349759], [80.0858156, 12.9350672], [80.0858844, 12.9351587], [80.0858844, 12.9352272], [80.0859531, 12.9353187], [80.085999, 12.9354786], [80.0860448, 12.9355016], [80.0860449, 12.9355928], [80.0860907, 12.9356843], [80.0861365, 12.9357073], [80.0861366, 12.9357985], [80.0862053, 12.93589], [80.0862054, 12.9359585], [80.0862741, 12.93605], [80.0862742, 12.9361413], [80.08632, 12.9362099], [80.0863201, 12.9363011], [80.0863659, 12.9363241], [80.0863659, 12.936461], [80.0863889, 12.9365295], [80.0864347, 12.9365525], [80.0864347, 12.9366666], [80.0864806, 12.9367352], [80.0865036, 12.936895], [80.0865494, 12.936918], [80.0865494, 12.9370321], [80.0866182, 12.9371692], [80.0866183, 12.9372605], [80.0866641, 12.9372835], [80.0866641, 12.9373975], [80.0866871, 12.9374889], [80.0867329, 12.9375575], [80.086733, 12.9376488], [80.0867788, 12.9376718], [80.0867789, 12.9378086], [80.0868247, 12.9378316], [80.0868247, 12.9379685], [80.0868705, 12.9379915], [80.0868706, 12.9381056], [80.0868936, 12.9381969], [80.0869394, 12.9382199], [80.0869394, 12.938334], [80.0869853, 12.9384026], [80.0870083, 12.9385624], [80.0870541, 12.9385854], [80.0870541, 12.9386995], [80.0871, 12.9387681], [80.0871, 12.9388593], [80.0871458, 12.9388823], [80.0871459, 12.9390192], [80.0871917, 12.939065], [80.0872606, 12.9393619], [80.0873064, 12.9393849], [80.0873065, 12.9394989], [80.0873752, 12.9396133], [80.0873752, 12.9396817], [80.087467, 12.9398874], [80.087467, 12.9399787], [80.0875128, 12.9400473], [80.0875129, 12.9401385], [80.0875587, 12.9401844], [80.0875588, 12.9403212], [80.0875817, 12.9403213], [80.0876276, 12.9405953], [80.0876735, 12.9406639], [80.0876735, 12.9407551], [80.0877194, 12.9408238], [80.0877194, 12.940915], [80.0877652, 12.9409836], [80.0877653, 12.9410749], [80.0878111, 12.9411435], [80.0878571, 12.9413718], [80.0879029, 12.9413948], [80.0880175, 12.9416919], [80.0880633, 12.9416921], [80.088178, 12.9419891], [80.0882238, 12.9420121], [80.0882696, 12.9421492], [80.0883154, 12.9421722], [80.0883842, 12.9423549], [80.08843, 12.9423551], [80.0884759, 12.942515], [80.0885217, 12.942538], [80.0885905, 12.9427208], [80.0886363, 12.942721], [80.0886822, 12.9428809], [80.0887509, 12.9429268], [80.0887739, 12.9430181], [80.089049, 12.9436124], [80.0891177, 12.9436811], [80.0891406, 12.9437724], [80.0894157, 12.9443667], [80.0894845, 12.9444354], [80.0895074, 12.9445268], [80.0897596, 12.9450753], [80.0898054, 12.9450983], [80.0898283, 12.9451896], [80.0899659, 12.9455096], [80.0900117, 12.9455326], [80.0900118, 12.9456238], [80.0900576, 12.9456697], [80.0900576, 12.9457381], [80.0901264, 12.9458296], [80.0901264, 12.9458981], [80.0901952, 12.9459896], [80.0901952, 12.946058], [80.0902639, 12.9461496], [80.090264, 12.946218], [80.0903327, 12.9463095], [80.0903328, 12.946378], [80.0904473, 12.9465153], [80.0904703, 12.9466067], [80.0905161, 12.9466069], [80.0905161, 12.9466753], [80.0905848, 12.946744], [80.0906078, 12.9468354], [80.0906994, 12.946927], [80.0907224, 12.9470183], [80.0907682, 12.9470185], [80.0907911, 12.9471327], [80.0908369, 12.9471329], [80.090837, 12.9472013], [80.0909515, 12.9473387], [80.0909745, 12.94743], [80.0910203, 12.947453], [80.0910432, 12.9475443], [80.091089, 12.9475445], [80.0911807, 12.9477274], [80.0912265, 12.9477504], [80.0914097, 12.9477512], [80.0914097, 12.947774], [80.0919134, 12.9477761], [80.0919134, 12.9477989], [80.0923027, 12.9478005], [80.0923026, 12.9477777], [80.0924858, 12.9477784], [80.0924858, 12.9477556], [80.092669, 12.9477564], [80.0926689, 12.9477336], [80.0928521, 12.9477343], [80.0928521, 12.9477115], [80.0929895, 12.9477121], [80.0930582, 12.9476895], [80.0931955, 12.9475989], [80.0932642, 12.9475991], [80.0934015, 12.9475085], [80.0936075, 12.9474409], [80.0936304, 12.9473953], [80.093722, 12.9473957], [80.0938593, 12.947305], [80.093928, 12.9473053], [80.0940653, 12.9472146], [80.0942027, 12.9471924], [80.0942484, 12.947147], [80.0944087, 12.9471476], [80.0944087, 12.9471248], [80.0945232, 12.9471253], [80.0945232, 12.9471025], [80.0946376, 12.9471029], [80.0946376, 12.9470801], [80.0947521, 12.9470806], [80.0947521, 12.9470578], [80.0948666, 12.9470583], [80.0949581, 12.947013], [80.0950726, 12.9470135], [80.0950726, 12.9469907], [80.0951871, 12.9469911], [80.0951871, 12.9469683], [80.0953015, 12.9469688], [80.0953015, 12.946946], [80.095416, 12.9469465], [80.095416, 12.9469237], [80.0955534, 12.9469242], [80.0955534, 12.9469014], [80.0957823, 12.9469024], [80.0957823, 12.9468795], [80.0959884, 12.9468804], [80.0959884, 12.9468576], [80.0962173, 12.9468585], [80.0962173, 12.9468357], [80.0963776, 12.9468364], [80.0963776, 12.9468136], [80.0965378, 12.9468142], [80.0965378, 12.9467914], [80.0966981, 12.9467921], [80.0966981, 12.9467693], [80.0968355, 12.9467698], [80.0968355, 12.946747], [80.0969957, 12.9467477], [80.0969957, 12.9467249], [80.0971331, 12.9467254], [80.0971331, 12.9467026], [80.0972705, 12.9467032], [80.0972704, 12.9466804], [80.0973849, 12.9466808], [80.0973849, 12.946658], [80.0975223, 12.9466586], [80.0975223, 12.9466358], [80.0976596, 12.9466364], [80.0976596, 12.9466135], [80.097797, 12.9466141], [80.097797, 12.9465913], [80.0979344, 12.9465919], [80.0979344, 12.9465691], [80.0980488, 12.9465695], [80.0980488, 12.9465467], [80.0981862, 12.9465473], [80.0981862, 12.9465245], [80.0983236, 12.946525], [80.0983236, 12.9465022], [80.0984609, 12.9465028], [80.0984609, 12.94648], [80.0985983, 12.9464805], [80.0985983, 12.9464577], [80.0987128, 12.9464582], [80.0987128, 12.9464354], [80.0988501, 12.946436], [80.0988501, 12.9464132], [80.0989875, 12.9464137], [80.0990791, 12.9463913], [80.0991019, 12.9462773], [80.0991477, 12.9462547], [80.0991934, 12.9461636], [80.0991933, 12.9460496], [80.0992391, 12.9459813], [80.099239, 12.9458673], [80.0989411, 12.9454098], [80.0989411, 12.9453185], [80.0988723, 12.9452726], [80.0988723, 12.945227], [80.0988036, 12.9451811], [80.0988036, 12.9451355], [80.0987349, 12.9450896], [80.0987348, 12.9450439], [80.0986661, 12.944998], [80.0986661, 12.9449524], [80.0985974, 12.9449065], [80.0985973, 12.9448609], [80.0984599, 12.944769], [80.0984599, 12.9447006], [80.0983682, 12.9445634], [80.0983681, 12.9444493], [80.0983453, 12.9444492], [80.0983452, 12.9443351], [80.0982993, 12.9442209], [80.0980932, 12.9440832], [80.0979558, 12.944037], [80.0978871, 12.9439911], [80.097635, 12.9437163], [80.0975891, 12.9435336], [80.0975433, 12.9434878], [80.0975203, 12.9433052], [80.0974974, 12.9433051], [80.097497, 12.9426207], [80.0974512, 12.9425293], [80.0974511, 12.9424152], [80.0974053, 12.9423694], [80.0973135, 12.9420268], [80.0972448, 12.9419125], [80.0972447, 12.9418212], [80.097176, 12.9417525], [80.0971301, 12.9416154], [80.0970843, 12.9415924], [80.0970613, 12.9415011], [80.0970155, 12.9414781], [80.0969926, 12.9413868], [80.096901, 12.9413179], [80.0969009, 12.9412723], [80.0968322, 12.9412264], [80.0967634, 12.9410436], [80.0966947, 12.9409749], [80.0966488, 12.9407466], [80.0966029, 12.940678], [80.0966029, 12.9405867], [80.0965571, 12.9405181], [80.096557, 12.9404268], [80.0964653, 12.9402211], [80.0964423, 12.9400614], [80.0963965, 12.9400155], [80.0963965, 12.9399471], [80.0963506, 12.9399241], [80.0963506, 12.9398557], [80.0962819, 12.9397641], [80.0962818, 12.9396957], [80.096236, 12.9396727], [80.096236, 12.9396043], [80.0961673, 12.9395583], [80.0961672, 12.9395127], [80.0960527, 12.939421], [80.0960527, 12.9393754], [80.0959611, 12.9393066], [80.095961, 12.9392609], [80.0958465, 12.9391692], [80.0958465, 12.9391236], [80.0957548, 12.9390548], [80.095709, 12.9389861], [80.0956631, 12.9388491], [80.0956173, 12.9388261], [80.0955944, 12.9387119], [80.0955486, 12.9386889], [80.0955485, 12.9386205], [80.0955027, 12.9385975], [80.0953422, 12.9382318], [80.0952964, 12.9382088], [80.0952047, 12.9379803], [80.0951589, 12.9379573], [80.0950212, 12.9374321], [80.0949983, 12.9373635], [80.0949525, 12.9373405], [80.0949066, 12.9372035], [80.0948608, 12.9371805], [80.094792, 12.9369977], [80.0947462, 12.9369747], [80.0947462, 12.9369062], [80.0946774, 12.9367919], [80.0946773, 12.9367006], [80.0946086, 12.9365635], [80.0946083, 12.9360616], [80.0945624, 12.9359702], [80.0944479, 12.9359013], [80.0944479, 12.9358556], [80.0943563, 12.9357868], [80.0943104, 12.9357182], [80.0942875, 12.9356269], [80.0942417, 12.9356039], [80.0941499, 12.9353069], [80.0941041, 12.9352611], [80.0940811, 12.9351241], [80.0940353, 12.9350783], [80.0939894, 12.9348728], [80.0939436, 12.934827], [80.0938747, 12.9345302], [80.0937371, 12.9341874], [80.0937371, 12.9340961], [80.0935307, 12.9335478], [80.0935306, 12.9334565], [80.0932555, 12.9327026], [80.0932554, 12.9326114], [80.0931408, 12.9323371], [80.0931407, 12.9322459], [80.0930949, 12.9321773], [80.0930948, 12.9321088], [80.093049, 12.932063], [80.0929572, 12.9317204], [80.0929114, 12.9316746], [80.0929114, 12.9315834], [80.0928655, 12.9315376], [80.0928426, 12.9314006], [80.0927967, 12.9313548], [80.0927738, 12.931195], [80.0927279, 12.9311492], [80.0925673, 12.930601], [80.0925215, 12.9305552], [80.0923839, 12.9300528], [80.0923151, 12.9299156], [80.0922921, 12.9298243], [80.0922917, 12.9290486], [80.0923146, 12.9290487], [80.0923143, 12.9285012], [80.0923372, 12.9285013], [80.0923369, 12.9279995], [80.0923598, 12.9279995], [80.0923595, 12.9275205], [80.0923824, 12.9275206], [80.0923821, 12.9270415], [80.092405, 12.9270416], [80.0924046, 12.9263801], [80.0924275, 12.9263801], [80.0924272, 12.9259467], [80.0924501, 12.9259468], [80.09245, 12.9257415], [80.0925643, 12.925377], [80.0925642, 12.9252857], [80.09261, 12.9252175], [80.0926556, 12.9249439], [80.0927014, 12.9248757], [80.0927698, 12.9245109], [80.0928156, 12.9244427], [80.0928612, 12.9241691], [80.092907, 12.9241009], [80.0929526, 12.9238273], [80.0929984, 12.9237591], [80.0930897, 12.9233032], [80.0931354, 12.923235], [80.0932039, 12.9228702], [80.0932497, 12.922802], [80.0932953, 12.9225284], [80.093341, 12.9224602], [80.0933867, 12.9221866], [80.0934324, 12.9221184], [80.0934324, 12.9220271], [80.0934781, 12.9219361], [80.0935239, 12.9219134], [80.0935467, 12.9218223], [80.0936383, 12.9217542], [80.0937069, 12.9216176], [80.0937068, 12.9214808], [80.0936839, 12.9214807], [80.0936836, 12.920956], [80.0937065, 12.9209561], [80.0937064, 12.920842], [80.093775, 12.9206598], [80.093775, 12.9205457], [80.0938435, 12.9203635], [80.0938435, 12.9202495], [80.093912, 12.9200672], [80.093912, 12.9199532], [80.0939577, 12.9198621], [80.0939577, 12.9197709], [80.0940721, 12.9196117], [80.094072, 12.919566], [80.0941407, 12.9195207], [80.0941407, 12.9194751], [80.0942093, 12.9194069], [80.0942093, 12.9193385], [80.0941405, 12.9192241], [80.0941175, 12.9190415], [80.0940717, 12.9189729], [80.0940716, 12.9187904], [80.0940487, 12.9187903], [80.0940485, 12.9184938], [80.0940714, 12.9184938], [80.0940712, 12.9182201], [80.0940941, 12.9182202], [80.094094, 12.9180377], [80.0941169, 12.9180378], [80.0941168, 12.9178553], [80.0941397, 12.9178554], [80.0941395, 12.9175132], [80.0941166, 12.9174219], [80.0940478, 12.9172847], [80.0940477, 12.9171934], [80.0940019, 12.9171476], [80.093979, 12.9170563], [80.0939789, 12.9169194], [80.0939101, 12.9167366], [80.09391, 12.9166226], [80.0938871, 12.9166225], [80.0938871, 12.9165084], [80.0938641, 12.9164399], [80.0937954, 12.9163712], [80.0937495, 12.9162569], [80.0936807, 12.9159829], [80.0936349, 12.9159371], [80.0934743, 12.9153889], [80.0934285, 12.9153431], [80.0932908, 12.9148635], [80.093245, 12.9148176], [80.0931073, 12.914338], [80.0930615, 12.9142922], [80.0929697, 12.9139496], [80.0929239, 12.9139038], [80.0928092, 12.9134927], [80.0927634, 12.9134469], [80.0927633, 12.9133785], [80.0926028, 12.9129672], [80.0926028, 12.9128759], [80.092534, 12.9127388], [80.0925339, 12.9126019], [80.0924881, 12.9125105], [80.092488, 12.9123508], [80.0924651, 12.9123507], [80.092465, 12.912191], [80.0924421, 12.9121909], [80.092442, 12.9120312], [80.0924191, 12.9120311], [80.092419, 12.9118486], [80.0923961, 12.9118485], [80.092396, 12.9116888], [80.0923731, 12.9116887], [80.092373, 12.9115291], [80.0923501, 12.911529], [80.09235, 12.9113693], [80.0923271, 12.9113692], [80.092327, 12.9112095], [80.0923041, 12.9112094], [80.092304, 12.9110269], [80.0922811, 12.9110268], [80.092281, 12.9108671], [80.0922582, 12.910867], [80.092258, 12.9105933], [80.0922351, 12.9105932], [80.0922349, 12.9102054], [80.0922578, 12.9102055], [80.0922577, 12.9100914], [80.0923034, 12.9100003], [80.0923033, 12.9097722], [80.0922804, 12.9097721], [80.0922803, 12.9096581], [80.0922574, 12.909658], [80.0922574, 12.9095439], [80.0922345, 12.909521], [80.0922116, 12.9094981], [80.0920513, 12.9094974], [80.0920513, 12.9094746], [80.0917307, 12.9094733], [80.0917307, 12.9094961], [80.0915934, 12.9095412], [80.0915247, 12.9095865], [80.0914561, 12.9096775], [80.0914103, 12.9096773], [80.0912959, 12.9098137], [80.0912501, 12.9098135], [80.0912044, 12.9098817], [80.0911586, 12.9098815], [80.0911128, 12.9099498], [80.091067, 12.9099496], [80.0910213, 12.9100178], [80.0909755, 12.9100177], [80.0909297, 12.9100859], [80.0908839, 12.9100857], [80.0908382, 12.910154], [80.0907924, 12.9101538], [80.0907466, 12.910222], [80.0907008, 12.9102218], [80.0906551, 12.9102901], [80.0906093, 12.9102899], [80.090472, 12.910449], [80.0904262, 12.9104488], [80.0903576, 12.9105398], [80.0902431, 12.9106078], [80.090289, 12.9107448], [80.0902891, 12.9108589], [80.090312, 12.910859], [80.0903123, 12.911338], [80.0902894, 12.9113379], [80.0902895, 12.9116117], [80.0902666, 12.9116116], [80.0902668, 12.9118397], [80.0902439, 12.9118396], [80.090244, 12.9121134], [80.0902211, 12.9121133], [80.0902213, 12.9123186], [80.0901984, 12.9123185], [80.0901985, 12.9125466], [80.0901756, 12.9125465], [80.0901757, 12.9127518], [80.0901528, 12.9127518], [80.0901529, 12.9129571], [80.09013, 12.912957], [80.0901301, 12.913071], [80.0901072, 12.9130709], [80.0901073, 12.913185], [80.0900844, 12.9131849], [80.0900845, 12.9133218], [80.0900159, 12.9134584], [80.0899243, 12.9135492], [80.0899015, 12.9136404], [80.0898328, 12.9136857], [80.0897871, 12.9137996], [80.0897184, 12.913845], [80.0896727, 12.9139132], [80.0896498, 12.9140044], [80.0895583, 12.9140952], [80.0895583, 12.9141637], [80.0895126, 12.9141863], [80.0895126, 12.9142547], [80.0894668, 12.9143002], [80.0894669, 12.9144142], [80.0894898, 12.9144143], [80.0894899, 12.9146653], [80.0895128, 12.9146653], [80.089513, 12.9148478], [80.0895358, 12.9148479], [80.0895359, 12.914962], [80.0895588, 12.9149621], [80.0895589, 12.9150762], [80.0896047, 12.9151676], [80.0896048, 12.9152817], [80.0896277, 12.9152818], [80.0896278, 12.9153958], [80.0896506, 12.9153959], [80.0896507, 12.91551], [80.0896966, 12.9156014], [80.0896966, 12.9157155], [80.0897195, 12.9157156], [80.0897196, 12.9158296], [80.0897425, 12.9158297], [80.0897426, 12.9159438], [80.0897884, 12.9160352], [80.0897885, 12.9161493], [80.0898114, 12.9161494], [80.0898114, 12.9162635], [80.0898573, 12.9163549], [80.0898573, 12.916469], [80.0898802, 12.916469], [80.0898803, 12.9165831], [80.0899032, 12.9165832], [80.0899033, 12.9166973], [80.0899491, 12.9167887], [80.0899492, 12.9169028], [80.0899721, 12.9169029], [80.0899721, 12.9170169], [80.089995, 12.917017], [80.0899951, 12.9171311], [80.090018, 12.9171312], [80.0900181, 12.9172452], [80.090041, 12.9172453], [80.090041, 12.9173594], [80.0900639, 12.9173595], [80.090064, 12.9174736], [80.0901098, 12.917565], [80.0901099, 12.9176791], [80.0901328, 12.9176791], [80.0901329, 12.9177932], [80.0901558, 12.9177933], [80.0901558, 12.9179074], [80.0902246, 12.9180901], [80.0902247, 12.9182042], [80.0902476, 12.9182956], [80.0903164, 12.9184099], [80.0903394, 12.9185469], [80.0903852, 12.9185927], [80.0903852, 12.9186611], [80.090454, 12.9187527], [80.090454, 12.9188211], [80.0904998, 12.9188669], [80.0904999, 12.9189353], [80.0905457, 12.9189812], [80.0905457, 12.9190496], [80.0905916, 12.9190954], [80.0905916, 12.9191638], [80.0906374, 12.9192097], [80.0906375, 12.9192781], [80.0906833, 12.9193239], [80.0906833, 12.9193924], [80.0907291, 12.919461], [80.0907292, 12.919575], [80.0907521, 12.9195751], [80.0907523, 12.9198945], [80.0906836, 12.9199627], [80.0906608, 12.9200538], [80.0902718, 12.9204172], [80.0902718, 12.9204628], [80.0893565, 12.9213487], [80.0893107, 12.921417], [80.0892879, 12.9215081], [80.0892421, 12.9215308], [80.0892193, 12.9216219], [80.0891735, 12.9216445], [80.0891049, 12.9218268], [80.0890591, 12.9218494], [80.0890134, 12.9219861], [80.0889676, 12.9220087], [80.0889219, 12.9221454], [80.0888533, 12.9221907], [80.0888533, 12.9222363], [80.0887617, 12.9222816], [80.0886473, 12.922418], [80.0886015, 12.9224178], [80.0885329, 12.9225088], [80.0884871, 12.9225086], [80.0884414, 12.9225768], [80.0883956, 12.9225766], [80.0883498, 12.9226449], [80.088304, 12.9226447], [80.0878692, 12.9230535], [80.0878693, 12.9230991], [80.087732, 12.9232126], [80.087732, 12.9232583], [80.0875718, 12.9233945], [80.0875718, 12.9234401], [80.0874116, 12.9235763], [80.0874116, 12.9236219], [80.0870455, 12.9239626], [80.0870226, 12.9240081], [80.0868396, 12.9242127], [80.0867938, 12.9242125], [80.0867252, 12.9243035], [80.0866794, 12.9243033], [80.0866336, 12.9243715], [80.0865878, 12.9243714], [80.0865421, 12.9244396], [80.0864963, 12.9244394], [80.0864505, 12.9245077], [80.0863361, 12.9245528], [80.0862903, 12.9246211], [80.0862445, 12.9246209], [80.0861988, 12.9246891], [80.086153, 12.9246889], [80.0861072, 12.9247572], [80.0859928, 12.9248023], [80.085947, 12.9248706], [80.0859012, 12.9248704], [80.0858555, 12.9249386], [80.0858097, 12.9249384], [80.0857639, 12.9250067], [80.0857181, 12.9250065], [80.0856495, 12.9250975], [80.0856037, 12.9250973], [80.085558, 12.9251655], [80.0855122, 12.9251653], [80.0854435, 12.9252563], [80.0853977, 12.9252561], [80.0850545, 12.9256197], [80.0849859, 12.925665], [80.0847569, 12.9257553], [80.0847341, 12.9258009], [80.0846425, 12.9258233], [80.0846196, 12.9258688], [80.0844823, 12.9258911], [80.0844365, 12.9259365], [80.0842991, 12.9259588], [80.0842534, 12.9260042], [80.0841847, 12.9260039], [80.0841389, 12.9260494], [80.0840016, 12.9260488], [80.0837955, 12.9261392], [80.0835895, 12.9261383], [80.0835666, 12.9262523]]]}}, {"type": "Feature", "properties": {"ward": "56", "zone": "4", "zone_name": "PERUNGALATHUR", "area_km2": 1.444}, "geometry": {"type": "Polygon", "coordinates": [[[80.0837955, 12.9261392], [80.0840016, 12.9260488], [80.0841389, 12.9260494], [80.0841847, 12.9260039], [80.0842534, 12.9260042], [80.0842991, 12.9259588], [80.0844365, 12.9259365], [80.0844823, 12.9258911], [80.0846196, 12.9258688], [80.0846425, 12.9258233], [80.0847341, 12.9258009], [80.0847569, 12.9257553], [80.0849859, 12.925665], [80.0850545, 12.9256197], [80.0853977, 12.9252561], [80.0854435, 12.9252563], [80.0855122, 12.9251653], [80.085558, 12.9251655], [80.0856037, 12.9250973], [80.0856495, 12.9250975], [80.0857181, 12.9250065], [80.0857639, 12.9250067], [80.0858097, 12.9249384], [80.0858555, 12.9249386], [80.0859012, 12.9248704], [80.085947, 12.9248706], [80.0859928, 12.9248023], [80.0861072, 12.9247572], [80.086153, 12.9246889], [80.0861988, 12.9246891], [80.0862445, 12.9246209], [80.0862903, 12.9246211], [80.0863361, 12.9245528], [80.0864505, 12.9245077], [80.0864963, 12.9244394], [80.0865421, 12.9244396], [80.0865878, 12.9243714], [80.0866336, 12.9243715], [80.0866794, 12.9243033], [80.0867252, 12.9243035], [80.0867938, 12.9242125], [80.0868396, 12.9242127], [80.0870226, 12.9240081], [80.0870455, 12.9239626], [80.0874116, 12.9236219], [80.0874116, 12.9235763], [80.0875718, 12.9234401], [80.0875718, 12.9233945], [80.087732, 12.9232583], [80.087732, 12.9232126], [80.0878693, 12.9230991], [80.0878692, 12.9230535], [80.088304, 12.9226447], [80.0883498, 12.9226449], [80.0883956, 12.9225766], [80.0884414, 12.9225768], [80.0884871, 12.9225086], [80.0885329, 12.9225088], [80.0886015, 12.9224178], [80.0886473, 12.922418], [80.0887617, 12.9222816], [80.0888533, 12.9222363], [80.0888533, 12.9221907], [80.0889219, 12.9221454], [80.0889676, 12.9220087], [80.0890134, 12.9219861], [80.0890591, 12.9218494], [80.0891049, 12.9218268], [80.0891735, 12.9216445], [80.0892193, 12.9216219], [80.0892421, 12.9215308], [80.0892879, 12.9215081], [80.0893107, 12.921417], [80.0893565, 12.9213487], [80.0902718, 12.9204628], [80.0902718, 12.9204172], [80.0906608, 12.9200538], [80.0906836, 12.9199627], [80.0907523, 12.9198945], [80.0907521, 12.9195751], [80.0907292, 12.919575], [80.0907291, 12.919461], [80.0906833, 12.9193924], [80.0906833, 12.9193239], [80.0906375, 12.9192781], [80.0906374, 12.9192097], [80.0905916, 12.9191638], [80.0905916, 12.9190954], [80.0905457, 12.9190496], [80.0905457, 12.9189812], [80.0904999, 12.9189353], [80.0904998, 12.9188669], [80.090454, 12.9188211], [80.090454, 12.9187527], [80.0903852, 12.9186611], [80.0903852, 12.9185927], [80.0903394, 12.9185469], [80.0903164, 12.9184099], [80.0902476, 12.9182956], [80.0902247, 12.9182042], [80.0902246, 12.9180901], [80.0901558, 12.9179074], [80.0901558, 12.9177933], [80.0901329, 12.9177932], [80.0901328, 12.9176791], [80.0901099, 12.9176791], [80.0901098, 12.917565], [80.090064, 12.9174736], [80.0900639, 12.9173595], [80.090041, 12.9173594], [80.090041, 12.9172453], [80.0900181, 12.9172452], [80.090018, 12.9171312], [80.0899951, 12.9171311], [80.089995, 12.917017], [80.0899721, 12.9170169], [80.0899721, 12.9169029], [80.0899492, 12.9169028], [80.0899491, 12.9167887], [80.0899033, 12.9166973], [80.0899032, 12.9165832], [80.0898803, 12.9165831], [80.0898802, 12.916469], [80.0898573, 12.916469], [80.0898573, 12.9163549], [80.0898114, 12.9162635], [80.0898114, 12.9161494], [80.0897885, 12.9161493], [80.0897884, 12.9160352], [80.0897426, 12.9159438], [80.0897425, 12.9158297], [80.0897196, 12.9158296], [80.0897195, 12.9157156], [80.0896966, 12.9157155], [80.0896966, 12.9156014], [80.0896507, 12.91551], [80.0896506, 12.9153959], [80.0896278, 12.9153958], [80.0896277, 12.9152818], [80.0896048, 12.9152817], [80.0896047, 12.9151676], [80.0895589, 12.9150762], [80.0895588, 12.9149621], [80.0895359, 12.914962], [80.0895358, 12.9148479], [80.089513, 12.9148478], [80.0895128, 12.9146653], [80.0894899, 12.9146653], [80.0894898, 12.9144143], [80.0894669, 12.9144142], [80.0894668, 12.9143002], [80.0895126, 12.9142547], [80.0895126, 12.9141863], [80.0895583, 12.9141637], [80.0895583, 12.9140952], [80.0896498, 12.9140044], [80.0896727, 12.9139132], [80.0897184, 12.913845], [80.0897871, 12.9137996], [80.0898328, 12.9136857], [80.0899015, 12.9136404], [80.0899243, 12.9135492], [80.0900159, 12.9134584], [80.0900845, 12.9133218], [80.0900844, 12.9131849], [80.0901073, 12.913185], [80.0901072, 12.9130709], [80.0901301, 12.913071], [80.09013, 12.912957], [80.0901529, 12.9129571], [80.0901528, 12.9127518], [80.0901757, 12.9127518], [80.0901756, 12.9125465], [80.0901985, 12.9125466], [80.0901984, 12.9123185], [80.0902213, 12.9123186], [80.0902211, 12.9121133], [80.090244, 12.9121134], [80.0902439, 12.9118396], [80.0902668, 12.9118397], [80.0902666, 12.9116116], [80.0902895, 12.9116117], [80.0902894, 12.9113379], [80.0903123, 12.911338], [80.090312, 12.910859], [80.0902891, 12.9108589], [80.090289, 12.9107448], [80.0902431, 12.9106078], [80.0901057, 12.9105616], [80.0899913, 12.9105611], [80.0899912, 12.9105383], [80.0894417, 12.910536], [80.0894418, 12.9105588], [80.089167, 12.9105577], [80.089167, 12.9105805], [80.0889152, 12.9105795], [80.0888465, 12.9106248], [80.0886633, 12.9106469], [80.0885947, 12.9106922], [80.0884115, 12.9107143], [80.0883429, 12.9107596], [80.0882513, 12.9107592], [80.0881826, 12.9108046], [80.088091, 12.9108042], [80.0880224, 12.9108495], [80.0877476, 12.910894], [80.0876103, 12.9109847], [80.0875416, 12.9109844], [80.0874501, 12.9110525], [80.0873814, 12.9110522], [80.0872441, 12.9111429], [80.0871754, 12.9111426], [80.0870838, 12.9112106], [80.0870152, 12.9112104], [80.0868778, 12.911301], [80.0868091, 12.9113008], [80.0867634, 12.9113462], [80.08642, 12.911436], [80.0863742, 12.9114815], [80.0860079, 12.9115712], [80.0859622, 12.9116166], [80.085779, 12.9116387], [80.0857104, 12.911684], [80.0856188, 12.9117065], [80.0855043, 12.911706], [80.0854127, 12.9117512], [80.0852983, 12.9117508], [80.0852983, 12.9117736], [80.0851609, 12.911773], [80.0851609, 12.9117958], [80.0850464, 12.9117954], [80.0849549, 12.9118178], [80.0848862, 12.9118631], [80.0847946, 12.9118628], [80.0847488, 12.9119082], [80.0846802, 12.9119079], [80.0846573, 12.9119534], [80.0845886, 12.911976], [80.0845888, 12.9122725], [80.084543, 12.912318], [80.0845431, 12.9124092], [80.0844744, 12.9124546], [80.0844744, 12.9125002], [80.0843372, 12.9126593], [80.0842914, 12.9126591], [80.0841312, 12.9127725], [80.0839938, 12.9127948], [80.083948, 12.9128402], [80.0838793, 12.9128399], [80.0838336, 12.9128853], [80.0836962, 12.9128848], [80.0836962, 12.9129076], [80.0832841, 12.9129059], [80.0832841, 12.9128831], [80.0828948, 12.9128815], [80.082162, 12.9126731], [80.0819102, 12.9126721], [80.0818644, 12.9127175], [80.0817271, 12.9127398], [80.0816355, 12.9128078], [80.0815668, 12.9128075], [80.0814982, 12.9128529], [80.0815211, 12.9128758], [80.081544, 12.9130128], [80.0816127, 12.9130359], [80.0816129, 12.913264], [80.0816816, 12.9134011], [80.0816817, 12.913538], [80.0816588, 12.9135379], [80.0816589, 12.9136976], [80.0817048, 12.9137662], [80.081659, 12.9137889], [80.0816361, 12.9138572], [80.0816591, 12.9139485], [80.0816593, 12.9142679], [80.0816135, 12.9142905], [80.0816364, 12.9143363], [80.0815906, 12.9143589], [80.0816135, 12.9144046], [80.0814533, 12.9144496], [80.0814533, 12.9144952], [80.0813618, 12.9145404], [80.0813161, 12.9146999], [80.0813161, 12.914814], [80.0812932, 12.9148139], [80.0812704, 12.9149279], [80.0810643, 12.914927], [80.0810644, 12.9149498], [80.0808812, 12.9149491], [80.0807896, 12.9150171], [80.0807439, 12.9150854], [80.080744, 12.9152451], [80.0806525, 12.9153359], [80.0806526, 12.9155184], [80.0806297, 12.9155183], [80.0806298, 12.9157008], [80.0806069, 12.9157008], [80.080607, 12.9158833], [80.0805841, 12.9158832], [80.0805842, 12.9160657], [80.0805613, 12.9160656], [80.0805614, 12.9162481], [80.0805385, 12.916248], [80.0805386, 12.9164305], [80.0805157, 12.9164304], [80.0805159, 12.9167497], [80.0805388, 12.9167498], [80.080539, 12.9170008], [80.0805618, 12.9170009], [80.080562, 12.917229], [80.0805849, 12.9172291], [80.080585, 12.917366], [80.0806079, 12.9174573], [80.0806537, 12.9175031], [80.0806539, 12.9177541], [80.080631, 12.917754], [80.0806769, 12.9179367], [80.0807456, 12.9179598], [80.0807456, 12.918051], [80.0807914, 12.9180968], [80.0807915, 12.9182565], [80.0808144, 12.9182566], [80.0808146, 12.9184619], [80.0807917, 12.9184618], [80.0807919, 12.9189181], [80.0808148, 12.9189182], [80.0808149, 12.919055], [80.0808378, 12.9190551], [80.0808379, 12.9191692], [80.0808608, 12.9191693], [80.0808608, 12.9192833], [80.0808837, 12.9192834], [80.0808609, 12.9194202], [80.0808151, 12.9194428], [80.0806549, 12.9194422], [80.0805633, 12.9194874], [80.0804488, 12.919487], [80.0804488, 12.9195098], [80.0802886, 12.9195319], [80.0799224, 12.9198726], [80.0799225, 12.919941], [80.0798767, 12.9199865], [80.0796937, 12.9203051], [80.0796938, 12.9203735], [80.079648, 12.9203733], [80.0795565, 12.9206011], [80.079465, 12.9206235], [80.079465, 12.9206691], [80.079282, 12.9209649], [80.079282, 12.9210334], [80.0792134, 12.9210787], [80.0791676, 12.9211926], [80.0789845, 12.9213059], [80.0789846, 12.9213515], [80.0788015, 12.9214648], [80.0788015, 12.9215105], [80.078687, 12.9215556], [80.0785498, 12.9217147], [80.0784353, 12.9217827], [80.0784124, 12.9218282], [80.0784125, 12.9220107], [80.0784354, 12.9220108], [80.0785729, 12.9221711], [80.0786187, 12.9221713], [80.0787333, 12.9223086], [80.0788249, 12.9223318], [80.0788249, 12.9223774], [80.0789165, 12.9224234], [80.0790311, 12.9225608], [80.0791227, 12.922584], [80.0791227, 12.9226296], [80.0792143, 12.9226756], [80.0793289, 12.9228129], [80.0794434, 12.922859], [80.079535, 12.9229963], [80.0795808, 12.9229965], [80.0797641, 12.9232026], [80.0798786, 12.9232486], [80.0799703, 12.9233859], [80.0801306, 12.9235006], [80.0801307, 12.9236375], [80.0803368, 12.9236384], [80.0804971, 12.9237759], [80.0805658, 12.9237762], [80.0806575, 12.9238906], [80.0807262, 12.9239365], [80.0807949, 12.9239368], [80.0808865, 12.9240512], [80.0809552, 12.9240972], [80.0810239, 12.9240974], [80.0811156, 12.9242119], [80.0811843, 12.9242578], [80.081253, 12.9242581], [80.0813446, 12.9243725], [80.0814133, 12.9243728], [80.081505, 12.9244872], [80.0816882, 12.9245792], [80.081734, 12.9246479], [80.0818027, 12.9246482], [80.0818944, 12.9247626], [80.0819631, 12.9248085], [80.0820318, 12.9248088], [80.0820318, 12.9248544], [80.0821463, 12.9249005], [80.0821921, 12.9249691], [80.0823066, 12.9250152], [80.0823525, 12.9250839], [80.0824212, 12.9250841], [80.0824212, 12.9251298], [80.0824899, 12.9251529], [80.0825357, 12.9252215], [80.0826273, 12.9252447], [80.082719, 12.9253591], [80.0827648, 12.9253593], [80.0828335, 12.9254508], [80.0829251, 12.925474], [80.082948, 12.9255426], [80.0830167, 12.9255428], [80.0830397, 12.9256114], [80.0831083, 12.9256117], [80.0831313, 12.9256802], [80.0832, 12.9256805], [80.0832229, 12.925749], [80.0832916, 12.9257493], [80.0833145, 12.9258178], [80.0833832, 12.9258181], [80.0834062, 12.9258866], [80.0834748, 12.9258869], [80.0834978, 12.9259555], [80.0835665, 12.9259557], [80.0835894, 12.9260243], [80.0835895, 12.9261383], [80.0837955, 12.9261392]]]}}, {"type": "Feature", "properties": {"ward": "57", "zone": "4", "zone_name": "PERUNGALATHUR", "area_km2": 1.144}, "geometry": {"type": "Polygon", "coordinates": [[[80.0872133, 12.8977291], [80.087076, 12.8977513], [80.0870302, 12.8977967], [80.0868928, 12.8977962], [80.0867784, 12.8978641], [80.0865723, 12.8978633], [80.0865266, 12.8979315], [80.0863892, 12.897931], [80.0862976, 12.8979534], [80.086229, 12.8979987], [80.0860916, 12.8979982], [80.0860458, 12.8980436], [80.0859771, 12.8980433], [80.0859085, 12.8980887], [80.0859084, 12.8979974], [80.0858397, 12.8979971], [80.0858398, 12.8980884], [80.0857253, 12.8981107], [80.0856795, 12.8981562], [80.0855422, 12.8981556], [80.0855193, 12.8982011], [80.0853819, 12.8982005], [80.0853591, 12.8982461], [80.0852217, 12.8982455], [80.085153, 12.8982909], [80.0850614, 12.8982905], [80.0849928, 12.8983358], [80.0849012, 12.8983354], [80.0848325, 12.8983808], [80.0847409, 12.8983804], [80.0846723, 12.8984257], [80.0845807, 12.8984254], [80.0844663, 12.8984933], [80.0840541, 12.8984916], [80.0840541, 12.8984688], [80.0838481, 12.8985136], [80.0838023, 12.898559], [80.0836421, 12.898604], [80.0835047, 12.8986034], [80.0835047, 12.8986262], [80.0833444, 12.8986256], [80.0833444, 12.8986484], [80.0831842, 12.8986477], [80.0831842, 12.8986705], [80.0830239, 12.8986699], [80.0830239, 12.8986927], [80.0828865, 12.8986921], [80.0828866, 12.8987149], [80.0819938, 12.898985], [80.0819709, 12.8990305], [80.0819251, 12.8990075], [80.0819022, 12.899053], [80.0818564, 12.89903], [80.0818335, 12.8990756], [80.0817877, 12.8990526], [80.0817649, 12.8990981], [80.0816504, 12.8990976], [80.0816504, 12.8991204], [80.0813757, 12.8991877], [80.0813299, 12.8992332], [80.0810323, 12.8993232], [80.0810095, 12.8993687], [80.0809179, 12.8993912], [80.0809179, 12.8994368], [80.0808492, 12.8994365], [80.0808264, 12.899482], [80.0807348, 12.8995045], [80.0807348, 12.8995501], [80.0806661, 12.8995498], [80.0806433, 12.8995953], [80.0805517, 12.8996178], [80.0805517, 12.8996634], [80.080483, 12.8996631], [80.0804601, 12.8997087], [80.0803686, 12.8997311], [80.0803686, 12.8997767], [80.0802999, 12.8997764], [80.080277, 12.899822], [80.0801855, 12.8998444], [80.0801855, 12.89989], [80.0801168, 12.8998897], [80.0800939, 12.8999353], [80.0800024, 12.8999577], [80.0800024, 12.9000033], [80.0799337, 12.900003], [80.0799108, 12.9000486], [80.0798193, 12.900071], [80.0798193, 12.9001166], [80.0797506, 12.9001163], [80.0797277, 12.9001619], [80.0796362, 12.9001843], [80.0796362, 12.9002299], [80.0795675, 12.9002296], [80.0795446, 12.9002752], [80.0794531, 12.9002976], [80.0794531, 12.9003432], [80.0793844, 12.900343], [80.0793615, 12.9003885], [80.0791784, 12.9005018], [80.0791785, 12.9006615], [80.0792014, 12.9006616], [80.0792932, 12.9009357], [80.079339, 12.9009587], [80.079339, 12.90105], [80.0794995, 12.9013244], [80.079637, 12.9016671], [80.0796828, 12.9016901], [80.0797058, 12.9017815], [80.0798204, 12.9020557], [80.0798662, 12.9020787], [80.0798892, 12.90217], [80.0800497, 12.9025357], [80.0801184, 12.9026044], [80.0801414, 12.9026958], [80.0803248, 12.9031071], [80.0803935, 12.9031759], [80.0804623, 12.9034043], [80.0805081, 12.9034273], [80.0805769, 12.9036557], [80.0806457, 12.9037244], [80.0806686, 12.9038157], [80.0808062, 12.9041357], [80.080852, 12.9041587], [80.0808749, 12.90425], [80.0810125, 12.90457], [80.0810583, 12.904593], [80.0810813, 12.9046843], [80.081173, 12.9049128], [80.0812188, 12.9049358], [80.0812189, 12.9050955], [80.0812647, 12.905187], [80.0812648, 12.905301], [80.0812877, 12.9053011], [80.0812878, 12.9054836], [80.0813107, 12.9054837], [80.0813107, 12.9055978], [80.0812879, 12.9055977], [80.0812885, 12.9067611], [80.0812428, 12.9068065], [80.0812426, 12.9064872], [80.0811968, 12.906487], [80.0811971, 12.9069889], [80.0812657, 12.9069435], [80.0812659, 12.9072629], [80.0811972, 12.9072398], [80.0811975, 12.9077188], [80.0812891, 12.9077192], [80.0812892, 12.9078333], [80.0812663, 12.9078332], [80.0812663, 12.9079701], [80.0812206, 12.9079927], [80.0812206, 12.9080839], [80.0811749, 12.9081522], [80.0811749, 12.9082434], [80.0811292, 12.9083117], [80.0811063, 12.9084028], [80.0811064, 12.9085169], [80.0810606, 12.9085395], [80.0810607, 12.9086764], [80.0810149, 12.908699], [80.081015, 12.9087903], [80.0809692, 12.9088585], [80.0809694, 12.9091323], [80.0809923, 12.9091324], [80.0809924, 12.9092921], [80.0810153, 12.9092922], [80.0810154, 12.9094518], [80.0810382, 12.9094519], [80.0810383, 12.9096116], [80.0810612, 12.9096117], [80.0810613, 12.9097942], [80.0810156, 12.909794], [80.0810157, 12.9100906], [80.0810386, 12.9100907], [80.0810387, 12.9102504], [80.0810845, 12.9102734], [80.0810843, 12.909954], [80.0811072, 12.9099541], [80.0811073, 12.9101138], [80.0811302, 12.9101139], [80.0811303, 12.9102736], [80.0811532, 12.9102737], [80.0811533, 12.9104333], [80.0811762, 12.9104334], [80.0811763, 12.9106159], [80.0811992, 12.910616], [80.0811993, 12.9107757], [80.0812222, 12.9107758], [80.0812223, 12.9109355], [80.0812452, 12.9109356], [80.0812453, 12.9110953], [80.0812682, 12.9110954], [80.0812683, 12.9112779], [80.0812912, 12.911278], [80.0812913, 12.9114377], [80.0813142, 12.9114378], [80.0813143, 12.9115974], [80.0813372, 12.9115975], [80.0813372, 12.9117572], [80.0813601, 12.9117573], [80.0813602, 12.911917], [80.0813831, 12.9119171], [80.0813832, 12.9120768], [80.0814061, 12.9120769], [80.0814062, 12.9122366], [80.0814291, 12.9122367], [80.0814292, 12.9123963], [80.0814521, 12.9123964], [80.0814522, 12.9125561], [80.0814751, 12.9125562], [80.0814752, 12.9127159], [80.0814981, 12.912716], [80.0814982, 12.9128529], [80.0815668, 12.9128075], [80.0816355, 12.9128078], [80.0817271, 12.9127398], [80.0818644, 12.9127175], [80.0819102, 12.9126721], [80.082162, 12.9126731], [80.0828948, 12.9128815], [80.0832841, 12.9128831], [80.0832841, 12.9129059], [80.0836962, 12.9129076], [80.0836962, 12.9128848], [80.0838336, 12.9128853], [80.0838793, 12.9128399], [80.083948, 12.9128402], [80.0839938, 12.9127948], [80.0841312, 12.9127725], [80.0842914, 12.9126591], [80.0843372, 12.9126593], [80.0844744, 12.9125002], [80.0844744, 12.9124546], [80.0845431, 12.9124092], [80.084543, 12.912318], [80.0845888, 12.9122725], [80.0845886, 12.911976], [80.0845199, 12.9119529], [80.0843367, 12.9119293], [80.0841993, 12.9118603], [80.0841077, 12.9118371], [80.0839932, 12.9118366], [80.0839932, 12.9118138], [80.083833, 12.9118132], [80.0838329, 12.9117903], [80.0837184, 12.9117671], [80.0837184, 12.9117214], [80.0836497, 12.9116755], [80.0836268, 12.9115842], [80.0835809, 12.9115612], [80.0835351, 12.9114697], [80.083535, 12.9113785], [80.0834892, 12.9113099], [80.0834892, 12.9112186], [80.0834204, 12.9110358], [80.0834203, 12.910899], [80.0833974, 12.9108989], [80.0833973, 12.9106707], [80.0834202, 12.9106708], [80.0834199, 12.910283], [80.0834657, 12.910192], [80.0834656, 12.9100779], [80.0834885, 12.9100324], [80.08358, 12.9099643], [80.0835799, 12.909759], [80.0836486, 12.9097137], [80.0837859, 12.9096686], [80.0838088, 12.9096231], [80.0840377, 12.9095328], [80.0840606, 12.9094872], [80.0841521, 12.909442], [80.0842207, 12.909237], [80.0842665, 12.9092143], [80.0842893, 12.9091232], [80.0843351, 12.9091006], [80.0843579, 12.9090094], [80.0844037, 12.9089868], [80.0844723, 12.9088046], [80.0844722, 12.9086677], [80.0845408, 12.9084855], [80.0845407, 12.9083486], [80.0845636, 12.9083487], [80.0846551, 12.9082122], [80.0847009, 12.9082124], [80.0849527, 12.9080537], [80.0852045, 12.9079635], [80.0852731, 12.9079182], [80.0854562, 12.9077593], [80.0855935, 12.9075773], [80.085685, 12.9075321], [80.0857537, 12.9075324], [80.0857995, 12.9074869], [80.0858682, 12.9074872], [80.0859139, 12.9074418], [80.0860284, 12.9074422], [80.0860284, 12.9074194], [80.0861658, 12.90742], [80.0861658, 12.9073972], [80.0862802, 12.9073977], [80.0862802, 12.9073748], [80.0863947, 12.9073753], [80.0863947, 12.9073525], [80.0865092, 12.907353], [80.0865092, 12.9073302], [80.0866236, 12.9073306], [80.0866236, 12.9073078], [80.086761, 12.9073084], [80.086761, 12.9072856], [80.0868755, 12.9072861], [80.0868755, 12.9072632], [80.0869899, 12.9072637], [80.0869899, 12.9072409], [80.0871044, 12.9072414], [80.0871044, 12.9072186], [80.0873562, 12.907174], [80.0873791, 12.9071284], [80.0874478, 12.9071287], [80.0874707, 12.9070832], [80.0875622, 12.9070608], [80.0876309, 12.9070154], [80.0876537, 12.9069471], [80.0877681, 12.9067651], [80.0877681, 12.9066966], [80.0878138, 12.9066512], [80.0878595, 12.9064917], [80.0879282, 12.9064692], [80.0880656, 12.9064697], [80.0880656, 12.9064469], [80.0883861, 12.9064482], [80.0883861, 12.9064254], [80.0885464, 12.9064261], [80.0887066, 12.9062899], [80.0887523, 12.906176], [80.0888439, 12.9061079], [80.0888438, 12.9060623], [80.0889354, 12.9059714], [80.0889353, 12.9058118], [80.0888436, 12.9056061], [80.0888435, 12.9055148], [80.0889579, 12.9053328], [80.0890036, 12.9051733], [80.0891637, 12.9049458], [80.0892095, 12.904946], [80.0894384, 12.9048101], [80.0895071, 12.9048104], [80.0895299, 12.9047648], [80.0896902, 12.9047199], [80.0898047, 12.9047203], [80.0898047, 12.9046975], [80.0899649, 12.9046982], [80.0899649, 12.9046754], [80.0901252, 12.904676], [80.0903312, 12.9045856], [80.0905601, 12.904541], [80.0906059, 12.9044955], [80.0907433, 12.9044733], [80.090789, 12.9044279], [80.0909951, 12.9043831], [80.0910408, 12.9043376], [80.0912469, 12.9042929], [80.0912926, 12.9042474], [80.0915674, 12.9041801], [80.0916131, 12.9041347], [80.0918192, 12.9040899], [80.0918649, 12.9040445], [80.0921167, 12.9039543], [80.0921396, 12.9039087], [80.0922998, 12.9038182], [80.0923455, 12.9037043], [80.0923683, 12.9035219], [80.0924827, 12.9032486], [80.0924825, 12.9030433], [80.0925054, 12.9029978], [80.0924367, 12.9029747], [80.0923451, 12.902883], [80.092139, 12.9028137], [80.092116, 12.902768], [80.0920473, 12.9027677], [80.0919557, 12.9026989], [80.0917726, 12.9026982], [80.0917725, 12.9026754], [80.0915894, 12.9026746], [80.0915894, 12.9026518], [80.0914062, 12.902651], [80.0914062, 12.9026282], [80.0910398, 12.9026267], [80.0910399, 12.9026495], [80.0908338, 12.9026487], [80.0907422, 12.9026027], [80.0906963, 12.902534], [80.0906506, 12.9025339], [80.0906047, 12.9024652], [80.0903986, 12.9023503], [80.0903756, 12.9021905], [80.0903069, 12.902099], [80.0902611, 12.9020988], [80.0902152, 12.9020302], [80.0901694, 12.90203], [80.0900778, 12.9019384], [80.0899404, 12.9018922], [80.0898946, 12.9018235], [80.0898259, 12.9017776], [80.0897572, 12.9017774], [80.0897113, 12.9017315], [80.0896427, 12.9017313], [80.0896197, 12.9016855], [80.0895281, 12.9016623], [80.0895052, 12.9016166], [80.0893907, 12.9015933], [80.0893449, 12.9015475], [80.0891388, 12.9014782], [80.0891388, 12.9014326], [80.0890701, 12.9013867], [80.0890242, 12.9012725], [80.0889555, 12.9012265], [80.0889555, 12.9011809], [80.0888867, 12.901135], [80.0884512, 12.9002207], [80.0884054, 12.9001977], [80.0879698, 12.8992834], [80.0878552, 12.8991233], [80.0878094, 12.8989634], [80.0877635, 12.8989404], [80.0875114, 12.8983918], [80.0873739, 12.898186], [80.0872362, 12.8977063], [80.0872133, 12.8977291]]]}}, {"type": "Feature", "properties": {"ward": "58", "zone": "4", "zone_name": "PERUNGALATHUR", "area_km2": 0.826}, "geometry": {"type": "Polygon", "coordinates": [[[80.0873739, 12.898186], [80.0875114, 12.8983918], [80.0877635, 12.8989404], [80.0878094, 12.8989634], [80.0878552, 12.8991233], [80.0879698, 12.8992834], [80.0884054, 12.9001977], [80.0884512, 12.9002207], [80.0888867, 12.901135], [80.0889555, 12.9011809], [80.0889555, 12.9012265], [80.0890242, 12.9012725], [80.0890701, 12.9013867], [80.0891388, 12.9014326], [80.0891388, 12.9014782], [80.0893449, 12.9015475], [80.0893907, 12.9015933], [80.0895052, 12.9016166], [80.0895281, 12.9016623], [80.0896197, 12.9016855], [80.0896427, 12.9017313], [80.0897113, 12.9017315], [80.0897572, 12.9017774], [80.0898259, 12.9017776], [80.0898946, 12.9018235], [80.0899404, 12.9018922], [80.0900778, 12.9019384], [80.0901694, 12.90203], [80.0902152, 12.9020302], [80.0902611, 12.9020988], [80.0903069, 12.902099], [80.0903756, 12.9021905], [80.0903986, 12.9023503], [80.0906047, 12.9024652], [80.0906506, 12.9025339], [80.0906963, 12.902534], [80.0907422, 12.9026027], [80.0908338, 12.9026487], [80.0910399, 12.9026495], [80.0910398, 12.9026267], [80.0914062, 12.9026282], [80.0914062, 12.902651], [80.0915894, 12.9026518], [80.0915894, 12.9026746], [80.0917725, 12.9026754], [80.0917726, 12.9026982], [80.0919557, 12.9026989], [80.0920473, 12.9027677], [80.092116, 12.902768], [80.092139, 12.9028137], [80.0923451, 12.902883], [80.0924367, 12.9029747], [80.0925054, 12.9029978], [80.0924825, 12.9030433], [80.0924827, 12.9032486], [80.0923683, 12.9035219], [80.0923455, 12.9037043], [80.0922998, 12.9038182], [80.0921396, 12.9039087], [80.0921167, 12.9039543], [80.0918649, 12.9040445], [80.0918192, 12.9040899], [80.0916131, 12.9041347], [80.0915674, 12.9041801], [80.0912926, 12.9042474], [80.0912469, 12.9042929], [80.0910408, 12.9043376], [80.0909951, 12.9043831], [80.090789, 12.9044279], [80.0907433, 12.9044733], [80.0906059, 12.9044955], [80.0905601, 12.904541], [80.0903312, 12.9045856], [80.0901252, 12.904676], [80.0899649, 12.9046754], [80.0899649, 12.9046982], [80.0898047, 12.9046975], [80.0898047, 12.9047203], [80.0896902, 12.9047199], [80.0895299, 12.9047648], [80.0895071, 12.9048104], [80.0894384, 12.9048101], [80.0892095, 12.904946], [80.0891637, 12.9049458], [80.0890036, 12.9051733], [80.0889579, 12.9053328], [80.0888435, 12.9055148], [80.0888436, 12.9056061], [80.0889353, 12.9058118], [80.0889354, 12.9059714], [80.0888438, 12.9060623], [80.0888439, 12.9061079], [80.0887523, 12.906176], [80.0887066, 12.9062899], [80.0885464, 12.9064261], [80.0883861, 12.9064254], [80.0883861, 12.9064482], [80.0880656, 12.9064469], [80.0880656, 12.9064697], [80.0879282, 12.9064692], [80.0878595, 12.9064917], [80.0878138, 12.9066512], [80.0877681, 12.9066966], [80.0877681, 12.9067651], [80.0876537, 12.9069471], [80.0876309, 12.9070154], [80.0875622, 12.9070608], [80.0874707, 12.9070832], [80.0874478, 12.9071287], [80.0873791, 12.9071284], [80.0873562, 12.907174], [80.0871044, 12.9072186], [80.0871044, 12.9072414], [80.0869899, 12.9072409], [80.0869899, 12.9072637], [80.0868755, 12.9072632], [80.0868755, 12.9072861], [80.086761, 12.9072856], [80.086761, 12.9073084], [80.0866236, 12.9073078], [80.0866236, 12.9073306], [80.0865092, 12.9073302], [80.0865092, 12.907353], [80.0863947, 12.9073525], [80.0863947, 12.9073753], [80.0862802, 12.9073748], [80.0862802, 12.9073977], [80.0861658, 12.9073972], [80.0861658, 12.90742], [80.0860284, 12.9074194], [80.0860284, 12.9074422], [80.0859139, 12.9074418], [80.0858682, 12.9074872], [80.0857995, 12.9074869], [80.0857537, 12.9075324], [80.085685, 12.9075321], [80.0855935, 12.9075773], [80.0854562, 12.9077593], [80.0852731, 12.9079182], [80.0852045, 12.9079635], [80.0849527, 12.9080537], [80.0847009, 12.9082124], [80.0846551, 12.9082122], [80.0845636, 12.9083487], [80.0845407, 12.9083486], [80.0845408, 12.9084855], [80.0844722, 12.9086677], [80.0844723, 12.9088046], [80.0844037, 12.9089868], [80.0843579, 12.9090094], [80.0843351, 12.9091006], [80.0842893, 12.9091232], [80.0842665, 12.9092143], [80.0842207, 12.909237], [80.0841521, 12.909442], [80.0840606, 12.9094872], [80.0840377, 12.9095328], [80.0838088, 12.9096231], [80.0837859, 12.9096686], [80.0836486, 12.9097137], [80.0835799, 12.909759], [80.08358, 12.9099643], [80.0834885, 12.9100324], [80.0834656, 12.9100779], [80.0834657, 12.910192], [80.0834199, 12.910283], [80.0834202, 12.9106708], [80.0833973, 12.9106707], [80.0833974, 12.9108989], [80.0834203, 12.910899], [80.0834204, 12.9110358], [80.0834892, 12.9112186], [80.0834892, 12.9113099], [80.083535, 12.9113785], [80.0835351, 12.9114697], [80.0835809, 12.9115612], [80.0836268, 12.9115842], [80.0836497, 12.9116755], [80.0837184, 12.9117214], [80.0837184, 12.9117671], [80.0838329, 12.9117903], [80.083833, 12.9118132], [80.0839932, 12.9118138], [80.0839932, 12.9118366], [80.0841077, 12.9118371], [80.0841993, 12.9118603], [80.0843367, 12.9119293], [80.0845199, 12.9119529], [80.0845886, 12.911976], [80.0846573, 12.9119534], [80.0846802, 12.9119079], [80.0847488, 12.9119082], [80.0847946, 12.9118628], [80.0848862, 12.9118631], [80.0849549, 12.9118178], [80.0850464, 12.9117954], [80.0851609, 12.9117958], [80.0851609, 12.911773], [80.0852983, 12.9117736], [80.0852983, 12.9117508], [80.0854127, 12.9117512], [80.0855043, 12.911706], [80.0856188, 12.9117065], [80.0857104, 12.911684], [80.085779, 12.9116387], [80.0859622, 12.9116166], [80.0860079, 12.9115712], [80.0863742, 12.9114815], [80.08642, 12.911436], [80.0867634, 12.9113462], [80.0868091, 12.9113008], [80.0868778, 12.911301], [80.0870152, 12.9112104], [80.0870838, 12.9112106], [80.0871754, 12.9111426], [80.0872441, 12.9111429], [80.0873814, 12.9110522], [80.0874501, 12.9110525], [80.0875416, 12.9109844], [80.0876103, 12.9109847], [80.0877476, 12.910894], [80.0880224, 12.9108495], [80.088091, 12.9108042], [80.0881826, 12.9108046], [80.0882513, 12.9107592], [80.0883429, 12.9107596], [80.0884115, 12.9107143], [80.0885947, 12.9106922], [80.0886633, 12.9106469], [80.0888465, 12.9106248], [80.0889152, 12.9105795], [80.089167, 12.9105805], [80.089167, 12.9105577], [80.0894418, 12.9105588], [80.0894417, 12.910536], [80.0899912, 12.9105383], [80.0899913, 12.9105611], [80.0901057, 12.9105616], [80.0902431, 12.9106078], [80.0903576, 12.9105398], [80.0904262, 12.9104488], [80.090472, 12.910449], [80.0906093, 12.9102899], [80.0906551, 12.9102901], [80.0907008, 12.9102218], [80.0907466, 12.910222], [80.0907924, 12.9101538], [80.0908382, 12.910154], [80.0908839, 12.9100857], [80.0909297, 12.9100859], [80.0909755, 12.9100177], [80.0910213, 12.9100178], [80.091067, 12.9099496], [80.0911128, 12.9099498], [80.0911586, 12.9098815], [80.0912044, 12.9098817], [80.0912501, 12.9098135], [80.0912959, 12.9098137], [80.0914103, 12.9096773], [80.0914561, 12.9096775], [80.0915247, 12.9095865], [80.0915934, 12.9095412], [80.0917307, 12.9094961], [80.0917307, 12.9094733], [80.0920513, 12.9094746], [80.0920513, 12.9094974], [80.0922116, 12.9094981], [80.0922345, 12.909521], [80.0922573, 12.9094755], [80.0926006, 12.9091575], [80.0926006, 12.9091119], [80.0926921, 12.9090438], [80.0926921, 12.9089982], [80.0927836, 12.9089301], [80.0927836, 12.9088845], [80.0928523, 12.9088392], [80.0928522, 12.9087935], [80.0929209, 12.9087482], [80.0929209, 12.9087026], [80.0929895, 12.9086572], [80.0929895, 12.9086116], [80.0930811, 12.9085435], [80.093081, 12.9084979], [80.0931497, 12.9084526], [80.0931497, 12.908407], [80.0932183, 12.9083616], [80.0932183, 12.908316], [80.093287, 12.9082707], [80.0932869, 12.908225], [80.0933556, 12.9081797], [80.0933556, 12.9081341], [80.0934242, 12.9080887], [80.0934242, 12.9080431], [80.0935157, 12.907975], [80.0936072, 12.9078385], [80.0937446, 12.9077935], [80.0937445, 12.907611], [80.0938131, 12.9075428], [80.093836, 12.9074289], [80.0938817, 12.9073606], [80.0939046, 12.9072695], [80.0939045, 12.9071554], [80.0939274, 12.9071555], [80.0939959, 12.9067908], [80.0940416, 12.9067453], [80.0940416, 12.9066769], [80.0940874, 12.9066543], [80.0941102, 12.9065631], [80.094156, 12.9065405], [80.0941788, 12.9064493], [80.0942246, 12.9064267], [80.0942703, 12.90629], [80.0943161, 12.9062674], [80.0943389, 12.9061763], [80.0943847, 12.9061536], [80.0944076, 12.9060625], [80.0944533, 12.9059942], [80.0947508, 12.9056761], [80.094911, 12.9055855], [80.0949797, 12.9055858], [80.0950712, 12.9055177], [80.0953001, 12.9054274], [80.0953001, 12.9053134], [80.095323, 12.9053134], [80.0953229, 12.9051309], [80.0953458, 12.905131], [80.0953457, 12.905017], [80.0953685, 12.9049258], [80.0954143, 12.9048576], [80.0954142, 12.9047207], [80.0953684, 12.9047205], [80.0953226, 12.9046519], [80.0952768, 12.9046517], [80.095231, 12.9045831], [80.094979, 12.9044452], [80.094979, 12.9043995], [80.0949103, 12.9043536], [80.0949103, 12.904308], [80.0948415, 12.9042621], [80.0948415, 12.9042165], [80.0947728, 12.9041706], [80.0947728, 12.9041249], [80.0947041, 12.904079], [80.0946582, 12.9039648], [80.0945895, 12.9039189], [80.0945895, 12.9038732], [80.0945207, 12.9038273], [80.0945207, 12.9037817], [80.094452, 12.9037358], [80.094452, 12.9036902], [80.0943833, 12.9036443], [80.0943832, 12.9035986], [80.0943145, 12.9035527], [80.0943145, 12.9035071], [80.0942458, 12.9034612], [80.0942458, 12.9034156], [80.094177, 12.9033697], [80.0941312, 12.9032554], [80.0940625, 12.9032095], [80.0940624, 12.9031639], [80.0939937, 12.903118], [80.0939937, 12.9030723], [80.093925, 12.9030264], [80.093925, 12.9029808], [80.0938562, 12.9029349], [80.0938562, 12.9028893], [80.0937875, 12.9028434], [80.0937875, 12.9027977], [80.0937188, 12.9027518], [80.0937187, 12.9027062], [80.09365, 12.9026603], [80.09365, 12.9026147], [80.0935813, 12.9025688], [80.0935354, 12.9024545], [80.0934667, 12.9024086], [80.0934667, 12.902363], [80.093398, 12.9023171], [80.0933979, 12.9022714], [80.0933292, 12.9022255], [80.0933292, 12.9021799], [80.0932605, 12.902134], [80.0932604, 12.9020884], [80.0931917, 12.9020425], [80.0931917, 12.9019968], [80.093123, 12.9019509], [80.093123, 12.9019053], [80.0930542, 12.9018594], [80.0930542, 12.9018138], [80.0929855, 12.9017679], [80.0929396, 12.9016536], [80.0928709, 12.9016077], [80.0928709, 12.9015621], [80.0928022, 12.9015162], [80.0928022, 12.9014706], [80.0927334, 12.9014246], [80.0927334, 12.901379], [80.0926647, 12.9013331], [80.0926647, 12.9012875], [80.092596, 12.9012416], [80.0925959, 12.901196], [80.0925272, 12.90115], [80.0925272, 12.9011044], [80.0924585, 12.9010585], [80.0924585, 12.9010129], [80.0923897, 12.900967], [80.0923439, 12.9008527], [80.0922752, 12.9008068], [80.0922293, 12.9006926], [80.0921606, 12.9006467], [80.0921606, 12.900601], [80.0920918, 12.9005551], [80.092046, 12.9004409], [80.0919773, 12.900395], [80.0918398, 12.9001663], [80.0918397, 12.9000978], [80.0917939, 12.9000748], [80.0917939, 12.9000064], [80.0916793, 12.8998234], [80.0916334, 12.8996179], [80.0915646, 12.8995492], [80.0915189, 12.899549], [80.0913127, 12.89932], [80.0912669, 12.899297], [80.0910607, 12.8991137], [80.0910607, 12.8990681], [80.0909919, 12.8990222], [80.0909461, 12.8989079], [80.0908774, 12.898862], [80.0908773, 12.8988164], [80.0908086, 12.8987705], [80.0907628, 12.8986562], [80.090694, 12.8986103], [80.0906482, 12.898496], [80.0905795, 12.8984501], [80.0905336, 12.8983359], [80.0904649, 12.89829], [80.090419, 12.8981757], [80.0903503, 12.8981298], [80.0903045, 12.8980156], [80.0902358, 12.8979697], [80.0902357, 12.897924], [80.090167, 12.8978781], [80.0901212, 12.8977639], [80.0900524, 12.897718], [80.0899608, 12.8975579], [80.0899607, 12.8973754], [80.0899378, 12.8973753], [80.0899377, 12.8971928], [80.0899147, 12.8971471], [80.0898231, 12.8971467], [80.0898002, 12.8970782], [80.0896399, 12.8970775], [80.0896399, 12.8971003], [80.0895026, 12.8970998], [80.0895026, 12.8971226], [80.0893881, 12.8971221], [80.0893881, 12.8971449], [80.0892736, 12.8971444], [80.0891821, 12.8971897], [80.0890447, 12.8971891], [80.0890905, 12.8972349], [80.0890448, 12.8973032], [80.0889303, 12.8973027], [80.0888387, 12.897348], [80.0887242, 12.8973475], [80.0887243, 12.8973703], [80.0884495, 12.8974148], [80.0884038, 12.8974602], [80.0883122, 12.8974827], [80.0881519, 12.897482], [80.0881519, 12.8975048], [80.0877856, 12.8975717], [80.0877399, 12.8976172], [80.0876483, 12.8976396], [80.087488, 12.8976389], [80.087488, 12.8976617], [80.0872362, 12.8977063], [80.0873739, 12.898186]]]}}, {"type": "Feature", "properties": {"ward": "59", "zone": "4", "zone_name": "PERUNGALATHUR", "area_km2": 0.961}, "geometry": {"type": "Polygon", "coordinates": [[[80.0950712, 12.9055177], [80.0949797, 12.9055858], [80.094911, 12.9055855], [80.0947508, 12.9056761], [80.0944533, 12.9059942], [80.0944076, 12.9060625], [80.0943847, 12.9061536], [80.0943389, 12.9061763], [80.0943161, 12.9062674], [80.0942703, 12.90629], [80.0942246, 12.9064267], [80.0941788, 12.9064493], [80.094156, 12.9065405], [80.0941102, 12.9065631], [80.0940874, 12.9066543], [80.0940416, 12.9066769], [80.0940416, 12.9067453], [80.0939959, 12.9067908], [80.0939274, 12.9071555], [80.0939045, 12.9071554], [80.0939046, 12.9072695], [80.0938817, 12.9073606], [80.093836, 12.9074289], [80.0938131, 12.9075428], [80.0937445, 12.907611], [80.0937446, 12.9077935], [80.0936072, 12.9078385], [80.0935157, 12.907975], [80.0934242, 12.9080431], [80.0934242, 12.9080887], [80.0933556, 12.9081341], [80.0933556, 12.9081797], [80.0932869, 12.908225], [80.093287, 12.9082707], [80.0932183, 12.908316], [80.0932183, 12.9083616], [80.0931497, 12.908407], [80.0931497, 12.9084526], [80.093081, 12.9084979], [80.0930811, 12.9085435], [80.0929895, 12.9086116], [80.0929895, 12.9086572], [80.0929209, 12.9087026], [80.0929209, 12.9087482], [80.0928522, 12.9087935], [80.0928523, 12.9088392], [80.0927836, 12.9088845], [80.0927836, 12.9089301], [80.0926921, 12.9089982], [80.0926921, 12.9090438], [80.0926006, 12.9091119], [80.0926006, 12.9091575], [80.0922573, 12.9094755], [80.0922345, 12.909521], [80.0922574, 12.9095439], [80.0922574, 12.909658], [80.0922803, 12.9096581], [80.0922804, 12.9097721], [80.0923033, 12.9097722], [80.0923034, 12.9100003], [80.0922577, 12.9100914], [80.0922578, 12.9102055], [80.0922349, 12.9102054], [80.0922351, 12.9105932], [80.092258, 12.9105933], [80.0922582, 12.910867], [80.092281, 12.9108671], [80.0922811, 12.9110268], [80.092304, 12.9110269], [80.0923041, 12.9112094], [80.092327, 12.9112095], [80.0923271, 12.9113692], [80.09235, 12.9113693], [80.0923501, 12.911529], [80.092373, 12.9115291], [80.0923731, 12.9116887], [80.092396, 12.9116888], [80.0923961, 12.9118485], [80.092419, 12.9118486], [80.0924191, 12.9120311], [80.092442, 12.9120312], [80.0924421, 12.9121909], [80.092465, 12.912191], [80.0924651, 12.9123507], [80.092488, 12.9123508], [80.0924881, 12.9125105], [80.0925339, 12.9126019], [80.092534, 12.9127388], [80.0926028, 12.9128759], [80.0926028, 12.9129672], [80.0927633, 12.9133785], [80.0927634, 12.9134469], [80.0928092, 12.9134927], [80.0929239, 12.9139038], [80.0929697, 12.9139496], [80.0930615, 12.9142922], [80.0931073, 12.914338], [80.093245, 12.9148176], [80.0932908, 12.9148635], [80.0934285, 12.9153431], [80.0934743, 12.9153889], [80.0936349, 12.9159371], [80.0936807, 12.9159829], [80.0937495, 12.9162569], [80.0937954, 12.9163712], [80.0938641, 12.9164399], [80.0938871, 12.9165084], [80.0938871, 12.9166225], [80.09391, 12.9166226], [80.0939101, 12.9167366], [80.0939789, 12.9169194], [80.093979, 12.9170563], [80.0940019, 12.9171476], [80.0940477, 12.9171934], [80.0940478, 12.9172847], [80.0941166, 12.9174219], [80.0941395, 12.9175132], [80.0941397, 12.9178554], [80.0941168, 12.9178553], [80.0941169, 12.9180378], [80.094094, 12.9180377], [80.0940941, 12.9182202], [80.0940712, 12.9182201], [80.0940714, 12.9184938], [80.0940485, 12.9184938], [80.0940487, 12.9187903], [80.0940716, 12.9187904], [80.0940717, 12.9189729], [80.0941175, 12.9190415], [80.0941405, 12.9192241], [80.0942093, 12.9193385], [80.0942093, 12.9194069], [80.0943696, 12.9194304], [80.0943696, 12.9194532], [80.0944841, 12.9194537], [80.0944841, 12.9194765], [80.0945986, 12.919477], [80.0946444, 12.9195228], [80.0947589, 12.9195461], [80.0947818, 12.9195918], [80.0948734, 12.919615], [80.0949421, 12.9196837], [80.0950108, 12.919684], [80.0950567, 12.9197298], [80.0951253, 12.9197301], [80.0951712, 12.9197759], [80.0952856, 12.9197764], [80.0952857, 12.9197992], [80.095423, 12.9197997], [80.095423, 12.9197769], [80.0958352, 12.9197786], [80.0958351, 12.9197558], [80.0961099, 12.9197569], [80.0961099, 12.9197341], [80.0963159, 12.919735], [80.0963159, 12.9197122], [80.0964991, 12.9197129], [80.0964991, 12.9196901], [80.0966136, 12.9196906], [80.096728, 12.9196454], [80.0968882, 12.9194636], [80.0970713, 12.9193047], [80.0970712, 12.919259], [80.0972085, 12.9191456], [80.0972085, 12.9190999], [80.0975975, 12.9187365], [80.0976891, 12.9187141], [80.097712, 12.9186686], [80.0978493, 12.9186235], [80.0978722, 12.918578], [80.0980095, 12.9185329], [80.0980324, 12.9184874], [80.0981698, 12.9184423], [80.0981926, 12.9183968], [80.09833, 12.9183517], [80.0983529, 12.9183062], [80.0984902, 12.9182612], [80.0985131, 12.9182156], [80.0986504, 12.9181706], [80.0986733, 12.918125], [80.0987649, 12.9181026], [80.0987877, 12.9180571], [80.0988793, 12.9180346], [80.0989022, 12.9179891], [80.0989937, 12.9179667], [80.0992226, 12.9177167], [80.0992454, 12.9176712], [80.099337, 12.9176031], [80.0993369, 12.9175575], [80.0994056, 12.9175121], [80.0994514, 12.9174439], [80.0994742, 12.9173527], [80.0995429, 12.9173074], [80.0995886, 12.9172391], [80.0996115, 12.917148], [80.0996572, 12.9171254], [80.0997487, 12.916852], [80.0997486, 12.9167379], [80.0998172, 12.9165557], [80.0998171, 12.9164416], [80.09984, 12.9164417], [80.0998399, 12.9163277], [80.0999085, 12.9161455], [80.0999085, 12.9160314], [80.0999314, 12.9160315], [80.099931, 12.9154384], [80.0999081, 12.9154383], [80.099908, 12.9151873], [80.0998851, 12.9151872], [80.0998848, 12.9147082], [80.0999077, 12.9147083], [80.0999076, 12.9145486], [80.1000907, 12.9144125], [80.1001593, 12.9143215], [80.1002051, 12.9143217], [80.1002509, 12.9142534], [80.1003424, 12.914231], [80.1003653, 12.9141855], [80.1004569, 12.9141631], [80.1004797, 12.9141175], [80.1005713, 12.9140951], [80.1005942, 12.9140496], [80.1009834, 12.9139599], [80.1010291, 12.9139373], [80.101052, 12.9139146], [80.1010519, 12.9137777], [80.1010748, 12.9137778], [80.1010748, 12.9136409], [80.1010977, 12.913641], [80.1010976, 12.9135041], [80.1011205, 12.9135042], [80.1011204, 12.9133445], [80.1011433, 12.9133446], [80.1011432, 12.9132306], [80.1012118, 12.913094], [80.1012118, 12.9130027], [80.1012803, 12.9128205], [80.1012801, 12.9123643], [80.1012572, 12.9123642], [80.1012571, 12.9121817], [80.1013028, 12.9121362], [80.1013028, 12.9120678], [80.1013486, 12.9120224], [80.1013485, 12.9119539], [80.1013943, 12.9118857], [80.1013485, 12.9118399], [80.1013255, 12.9117485], [80.1012797, 12.9116799], [80.1011193, 12.9115424], [80.1010964, 12.9114966], [80.1009589, 12.9113364], [80.1009131, 12.9113362], [80.1008215, 12.9112218], [80.1007757, 12.9112216], [80.1007299, 12.9111529], [80.1006841, 12.9111528], [80.1006382, 12.9110841], [80.100455, 12.9109921], [80.1003634, 12.9108777], [80.1003176, 12.9108775], [80.1002259, 12.910763], [80.1001801, 12.9107629], [80.1000885, 12.9106484], [80.1000427, 12.9106482], [80.0999739, 12.9105567], [80.0999282, 12.9105565], [80.0998136, 12.9104192], [80.0997678, 12.910419], [80.0996991, 12.9103274], [80.0996533, 12.9103272], [80.0995387, 12.9101899], [80.0994929, 12.9101897], [80.0994242, 12.9100982], [80.0993784, 12.910098], [80.0992867, 12.9099835], [80.0992409, 12.9099834], [80.0991493, 12.9098689], [80.0991035, 12.9098687], [80.0990118, 12.9097543], [80.098966, 12.9097541], [80.0988744, 12.9096397], [80.0988286, 12.9096395], [80.098737, 12.909525], [80.0986912, 12.9095248], [80.0986224, 12.9094333], [80.0985766, 12.9094331], [80.098485, 12.9093187], [80.0984392, 12.9093185], [80.0983475, 12.909204], [80.0983017, 12.9092039], [80.0982101, 12.9090894], [80.0981643, 12.9090892], [80.0980726, 12.9089748], [80.0980268, 12.9089518], [80.0976603, 12.9086081], [80.0976603, 12.9085625], [80.0975916, 12.9085166], [80.0975915, 12.9084709], [80.0974999, 12.9084021], [80.0974999, 12.9083565], [80.0974312, 12.9083106], [80.0974311, 12.908265], [80.0973624, 12.908219], [80.0973624, 12.9081734], [80.0972937, 12.9081275], [80.0972937, 12.9080819], [80.0972249, 12.908036], [80.0972249, 12.9079904], [80.0971562, 12.9079444], [80.0971562, 12.9078988], [80.0970875, 12.9078529], [80.0970874, 12.9078073], [80.0970187, 12.9077614], [80.0969729, 12.9076471], [80.0968812, 12.9075783], [80.0968812, 12.9075327], [80.0968125, 12.9074868], [80.0968125, 12.9074412], [80.0967437, 12.9073952], [80.0967437, 12.9073496], [80.096675, 12.9073037], [80.096675, 12.9072581], [80.0966063, 12.9072122], [80.0966062, 12.9071666], [80.0965375, 12.9071206], [80.0965375, 12.907075], [80.0964688, 12.9070291], [80.0964688, 12.9069835], [80.0964, 12.9069376], [80.0964, 12.906892], [80.0963313, 12.906846], [80.0963313, 12.9068004], [80.0962626, 12.9067545], [80.0962625, 12.9067089], [80.0961938, 12.906663], [80.0961938, 12.9066174], [80.0961251, 12.9065714], [80.096125, 12.9065258], [80.0960563, 12.9064799], [80.0960105, 12.9063657], [80.0959418, 12.9063197], [80.0959417, 12.9062741], [80.0958501, 12.9062053], [80.0958501, 12.9061597], [80.0957814, 12.9061138], [80.0957813, 12.9060682], [80.0957126, 12.9060222], [80.0957126, 12.9059766], [80.0956439, 12.9059307], [80.0956439, 12.9058851], [80.0955751, 12.9058392], [80.0955293, 12.9057249], [80.0954606, 12.905679], [80.0954605, 12.9056334], [80.0953918, 12.9055875], [80.0953918, 12.9055419], [80.0953002, 12.905473], [80.0953001, 12.9054274], [80.0950712, 12.9055177]]]}}, {"type": "Feature", "properties": {"ward": "60", "zone": "4", "zone_name": "PERUNGALATHUR", "area_km2": 0.748}, "geometry": {"type": "Polygon", "coordinates": [[[80.1013485, 12.9119539], [80.1013486, 12.9120224], [80.1013028, 12.9120678], [80.1013028, 12.9121362], [80.1012571, 12.9121817], [80.1012572, 12.9123642], [80.1012801, 12.9123643], [80.1012803, 12.9128205], [80.1012118, 12.9130027], [80.1012118, 12.913094], [80.1011432, 12.9132306], [80.1011433, 12.9133446], [80.1011204, 12.9133445], [80.1011205, 12.9135042], [80.1010976, 12.9135041], [80.1010977, 12.913641], [80.1010748, 12.9136409], [80.1010748, 12.9137778], [80.1010519, 12.9137777], [80.101052, 12.9139146], [80.1010291, 12.9139373], [80.1011437, 12.9141203], [80.1012125, 12.914189], [80.1012125, 12.9142574], [80.1012583, 12.9142804], [80.1012812, 12.914349], [80.1012813, 12.914463], [80.1013042, 12.9144631], [80.1013044, 12.9147597], [80.1013273, 12.9147598], [80.1013274, 12.9150563], [80.1013503, 12.9150564], [80.1013506, 12.9155355], [80.1013277, 12.9155354], [80.1013278, 12.9157179], [80.1013049, 12.9157178], [80.1013051, 12.9159231], [80.1012822, 12.915923], [80.1012823, 12.9161055], [80.1012594, 12.9161054], [80.1012595, 12.9163107], [80.1012366, 12.9163106], [80.1012367, 12.9164931], [80.1012138, 12.916493], [80.1012139, 12.9166755], [80.101191, 12.9166754], [80.1011911, 12.9168579], [80.1011682, 12.9168579], [80.1011683, 12.9170404], [80.1011454, 12.9170403], [80.1011455, 12.9172228], [80.1011226, 12.9172227], [80.1011228, 12.917428], [80.1010999, 12.9174279], [80.1011, 12.9176104], [80.1010771, 12.9176103], [80.1010772, 12.9177928], [80.1010543, 12.9177927], [80.1010544, 12.9179752], [80.1010315, 12.9179751], [80.1010316, 12.9181576], [80.1010087, 12.9181575], [80.1010088, 12.91834], [80.1009859, 12.9183399], [80.1009861, 12.9186821], [80.101032, 12.9187735], [80.101032, 12.9188876], [80.101055, 12.9189333], [80.1011236, 12.9189336], [80.1013069, 12.9190484], [80.1014443, 12.919049], [80.1014443, 12.9190718], [80.1016732, 12.9190727], [80.1016732, 12.9190956], [80.1020167, 12.919097], [80.1020167, 12.9191198], [80.1023372, 12.9191211], [80.1023373, 12.9191439], [80.1026578, 12.9191452], [80.1026578, 12.9191681], [80.1030013, 12.9191695], [80.1030013, 12.9191923], [80.1032989, 12.9191935], [80.1033905, 12.9192395], [80.1035279, 12.9192401], [80.1036195, 12.9192633], [80.1036653, 12.9193091], [80.1037798, 12.9193324], [80.1038257, 12.919401], [80.1038716, 12.9196065], [80.1039174, 12.9196523], [80.1039862, 12.9199264], [80.104032, 12.9199494], [80.104055, 12.9200635], [80.1041237, 12.9201322], [80.1041924, 12.9201553], [80.1043069, 12.9201558], [80.1043756, 12.9202017], [80.1044901, 12.9202022], [80.1044901, 12.920225], [80.1046046, 12.9202255], [80.1046046, 12.9202483], [80.1047649, 12.9202489], [80.1048336, 12.920272], [80.1048795, 12.9203863], [80.1049253, 12.9204093], [80.1049482, 12.9205006], [80.104994, 12.9205236], [80.1050628, 12.9207292], [80.1051086, 12.9207522], [80.1051316, 12.9208436], [80.1051774, 12.9208666], [80.1052003, 12.9209579], [80.1052691, 12.9210266], [80.1054064, 12.9210272], [80.1054065, 12.92105], [80.1055209, 12.9210505], [80.1055209, 12.9210733], [80.1057499, 12.9210743], [80.1057499, 12.9210971], [80.1060018, 12.9210981], [80.1060018, 12.9211209], [80.1061163, 12.9211214], [80.1062537, 12.9211904], [80.1062766, 12.9212817], [80.1063224, 12.9213047], [80.1063684, 12.9215331], [80.1063913, 12.9215332], [80.1063915, 12.9218753], [80.1063686, 12.9218752], [80.1063688, 12.9222859], [80.1063459, 12.9222858], [80.1063462, 12.9226964], [80.1063233, 12.9226963], [80.1063235, 12.9230841], [80.1063006, 12.923084], [80.1063008, 12.9234946], [80.1062779, 12.9234946], [80.1062782, 12.9238824], [80.1062553, 12.9238823], [80.1062554, 12.9240876], [80.1062325, 12.9240875], [80.1062326, 12.9242015], [80.1062097, 12.9242015], [80.1062099, 12.9245436], [80.106187, 12.9245435], [80.1061871, 12.924726], [80.10621, 12.9247261], [80.1062101, 12.9249086], [80.106233, 12.9249087], [80.1062332, 12.9252509], [80.1062561, 12.925251], [80.1062561, 12.9253879], [80.106508, 12.9254574], [80.1065081, 12.9254802], [80.1070347, 12.9254824], [80.1070347, 12.9254595], [80.1071491, 12.92546], [80.1071491, 12.9254372], [80.1072865, 12.9254378], [80.1072865, 12.925415], [80.107401, 12.9254154], [80.1074009, 12.9253926], [80.1075383, 12.9253932], [80.1075383, 12.9253704], [80.1076528, 12.9253708], [80.1076528, 12.925348], [80.1077673, 12.9253485], [80.1077672, 12.9253257], [80.1079046, 12.9253263], [80.1079046, 12.9253034], [80.1080191, 12.9253039], [80.1080191, 12.9252811], [80.1081565, 12.9252817], [80.1081564, 12.9252589], [80.1082709, 12.9252593], [80.1082709, 12.9252365], [80.1084083, 12.9252371], [80.1084083, 12.9252143], [80.1085228, 12.9252148], [80.1085227, 12.9251919], [80.1086601, 12.9251925], [80.1086601, 12.9251697], [80.1087746, 12.9251702], [80.1087746, 12.9251474], [80.1089119, 12.9251479], [80.1089119, 12.9251251], [80.1090264, 12.9251256], [80.1090264, 12.9251028], [80.109553, 12.9251049], [80.1096446, 12.9251509], [80.1097591, 12.9251742], [80.109782, 12.9251287], [80.1101482, 12.9249705], [80.1102627, 12.9249026], [80.1105374, 12.9248581], [80.110606, 12.9247899], [80.1106747, 12.9247902], [80.1106976, 12.9247447], [80.110835, 12.9246996], [80.1108578, 12.9245628], [80.1108807, 12.9245629], [80.1108804, 12.9241067], [80.1108575, 12.9241066], [80.1108574, 12.9239469], [80.1108345, 12.9239468], [80.1108344, 12.9238099], [80.1108115, 12.9238098], [80.1108115, 12.923673], [80.1107886, 12.9236729], [80.1107885, 12.9235132], [80.1107656, 12.9235131], [80.1107655, 12.9233762], [80.1107426, 12.9233761], [80.1107425, 12.9232164], [80.1107196, 12.9232163], [80.1107195, 12.9230795], [80.1106966, 12.9230794], [80.1106965, 12.9229425], [80.1106737, 12.9229424], [80.1106736, 12.9227827], [80.1106507, 12.9227826], [80.1106506, 12.9226457], [80.1106277, 12.9226456], [80.1106276, 12.922486], [80.1106047, 12.9224859], [80.1106046, 12.922349], [80.1105817, 12.9223489], [80.1105816, 12.922212], [80.1105358, 12.9221434], [80.1105358, 12.922075], [80.11049, 12.922052], [80.1104899, 12.9219379], [80.1104211, 12.9218235], [80.1103525, 12.9218233], [80.1102608, 12.9217088], [80.1101463, 12.9216855], [80.1101463, 12.9216399], [80.1100547, 12.9215711], [80.1100089, 12.9215709], [80.109963, 12.9215023], [80.1099172, 12.9215021], [80.1098256, 12.9213876], [80.1096652, 12.9212501], [80.1096652, 12.9212045], [80.1095736, 12.9211357], [80.1095277, 12.9209758], [80.1094819, 12.9209528], [80.1094589, 12.9208614], [80.1094589, 12.9207474], [80.109436, 12.9207473], [80.1094359, 12.9206332], [80.1097563, 12.920338], [80.109825, 12.9203383], [80.1099623, 12.9202476], [80.110031, 12.9202479], [80.1101683, 12.9201572], [80.110237, 12.9201575], [80.1104201, 12.9200442], [80.1104888, 12.9200445], [80.1106261, 12.9199538], [80.1106948, 12.9199541], [80.1107863, 12.919886], [80.1107863, 12.9198404], [80.1108779, 12.9197495], [80.1107862, 12.9196579], [80.1107404, 12.9196577], [80.110603, 12.9194974], [80.1105114, 12.9194742], [80.1104426, 12.9193827], [80.1103968, 12.9193825], [80.1103281, 12.919291], [80.1102823, 12.9192908], [80.1102135, 12.9191993], [80.1101678, 12.9191991], [80.110099, 12.9191075], [80.1100532, 12.9191073], [80.1099845, 12.9190158], [80.1099387, 12.9190156], [80.1098699, 12.9189241], [80.1098241, 12.9189239], [80.1097554, 12.9188324], [80.1097096, 12.9188322], [80.1096409, 12.9187406], [80.1095951, 12.9187405], [80.1095263, 12.9186489], [80.1094805, 12.9186487], [80.1094118, 12.9185572], [80.109366, 12.918557], [80.1092973, 12.9184655], [80.1092515, 12.9184653], [80.1091827, 12.9183738], [80.1091369, 12.9183736], [80.1090682, 12.918282], [80.1090224, 12.9182818], [80.1089537, 12.9181903], [80.1089079, 12.9181901], [80.1088391, 12.9180986], [80.1087933, 12.9180984], [80.1087246, 12.9180069], [80.1086788, 12.9180067], [80.1086101, 12.9179151], [80.1084956, 12.917869], [80.1084497, 12.9178004], [80.1084039, 12.9178002], [80.1083581, 12.9177316], [80.1083123, 12.9177314], [80.1082665, 12.9176628], [80.108152, 12.9176167], [80.1081061, 12.9175481], [80.1080603, 12.9175479], [80.1080145, 12.9174792], [80.1079687, 12.9174791], [80.1079229, 12.9174104], [80.1078084, 12.9173643], [80.1077625, 12.9172957], [80.1077168, 12.9172955], [80.1076709, 12.9172269], [80.1076251, 12.9172267], [80.1075793, 12.9171581], [80.1074648, 12.917112], [80.107419, 12.9170434], [80.1073732, 12.9170432], [80.1073273, 12.9169745], [80.1072815, 12.9169743], [80.1069379, 12.9166079], [80.1068921, 12.9166077], [80.1065484, 12.9162413], [80.1065026, 12.9162411], [80.106159, 12.9158747], [80.1061132, 12.9158745], [80.1057925, 12.915531], [80.1057467, 12.9155308], [80.1052426, 12.9150041], [80.1051968, 12.9150039], [80.1051052, 12.9149122], [80.1049678, 12.9148661], [80.1049449, 12.9148203], [80.1049448, 12.9147063], [80.1048303, 12.9146602], [80.1047616, 12.9145686], [80.1047158, 12.9145685], [80.1046699, 12.9144998], [80.1045325, 12.9144536], [80.1045096, 12.9143623], [80.104418, 12.9142935], [80.104395, 12.9142478], [80.104143, 12.913973], [80.1040972, 12.9139728], [80.1039827, 12.9138354], [80.1038682, 12.9137893], [80.1036849, 12.9136745], [80.1036849, 12.9136289], [80.1036162, 12.913583], [80.1035017, 12.9135825], [80.103433, 12.9135366], [80.1034558, 12.9134454], [80.1034557, 12.9132401], [80.1034328, 12.9131488], [80.1033411, 12.91308], [80.1032725, 12.9130797], [80.1032266, 12.9130339], [80.1030892, 12.9130105], [80.1030205, 12.9129646], [80.1029747, 12.912896], [80.1028144, 12.9128953], [80.1028144, 12.9128725], [80.102677, 12.9127807], [80.102654, 12.9127121], [80.102654, 12.9125981], [80.102631, 12.9125295], [80.1024478, 12.9124375], [80.1023562, 12.9123003], [80.1023104, 12.9123001], [80.1020813, 12.9120938], [80.1020583, 12.9120253], [80.101921, 12.9120247], [80.1018294, 12.9119787], [80.1018064, 12.911933], [80.1017148, 12.911887], [80.1013943, 12.9118857], [80.1013485, 12.9119539]]]}}, {"type": "Feature", "properties": {"ward": "61", "zone": "4", "zone_name": "PERUNGALATHUR", "area_km2": 1.664}, "geometry": {"type": "Polygon", "coordinates": [[[80.0899377, 12.8971928], [80.0899378, 12.8973753], [80.0899607, 12.8973754], [80.0899608, 12.8975579], [80.0900524, 12.897718], [80.0901212, 12.8977639], [80.090167, 12.8978781], [80.0902357, 12.897924], [80.0902358, 12.8979697], [80.0903045, 12.8980156], [80.0903503, 12.8981298], [80.090419, 12.8981757], [80.0904649, 12.89829], [80.0905336, 12.8983359], [80.0905795, 12.8984501], [80.0906482, 12.898496], [80.090694, 12.8986103], [80.0907628, 12.8986562], [80.0908086, 12.8987705], [80.0908773, 12.8988164], [80.0908774, 12.898862], [80.0909461, 12.8989079], [80.0909919, 12.8990222], [80.0910607, 12.8990681], [80.0910607, 12.8991137], [80.0912669, 12.899297], [80.0913127, 12.89932], [80.0915189, 12.899549], [80.0915646, 12.8995492], [80.0916334, 12.8996179], [80.0916793, 12.8998234], [80.0917939, 12.9000064], [80.0917939, 12.9000748], [80.0918397, 12.9000978], [80.0918398, 12.9001663], [80.0919773, 12.900395], [80.092046, 12.9004409], [80.0920918, 12.9005551], [80.0921606, 12.900601], [80.0921606, 12.9006467], [80.0922293, 12.9006926], [80.0922752, 12.9008068], [80.0923439, 12.9008527], [80.0923897, 12.900967], [80.0924585, 12.9010129], [80.0924585, 12.9010585], [80.0925272, 12.9011044], [80.0925272, 12.90115], [80.0925959, 12.901196], [80.092596, 12.9012416], [80.0926647, 12.9012875], [80.0926647, 12.9013331], [80.0927334, 12.901379], [80.0927334, 12.9014246], [80.0928022, 12.9014706], [80.0928022, 12.9015162], [80.0928709, 12.9015621], [80.0928709, 12.9016077], [80.0929396, 12.9016536], [80.0929855, 12.9017679], [80.0930542, 12.9018138], [80.0930542, 12.9018594], [80.093123, 12.9019053], [80.093123, 12.9019509], [80.0931917, 12.9019968], [80.0931917, 12.9020425], [80.0932604, 12.9020884], [80.0932605, 12.902134], [80.0933292, 12.9021799], [80.0933292, 12.9022255], [80.0933979, 12.9022714], [80.093398, 12.9023171], [80.0934667, 12.902363], [80.0934667, 12.9024086], [80.0935354, 12.9024545], [80.0935813, 12.9025688], [80.09365, 12.9026147], [80.09365, 12.9026603], [80.0937187, 12.9027062], [80.0937188, 12.9027518], [80.0937875, 12.9027977], [80.0937875, 12.9028434], [80.0938562, 12.9028893], [80.0938562, 12.9029349], [80.093925, 12.9029808], [80.093925, 12.9030264], [80.0939937, 12.9030723], [80.0939937, 12.903118], [80.0940624, 12.9031639], [80.0940625, 12.9032095], [80.0941312, 12.9032554], [80.094177, 12.9033697], [80.0942458, 12.9034156], [80.0942458, 12.9034612], [80.0943145, 12.9035071], [80.0943145, 12.9035527], [80.0943832, 12.9035986], [80.0943833, 12.9036443], [80.094452, 12.9036902], [80.094452, 12.9037358], [80.0945207, 12.9037817], [80.0945207, 12.9038273], [80.0945895, 12.9038732], [80.0945895, 12.9039189], [80.0946582, 12.9039648], [80.0947041, 12.904079], [80.0947728, 12.9041249], [80.0947728, 12.9041706], [80.0948415, 12.9042165], [80.0948415, 12.9042621], [80.0949103, 12.904308], [80.0949103, 12.9043536], [80.094979, 12.9043995], [80.094979, 12.9044452], [80.095231, 12.9045831], [80.0952768, 12.9046517], [80.0953226, 12.9046519], [80.0953684, 12.9047205], [80.0954142, 12.9047207], [80.0954143, 12.9048576], [80.0953685, 12.9049258], [80.0953457, 12.905017], [80.0953458, 12.905131], [80.0953229, 12.9051309], [80.095323, 12.9053134], [80.0953001, 12.9053134], [80.0953001, 12.9054274], [80.0953002, 12.905473], [80.0953918, 12.9055419], [80.0953918, 12.9055875], [80.0954605, 12.9056334], [80.0954606, 12.905679], [80.0955293, 12.9057249], [80.0955751, 12.9058392], [80.0956439, 12.9058851], [80.0956439, 12.9059307], [80.0957126, 12.9059766], [80.0957126, 12.9060222], [80.0957813, 12.9060682], [80.0957814, 12.9061138], [80.0958501, 12.9061597], [80.0958501, 12.9062053], [80.0959417, 12.9062741], [80.0959418, 12.9063197], [80.0960105, 12.9063657], [80.0960563, 12.9064799], [80.096125, 12.9065258], [80.0961251, 12.9065714], [80.0961938, 12.9066174], [80.0961938, 12.906663], [80.0962625, 12.9067089], [80.0962626, 12.9067545], [80.0963313, 12.9068004], [80.0963313, 12.906846], [80.0964, 12.906892], [80.0964, 12.9069376], [80.0964688, 12.9069835], [80.0964688, 12.9070291], [80.0965375, 12.907075], [80.0965375, 12.9071206], [80.0966062, 12.9071666], [80.0966063, 12.9072122], [80.096675, 12.9072581], [80.096675, 12.9073037], [80.0967437, 12.9073496], [80.0967437, 12.9073952], [80.0968125, 12.9074412], [80.0968125, 12.9074868], [80.0968812, 12.9075327], [80.0968812, 12.9075783], [80.0969729, 12.9076471], [80.0970187, 12.9077614], [80.0970874, 12.9078073], [80.0970875, 12.9078529], [80.0971562, 12.9078988], [80.0971562, 12.9079444], [80.0972249, 12.9079904], [80.0972249, 12.908036], [80.0972937, 12.9080819], [80.0972937, 12.9081275], [80.0973624, 12.9081734], [80.0973624, 12.908219], [80.0974311, 12.908265], [80.0974312, 12.9083106], [80.0974999, 12.9083565], [80.0974999, 12.9084021], [80.0975915, 12.9084709], [80.0975916, 12.9085166], [80.0976603, 12.9085625], [80.0976603, 12.9086081], [80.0980268, 12.9089518], [80.0980726, 12.9089748], [80.0981643, 12.9090892], [80.0982101, 12.9090894], [80.0983017, 12.9092039], [80.0983475, 12.909204], [80.0984392, 12.9093185], [80.098485, 12.9093187], [80.0985766, 12.9094331], [80.0986224, 12.9094333], [80.0986912, 12.9095248], [80.098737, 12.909525], [80.0988286, 12.9096395], [80.0988744, 12.9096397], [80.098966, 12.9097541], [80.0990118, 12.9097543], [80.0991035, 12.9098687], [80.0991493, 12.9098689], [80.0992409, 12.9099834], [80.0992867, 12.9099835], [80.0993784, 12.910098], [80.0994242, 12.9100982], [80.0994929, 12.9101897], [80.0995387, 12.9101899], [80.0996533, 12.9103272], [80.0996991, 12.9103274], [80.0997678, 12.910419], [80.0998136, 12.9104192], [80.0999282, 12.9105565], [80.0999739, 12.9105567], [80.1000427, 12.9106482], [80.1000885, 12.9106484], [80.1001801, 12.9107629], [80.1002259, 12.910763], [80.1003176, 12.9108775], [80.1003634, 12.9108777], [80.100455, 12.9109921], [80.1006382, 12.9110841], [80.1006841, 12.9111528], [80.1007299, 12.9111529], [80.1007757, 12.9112216], [80.1008215, 12.9112218], [80.1009131, 12.9113362], [80.1009589, 12.9113364], [80.1010964, 12.9114966], [80.1011193, 12.9115424], [80.1012797, 12.9116799], [80.1013255, 12.9117485], [80.1013485, 12.9118399], [80.1013943, 12.9118857], [80.1017148, 12.911887], [80.1018064, 12.911933], [80.1018294, 12.9119787], [80.101921, 12.9120247], [80.1020583, 12.9120253], [80.1021956, 12.9118206], [80.1022414, 12.9118207], [80.10231, 12.9117298], [80.1023558, 12.91173], [80.1024473, 12.9115935], [80.102516, 12.9115481], [80.1026762, 12.9115032], [80.1026991, 12.9114576], [80.1028593, 12.9113442], [80.1028593, 12.911253], [80.102905, 12.9111619], [80.1029049, 12.9110479], [80.1029278, 12.911048], [80.1029735, 12.9107744], [80.1030192, 12.9107061], [80.1031108, 12.9106837], [80.1031336, 12.9106382], [80.1033168, 12.9105705], [80.1033396, 12.910525], [80.1035228, 12.9104573], [80.1035456, 12.9104118], [80.1037288, 12.9103441], [80.1037516, 12.9102985], [80.1039348, 12.9102309], [80.1039576, 12.9101853], [80.1041408, 12.9101177], [80.1041636, 12.9100721], [80.1043468, 12.9100044], [80.1043696, 12.9099589], [80.1045528, 12.9098912], [80.1046214, 12.9098459], [80.1050792, 12.9095968], [80.1051479, 12.9095971], [80.1054226, 12.9094386], [80.1056286, 12.909371], [80.1056514, 12.9093255], [80.1057659, 12.9092575], [80.1057656, 12.9088241], [80.1057427, 12.908824], [80.1057425, 12.9084133], [80.1057654, 12.9084134], [80.1062225, 12.9069781], [80.1062911, 12.90691], [80.1063598, 12.9069103], [80.1065887, 12.9067287], [80.1065886, 12.9066831], [80.1066573, 12.9066378], [80.106703, 12.9065239], [80.1066801, 12.9064553], [80.1066343, 12.9064323], [80.1065426, 12.9062495], [80.106451, 12.9061807], [80.1064509, 12.9061122], [80.1064051, 12.906112], [80.1064051, 12.9060436], [80.1062218, 12.9058147], [80.1061988, 12.9057234], [80.1061301, 12.9056775], [80.1061301, 12.9056318], [80.1060385, 12.905563], [80.1060384, 12.9054946], [80.1059926, 12.905426], [80.1058781, 12.9053342], [80.105878, 12.9052658], [80.1058322, 12.9051972], [80.1057635, 12.9051513], [80.1056718, 12.9049684], [80.1056031, 12.9049225], [80.1056031, 12.9048768], [80.1055114, 12.904808], [80.1055114, 12.9047396], [80.1054656, 12.904671], [80.1053968, 12.9046251], [80.1053968, 12.9045794], [80.1053052, 12.9045106], [80.1053052, 12.9044422], [80.1052593, 12.9044192], [80.1052135, 12.9043049], [80.1051448, 12.904259], [80.1051447, 12.9042134], [80.1050531, 12.9041446], [80.1050531, 12.9040761], [80.1050072, 12.9040075], [80.1049385, 12.9039616], [80.1048468, 12.9037787], [80.1047323, 12.903687], [80.1047323, 12.9036186], [80.1046177, 12.9035268], [80.1046177, 12.9034584], [80.1045032, 12.9033667], [80.1045031, 12.9032982], [80.1044344, 12.9032523], [80.1043885, 12.9031381], [80.1043198, 12.9030922], [80.1042052, 12.9029092], [80.1040907, 12.9028631], [80.1040449, 12.9027945], [80.1039991, 12.9027943], [80.1039533, 12.9027257], [80.1038846, 12.9027254], [80.1037929, 12.9026109], [80.1037471, 12.9026108], [80.1037013, 12.9025421], [80.1035868, 12.902496], [80.103541, 12.9024274], [80.1033578, 12.9023354], [80.1033119, 12.9022668], [80.1032432, 12.9022665], [80.1031516, 12.902152], [80.1030829, 12.9021518], [80.1029912, 12.9020373], [80.102808, 12.9019453], [80.1027622, 12.9018767], [80.1026935, 12.9018764], [80.1026018, 12.901762], [80.1024186, 12.90167], [80.1023728, 12.9016013], [80.1023041, 12.901601], [80.1022583, 12.9015552], [80.1022124, 12.9013725], [80.1021666, 12.9013267], [80.1021436, 12.9011898], [80.1020978, 12.9011439], [80.1020748, 12.901007], [80.102029, 12.9009612], [80.1020289, 12.9008927], [80.1019831, 12.9008469], [80.1019831, 12.9007785], [80.1019373, 12.9007555], [80.1019143, 12.9005957], [80.1018685, 12.9005727], [80.1018455, 12.9004129], [80.1017997, 12.9003899], [80.1017538, 12.9001616], [80.1017079, 12.9001158], [80.101685, 12.8999788], [80.1016391, 12.899933], [80.1016391, 12.8998646], [80.1015933, 12.8998187], [80.1015932, 12.8997503], [80.1015474, 12.8997273], [80.1015244, 12.8995675], [80.1014786, 12.8995445], [80.1014557, 12.8993847], [80.1014098, 12.8993617], [80.1013639, 12.8991334], [80.1013181, 12.8990876], [80.1012951, 12.8989506], [80.1012493, 12.8989048], [80.1012493, 12.8988364], [80.1012035, 12.8987906], [80.1012034, 12.8987221], [80.1011576, 12.8986991], [80.1011346, 12.8985394], [80.1010888, 12.8985164], [80.1010658, 12.8983566], [80.10102, 12.8983336], [80.1009741, 12.8981053], [80.1009283, 12.8980594], [80.1009053, 12.8979225], [80.1008595, 12.8978767], [80.1008594, 12.8978082], [80.1008136, 12.8977624], [80.1007906, 12.8976254], [80.1007448, 12.8975796], [80.1007448, 12.8975112], [80.100699, 12.8974882], [80.100676, 12.8973284], [80.1006302, 12.8973054], [80.1005843, 12.8970771], [80.1005384, 12.8970313], [80.1005155, 12.8968943], [80.1004696, 12.8968485], [80.1004696, 12.8967801], [80.1004238, 12.8967342], [80.1004008, 12.8965973], [80.100355, 12.8965515], [80.1003549, 12.896483], [80.1003091, 12.89646], [80.1002862, 12.8963002], [80.1002403, 12.8962772], [80.1001257, 12.8959118], [80.1000569, 12.8958659], [80.0996219, 12.8958641], [80.0996219, 12.8958412], [80.0984542, 12.8958364], [80.0984542, 12.8958592], [80.0982939, 12.8958586], [80.0982939, 12.8958358], [80.0965538, 12.8958286], [80.0965538, 12.8958514], [80.0964393, 12.8958509], [80.0963478, 12.8958962], [80.0962333, 12.8958957], [80.0961418, 12.8959409], [80.0960273, 12.8959405], [80.0959357, 12.8959857], [80.0958212, 12.8959852], [80.0957297, 12.8960305], [80.0956152, 12.89603], [80.0955236, 12.8960753], [80.0954092, 12.8960748], [80.0953176, 12.89612], [80.0952031, 12.8961196], [80.0951116, 12.8961648], [80.0949971, 12.8961643], [80.0949055, 12.8962096], [80.094791, 12.8962091], [80.0946995, 12.8962543], [80.094585, 12.8962539], [80.0944934, 12.8962991], [80.094379, 12.8962987], [80.0942874, 12.8963439], [80.0941729, 12.8963434], [80.0940814, 12.8963887], [80.0939669, 12.8963882], [80.0938753, 12.8964334], [80.0937608, 12.896433], [80.0937151, 12.8964784], [80.0935548, 12.8964777], [80.093509, 12.8965232], [80.0933488, 12.8965225], [80.093303, 12.896568], [80.0931427, 12.8965673], [80.093097, 12.8966127], [80.0929367, 12.8966121], [80.0928909, 12.8966575], [80.0927307, 12.8966568], [80.0926849, 12.8967023], [80.0925246, 12.8967016], [80.0924789, 12.8967471], [80.0923186, 12.8967464], [80.0922728, 12.8967918], [80.0920896, 12.8967911], [80.0920897, 12.8968139], [80.0918836, 12.896813], [80.0918836, 12.8968358], [80.0916775, 12.896835], [80.0916776, 12.8968578], [80.0914486, 12.8968569], [80.0914486, 12.8968797], [80.0912425, 12.8968788], [80.0912426, 12.8969016], [80.0911052, 12.8969011], [80.0911052, 12.8969239], [80.0909678, 12.8969233], [80.0909678, 12.8969461], [80.0908305, 12.8969456], [80.0908305, 12.8969684], [80.090716, 12.8969679], [80.090716, 12.8969907], [80.0906015, 12.8969902], [80.0906015, 12.897013], [80.0904642, 12.8970125], [80.0904642, 12.8970353], [80.0903497, 12.8970348], [80.0903497, 12.8970576], [80.0902352, 12.8970572], [80.0902352, 12.89708], [80.0901208, 12.8970795], [80.0901208, 12.8971023], [80.0899834, 12.8971017], [80.0899147, 12.8971471], [80.0899377, 12.8971928]]]}}, {"type": "Feature", "properties": {"ward": "62", "zone": "5", "zone_name": "EAST TAMBARAM", "area_km2": 1.002}, "geometry": {"type": "Polygon", "coordinates": [[[80.1020813, 12.9120938], [80.1023104, 12.9123001], [80.1023562, 12.9123003], [80.1024478, 12.9124375], [80.102631, 12.9125295], [80.102654, 12.9125981], [80.102654, 12.9127121], [80.102677, 12.9127807], [80.1028144, 12.9128725], [80.1028144, 12.9128953], [80.1029747, 12.912896], [80.1030205, 12.9129646], [80.1030892, 12.9130105], [80.1032266, 12.9130339], [80.1032725, 12.9130797], [80.1033411, 12.91308], [80.1034328, 12.9131488], [80.1034557, 12.9132401], [80.1034558, 12.9134454], [80.103433, 12.9135366], [80.1035017, 12.9135825], [80.1036162, 12.913583], [80.1036849, 12.9136289], [80.1036849, 12.9136745], [80.1038682, 12.9137893], [80.1039827, 12.9138354], [80.1040972, 12.9139728], [80.104143, 12.913973], [80.104395, 12.9142478], [80.104418, 12.9142935], [80.1045096, 12.9143623], [80.1045325, 12.9144536], [80.1046699, 12.9144998], [80.1047158, 12.9145685], [80.1047616, 12.9145686], [80.1048303, 12.9146602], [80.1049448, 12.9147063], [80.1049449, 12.9148203], [80.1049678, 12.9148661], [80.1051052, 12.9149122], [80.1051968, 12.9150039], [80.1052426, 12.9150041], [80.1057467, 12.9155308], [80.1057925, 12.915531], [80.1061132, 12.9158745], [80.106159, 12.9158747], [80.1065026, 12.9162411], [80.1065484, 12.9162413], [80.1068921, 12.9166077], [80.1069379, 12.9166079], [80.1072815, 12.9169743], [80.1073273, 12.9169745], [80.1073732, 12.9170432], [80.107419, 12.9170434], [80.1074648, 12.917112], [80.1075793, 12.9171581], [80.1076251, 12.9172267], [80.1076709, 12.9172269], [80.1077168, 12.9172955], [80.1077625, 12.9172957], [80.1078084, 12.9173643], [80.1079229, 12.9174104], [80.1079687, 12.9174791], [80.1080145, 12.9174792], [80.1080603, 12.9175479], [80.1081061, 12.9175481], [80.108152, 12.9176167], [80.1082665, 12.9176628], [80.1083123, 12.9177314], [80.1083581, 12.9177316], [80.1084039, 12.9178002], [80.1084497, 12.9178004], [80.1084956, 12.917869], [80.1086101, 12.9179151], [80.1086788, 12.9180067], [80.1087246, 12.9180069], [80.1087933, 12.9180984], [80.1088391, 12.9180986], [80.1089079, 12.9181901], [80.1089537, 12.9181903], [80.1090224, 12.9182818], [80.1090682, 12.918282], [80.1091369, 12.9183736], [80.1091827, 12.9183738], [80.1092515, 12.9184653], [80.1092973, 12.9184655], [80.109366, 12.918557], [80.1094118, 12.9185572], [80.1094805, 12.9186487], [80.1095263, 12.9186489], [80.1095951, 12.9187405], [80.1096409, 12.9187406], [80.1097096, 12.9188322], [80.1097554, 12.9188324], [80.1098241, 12.9189239], [80.1098699, 12.9189241], [80.1099387, 12.9190156], [80.1099845, 12.9190158], [80.1100532, 12.9191073], [80.110099, 12.9191075], [80.1101678, 12.9191991], [80.1102135, 12.9191993], [80.1102823, 12.9192908], [80.1103281, 12.919291], [80.1103968, 12.9193825], [80.1104426, 12.9193827], [80.1105114, 12.9194742], [80.110603, 12.9194974], [80.1107404, 12.9196577], [80.1107862, 12.9196579], [80.1108779, 12.9197495], [80.1110382, 12.9198414], [80.1110382, 12.9198642], [80.1111527, 12.9198647], [80.1112442, 12.9197966], [80.1113129, 12.9197741], [80.1113357, 12.9196601], [80.1114044, 12.9196148], [80.1114044, 12.9195692], [80.111473, 12.9195466], [80.1116332, 12.9194332], [80.1117019, 12.9194335], [80.1117935, 12.9193655], [80.1119078, 12.9191606], [80.112091, 12.9191614], [80.112091, 12.9191386], [80.1122512, 12.9190936], [80.1122511, 12.9188655], [80.1122282, 12.9188654], [80.1121593, 12.9185685], [80.1120677, 12.9184997], [80.1120677, 12.9184541], [80.111999, 12.9184082], [80.1118615, 12.9182251], [80.1117699, 12.9182019], [80.111747, 12.9181562], [80.1116325, 12.9181329], [80.1116095, 12.9180644], [80.1115637, 12.9180414], [80.1115408, 12.9179501], [80.111495, 12.9179271], [80.111472, 12.9178357], [80.1114033, 12.917767], [80.1114032, 12.9176757], [80.1113574, 12.9176071], [80.1113574, 12.9175159], [80.1113115, 12.9174472], [80.1113114, 12.9173104], [80.1112886, 12.9173103], [80.1112884, 12.9170137], [80.1112655, 12.9170136], [80.1112654, 12.9168311], [80.1112425, 12.916831], [80.1111507, 12.9164885], [80.1111049, 12.9164655], [80.111059, 12.9163284], [80.1109903, 12.9163053], [80.1109216, 12.9162366], [80.1105324, 12.916235], [80.1104637, 12.9162803], [80.1100058, 12.9163925], [80.1099601, 12.9164379], [80.1098227, 12.9164602], [80.1097769, 12.9165056], [80.1097083, 12.9165053], [80.1096167, 12.9165734], [80.109548, 12.9165731], [80.1095023, 12.9166185], [80.1094336, 12.9165954], [80.1093419, 12.9165266], [80.1093419, 12.916481], [80.1092044, 12.9163207], [80.1091815, 12.9162294], [80.1090669, 12.9160692], [80.1090439, 12.9158866], [80.1089981, 12.915818], [80.1089751, 12.9156582], [80.1087459, 12.9152467], [80.1087458, 12.9151782], [80.1087, 12.9151324], [80.108677, 12.9149498], [80.1086312, 12.9149268], [80.1086311, 12.9148127], [80.1086769, 12.9147217], [80.1087455, 12.9146763], [80.1087455, 12.9146079], [80.1089514, 12.9143806], [80.1090201, 12.9143353], [80.1091575, 12.9142902], [80.1091803, 12.9142447], [80.1094092, 12.9141544], [80.1094321, 12.9141089], [80.109661, 12.9140186], [80.1096839, 12.913973], [80.1099128, 12.9138827], [80.1099357, 12.9138372], [80.1101188, 12.9137695], [80.1101417, 12.913724], [80.1103706, 12.9136337], [80.1103934, 12.9135882], [80.1107597, 12.91343], [80.1107825, 12.9133844], [80.1111946, 12.9132037], [80.1112174, 12.9131581], [80.111309, 12.9131357], [80.1113319, 12.9130902], [80.1114234, 12.9130677], [80.1114692, 12.9129995], [80.1116294, 12.9128861], [80.1116294, 12.9128404], [80.111698, 12.9127951], [80.111698, 12.9127495], [80.1117895, 12.9126586], [80.1118124, 12.9125675], [80.1118582, 12.9125448], [80.1119039, 12.912431], [80.1119038, 12.9123397], [80.1119724, 12.9121575], [80.1119724, 12.9120434], [80.1119953, 12.9120435], [80.1119952, 12.9119295], [80.1120638, 12.9117472], [80.1120637, 12.9116332], [80.1121551, 12.9113598], [80.1121551, 12.9112458], [80.1122008, 12.9111547], [80.1122007, 12.9110406], [80.1122236, 12.9110407], [80.1122231, 12.910151], [80.1122002, 12.9101509], [80.1122001, 12.9099684], [80.1121772, 12.9098771], [80.1122458, 12.9097633], [80.1123829, 12.9094217], [80.112566, 12.9091943], [80.1125888, 12.9091032], [80.1126346, 12.9090806], [80.1127718, 12.9088302], [80.1128405, 12.9087848], [80.1128405, 12.9087392], [80.1129091, 12.9086939], [80.1129091, 12.9086483], [80.1129778, 12.9086029], [80.1129777, 12.9085573], [80.1130464, 12.9085119], [80.1130464, 12.9084663], [80.113115, 12.908421], [80.1131608, 12.9083071], [80.1132294, 12.9082618], [80.1132294, 12.9082161], [80.1133209, 12.9081481], [80.1133209, 12.9081025], [80.1133896, 12.9080571], [80.1134124, 12.907966], [80.1134811, 12.9079206], [80.1135268, 12.9078524], [80.1135497, 12.9077612], [80.1135955, 12.9077386], [80.1135954, 12.9076702], [80.1136412, 12.9076247], [80.1136411, 12.9074422], [80.113664, 12.9074423], [80.1136637, 12.9069176], [80.1136866, 12.9069177], [80.113686, 12.9059596], [80.1137089, 12.9059597], [80.1137086, 12.9053894], [80.1136627, 12.9053436], [80.1136627, 12.9052751], [80.1135939, 12.905138], [80.113571, 12.905001], [80.1134794, 12.9050006], [80.1133878, 12.9050459], [80.1132733, 12.9050454], [80.1131818, 12.9050906], [80.1130673, 12.9050902], [80.1129757, 12.9051354], [80.1128613, 12.9051349], [80.1127697, 12.9051802], [80.1126552, 12.9051797], [80.1125637, 12.905225], [80.1124492, 12.9052245], [80.1123576, 12.9052697], [80.1122431, 12.9052693], [80.1121516, 12.9053145], [80.1120371, 12.905314], [80.1119455, 12.9053593], [80.1118311, 12.9053588], [80.1117853, 12.9054042], [80.111625, 12.9054036], [80.1115793, 12.905449], [80.111419, 12.9054484], [80.1113732, 12.9054938], [80.111213, 12.9054931], [80.1111672, 12.9055386], [80.1110069, 12.9055379], [80.1110069, 12.9055607], [80.1108924, 12.9055602], [80.1108009, 12.9056055], [80.1106864, 12.905605], [80.1105949, 12.9056503], [80.1104804, 12.9056498], [80.1103888, 12.905695], [80.1102743, 12.9056946], [80.1101828, 12.9057398], [80.1100683, 12.9057393], [80.1099767, 12.9057846], [80.1098623, 12.9057841], [80.1097707, 12.9058294], [80.1096562, 12.9058289], [80.1095647, 12.9058741], [80.1094502, 12.9058737], [80.1094044, 12.9059191], [80.1092441, 12.9059184], [80.1091984, 12.9059639], [80.1090381, 12.9059632], [80.1089923, 12.9060086], [80.1088321, 12.906008], [80.1088321, 12.9060308], [80.1080079, 12.9062099], [80.1079393, 12.9062552], [80.1078477, 12.9062549], [80.1078019, 12.9063003], [80.1077103, 12.9062999], [80.1075272, 12.9063676], [80.1073898, 12.906367], [80.1068404, 12.9065244], [80.106703, 12.9065239], [80.1066573, 12.9066378], [80.1065886, 12.9066831], [80.1065887, 12.9067287], [80.1063598, 12.9069103], [80.1062911, 12.90691], [80.1062225, 12.9069781], [80.1057654, 12.9084134], [80.1057425, 12.9084133], [80.1057427, 12.908824], [80.1057656, 12.9088241], [80.1057659, 12.9092575], [80.1056514, 12.9093255], [80.1056286, 12.909371], [80.1054226, 12.9094386], [80.1051479, 12.9095971], [80.1050792, 12.9095968], [80.1046214, 12.9098459], [80.1045528, 12.9098912], [80.1043696, 12.9099589], [80.1043468, 12.9100044], [80.1041636, 12.9100721], [80.1041408, 12.9101177], [80.1039576, 12.9101853], [80.1039348, 12.9102309], [80.1037516, 12.9102985], [80.1037288, 12.9103441], [80.1035456, 12.9104118], [80.1035228, 12.9104573], [80.1033396, 12.910525], [80.1033168, 12.9105705], [80.1031336, 12.9106382], [80.1031108, 12.9106837], [80.1030192, 12.9107061], [80.1029735, 12.9107744], [80.1029278, 12.911048], [80.1029049, 12.9110479], [80.102905, 12.9111619], [80.1028593, 12.911253], [80.1028593, 12.9113442], [80.1026991, 12.9114576], [80.1026762, 12.9115032], [80.102516, 12.9115481], [80.1024473, 12.9115935], [80.1023558, 12.91173], [80.10231, 12.9117298], [80.1022414, 12.9118207], [80.1021956, 12.9118206], [80.1020583, 12.9120253], [80.1020813, 12.9120938]]]}}, {"type": "Feature", "properties": {"ward": "63", "zone": "5", "zone_name": "EAST TAMBARAM", "area_km2": 2.89}, "geometry": {"type": "Polygon", "coordinates": [[[80.1135939, 12.905138], [80.1136627, 12.9052751], [80.1136627, 12.9053436], [80.1137086, 12.9053894], [80.1137089, 12.9059597], [80.113686, 12.9059596], [80.1136866, 12.9069177], [80.1136637, 12.9069176], [80.113664, 12.9074423], [80.1136411, 12.9074422], [80.1136412, 12.9076247], [80.1135954, 12.9076702], [80.1135955, 12.9077386], [80.1135497, 12.9077612], [80.1135268, 12.9078524], [80.1134811, 12.9079206], [80.1134124, 12.907966], [80.1133896, 12.9080571], [80.1133209, 12.9081025], [80.1133209, 12.9081481], [80.1132294, 12.9082161], [80.1132294, 12.9082618], [80.1131608, 12.9083071], [80.113115, 12.908421], [80.1130464, 12.9084663], [80.1130464, 12.9085119], [80.1129777, 12.9085573], [80.1129778, 12.9086029], [80.1129091, 12.9086483], [80.1129091, 12.9086939], [80.1128405, 12.9087392], [80.1128405, 12.9087848], [80.1127718, 12.9088302], [80.1126346, 12.9090806], [80.1125888, 12.9091032], [80.112566, 12.9091943], [80.1123829, 12.9094217], [80.1122458, 12.9097633], [80.1121772, 12.9098771], [80.1122001, 12.9099684], [80.1122002, 12.9101509], [80.1122231, 12.910151], [80.1122236, 12.9110407], [80.1122007, 12.9110406], [80.1122008, 12.9111547], [80.1121551, 12.9112458], [80.1121551, 12.9113598], [80.1120637, 12.9116332], [80.1120638, 12.9117472], [80.1119952, 12.9119295], [80.1119953, 12.9120435], [80.1119724, 12.9120434], [80.1119724, 12.9121575], [80.1119038, 12.9123397], [80.1119039, 12.912431], [80.1118582, 12.9125448], [80.1118124, 12.9125675], [80.1117895, 12.9126586], [80.111698, 12.9127495], [80.111698, 12.9127951], [80.1116294, 12.9128404], [80.1116294, 12.9128861], [80.1114692, 12.9129995], [80.1114234, 12.9130677], [80.1113319, 12.9130902], [80.111309, 12.9131357], [80.1112174, 12.9131581], [80.1111946, 12.9132037], [80.1107825, 12.9133844], [80.1107597, 12.91343], [80.1103934, 12.9135882], [80.1103706, 12.9136337], [80.1101417, 12.913724], [80.1101188, 12.9137695], [80.1099357, 12.9138372], [80.1099128, 12.9138827], [80.1096839, 12.913973], [80.109661, 12.9140186], [80.1094321, 12.9141089], [80.1094092, 12.9141544], [80.1091803, 12.9142447], [80.1091575, 12.9142902], [80.1090201, 12.9143353], [80.1089514, 12.9143806], [80.1087455, 12.9146079], [80.1087455, 12.9146763], [80.1086769, 12.9147217], [80.1086311, 12.9148127], [80.1086312, 12.9149268], [80.108677, 12.9149498], [80.1087, 12.9151324], [80.1087458, 12.9151782], [80.1087459, 12.9152467], [80.1089751, 12.9156582], [80.1089981, 12.915818], [80.1090439, 12.9158866], [80.1090669, 12.9160692], [80.1091815, 12.9162294], [80.1092044, 12.9163207], [80.1093419, 12.916481], [80.1093419, 12.9165266], [80.1094336, 12.9165954], [80.1095023, 12.9166185], [80.109548, 12.9165731], [80.1096167, 12.9165734], [80.1097083, 12.9165053], [80.1097769, 12.9165056], [80.1098227, 12.9164602], [80.1099601, 12.9164379], [80.1100058, 12.9163925], [80.1104637, 12.9162803], [80.1105324, 12.916235], [80.1109216, 12.9162366], [80.1109903, 12.9163053], [80.111059, 12.9163284], [80.1111049, 12.9164655], [80.1111507, 12.9164885], [80.1112425, 12.916831], [80.1112654, 12.9168311], [80.1112655, 12.9170136], [80.1112884, 12.9170137], [80.1112886, 12.9173103], [80.1113114, 12.9173104], [80.1113115, 12.9174472], [80.1113574, 12.9175159], [80.1113574, 12.9176071], [80.1114032, 12.9176757], [80.1114033, 12.917767], [80.111472, 12.9178357], [80.111495, 12.9179271], [80.1115408, 12.9179501], [80.1115637, 12.9180414], [80.1116095, 12.9180644], [80.1116325, 12.9181329], [80.111747, 12.9181562], [80.1117699, 12.9182019], [80.1118615, 12.9182251], [80.111999, 12.9184082], [80.1120677, 12.9184541], [80.1120677, 12.9184997], [80.1121593, 12.9185685], [80.1122282, 12.9188654], [80.1122511, 12.9188655], [80.1122512, 12.9190936], [80.112091, 12.9191386], [80.112091, 12.9191614], [80.1119078, 12.9191606], [80.1117935, 12.9193655], [80.1117019, 12.9194335], [80.1116332, 12.9194332], [80.111473, 12.9195466], [80.1114044, 12.9195692], [80.1114044, 12.9196148], [80.1113357, 12.9196601], [80.1113129, 12.9197741], [80.1114274, 12.9198202], [80.1114961, 12.9199117], [80.1115419, 12.9199119], [80.1116336, 12.9200264], [80.1116794, 12.9200266], [80.1117481, 12.9201181], [80.1117939, 12.9201183], [80.1118856, 12.9202327], [80.1119314, 12.9202329], [80.112023, 12.9203474], [80.1120688, 12.9203475], [80.1121604, 12.920462], [80.1122062, 12.9204622], [80.1122979, 12.9205766], [80.1123437, 12.9205768], [80.1124124, 12.9206683], [80.1124582, 12.9206685], [80.1125499, 12.920783], [80.1125957, 12.9207832], [80.1126873, 12.9208976], [80.1127331, 12.9208978], [80.1128248, 12.9210122], [80.1128705, 12.9210124], [80.1129622, 12.9211269], [80.113008, 12.921127], [80.1130767, 12.9212186], [80.1131225, 12.9212188], [80.1132371, 12.9213561], [80.1132829, 12.9213563], [80.1133516, 12.9214478], [80.1133974, 12.921448], [80.1135807, 12.9216541], [80.113741, 12.921746], [80.1138785, 12.9219063], [80.1139701, 12.9219295], [80.1140388, 12.922021], [80.1140846, 12.9220212], [80.1141763, 12.9221356], [80.1142221, 12.9221358], [80.1142908, 12.9222273], [80.1143366, 12.9222275], [80.1144053, 12.9223191], [80.1144511, 12.9223192], [80.1145199, 12.9224108], [80.1145657, 12.922411], [80.1146344, 12.9225025], [80.1146802, 12.9225027], [80.1147489, 12.9225942], [80.1147947, 12.9225944], [80.1148635, 12.922686], [80.1149093, 12.9226861], [80.114978, 12.9227777], [80.1150238, 12.9227779], [80.1150926, 12.9228694], [80.1151383, 12.9228696], [80.1152071, 12.9229611], [80.1152529, 12.9229613], [80.1153216, 12.9230528], [80.1153674, 12.923053], [80.1154362, 12.9231446], [80.1154819, 12.9231448], [80.1155507, 12.9232363], [80.1155965, 12.9232365], [80.1156652, 12.923328], [80.115711, 12.9233282], [80.1157798, 12.9234197], [80.1158255, 12.9234199], [80.1158714, 12.9234885], [80.1159172, 12.9234887], [80.1159859, 12.9235803], [80.1160317, 12.9235805], [80.1161234, 12.9236949], [80.1161691, 12.9236951], [80.1163295, 12.9238782], [80.1163524, 12.9238783], [80.1164897, 12.9237877], [80.1165355, 12.9237194], [80.1170391, 12.9236074], [80.1171078, 12.9235621], [80.1174741, 12.9234952], [80.1175428, 12.9234498], [80.1176343, 12.9234274], [80.1177946, 12.9234281], [80.1177946, 12.9234052], [80.1180236, 12.9234062], [80.1180235, 12.9233834], [80.1182525, 12.9233843], [80.1182525, 12.9233615], [80.1184586, 12.9233624], [80.1184585, 12.9233395], [80.1186875, 12.9233405], [80.1186875, 12.9233177], [80.1189165, 12.9233186], [80.1189164, 12.9232958], [80.1191225, 12.9232967], [80.1191225, 12.9232738], [80.1193515, 12.9232748], [80.1193514, 12.923252], [80.1195804, 12.9232529], [80.1195804, 12.9232301], [80.1197865, 12.923231], [80.1197864, 12.9232082], [80.1200154, 12.9232091], [80.1200154, 12.9231863], [80.1202444, 12.9231872], [80.1202443, 12.9231644], [80.1204504, 12.9231653], [80.1204504, 12.9231425], [80.1208854, 12.9231443], [80.1208854, 12.9231214], [80.1213204, 12.9231232], [80.1213204, 12.9231004], [80.1217554, 12.9231022], [80.1217554, 12.9230794], [80.1221905, 12.9230812], [80.1221904, 12.9230584], [80.1226255, 12.9230602], [80.1226255, 12.9230374], [80.1230834, 12.9230393], [80.1230834, 12.9230165], [80.1235184, 12.9230183], [80.1235184, 12.9229954], [80.1239534, 12.9229972], [80.1239534, 12.9229744], [80.1243884, 12.9229762], [80.1243884, 12.9229534], [80.1248234, 12.9229552], [80.1248234, 12.9229324], [80.1252584, 12.9229342], [80.1252584, 12.9229114], [80.1256935, 12.9229132], [80.1256934, 12.9228904], [80.1261285, 12.9228922], [80.1261285, 12.9228693], [80.1265635, 12.9228711], [80.1265635, 12.9228483], [80.1268611, 12.9228496], [80.1268611, 12.9228267], [80.1270214, 12.9228274], [80.1271816, 12.9227824], [80.1273189, 12.9226918], [80.1273876, 12.9226692], [80.1273872, 12.9218708], [80.1273643, 12.9218707], [80.1273641, 12.9216426], [80.1273412, 12.9216425], [80.1273411, 12.9213916], [80.1273182, 12.9213915], [80.1273181, 12.9211633], [80.1272952, 12.9211632], [80.127295, 12.9209351], [80.1272721, 12.920935], [80.127272, 12.9207297], [80.1272491, 12.9207296], [80.127249, 12.9205015], [80.1272261, 12.9205014], [80.1272259, 12.9201592], [80.127203, 12.9201591], [80.1272026, 12.9195432], [80.1271797, 12.9195431], [80.1271794, 12.9189043], [80.1271565, 12.9189042], [80.1271561, 12.9183111], [80.1271332, 12.918311], [80.1271329, 12.9177179], [80.12711, 12.9177178], [80.1271096, 12.9171247], [80.1270867, 12.9171246], [80.1270865, 12.9167596], [80.1270636, 12.9167595], [80.1270635, 12.9166226], [80.1270406, 12.9166225], [80.1270406, 12.9165085], [80.1270177, 12.9165084], [80.1270176, 12.9163943], [80.1269947, 12.9163942], [80.1269947, 12.9162801], [80.1269718, 12.91628], [80.1269717, 12.9161432], [80.1269488, 12.9161431], [80.1269487, 12.916029], [80.1269258, 12.9160289], [80.1269258, 12.9159149], [80.1269029, 12.9159148], [80.1269028, 12.9158007], [80.1268799, 12.9158006], [80.1268798, 12.9156865], [80.1268569, 12.9156865], [80.1268569, 12.9155724], [80.126834, 12.9155723], [80.1267651, 12.915207], [80.1267192, 12.9151384], [80.1266962, 12.9149558], [80.1266275, 12.9148186], [80.1266045, 12.914636], [80.1265586, 12.9145674], [80.1265586, 12.9144762], [80.1265127, 12.9144075], [80.1265127, 12.9143163], [80.1264669, 12.9142477], [80.1264668, 12.9141564], [80.126421, 12.9140878], [80.1264209, 12.9139965], [80.1263751, 12.9139279], [80.1263521, 12.9137453], [80.1263062, 12.9136767], [80.1263062, 12.9135854], [80.1262604, 12.9135168], [80.1262603, 12.9134256], [80.1261915, 12.9132428], [80.1261914, 12.9131287], [80.1261456, 12.9130373], [80.1261455, 12.9129232], [80.1260997, 12.9128318], [80.1260996, 12.9127177], [80.1260767, 12.9127176], [80.1260767, 12.9126036], [80.1260537, 12.9125122], [80.1260079, 12.9124664], [80.1260078, 12.9123751], [80.1259391, 12.912238], [80.125939, 12.9120555], [80.1259619, 12.9120556], [80.1259617, 12.9117362], [80.1259846, 12.9117363], [80.1259844, 12.911531], [80.1260073, 12.9115311], [80.1260072, 12.9113258], [80.1260301, 12.9113259], [80.12603, 12.9111206], [80.1260529, 12.9111206], [80.1260528, 12.9109153], [80.1260757, 12.9109154], [80.1260755, 12.9106873], [80.1260984, 12.9106874], [80.1260983, 12.9104821], [80.1261212, 12.9104822], [80.1261211, 12.9102769], [80.126144, 12.910277], [80.1261439, 12.9100717], [80.1261668, 12.9100717], [80.1261666, 12.9098664], [80.1261895, 12.9098665], [80.1261894, 12.9096612], [80.1262123, 12.9096613], [80.1262122, 12.909456], [80.1262351, 12.9094561], [80.126235, 12.9092508], [80.1262579, 12.9092509], [80.1262577, 12.9090456], [80.1262806, 12.9090457], [80.1262805, 12.9088403], [80.1263034, 12.9088404], [80.1263033, 12.9086351], [80.1263262, 12.9086352], [80.1263261, 12.9084299], [80.126349, 12.90843], [80.1263489, 12.9082247], [80.1263717, 12.9082248], [80.1263716, 12.9079967], [80.1263945, 12.9079968], [80.1263944, 12.9077914], [80.1264173, 12.9077915], [80.1264172, 12.9075862], [80.1264401, 12.9075863], [80.1264399, 12.907381], [80.1264628, 12.9073811], [80.1264627, 12.9071758], [80.1264856, 12.9071759], [80.1264855, 12.9069706], [80.1265084, 12.9069707], [80.1265083, 12.9067654], [80.1265312, 12.9067655], [80.126531, 12.9064005], [80.1264851, 12.9063318], [80.1263935, 12.906263], [80.1263476, 12.9061488], [80.1262789, 12.9061029], [80.1262789, 12.9060572], [80.1260958, 12.9061477], [80.1260042, 12.9061473], [80.1259813, 12.9061929], [80.1258439, 12.9061923], [80.1258211, 12.9062378], [80.1256837, 12.9062373], [80.1256608, 12.9062828], [80.1255464, 12.9062823], [80.1255006, 12.9063278], [80.1253861, 12.9063273], [80.1253861, 12.9063501], [80.1252488, 12.9063723], [80.1251801, 12.9064633], [80.1251802, 12.9065318], [80.1251344, 12.9065772], [80.1251345, 12.9066913], [80.1250887, 12.9067139], [80.1250201, 12.9069417], [80.1249285, 12.9069413], [80.1248141, 12.9070093], [80.1247454, 12.907009], [80.1246997, 12.9070545], [80.1245623, 12.9070767], [80.1244936, 12.9071449], [80.1244021, 12.9071445], [80.1243792, 12.90719], [80.1242876, 12.9071896], [80.1241732, 12.9072576], [80.1241045, 12.9072573], [80.1240587, 12.9073027], [80.1239213, 12.907325], [80.1238527, 12.9073931], [80.1237611, 12.9073928], [80.1236467, 12.9074607], [80.123578, 12.9074604], [80.1235322, 12.9075059], [80.1234635, 12.9075056], [80.1234178, 12.907551], [80.1233491, 12.9075507], [80.1233033, 12.9075962], [80.1232346, 12.9075959], [80.1231889, 12.9076413], [80.1231202, 12.9076411], [80.1230744, 12.9076865], [80.122937, 12.9077087], [80.1228913, 12.9077542], [80.1228226, 12.9077539], [80.1227539, 12.907822], [80.1226623, 12.9078217], [80.1226395, 12.9078672], [80.1225479, 12.9078668], [80.122525, 12.9079123], [80.1224334, 12.907912], [80.122319, 12.9079799], [80.1221816, 12.9080022], [80.1221588, 12.9080477], [80.1220443, 12.9080472], [80.1219527, 12.9080697], [80.1218841, 12.908115], [80.1217925, 12.9081146], [80.1217238, 12.90816], [80.1214491, 12.9081588], [80.1214491, 12.9081816], [80.1211056, 12.9081802], [80.1211056, 12.908203], [80.1207393, 12.9082015], [80.1207393, 12.9082243], [80.1203959, 12.9082229], [80.1203959, 12.9082457], [80.1200524, 12.9082443], [80.1200525, 12.9082671], [80.119709, 12.9082657], [80.119709, 12.9082885], [80.1193656, 12.9082871], [80.119274, 12.9082411], [80.119251, 12.9081726], [80.1191824, 12.9081723], [80.1191823, 12.9081267], [80.1191136, 12.9081036], [80.1190678, 12.9080349], [80.119022, 12.9080348], [80.1189762, 12.9079661], [80.1189304, 12.9079659], [80.1188616, 12.9078744], [80.1187929, 12.9078741], [80.1187929, 12.9078285], [80.1187242, 12.9078054], [80.1186784, 12.9077368], [80.1186326, 12.9077366], [80.1185868, 12.907668], [80.118541, 12.9076678], [80.1184951, 12.9075991], [80.1184035, 12.9075759], [80.1184035, 12.9075303], [80.1183348, 12.9075072], [80.118289, 12.9074386], [80.1182432, 12.9074384], [80.1181974, 12.9073698], [80.1181516, 12.9073696], [80.1181057, 12.907301], [80.1180599, 12.9073008], [80.1179912, 12.9072092], [80.1179225, 12.907209], [80.1179225, 12.9071633], [80.1178538, 12.9071402], [80.1178079, 12.9070716], [80.1177622, 12.9070714], [80.1177163, 12.9070028], [80.1176705, 12.9070026], [80.1176018, 12.9069111], [80.1175331, 12.9069108], [80.1175331, 12.9068652], [80.1174644, 12.9068421], [80.1174185, 12.9067734], [80.1173727, 12.9067733], [80.1173269, 12.9067046], [80.1172811, 12.9067044], [80.1172353, 12.9066358], [80.1171895, 12.9066356], [80.1171208, 12.9065441], [80.1170521, 12.9065438], [80.117052, 12.9064982], [80.1169833, 12.9064751], [80.1168917, 12.9063606], [80.1168459, 12.9063605], [80.1167084, 12.9062002], [80.1166626, 12.9062], [80.1165023, 12.9060169], [80.1163877, 12.9059708], [80.116319, 12.9058564], [80.1162732, 12.9058562], [80.1161128, 12.9056731], [80.116067, 12.9056729], [80.1159296, 12.9055126], [80.115815, 12.9054665], [80.1157463, 12.9053522], [80.1157005, 12.905352], [80.1155401, 12.9051688], [80.1154256, 12.9051227], [80.1153569, 12.9050084], [80.1153111, 12.9050082], [80.1151507, 12.904825], [80.1151049, 12.9048248], [80.1150362, 12.9047333], [80.1149903, 12.9047103], [80.1148301, 12.9047096], [80.1147843, 12.9047551], [80.114624, 12.9047544], [80.1145783, 12.9047998], [80.114418, 12.9047992], [80.1143722, 12.9048446], [80.114212, 12.904844], [80.1141662, 12.9048894], [80.1140059, 12.9048887], [80.1139602, 12.9049342], [80.1137999, 12.9049335], [80.1137541, 12.9049789], [80.1135938, 12.9049783], [80.113571, 12.905001], [80.1135939, 12.905138]]]}}, {"type": "Feature", "properties": {"ward": "64", "zone": "5", "zone_name": "EAST TAMBARAM", "area_km2": 1.72}, "geometry": {"type": "Polygon", "coordinates": [[[80.1274563, 12.9226695], [80.1275021, 12.9227153], [80.1275937, 12.9227385], [80.1277082, 12.922739], [80.1277082, 12.9227618], [80.1278227, 12.9227623], [80.1278227, 12.9227851], [80.1283264, 12.9227872], [80.1283264, 12.9227644], [80.1287843, 12.9227663], [80.1287843, 12.9227434], [80.1294712, 12.9227463], [80.1294712, 12.9227691], [80.1295857, 12.9227696], [80.1296773, 12.9227928], [80.129746, 12.9228387], [80.1298376, 12.922839], [80.1299292, 12.922885], [80.129975, 12.9228624], [80.1301123, 12.9226805], [80.1302954, 12.9225444], [80.130364, 12.9224534], [80.1304556, 12.9224766], [80.1304785, 12.9225223], [80.1307075, 12.9225917], [80.1307991, 12.9226605], [80.1314631, 12.9226633], [80.1314631, 12.9226404], [80.1319897, 12.9226426], [80.1319897, 12.9226198], [80.1325392, 12.9226221], [80.1325392, 12.9225993], [80.1331574, 12.9226018], [80.1331574, 12.922579], [80.1338901, 12.922582], [80.13389, 12.9225592], [80.1345082, 12.9225618], [80.1345082, 12.922539], [80.1346685, 12.9225396], [80.1346685, 12.9225168], [80.134783, 12.9225173], [80.1348745, 12.922472], [80.1350348, 12.9224727], [80.1350577, 12.92245], [80.1350573, 12.9218797], [80.1350802, 12.9218798], [80.13508, 12.9215148], [80.1351029, 12.9215149], [80.1351028, 12.9213095], [80.1351257, 12.9213096], [80.1351256, 12.92115], [80.1351485, 12.92115], [80.1351484, 12.9209904], [80.135217, 12.9208081], [80.1352167, 12.9203519], [80.1351938, 12.9203518], [80.1351936, 12.9199868], [80.1351707, 12.9199867], [80.1351705, 12.9196445], [80.1351476, 12.9196444], [80.1351474, 12.9193479], [80.1351932, 12.9193024], [80.1351932, 12.919234], [80.1352618, 12.9191886], [80.1352847, 12.9190975], [80.1354677, 12.9188701], [80.1354906, 12.918779], [80.1355821, 12.9186881], [80.1356507, 12.9184831], [80.1357193, 12.9183921], [80.1357193, 12.9183237], [80.135765, 12.9182326], [80.135742, 12.9181413], [80.135742, 12.9180044], [80.1357191, 12.9180043], [80.135719, 12.9178902], [80.1356732, 12.91789], [80.1355816, 12.9178212], [80.1355129, 12.9178209], [80.1354671, 12.9177751], [80.1353984, 12.9177748], [80.1353068, 12.917706], [80.1351236, 12.9176596], [80.1351235, 12.917614], [80.1349861, 12.9174994], [80.1349861, 12.9174538], [80.1348257, 12.9173162], [80.134757, 12.9172019], [80.1347112, 12.9172017], [80.1346195, 12.9170873], [80.1345737, 12.9170871], [80.1345279, 12.9170184], [80.1343905, 12.9169266], [80.1343904, 12.9167669], [80.1343675, 12.9167668], [80.1343674, 12.9166072], [80.1343445, 12.9166071], [80.1343444, 12.9164702], [80.1343215, 12.9164701], [80.1343214, 12.9162192], [80.1342985, 12.9162191], [80.1342755, 12.9160365], [80.1342296, 12.9159678], [80.1342296, 12.9158538], [80.1342067, 12.9158537], [80.1342066, 12.9157396], [80.1341837, 12.9157395], [80.1341835, 12.9154658], [80.1341606, 12.9154657], [80.1341605, 12.9151919], [80.1341376, 12.9151918], [80.1341373, 12.9147128], [80.1341144, 12.9147127], [80.1341141, 12.9142108], [80.1340912, 12.9142107], [80.1340909, 12.9137088], [80.134068, 12.9137087], [80.1340677, 12.9132069], [80.1340448, 12.9132068], [80.1340446, 12.9127049], [80.1340217, 12.9127048], [80.1340214, 12.9122029], [80.1339985, 12.9122028], [80.1339984, 12.9120431], [80.1340213, 12.9120432], [80.1340211, 12.9118151], [80.134044, 12.9118152], [80.134044, 12.9117012], [80.1340668, 12.9116328], [80.1341355, 12.9116103], [80.1343415, 12.9114743], [80.1344102, 12.9114745], [80.1345246, 12.9114066], [80.1347078, 12.9113845], [80.1347993, 12.9113165], [80.134868, 12.9113167], [80.1349138, 12.9112713], [80.1350511, 12.9112491], [80.135074, 12.9112035], [80.1351656, 12.9111811], [80.1351884, 12.9111356], [80.1353029, 12.9111132], [80.1353487, 12.9110678], [80.1356463, 12.9110006], [80.135692, 12.9109551], [80.1357607, 12.9109554], [80.1357836, 12.9109099], [80.1358752, 12.9108875], [80.135898, 12.9108191], [80.1359438, 12.9107965], [80.1359667, 12.9107053], [80.1359664, 12.9103403], [80.1359435, 12.9103403], [80.1359435, 12.9102262], [80.1359206, 12.9102261], [80.1359205, 12.910112], [80.1358976, 12.9101119], [80.1358975, 12.9099979], [80.1358747, 12.9099978], [80.1358746, 12.9098837], [80.1358517, 12.9098836], [80.1358516, 12.9097696], [80.1358287, 12.9097695], [80.1358286, 12.9096326], [80.1358058, 12.9096325], [80.1358057, 12.9095184], [80.1357828, 12.9095183], [80.1357827, 12.9093815], [80.1357598, 12.9092901], [80.1357139, 12.9092215], [80.1357139, 12.9091302], [80.1356451, 12.9089931], [80.135645, 12.9088562], [80.1355762, 12.9086734], [80.1355761, 12.9085366], [80.1355533, 12.9085365], [80.1355532, 12.9083996], [80.1355303, 12.9083995], [80.1355302, 12.9082626], [80.1355073, 12.9082625], [80.1355072, 12.9081485], [80.1354843, 12.9081484], [80.1354613, 12.9079658], [80.1354155, 12.9078971], [80.1354154, 12.9078059], [80.1353696, 12.9077373], [80.1353696, 12.907646], [80.1353237, 12.9075774], [80.1353237, 12.9074861], [80.1352778, 12.9074175], [80.1352778, 12.9073263], [80.135232, 12.9072576], [80.1352319, 12.9071664], [80.1351861, 12.9070978], [80.1351631, 12.9069152], [80.1351172, 12.9068465], [80.1351172, 12.9067553], [80.1350714, 12.9066867], [80.1350713, 12.9065954], [80.1350255, 12.9065268], [80.1350254, 12.9064355], [80.1349796, 12.9063669], [80.1349795, 12.9062757], [80.1349337, 12.906207], [80.1348878, 12.9059787], [80.134819, 12.9058872], [80.1347272, 12.9055446], [80.1346357, 12.9055671], [80.1344983, 12.9056349], [80.1343381, 12.9056571], [80.1343152, 12.9057026], [80.1342007, 12.9057021], [80.1342007, 12.9057249], [80.1340405, 12.9057471], [80.1340176, 12.9057926], [80.1339031, 12.9057922], [80.1338345, 12.9058375], [80.1337429, 12.9058371], [80.13372, 12.9058826], [80.1336055, 12.9058822], [80.1335369, 12.9059275], [80.1334453, 12.9059271], [80.1334224, 12.9059727], [80.1333079, 12.9059722], [80.1332393, 12.9060175], [80.1331477, 12.9060172], [80.1331248, 12.9060627], [80.1330103, 12.9060622], [80.1329417, 12.9060847], [80.1328958, 12.9060389], [80.1328043, 12.9060386], [80.1327813, 12.9059928], [80.1326897, 12.9059468], [80.132621, 12.9059465], [80.1325294, 12.9058777], [80.1324378, 12.9058774], [80.1324149, 12.9058316], [80.1323233, 12.9057856], [80.1322546, 12.9057853], [80.132163, 12.9057165], [80.1320714, 12.9057162], [80.1320485, 12.9056704], [80.1319569, 12.9056244], [80.1318882, 12.9056241], [80.1317966, 12.9055553], [80.1317279, 12.905555], [80.1316592, 12.9055091], [80.1313844, 12.9054624], [80.1313157, 12.9054165], [80.1309493, 12.9053465], [80.1308806, 12.9053006], [80.130789, 12.9052774], [80.1306516, 12.9052769], [80.1306287, 12.9052311], [80.1304226, 12.9051847], [80.1303768, 12.9051388], [80.1301707, 12.9050924], [80.1301248, 12.9050466], [80.1299188, 12.9050001], [80.1298729, 12.9049543], [80.1297126, 12.904908], [80.1296897, 12.9048623], [80.1295981, 12.9048391], [80.1295752, 12.9047933], [80.1294836, 12.9047702], [80.1294607, 12.9047244], [80.1293462, 12.9047012], [80.1293461, 12.9046555], [80.1292317, 12.9046322], [80.1292316, 12.9045866], [80.12914, 12.9045634], [80.1291171, 12.9045177], [80.1290255, 12.9044945], [80.1290026, 12.9044488], [80.128911, 12.9044256], [80.1287735, 12.904311], [80.1285904, 12.9043102], [80.1285217, 12.9043784], [80.1284759, 12.9043782], [80.1284302, 12.9044464], [80.1283844, 12.9044462], [80.1283386, 12.9045145], [80.1282928, 12.9045143], [80.1282471, 12.9045826], [80.1282013, 12.9045824], [80.1281784, 12.9046507], [80.1281098, 12.9046504], [80.1280411, 12.9047414], [80.1279953, 12.9047412], [80.1279496, 12.9048094], [80.1279038, 12.9048093], [80.127858, 12.9048775], [80.1278122, 12.9048773], [80.1277665, 12.9049456], [80.1277207, 12.9049454], [80.1276749, 12.9050136], [80.1276292, 12.9050134], [80.1275834, 12.9050817], [80.1275376, 12.9050815], [80.1274919, 12.9051497], [80.1274461, 12.9051496], [80.1274232, 12.9052179], [80.1273545, 12.9052176], [80.1272859, 12.9053086], [80.1272401, 12.9053084], [80.1271943, 12.9053766], [80.1271485, 12.9053764], [80.1271028, 12.9054447], [80.127057, 12.9054445], [80.1270113, 12.9055128], [80.1269655, 12.9055126], [80.1269197, 12.9055808], [80.1268739, 12.9055806], [80.1268282, 12.9056489], [80.1267824, 12.9056487], [80.1267366, 12.9057169], [80.1266908, 12.9057167], [80.126668, 12.9057851], [80.1265993, 12.9057848], [80.1265764, 12.9058531], [80.1264849, 12.9058756], [80.1264391, 12.9059438], [80.1263246, 12.905989], [80.1262789, 12.9060572], [80.1262789, 12.9061029], [80.1263476, 12.9061488], [80.1263935, 12.906263], [80.1264851, 12.9063318], [80.126531, 12.9064005], [80.1265312, 12.9067655], [80.1265083, 12.9067654], [80.1265084, 12.9069707], [80.1264855, 12.9069706], [80.1264856, 12.9071759], [80.1264627, 12.9071758], [80.1264628, 12.9073811], [80.1264399, 12.907381], [80.1264401, 12.9075863], [80.1264172, 12.9075862], [80.1264173, 12.9077915], [80.1263944, 12.9077914], [80.1263945, 12.9079968], [80.1263716, 12.9079967], [80.1263717, 12.9082248], [80.1263489, 12.9082247], [80.126349, 12.90843], [80.1263261, 12.9084299], [80.1263262, 12.9086352], [80.1263033, 12.9086351], [80.1263034, 12.9088404], [80.1262805, 12.9088403], [80.1262806, 12.9090457], [80.1262577, 12.9090456], [80.1262579, 12.9092509], [80.126235, 12.9092508], [80.1262351, 12.9094561], [80.1262122, 12.909456], [80.1262123, 12.9096613], [80.1261894, 12.9096612], [80.1261895, 12.9098665], [80.1261666, 12.9098664], [80.1261668, 12.9100717], [80.1261439, 12.9100717], [80.126144, 12.910277], [80.1261211, 12.9102769], [80.1261212, 12.9104822], [80.1260983, 12.9104821], [80.1260984, 12.9106874], [80.1260755, 12.9106873], [80.1260757, 12.9109154], [80.1260528, 12.9109153], [80.1260529, 12.9111206], [80.12603, 12.9111206], [80.1260301, 12.9113259], [80.1260072, 12.9113258], [80.1260073, 12.9115311], [80.1259844, 12.911531], [80.1259846, 12.9117363], [80.1259617, 12.9117362], [80.1259619, 12.9120556], [80.125939, 12.9120555], [80.1259391, 12.912238], [80.1260078, 12.9123751], [80.1260079, 12.9124664], [80.1260537, 12.9125122], [80.1260767, 12.9126036], [80.1260767, 12.9127176], [80.1260996, 12.9127177], [80.1260997, 12.9128318], [80.1261455, 12.9129232], [80.1261456, 12.9130373], [80.1261914, 12.9131287], [80.1261915, 12.9132428], [80.1262603, 12.9134256], [80.1262604, 12.9135168], [80.1263062, 12.9135854], [80.1263062, 12.9136767], [80.1263521, 12.9137453], [80.1263751, 12.9139279], [80.1264209, 12.9139965], [80.126421, 12.9140878], [80.1264668, 12.9141564], [80.1264669, 12.9142477], [80.1265127, 12.9143163], [80.1265127, 12.9144075], [80.1265586, 12.9144762], [80.1265586, 12.9145674], [80.1266045, 12.914636], [80.1266275, 12.9148186], [80.1266962, 12.9149558], [80.1267192, 12.9151384], [80.1267651, 12.915207], [80.126834, 12.9155723], [80.1268569, 12.9155724], [80.1268569, 12.9156865], [80.1268798, 12.9156865], [80.1268799, 12.9158006], [80.1269028, 12.9158007], [80.1269029, 12.9159148], [80.1269258, 12.9159149], [80.1269258, 12.9160289], [80.1269487, 12.916029], [80.1269488, 12.9161431], [80.1269717, 12.9161432], [80.1269718, 12.91628], [80.1269947, 12.9162801], [80.1269947, 12.9163942], [80.1270176, 12.9163943], [80.1270177, 12.9165084], [80.1270406, 12.9165085], [80.1270406, 12.9166225], [80.1270635, 12.9166226], [80.1270636, 12.9167595], [80.1270865, 12.9167596], [80.1270867, 12.9171246], [80.1271096, 12.9171247], [80.12711, 12.9177178], [80.1271329, 12.9177179], [80.1271332, 12.918311], [80.1271561, 12.9183111], [80.1271565, 12.9189042], [80.1271794, 12.9189043], [80.1271797, 12.9195431], [80.1272026, 12.9195432], [80.127203, 12.9201591], [80.1272259, 12.9201592], [80.1272261, 12.9205014], [80.127249, 12.9205015], [80.1272491, 12.9207296], [80.127272, 12.9207297], [80.1272721, 12.920935], [80.127295, 12.9209351], [80.1272952, 12.9211632], [80.1273181, 12.9211633], [80.1273182, 12.9213915], [80.1273411, 12.9213916], [80.1273412, 12.9216425], [80.1273641, 12.9216426], [80.1273643, 12.9218707], [80.1273872, 12.9218708], [80.1273876, 12.9226692], [80.1274563, 12.9226695]]]}}, {"type": "Feature", "properties": {"ward": "65", "zone": "5", "zone_name": "EAST TAMBARAM", "area_km2": 1.638}, "geometry": {"type": "Polygon", "coordinates": [[[80.134819, 12.9058872], [80.1348878, 12.9059787], [80.1349337, 12.906207], [80.1349795, 12.9062757], [80.1349796, 12.9063669], [80.1350254, 12.9064355], [80.1350255, 12.9065268], [80.1350713, 12.9065954], [80.1350714, 12.9066867], [80.1351172, 12.9067553], [80.1351172, 12.9068465], [80.1351631, 12.9069152], [80.1351861, 12.9070978], [80.1352319, 12.9071664], [80.135232, 12.9072576], [80.1352778, 12.9073263], [80.1352778, 12.9074175], [80.1353237, 12.9074861], [80.1353237, 12.9075774], [80.1353696, 12.907646], [80.1353696, 12.9077373], [80.1354154, 12.9078059], [80.1354155, 12.9078971], [80.1354613, 12.9079658], [80.1354843, 12.9081484], [80.1355072, 12.9081485], [80.1355073, 12.9082625], [80.1355302, 12.9082626], [80.1355303, 12.9083995], [80.1355532, 12.9083996], [80.1355533, 12.9085365], [80.1355761, 12.9085366], [80.1355762, 12.9086734], [80.135645, 12.9088562], [80.1356451, 12.9089931], [80.1357139, 12.9091302], [80.1357139, 12.9092215], [80.1357598, 12.9092901], [80.1357827, 12.9093815], [80.1357828, 12.9095183], [80.1358057, 12.9095184], [80.1358058, 12.9096325], [80.1358286, 12.9096326], [80.1358287, 12.9097695], [80.1358516, 12.9097696], [80.1358517, 12.9098836], [80.1358746, 12.9098837], [80.1358747, 12.9099978], [80.1358975, 12.9099979], [80.1358976, 12.9101119], [80.1359205, 12.910112], [80.1359206, 12.9102261], [80.1359435, 12.9102262], [80.1359435, 12.9103403], [80.1359664, 12.9103403], [80.1359667, 12.9107053], [80.1359438, 12.9107965], [80.135898, 12.9108191], [80.1358752, 12.9108875], [80.1357836, 12.9109099], [80.1357607, 12.9109554], [80.135692, 12.9109551], [80.1356463, 12.9110006], [80.1353487, 12.9110678], [80.1353029, 12.9111132], [80.1351884, 12.9111356], [80.1351656, 12.9111811], [80.135074, 12.9112035], [80.1350511, 12.9112491], [80.1349138, 12.9112713], [80.134868, 12.9113167], [80.1347993, 12.9113165], [80.1347078, 12.9113845], [80.1345246, 12.9114066], [80.1344102, 12.9114745], [80.1343415, 12.9114743], [80.1341355, 12.9116103], [80.1340668, 12.9116328], [80.134044, 12.9117012], [80.134044, 12.9118152], [80.1340211, 12.9118151], [80.1340213, 12.9120432], [80.1339984, 12.9120431], [80.1339985, 12.9122028], [80.1340214, 12.9122029], [80.1340217, 12.9127048], [80.1340446, 12.9127049], [80.1340448, 12.9132068], [80.1340677, 12.9132069], [80.134068, 12.9137087], [80.1340909, 12.9137088], [80.1340912, 12.9142107], [80.1341141, 12.9142108], [80.1341144, 12.9147127], [80.1341373, 12.9147128], [80.1341376, 12.9151918], [80.1341605, 12.9151919], [80.1341606, 12.9154657], [80.1341835, 12.9154658], [80.1341837, 12.9157395], [80.1342066, 12.9157396], [80.1342067, 12.9158537], [80.1342296, 12.9158538], [80.1342296, 12.9159678], [80.1342755, 12.9160365], [80.1342985, 12.9162191], [80.1343214, 12.9162192], [80.1343215, 12.9164701], [80.1343444, 12.9164702], [80.1343445, 12.9166071], [80.1343674, 12.9166072], [80.1343675, 12.9167668], [80.1343904, 12.9167669], [80.1343905, 12.9169266], [80.1345279, 12.9170184], [80.1345737, 12.9170871], [80.1346195, 12.9170873], [80.1347112, 12.9172017], [80.134757, 12.9172019], [80.1348257, 12.9173162], [80.1349861, 12.9174538], [80.1349861, 12.9174994], [80.1351235, 12.917614], [80.1351236, 12.9176596], [80.1353068, 12.917706], [80.1353984, 12.9177748], [80.1354671, 12.9177751], [80.1355129, 12.9178209], [80.1355816, 12.9178212], [80.1356732, 12.91789], [80.135719, 12.9178902], [80.1357191, 12.9180043], [80.135742, 12.9180044], [80.135742, 12.9181413], [80.135765, 12.9182326], [80.1358337, 12.9182557], [80.1358795, 12.9183243], [80.1359253, 12.9183245], [80.1359711, 12.9183931], [80.1360169, 12.9183933], [80.1360857, 12.9184849], [80.1361315, 12.9184851], [80.1362231, 12.9185995], [80.1362689, 12.9185997], [80.1363147, 12.9186683], [80.1364063, 12.9186915], [80.1364751, 12.9187374], [80.1365209, 12.918806], [80.1365667, 12.9188062], [80.1366125, 12.9188749], [80.1366583, 12.918875], [80.1367041, 12.9189437], [80.136956, 12.9189903], [80.1371163, 12.9190366], [80.137185, 12.9190825], [80.1372767, 12.9192198], [80.1372768, 12.919311], [80.1373226, 12.919334], [80.1373226, 12.9194253], [80.1373685, 12.9194939], [80.1373685, 12.9196308], [80.1373914, 12.9196309], [80.1373915, 12.9197449], [80.1374144, 12.919745], [80.1374145, 12.9198819], [80.1374374, 12.919882], [80.1374374, 12.9199961], [80.1374603, 12.9199962], [80.1374604, 12.920133], [80.1374833, 12.9201331], [80.1374834, 12.9202472], [80.1375292, 12.9203386], [80.1375522, 12.9204984], [80.1377126, 12.9207728], [80.1377813, 12.9207959], [80.1378958, 12.9207964], [80.1379874, 12.9208424], [80.1388117, 12.9208458], [80.1388117, 12.9208686], [80.138972, 12.9208693], [80.1390178, 12.9209379], [80.1390408, 12.9210521], [80.1390866, 12.9210751], [80.1390866, 12.9211435], [80.1391325, 12.9212349], [80.1391783, 12.9212579], [80.1391783, 12.9213264], [80.139247, 12.9213951], [80.13927, 12.9214864], [80.1393387, 12.9215095], [80.1394761, 12.9215101], [80.1394761, 12.9215329], [80.1398195, 12.9215343], [80.1399111, 12.9215119], [80.1399569, 12.9214665], [80.1400255, 12.9214667], [80.1401171, 12.9214215], [80.1401629, 12.9213533], [80.1402087, 12.9213534], [80.1402544, 12.9212168], [80.1403001, 12.9211941], [80.140323, 12.921103], [80.1403687, 12.9210347], [80.1405289, 12.9208985], [80.1405975, 12.9207619], [80.1405975, 12.9206479], [80.1406432, 12.9205796], [80.1406661, 12.9204885], [80.140666, 12.9203744], [80.1406888, 12.9202832], [80.1407346, 12.920215], [80.1408033, 12.9202153], [80.140849, 12.9201698], [80.1409864, 12.9201476], [80.1410322, 12.9201022], [80.1411467, 12.9201026], [80.1411466, 12.9200798], [80.1414443, 12.9200811], [80.1414443, 12.9200582], [80.1415588, 12.9200587], [80.1416274, 12.9200362], [80.1417648, 12.9199455], [80.1418334, 12.9199458], [80.1418563, 12.9198318], [80.141902, 12.9197864], [80.141902, 12.9197179], [80.1419478, 12.9196725], [80.1419706, 12.9194901], [80.1419935, 12.9194902], [80.1419934, 12.9193761], [80.1423595, 12.9190355], [80.1424511, 12.9189674], [80.1425425, 12.9187168], [80.1425882, 12.9186258], [80.142863, 12.9186269], [80.142863, 12.9186497], [80.1431378, 12.9186509], [80.1431378, 12.9186281], [80.1432751, 12.9186286], [80.1432751, 12.9186058], [80.1434354, 12.9186065], [80.1434354, 12.9185837], [80.1435957, 12.9185843], [80.1435956, 12.9185615], [80.1437559, 12.9185622], [80.1437559, 12.9185394], [80.1438933, 12.9185399], [80.1438933, 12.9185171], [80.1440535, 12.9185178], [80.1440535, 12.918495], [80.1442138, 12.9184956], [80.1442138, 12.9184728], [80.1443741, 12.9184735], [80.144374, 12.9184507], [80.1445343, 12.9184513], [80.1445343, 12.9184285], [80.1449235, 12.9184301], [80.1449694, 12.9184759], [80.1450609, 12.9184763], [80.1451755, 12.9185452], [80.1452441, 12.9184999], [80.1452899, 12.9184316], [80.1453357, 12.9184318], [80.145656, 12.9181366], [80.145656, 12.918091], [80.1457704, 12.9180002], [80.1457704, 12.9179546], [80.1461822, 12.9173859], [80.146205, 12.9172948], [80.1463652, 12.9170673], [80.1463651, 12.9169989], [80.1464338, 12.9169079], [80.1464337, 12.916771], [80.1464566, 12.9167711], [80.1464564, 12.9163833], [80.1464793, 12.9163834], [80.1464791, 12.9161325], [80.146502, 12.9161326], [80.1465019, 12.9159729], [80.1465248, 12.915973], [80.1465247, 12.9158133], [80.1465476, 12.9158134], [80.1465475, 12.9156537], [80.1465704, 12.9156538], [80.1465703, 12.9155169], [80.1465932, 12.915517], [80.1465931, 12.9153573], [80.146616, 12.9153574], [80.146616, 12.9151977], [80.1466388, 12.9151978], [80.1466388, 12.9150382], [80.1466616, 12.9150382], [80.1466614, 12.9145364], [80.1466385, 12.9145363], [80.1466384, 12.9143538], [80.1466155, 12.9143537], [80.1466153, 12.9141484], [80.1465924, 12.9141483], [80.1465923, 12.913943], [80.1465694, 12.9139429], [80.1465693, 12.9137604], [80.1465464, 12.9137603], [80.1465463, 12.9135778], [80.1465234, 12.9135777], [80.1465233, 12.9133952], [80.1465004, 12.9133951], [80.1465003, 12.9131898], [80.1464774, 12.9131897], [80.1464773, 12.9130072], [80.1464544, 12.9130071], [80.1464543, 12.9128018], [80.1464314, 12.9128017], [80.1464313, 12.9126192], [80.1464084, 12.9126191], [80.1464083, 12.9124138], [80.1463854, 12.9124137], [80.1463853, 12.912254], [80.1463624, 12.9122539], [80.1463622, 12.9120258], [80.1463393, 12.9120257], [80.1463392, 12.9118204], [80.1463163, 12.9118203], [80.1463162, 12.911615], [80.1462933, 12.9116149], [80.1462932, 12.9114096], [80.1462703, 12.9114095], [80.1462702, 12.9111813], [80.1462473, 12.9111812], [80.1462472, 12.9109987], [80.1462243, 12.9109986], [80.1462241, 12.9107933], [80.146247, 12.9107934], [80.146247, 12.9106566], [80.1462699, 12.9106566], [80.1462698, 12.9105426], [80.1463384, 12.9104288], [80.1463384, 12.9103604], [80.1462925, 12.9102461], [80.1462238, 12.9102002], [80.1461321, 12.9099717], [80.1460863, 12.9099487], [80.1460633, 12.9098574], [80.1460175, 12.9098344], [80.1459488, 12.90972], [80.1458343, 12.9097195], [80.1458343, 12.9096967], [80.1456282, 12.9096959], [80.1456282, 12.9096731], [80.1454221, 12.9096722], [80.1454221, 12.909695], [80.1452848, 12.9096945], [80.1452848, 12.9097173], [80.1451245, 12.9097166], [80.1451245, 12.9097394], [80.1449642, 12.9097388], [80.1449643, 12.9097616], [80.1448269, 12.909761], [80.1448269, 12.9097838], [80.1446666, 12.9097832], [80.1446666, 12.909806], [80.1445064, 12.9098053], [80.1445064, 12.9098281], [80.144369, 12.9098276], [80.144369, 12.9098504], [80.1442087, 12.9098497], [80.1442087, 12.9098725], [80.1440714, 12.9098719], [80.1440256, 12.9099174], [80.1438882, 12.9099396], [80.1438654, 12.9099852], [80.1437967, 12.9099849], [80.143728, 12.910053], [80.1436822, 12.9100528], [80.1436594, 12.9101212], [80.1436595, 12.9102581], [80.1436366, 12.910258], [80.1436368, 12.9106001], [80.1436597, 12.9106002], [80.14366, 12.9112162], [80.1436371, 12.9112161], [80.1435686, 12.9115352], [80.1434999, 12.9115349], [80.1434084, 12.911603], [80.1433168, 12.9116254], [80.1431566, 12.9116247], [80.1431566, 12.9116475], [80.1427673, 12.9116459], [80.1426986, 12.9116], [80.1425841, 12.9115995], [80.1425383, 12.9115537], [80.1424696, 12.9115534], [80.1424467, 12.9114621], [80.1424009, 12.9114163], [80.1424008, 12.911325], [80.142355, 12.9112336], [80.1423547, 12.9108686], [80.1423319, 12.9108685], [80.1422859, 12.9105946], [80.1422401, 12.9105259], [80.14224, 12.9104347], [80.1421253, 12.9100692], [80.1421252, 12.9099323], [80.1421023, 12.9099323], [80.1421023, 12.9097954], [80.1420794, 12.9097953], [80.1420793, 12.9096584], [80.1420564, 12.9096583], [80.1420563, 12.9095214], [80.1420334, 12.9095213], [80.1420333, 12.9093617], [80.1420104, 12.9093616], [80.1420103, 12.9092247], [80.1419875, 12.9092246], [80.1419867, 12.9079699], [80.1419638, 12.9079698], [80.1419408, 12.9077872], [80.1418721, 12.9076957], [80.1418491, 12.9075815], [80.1413683, 12.9075795], [80.1413683, 12.9076024], [80.1411623, 12.9076471], [80.1411165, 12.9076926], [80.141002, 12.9076921], [80.141002, 12.9077149], [80.1406128, 12.9077133], [80.1403837, 12.907507], [80.1403837, 12.9074614], [80.1402462, 12.9073012], [80.1402233, 12.9072098], [80.1401775, 12.9071868], [80.1401545, 12.9070955], [80.1401087, 12.9070725], [80.1400858, 12.9069811], [80.1399941, 12.9068895], [80.1399712, 12.9067982], [80.1399254, 12.9067751], [80.1398795, 12.9066837], [80.1398336, 12.9065238], [80.139742, 12.9064322], [80.1397191, 12.9063409], [80.1396274, 12.906272], [80.1396274, 12.9062264], [80.1395586, 12.9061121], [80.1395585, 12.9058611], [80.1395814, 12.9058612], [80.1395813, 12.9057244], [80.1396499, 12.9055421], [80.1396498, 12.9053368], [80.1396269, 12.9053367], [80.1396268, 12.9051542], [80.1396039, 12.9051541], [80.1396038, 12.9049488], [80.139558, 12.9049715], [80.1390543, 12.9049694], [80.1390543, 12.9049922], [80.1385277, 12.90499], [80.1385277, 12.9050128], [80.138024, 12.9050107], [80.138024, 12.9050336], [80.1375203, 12.9050315], [80.1375203, 12.9050543], [80.1369937, 12.9050521], [80.1369937, 12.9050749], [80.1366961, 12.9051421], [80.1366732, 12.9051877], [80.1365587, 12.9051872], [80.136513, 12.9052326], [80.1364443, 12.9052323], [80.1363069, 12.9053002], [80.1361696, 12.9052996], [80.1361696, 12.9053225], [80.1360322, 12.9053219], [80.1360322, 12.9053447], [80.1358719, 12.905344], [80.1358719, 12.9053669], [80.1357117, 12.9053662], [80.1357117, 12.905389], [80.1355743, 12.9053884], [80.1355743, 12.9054112], [80.135414, 12.9054106], [80.1354141, 12.9054334], [80.1352538, 12.9054327], [80.1352538, 12.9054555], [80.1351164, 12.905455], [80.1351164, 12.9054778], [80.1349562, 12.9054771], [80.1349562, 12.9054999], [80.1348417, 12.9054995], [80.1348417, 12.9055223], [80.1347272, 12.9055446], [80.134819, 12.9058872]]]}}, {"type": "Feature", "properties": {"ward": "66", "zone": "5", "zone_name": "EAST TAMBARAM", "area_km2": 1.294}, "geometry": {"type": "Polygon", "coordinates": [[[80.1451755, 12.9187049], [80.1451527, 12.9187048], [80.1451527, 12.9188189], [80.1451298, 12.9188188], [80.1451299, 12.9189557], [80.1448325, 12.9194335], [80.1447868, 12.9194561], [80.1447639, 12.9195473], [80.1447181, 12.9195699], [80.1446953, 12.919661], [80.1446495, 12.9196837], [80.1445581, 12.9199342], [80.1445352, 12.9199341], [80.1445353, 12.920071], [80.1445124, 12.9200709], [80.1445127, 12.9206868], [80.1444898, 12.9206868], [80.1444899, 12.9208921], [80.1445128, 12.9208922], [80.144513, 12.9211431], [80.1445588, 12.9212345], [80.1445589, 12.9213942], [80.1445818, 12.9213943], [80.1445819, 12.9215084], [80.1446277, 12.9215998], [80.1446278, 12.9216911], [80.1446736, 12.9217825], [80.1447194, 12.9218055], [80.1447653, 12.9219654], [80.1448111, 12.9219884], [80.1448341, 12.9221254], [80.1448799, 12.9221712], [80.1449029, 12.9223081], [80.1449258, 12.9223082], [80.1449259, 12.9224451], [80.1449488, 12.9224452], [80.1449489, 12.922719], [80.144926, 12.9227189], [80.1449261, 12.9228785], [80.1449032, 12.9228785], [80.1449033, 12.9229925], [80.1448347, 12.9231747], [80.1448348, 12.923266], [80.1447662, 12.9234026], [80.1447663, 12.9236079], [80.1447892, 12.9236992], [80.1450644, 12.9244532], [80.1450645, 12.9245444], [80.1451333, 12.9246816], [80.1451333, 12.9247956], [80.1451562, 12.9247957], [80.1451563, 12.9249098], [80.1451792, 12.9249099], [80.1451792, 12.925024], [80.1452021, 12.9250241], [80.1452022, 12.9251609], [80.1452481, 12.9252524], [80.1452481, 12.9253436], [80.1452939, 12.9253894], [80.1453169, 12.9255264], [80.1453628, 12.9256178], [80.1455918, 12.9257557], [80.1456605, 12.9257559], [80.1457521, 12.9258248], [80.1464849, 12.9259875], [80.1465307, 12.9260333], [80.1465994, 12.9260336], [80.1467597, 12.9261483], [80.1468513, 12.9261715], [80.1469431, 12.9264912], [80.1469889, 12.926537], [80.1469891, 12.9267652], [80.1470119, 12.9267653], [80.1470121, 12.9269706], [80.147035, 12.9269707], [80.1470352, 12.9273585], [80.1470581, 12.9274042], [80.1472413, 12.9273822], [80.1473557, 12.9273142], [80.1474244, 12.9273145], [80.1476533, 12.9271785], [80.147722, 12.9271788], [80.1478822, 12.9270426], [80.147882, 12.9267689], [80.1478591, 12.9267688], [80.147859, 12.9265863], [80.1478361, 12.9265862], [80.147836, 12.9264037], [80.1478131, 12.9264036], [80.147813, 12.9262211], [80.1477901, 12.926221], [80.14779, 12.9260157], [80.1477671, 12.9260156], [80.147767, 12.9258331], [80.1477441, 12.925833], [80.147744, 12.9256505], [80.1477211, 12.9256504], [80.147721, 12.9254679], [80.1476981, 12.9254678], [80.147698, 12.9252853], [80.1476751, 12.9252852], [80.147675, 12.9250799], [80.1476521, 12.9250798], [80.1476519, 12.9248973], [80.1476291, 12.9248972], [80.1476289, 12.9246235], [80.1479265, 12.9245334], [80.1479265, 12.9245106], [80.148041, 12.9245111], [80.1480409, 12.9244883], [80.1481554, 12.9244888], [80.148247, 12.9244435], [80.1483615, 12.924444], [80.148453, 12.9244215], [80.1485217, 12.9243762], [80.1485904, 12.9243765], [80.148659, 12.9243083], [80.1486589, 12.9241258], [80.148636, 12.9241257], [80.148636, 12.9240117], [80.1486131, 12.9240116], [80.148613, 12.9238975], [80.1485671, 12.9237376], [80.1485213, 12.923669], [80.148338, 12.9235086], [80.1482921, 12.9233487], [80.1482005, 12.9232114], [80.1482004, 12.923143], [80.1481546, 12.9230972], [80.1481545, 12.9228919], [80.1482002, 12.922778], [80.1482689, 12.9227555], [80.1490703, 12.9227588], [80.1490703, 12.9227816], [80.1499403, 12.9227852], [80.1499403, 12.922808], [80.1508333, 12.9228117], [80.1508333, 12.9228345], [80.1517262, 12.9228382], [80.1518634, 12.9223825], [80.1518862, 12.9223826], [80.1518862, 12.9222685], [80.151909, 12.9221774], [80.1520006, 12.9220865], [80.1520005, 12.9220409], [80.1520692, 12.9219956], [80.1520691, 12.9218815], [80.1520462, 12.9218814], [80.1520461, 12.9216076], [80.152069, 12.9216077], [80.1520689, 12.9214937], [80.1521146, 12.9214026], [80.1521145, 12.9211517], [80.1521374, 12.9211518], [80.1521372, 12.920878], [80.1521601, 12.9208781], [80.15216, 12.9206044], [80.1521829, 12.9206045], [80.1521827, 12.9203079], [80.1522056, 12.920308], [80.1522054, 12.9200114], [80.1522283, 12.9200115], [80.152228, 12.9195553], [80.1522509, 12.9195554], [80.1522506, 12.9189394], [80.1522735, 12.9189395], [80.1522733, 12.9185745], [80.1522962, 12.9185746], [80.1522958, 12.9180499], [80.1523187, 12.91805], [80.1523186, 12.9178903], [80.1522958, 12.9178903], [80.1522956, 12.9176849], [80.1522727, 12.9176848], [80.1522726, 12.9174795], [80.1522497, 12.9174794], [80.1522496, 12.9172741], [80.1522267, 12.917274], [80.1522266, 12.9170915], [80.1522037, 12.9170914], [80.1522036, 12.9168861], [80.1521807, 12.916886], [80.1521806, 12.9166807], [80.1521577, 12.9166806], [80.1521575, 12.9164753], [80.1521347, 12.9164752], [80.1521345, 12.9162927], [80.1521116, 12.9162926], [80.1521115, 12.9160645], [80.1521344, 12.9160646], [80.1521343, 12.9159277], [80.1521572, 12.9159278], [80.1521572, 12.9158138], [80.1522258, 12.9156772], [80.1522944, 12.9156318], [80.152386, 12.9156094], [80.1524089, 12.9155639], [80.1525462, 12.9155188], [80.1525691, 12.9154733], [80.1527064, 12.9154282], [80.1527293, 12.9153827], [80.1528667, 12.9153376], [80.1528895, 12.9152921], [80.1530269, 12.915247], [80.1530497, 12.9152015], [80.1531413, 12.9151791], [80.1531642, 12.9151335], [80.1533015, 12.9150885], [80.1533244, 12.915043], [80.1534618, 12.9149979], [80.1534846, 12.9149524], [80.153622, 12.9149073], [80.1536448, 12.9148618], [80.1537822, 12.9148167], [80.1538051, 12.9147712], [80.1539424, 12.9147261], [80.1539653, 12.9146806], [80.1541026, 12.9146355], [80.1541255, 12.91459], [80.1542629, 12.914545], [80.1542857, 12.9144994], [80.1543773, 12.914477], [80.1545146, 12.9143407], [80.1545604, 12.9143181], [80.1545832, 12.9142269], [80.1546747, 12.914136], [80.1547433, 12.9139538], [80.1547891, 12.9139312], [80.1548348, 12.9137945], [80.1548806, 12.9137719], [80.1549263, 12.9136352], [80.1549721, 12.9136126], [80.1549949, 12.9135214], [80.1550407, 12.9134988], [80.1550864, 12.9133621], [80.1551322, 12.9133395], [80.155155, 12.9132483], [80.1552008, 12.9132257], [80.1552465, 12.913089], [80.1552923, 12.9130664], [80.1553609, 12.9128842], [80.1554067, 12.9128616], [80.1554753, 12.9126793], [80.155521, 12.9126567], [80.1555896, 12.9124745], [80.1556354, 12.9124519], [80.155704, 12.9122697], [80.1557498, 12.912247], [80.1558412, 12.9120193], [80.155887, 12.9119967], [80.1559556, 12.9118145], [80.1560013, 12.9117918], [80.1560699, 12.9116096], [80.1561157, 12.911587], [80.1561843, 12.9114048], [80.1562301, 12.9113822], [80.1563215, 12.9111544], [80.1563673, 12.9111318], [80.1564359, 12.9109496], [80.1564817, 12.9109269], [80.1565502, 12.9107447], [80.1566646, 12.9106083], [80.156573, 12.9105623], [80.1564356, 12.9104477], [80.1563211, 12.9104472], [80.1561379, 12.910378], [80.1560234, 12.9103776], [80.1558402, 12.9103084], [80.1557257, 12.9103079], [80.1555425, 12.9102387], [80.155428, 12.9102382], [80.1552448, 12.910169], [80.1551303, 12.9101686], [80.1549471, 12.9100994], [80.1548327, 12.9100989], [80.1546494, 12.9100297], [80.154535, 12.9100292], [80.1544434, 12.9099832], [80.1523598, 12.9099746], [80.1523598, 12.9099974], [80.1509632, 12.9099917], [80.1509632, 12.9100145], [80.1506884, 12.9100133], [80.1506884, 12.9100361], [80.1503908, 12.9100349], [80.1503908, 12.9100577], [80.1500931, 12.9100565], [80.1500932, 12.9100793], [80.1498184, 12.9100782], [80.1498184, 12.910101], [80.1495208, 12.9100998], [80.1495208, 12.9101226], [80.149246, 12.9101214], [80.149246, 12.9101443], [80.1489484, 12.910143], [80.1489484, 12.9101658], [80.1486737, 12.9101647], [80.1486737, 12.9101875], [80.1481471, 12.9101853], [80.148147, 12.9101625], [80.1480326, 12.9101621], [80.1479867, 12.9101162], [80.1478952, 12.9101159], [80.1478264, 12.91007], [80.1477578, 12.9101153], [80.1476204, 12.9101604], [80.1475976, 12.9102059], [80.1474373, 12.910228], [80.1473686, 12.9102734], [80.1472313, 12.9102728], [80.1472313, 12.9102956], [80.1469336, 12.9102944], [80.1469336, 12.9103172], [80.1467047, 12.9103163], [80.1467047, 12.9103391], [80.146407, 12.9103378], [80.1463384, 12.9103604], [80.1463384, 12.9104288], [80.1462698, 12.9105426], [80.1462699, 12.9106566], [80.146247, 12.9106566], [80.146247, 12.9107934], [80.1462241, 12.9107933], [80.1462243, 12.9109986], [80.1462472, 12.9109987], [80.1462473, 12.9111812], [80.1462702, 12.9111813], [80.1462703, 12.9114095], [80.1462932, 12.9114096], [80.1462933, 12.9116149], [80.1463162, 12.911615], [80.1463163, 12.9118203], [80.1463392, 12.9118204], [80.1463393, 12.9120257], [80.1463622, 12.9120258], [80.1463624, 12.9122539], [80.1463853, 12.912254], [80.1463854, 12.9124137], [80.1464083, 12.9124138], [80.1464084, 12.9126191], [80.1464313, 12.9126192], [80.1464314, 12.9128017], [80.1464543, 12.9128018], [80.1464544, 12.9130071], [80.1464773, 12.9130072], [80.1464774, 12.9131897], [80.1465003, 12.9131898], [80.1465004, 12.9133951], [80.1465233, 12.9133952], [80.1465234, 12.9135777], [80.1465463, 12.9135778], [80.1465464, 12.9137603], [80.1465693, 12.9137604], [80.1465694, 12.9139429], [80.1465923, 12.913943], [80.1465924, 12.9141483], [80.1466153, 12.9141484], [80.1466155, 12.9143537], [80.1466384, 12.9143538], [80.1466385, 12.9145363], [80.1466614, 12.9145364], [80.1466616, 12.9150382], [80.1466388, 12.9150382], [80.1466388, 12.9151978], [80.146616, 12.9151977], [80.146616, 12.9153574], [80.1465931, 12.9153573], [80.1465932, 12.915517], [80.1465703, 12.9155169], [80.1465704, 12.9156538], [80.1465475, 12.9156537], [80.1465476, 12.9158134], [80.1465247, 12.9158133], [80.1465248, 12.915973], [80.1465019, 12.9159729], [80.146502, 12.9161326], [80.1464791, 12.9161325], [80.1464793, 12.9163834], [80.1464564, 12.9163833], [80.1464566, 12.9167711], [80.1464337, 12.916771], [80.1464338, 12.9169079], [80.1463651, 12.9169989], [80.1463652, 12.9170673], [80.146205, 12.9172948], [80.1461822, 12.9173859], [80.1457704, 12.9179546], [80.1457704, 12.9180002], [80.145656, 12.918091], [80.145656, 12.9181366], [80.1453357, 12.9184318], [80.1452899, 12.9184316], [80.1452441, 12.9184999], [80.1451755, 12.9185452], [80.1451755, 12.9187049]]]}}, {"type": "Feature", "properties": {"ward": "67", "zone": "5", "zone_name": "EAST TAMBARAM", "area_km2": 0.933}, "geometry": {"type": "Polygon", "coordinates": [[[80.1478952, 12.9101159], [80.1479867, 12.9101162], [80.1480326, 12.9101621], [80.148147, 12.9101625], [80.1481471, 12.9101853], [80.1486737, 12.9101875], [80.1486737, 12.9101647], [80.1489484, 12.9101658], [80.1489484, 12.910143], [80.149246, 12.9101443], [80.149246, 12.9101214], [80.1495208, 12.9101226], [80.1495208, 12.9100998], [80.1498184, 12.910101], [80.1498184, 12.9100782], [80.1500932, 12.9100793], [80.1500931, 12.9100565], [80.1503908, 12.9100577], [80.1503908, 12.9100349], [80.1506884, 12.9100361], [80.1506884, 12.9100133], [80.1509632, 12.9100145], [80.1509632, 12.9099917], [80.1523598, 12.9099974], [80.1523598, 12.9099746], [80.1544434, 12.9099832], [80.154535, 12.9100292], [80.1546494, 12.9100297], [80.1548327, 12.9100989], [80.1549471, 12.9100994], [80.1551303, 12.9101686], [80.1552448, 12.910169], [80.155428, 12.9102382], [80.1555425, 12.9102387], [80.1557257, 12.9103079], [80.1558402, 12.9103084], [80.1560234, 12.9103776], [80.1561379, 12.910378], [80.1563211, 12.9104472], [80.1564356, 12.9104477], [80.156573, 12.9105623], [80.1566646, 12.9106083], [80.1567791, 12.9106088], [80.1568707, 12.9106548], [80.1569852, 12.9106553], [80.1569852, 12.9106781], [80.1570997, 12.9106786], [80.1571913, 12.9106105], [80.1572828, 12.9106109], [80.1572829, 12.9106565], [80.1573516, 12.9107252], [80.1574203, 12.9107255], [80.1574431, 12.91068], [80.1575118, 12.9106803], [80.1576034, 12.9107263], [80.1576264, 12.910772], [80.1576951, 12.9107723], [80.1577408, 12.9106812], [80.1578324, 12.9106816], [80.1579698, 12.9107506], [80.1580385, 12.9107509], [80.1581301, 12.9107969], [80.1582218, 12.9109113], [80.1583362, 12.9109118], [80.1583362, 12.9109346], [80.1584736, 12.9109352], [80.1584736, 12.910958], [80.158611, 12.9109586], [80.158611, 12.9109814], [80.1587255, 12.9109818], [80.1587255, 12.9110047], [80.1588629, 12.9110052], [80.1588629, 12.911028], [80.1589774, 12.9110285], [80.1589774, 12.9110513], [80.1591148, 12.9110519], [80.1591148, 12.9110747], [80.1592293, 12.9110752], [80.1592293, 12.911098], [80.1593667, 12.9110985], [80.1593667, 12.9111214], [80.1594812, 12.9111218], [80.1594812, 12.9111446], [80.1596185, 12.9111452], [80.1596186, 12.911168], [80.1597559, 12.9111686], [80.159756, 12.9111914], [80.1598704, 12.9111919], [80.1598704, 12.9112147], [80.1600078, 12.9112153], [80.1600078, 12.9112381], [80.1601223, 12.9112385], [80.1601223, 12.9112614], [80.1602597, 12.9112619], [80.1602597, 12.9112847], [80.1603742, 12.9112852], [80.1603742, 12.911308], [80.1605116, 12.9113086], [80.1605116, 12.9113314], [80.1606261, 12.9113319], [80.1606261, 12.9113547], [80.1610153, 12.9113563], [80.1610153, 12.9113791], [80.1617938, 12.9113823], [80.1617938, 12.9114051], [80.1623891, 12.9114076], [80.1623891, 12.9114304], [80.162641, 12.9114314], [80.162641, 12.9114543], [80.1627784, 12.9114548], [80.1628012, 12.9113865], [80.1629156, 12.9112045], [80.1629155, 12.9110904], [80.1629613, 12.9110678], [80.1629841, 12.9109082], [80.1630299, 12.9108856], [80.1630299, 12.9108171], [80.1630756, 12.9107717], [80.1630984, 12.9106121], [80.1631442, 12.9105895], [80.1631442, 12.9104982], [80.1631899, 12.9104756], [80.1631899, 12.9103843], [80.1632357, 12.9103617], [80.1632585, 12.9102477], [80.1633043, 12.9102023], [80.1633042, 12.9101339], [80.16335, 12.9100884], [80.1633499, 12.9099972], [80.1633957, 12.9099746], [80.1634185, 12.9098606], [80.1634643, 12.9098152], [80.1634643, 12.9097239], [80.16351, 12.9097013], [80.1635329, 12.9095873], [80.1636015, 12.9094964], [80.1636015, 12.9094279], [80.1636701, 12.909337], [80.16367, 12.9092457], [80.1637387, 12.9091776], [80.1637386, 12.9090863], [80.1637844, 12.9090637], [80.1638302, 12.9089726], [80.1638301, 12.9089042], [80.1638987, 12.9088132], [80.1638987, 12.908722], [80.1640588, 12.9084717], [80.1640588, 12.9083804], [80.164196, 12.9081757], [80.164196, 12.9080844], [80.1642646, 12.9080163], [80.1642646, 12.907925], [80.1643332, 12.9078569], [80.1643332, 12.9077656], [80.1644018, 12.9076975], [80.1644018, 12.9076062], [80.1644704, 12.9075381], [80.1644704, 12.9074468], [80.164539, 12.9073787], [80.1645389, 12.9072874], [80.1645847, 12.9072192], [80.1646075, 12.9070368], [80.1646532, 12.9069685], [80.1646989, 12.906695], [80.1647446, 12.9066267], [80.1647674, 12.9064443], [80.1648132, 12.9063761], [80.164836, 12.9061937], [80.1648817, 12.9061254], [80.1649273, 12.9058518], [80.1649731, 12.9057836], [80.1650187, 12.90551], [80.1650645, 12.9054418], [80.1651101, 12.9051682], [80.1651559, 12.9051], [80.1651786, 12.9049176], [80.1652244, 12.9048493], [80.1652472, 12.9046669], [80.1652929, 12.9045987], [80.1653157, 12.9044163], [80.1653615, 12.904348], [80.1653843, 12.9041656], [80.16543, 12.9040974], [80.1654529, 12.9039834], [80.1652926, 12.9039599], [80.1650865, 12.9038678], [80.1649949, 12.9038446], [80.1648804, 12.9038442], [80.1648804, 12.903867], [80.164743, 12.9038664], [80.164743, 12.9038892], [80.1645827, 12.9038886], [80.1645828, 12.9039114], [80.1644454, 12.9039108], [80.1644454, 12.9039336], [80.1643309, 12.9039331], [80.1642852, 12.9039786], [80.1642165, 12.9039783], [80.1641478, 12.9040236], [80.1639646, 12.9040229], [80.1639646, 12.9040457], [80.1636441, 12.9040444], [80.1636441, 12.9039987], [80.1635524, 12.9039071], [80.1635524, 12.9038387], [80.1634378, 12.9036557], [80.1634377, 12.9035416], [80.1634148, 12.9035415], [80.1634148, 12.9034275], [80.1633919, 12.9034274], [80.1633918, 12.9032905], [80.1633689, 12.9032904], [80.1633688, 12.9031079], [80.1633459, 12.9031078], [80.1633458, 12.9029481], [80.1633229, 12.902948], [80.1633228, 12.9027655], [80.1632999, 12.9027655], [80.1632998, 12.902583], [80.1632769, 12.9025829], [80.1632768, 12.9024232], [80.1632539, 12.9024231], [80.1632538, 12.9022634], [80.1632309, 12.9022633], [80.1632308, 12.9020808], [80.163185, 12.9020122], [80.1631849, 12.9019209], [80.1631391, 12.9018751], [80.1631161, 12.9017153], [80.1630245, 12.9016693], [80.1627726, 12.9015086], [80.162681, 12.9015082], [80.1626123, 12.9014623], [80.1621543, 12.9013692], [80.1620856, 12.9013233], [80.161994, 12.9013229], [80.1619024, 12.9012769], [80.1617879, 12.9012764], [80.1617879, 12.9012536], [80.1616047, 12.9012528], [80.1616047, 12.90123], [80.1613986, 12.9012292], [80.1613071, 12.9012516], [80.1612613, 12.901297], [80.1611926, 12.9012968], [80.1611697, 12.9013423], [80.1610782, 12.9013875], [80.1610095, 12.9013872], [80.1609866, 12.9014328], [80.1608035, 12.9015461], [80.1607807, 12.9016372], [80.1607808, 12.9017969], [80.1607579, 12.9017968], [80.1607581, 12.9021618], [80.160781, 12.9021619], [80.1607811, 12.9023444], [80.160804, 12.9023445], [80.1608041, 12.9025042], [80.160827, 12.9025043], [80.1608271, 12.9026868], [80.16085, 12.9026869], [80.1608501, 12.9028466], [80.160873, 12.9028467], [80.1608731, 12.9030292], [80.160896, 12.9030293], [80.1608961, 12.903189], [80.160919, 12.9031891], [80.1609191, 12.9033716], [80.160942, 12.9033716], [80.1609422, 12.9038279], [80.1609193, 12.9038278], [80.1609194, 12.9039647], [80.1608737, 12.9040557], [80.160805, 12.9041011], [80.1606906, 12.9042375], [80.160599, 12.9042371], [80.1605533, 12.9042825], [80.1604846, 12.9042823], [80.1604159, 12.9043276], [80.1601412, 12.9043721], [80.1600954, 12.9044175], [80.1597978, 12.9045304], [80.1597292, 12.9046669], [80.1597293, 12.9047582], [80.1596835, 12.9047808], [80.1596836, 12.9049861], [80.1596607, 12.904986], [80.1596609, 12.9051914], [80.1596838, 12.9051914], [80.1596839, 12.9055108], [80.1597068, 12.9055109], [80.1597069, 12.9056934], [80.1597298, 12.9056935], [80.15973, 12.9060129], [80.1597071, 12.9060128], [80.1597072, 12.9061497], [80.1596844, 12.9062408], [80.1596157, 12.9063318], [80.1595699, 12.9063316], [80.1594784, 12.9063997], [80.1593868, 12.9063993], [80.159341, 12.9064447], [80.1592495, 12.9064671], [80.1591121, 12.9064666], [80.1591121, 12.9064894], [80.1589518, 12.9064887], [80.1589519, 12.9065115], [80.1588145, 12.906511], [80.1588145, 12.9065338], [80.1586313, 12.906533], [80.1586313, 12.9065558], [80.1584711, 12.9065552], [80.1584711, 12.906578], [80.1583108, 12.9065773], [80.1583108, 12.9066001], [80.1581505, 12.9065995], [80.1581506, 12.9066223], [80.1579903, 12.9066216], [80.1579903, 12.9066444], [80.15783, 12.9066438], [80.15783, 12.9066666], [80.1576698, 12.9066659], [80.1576698, 12.9066887], [80.1575324, 12.9066882], [80.1575324, 12.906711], [80.1573493, 12.906733], [80.1573035, 12.9067785], [80.1572348, 12.9067782], [80.1571662, 12.9068692], [80.1571204, 12.906869], [80.1570517, 12.9069599], [80.1569831, 12.9070053], [80.1562508, 12.9077551], [80.1562051, 12.9077549], [80.1561593, 12.9078231], [80.1561135, 12.9078229], [80.1558846, 12.9079817], [80.1556786, 12.9079808], [80.1556786, 12.907958], [80.1555183, 12.9079574], [80.1555183, 12.9079345], [80.1554038, 12.9079341], [80.1553122, 12.9078881], [80.1547856, 12.9078859], [80.1547856, 12.9079087], [80.1546482, 12.9079081], [80.1546482, 12.9079309], [80.1545108, 12.9079304], [80.1545109, 12.9079532], [80.1543735, 12.9079526], [80.1543735, 12.9079754], [80.1542132, 12.9079748], [80.1542132, 12.9079976], [80.1540759, 12.907997], [80.1540759, 12.9080198], [80.1539385, 12.9080193], [80.1539385, 12.9080421], [80.1538011, 12.9080415], [80.1538011, 12.9080643], [80.1536409, 12.9080637], [80.1536409, 12.9080865], [80.1534119, 12.9080855], [80.1534119, 12.9081083], [80.1530685, 12.9081069], [80.1530685, 12.9081297], [80.1527251, 12.9081283], [80.1527251, 12.9081511], [80.1524045, 12.9081498], [80.1524045, 12.9081726], [80.1520153, 12.908171], [80.1519237, 12.908125], [80.1518092, 12.9081245], [80.1517176, 12.9081013], [80.1517176, 12.9080329], [80.1516259, 12.9078957], [80.151603, 12.9078271], [80.1516029, 12.9076674], [80.15158, 12.9076673], [80.1515799, 12.9074848], [80.151557, 12.9074847], [80.1515568, 12.9071426], [80.1515339, 12.9071425], [80.1515337, 12.9068231], [80.1515566, 12.9068232], [80.1515565, 12.9066635], [80.1515794, 12.9066636], [80.1515793, 12.9064583], [80.1515335, 12.9064125], [80.151419, 12.9063664], [80.1513731, 12.9062977], [80.1512815, 12.9062746], [80.151167, 12.9062741], [80.1510754, 12.9062281], [80.1506633, 12.9062264], [80.1506633, 12.9062036], [80.150503, 12.9062029], [80.1504343, 12.906157], [80.1503198, 12.9061565], [80.1502511, 12.9061334], [80.1502053, 12.9061332], [80.1499765, 12.9062692], [80.1499078, 12.9062689], [80.149862, 12.9063143], [80.1497246, 12.9063137], [80.1497246, 12.9063366], [80.1495644, 12.9063359], [80.1495644, 12.9063587], [80.1493354, 12.9063578], [80.1493354, 12.9063806], [80.1491065, 12.9063796], [80.1491065, 12.9064024], [80.1488546, 12.9064014], [80.1488546, 12.9064242], [80.1486257, 12.9064233], [80.1486257, 12.9064461], [80.1484196, 12.9064452], [80.1484196, 12.906468], [80.1481678, 12.906467], [80.1481678, 12.9064898], [80.1480304, 12.9064892], [80.1479388, 12.9065117], [80.147916, 12.9065572], [80.1476413, 12.9066473], [80.1476184, 12.9067385], [80.1476185, 12.9068525], [80.1475956, 12.9068525], [80.1475957, 12.9069665], [80.1475728, 12.9069664], [80.1475729, 12.9071717], [80.1475958, 12.9071718], [80.1475959, 12.9074456], [80.1476188, 12.9074457], [80.147619, 12.9077194], [80.1476419, 12.9077195], [80.1476421, 12.9079933], [80.147665, 12.9079934], [80.1476651, 12.9082671], [80.147688, 12.9082672], [80.1476882, 12.9086322], [80.1477111, 12.9086323], [80.1477112, 12.9088148], [80.1477341, 12.9088149], [80.1477343, 12.9090886], [80.1477572, 12.9090887], [80.1477573, 12.9093625], [80.1477802, 12.9093626], [80.1477804, 12.9096363], [80.1478033, 12.9096364], [80.1478035, 12.910047], [80.1478264, 12.91007], [80.1478952, 12.9101159]]]}}, {"type": "Feature", "properties": {"ward": "68", "zone": "5", "zone_name": "EAST TAMBARAM", "area_km2": 0.856}, "geometry": {"type": "Polygon", "coordinates": [[[80.1396039, 12.9051541], [80.1396268, 12.9051542], [80.1396269, 12.9053367], [80.1396498, 12.9053368], [80.1396499, 12.9055421], [80.1395813, 12.9057244], [80.1395814, 12.9058612], [80.1395585, 12.9058611], [80.1395586, 12.9061121], [80.1396274, 12.9062264], [80.1396274, 12.906272], [80.1397191, 12.9063409], [80.139742, 12.9064322], [80.1398336, 12.9065238], [80.1398795, 12.9066837], [80.1399254, 12.9067751], [80.1399712, 12.9067982], [80.1399941, 12.9068895], [80.1400858, 12.9069811], [80.1401087, 12.9070725], [80.1401545, 12.9070955], [80.1401775, 12.9071868], [80.1402233, 12.9072098], [80.1402462, 12.9073012], [80.1403837, 12.9074614], [80.1403837, 12.907507], [80.1406128, 12.9077133], [80.141002, 12.9077149], [80.141002, 12.9076921], [80.1411165, 12.9076926], [80.1411623, 12.9076471], [80.1413683, 12.9076024], [80.1413683, 12.9075795], [80.1418491, 12.9075815], [80.1418721, 12.9076957], [80.1419408, 12.9077872], [80.1419638, 12.9079698], [80.1419867, 12.9079699], [80.1419875, 12.9092246], [80.1420103, 12.9092247], [80.1420104, 12.9093616], [80.1420333, 12.9093617], [80.1420334, 12.9095213], [80.1420563, 12.9095214], [80.1420564, 12.9096583], [80.1420793, 12.9096584], [80.1420794, 12.9097953], [80.1421023, 12.9097954], [80.1421023, 12.9099323], [80.1421252, 12.9099323], [80.1421253, 12.9100692], [80.14224, 12.9104347], [80.1422401, 12.9105259], [80.1422859, 12.9105946], [80.1423319, 12.9108685], [80.1423547, 12.9108686], [80.142355, 12.9112336], [80.1424008, 12.911325], [80.1424009, 12.9114163], [80.1424467, 12.9114621], [80.1424696, 12.9115534], [80.1425383, 12.9115537], [80.1425841, 12.9115995], [80.1426986, 12.9116], [80.1427673, 12.9116459], [80.1431566, 12.9116475], [80.1431566, 12.9116247], [80.1433168, 12.9116254], [80.1434084, 12.911603], [80.1434999, 12.9115349], [80.1435686, 12.9115352], [80.1436371, 12.9112161], [80.14366, 12.9112162], [80.1436597, 12.9106002], [80.1436368, 12.9106001], [80.1436366, 12.910258], [80.1436595, 12.9102581], [80.1436594, 12.9101212], [80.1436822, 12.9100528], [80.143728, 12.910053], [80.1437967, 12.9099849], [80.1438654, 12.9099852], [80.1438882, 12.9099396], [80.1440256, 12.9099174], [80.1440714, 12.9098719], [80.1442087, 12.9098725], [80.1442087, 12.9098497], [80.144369, 12.9098504], [80.144369, 12.9098276], [80.1445064, 12.9098281], [80.1445064, 12.9098053], [80.1446666, 12.909806], [80.1446666, 12.9097832], [80.1448269, 12.9097838], [80.1448269, 12.909761], [80.1449643, 12.9097616], [80.1449642, 12.9097388], [80.1451245, 12.9097394], [80.1451245, 12.9097166], [80.1452848, 12.9097173], [80.1452848, 12.9096945], [80.1454221, 12.909695], [80.1454221, 12.9096722], [80.1456282, 12.9096731], [80.1456282, 12.9096959], [80.1458343, 12.9096967], [80.1458343, 12.9097195], [80.1459488, 12.90972], [80.1460175, 12.9098344], [80.1460633, 12.9098574], [80.1460863, 12.9099487], [80.1461321, 12.9099717], [80.1462238, 12.9102002], [80.1462925, 12.9102461], [80.1463384, 12.9103604], [80.146407, 12.9103378], [80.1467047, 12.9103391], [80.1467047, 12.9103163], [80.1469336, 12.9103172], [80.1469336, 12.9102944], [80.1472313, 12.9102956], [80.1472313, 12.9102728], [80.1473686, 12.9102734], [80.1474373, 12.910228], [80.1475976, 12.9102059], [80.1476204, 12.9101604], [80.1477578, 12.9101153], [80.1478264, 12.91007], [80.1478035, 12.910047], [80.1478033, 12.9096364], [80.1477804, 12.9096363], [80.1477802, 12.9093626], [80.1477573, 12.9093625], [80.1477572, 12.9090887], [80.1477343, 12.9090886], [80.1477341, 12.9088149], [80.1477112, 12.9088148], [80.1477111, 12.9086323], [80.1476882, 12.9086322], [80.147688, 12.9082672], [80.1476651, 12.9082671], [80.147665, 12.9079934], [80.1476421, 12.9079933], [80.1476419, 12.9077195], [80.147619, 12.9077194], [80.1476188, 12.9074457], [80.1475959, 12.9074456], [80.1475958, 12.9071718], [80.1475729, 12.9071717], [80.1475728, 12.9069664], [80.1475957, 12.9069665], [80.1475956, 12.9068525], [80.1476185, 12.9068525], [80.1476184, 12.9067385], [80.1476413, 12.9066473], [80.147916, 12.9065572], [80.1479388, 12.9065117], [80.1480304, 12.9064892], [80.1481678, 12.9064898], [80.1481678, 12.906467], [80.1484196, 12.906468], [80.1484196, 12.9064452], [80.1486257, 12.9064461], [80.1486257, 12.9064233], [80.1488546, 12.9064242], [80.1488546, 12.9064014], [80.1491065, 12.9064024], [80.1491065, 12.9063796], [80.1493354, 12.9063806], [80.1493354, 12.9063578], [80.1495644, 12.9063587], [80.1495644, 12.9063359], [80.1497246, 12.9063366], [80.1497246, 12.9063137], [80.149862, 12.9063143], [80.1499078, 12.9062689], [80.1499765, 12.9062692], [80.1502053, 12.9061332], [80.1502511, 12.9061334], [80.150251, 12.9059281], [80.1502281, 12.905928], [80.1502279, 12.9056543], [80.1502051, 12.9056542], [80.1502049, 12.9053804], [80.1501591, 12.9053346], [80.1501361, 12.905152], [80.1500673, 12.9050833], [80.1500444, 12.9049691], [80.1499528, 12.9049688], [80.1497696, 12.9048996], [80.1493575, 12.9048979], [80.1493575, 12.9049207], [80.1490598, 12.9049194], [80.1490598, 12.9049423], [80.1487622, 12.904941], [80.1487622, 12.9049638], [80.1482356, 12.9049617], [80.1482356, 12.9049389], [80.1481211, 12.9049384], [80.1480753, 12.9048926], [80.1480066, 12.9048923], [80.1480065, 12.9048238], [80.1479607, 12.904778], [80.1479607, 12.9046868], [80.1478919, 12.9045496], [80.1478917, 12.9042531], [80.1478688, 12.904253], [80.1478685, 12.9037283], [80.1478914, 12.9037284], [80.1478914, 12.9036143], [80.1479143, 12.9036144], [80.1479142, 12.9035003], [80.147937, 12.903432], [80.1480057, 12.903341], [80.1480515, 12.9033412], [80.1480972, 12.903273], [80.1482803, 12.9031597], [80.1483489, 12.9029546], [80.1483487, 12.9027037], [80.1483716, 12.9027038], [80.1483715, 12.9024757], [80.1483486, 12.9024756], [80.1483484, 12.902065], [80.1483255, 12.9020649], [80.1483253, 12.9017455], [80.1483023, 12.9016541], [80.1482565, 12.9016083], [80.1482565, 12.9015171], [80.1481877, 12.9014255], [80.1481648, 12.9013342], [80.1480732, 12.9013338], [80.1479816, 12.9012878], [80.1478671, 12.9012873], [80.1477755, 12.9012642], [80.1477068, 12.9012182], [80.1474778, 12.9011717], [80.1474778, 12.9011261], [80.147409, 12.9010573], [80.147409, 12.9009661], [80.1473402, 12.9008289], [80.1473402, 12.9007149], [80.1473173, 12.9007148], [80.1473171, 12.9003954], [80.1472942, 12.9003953], [80.147294, 12.9000987], [80.1472711, 12.9000986], [80.1472709, 12.8998021], [80.147248, 12.899802], [80.147225, 12.8996194], [80.1471104, 12.8993452], [80.1471103, 12.8992539], [80.1469956, 12.8988884], [80.1469955, 12.8986831], [80.1469726, 12.898683], [80.1469724, 12.8982952], [80.1469495, 12.8982951], [80.1469494, 12.8981583], [80.1469265, 12.8981582], [80.1468806, 12.897907], [80.1468348, 12.897884], [80.1467889, 12.8977926], [80.1467203, 12.8977923], [80.1466515, 12.8977464], [80.14656, 12.897746], [80.1464912, 12.8977001], [80.1463539, 12.8976996], [80.1463538, 12.8976767], [80.1459417, 12.897675], [80.1459417, 12.8976522], [80.1453693, 12.8976499], [80.1453693, 12.897627], [80.145209, 12.8976264], [80.145209, 12.8976492], [80.1450488, 12.8976485], [80.1449801, 12.8976939], [80.1448656, 12.8976934], [80.144774, 12.8977158], [80.1447054, 12.8978296], [80.1447055, 12.8979209], [80.1446597, 12.8979891], [80.1446598, 12.898126], [80.1446369, 12.8981259], [80.144637, 12.8983312], [80.1446141, 12.8983311], [80.1446144, 12.8987417], [80.1445915, 12.8987416], [80.1445917, 12.8991295], [80.1445689, 12.8992206], [80.1445231, 12.8992889], [80.1445003, 12.8994713], [80.1444546, 12.8995395], [80.1444546, 12.8996308], [80.1444089, 12.899699], [80.1444089, 12.8997903], [80.1443632, 12.8998585], [80.1442261, 12.9003598], [80.1441803, 12.9004052], [80.1439518, 12.9011571], [80.143906, 12.9012026], [80.1436775, 12.9019544], [80.1436317, 12.9019999], [80.1435861, 12.902205], [80.1434946, 12.9023415], [80.1434946, 12.9024099], [80.1434488, 12.9024325], [80.143426, 12.9025237], [80.1433802, 12.9025919], [80.1433116, 12.9026145], [80.1431742, 12.9027051], [80.1431055, 12.9027049], [80.1430598, 12.9027503], [80.1428995, 12.9027953], [80.1426019, 12.902794], [80.1425332, 12.9027481], [80.1423042, 12.9027016], [80.1422813, 12.9027471], [80.1422814, 12.9029068], [80.1422585, 12.9029067], [80.1422586, 12.903112], [80.1422128, 12.9031346], [80.1422129, 12.903203], [80.1421671, 12.9032029], [80.1420527, 12.9033849], [80.1419611, 12.9033845], [80.1419612, 12.903567], [80.1419155, 12.9035668], [80.1418697, 12.9036807], [80.1418011, 12.903726], [80.1418011, 12.9037717], [80.1417096, 12.9038625], [80.1417096, 12.903931], [80.1416638, 12.9039308], [80.1416181, 12.9040447], [80.1415494, 12.90409], [80.1415494, 12.9041356], [80.1414579, 12.9042265], [80.141458, 12.9042949], [80.1413664, 12.9043402], [80.1412977, 12.9043399], [80.1412748, 12.9043854], [80.1409772, 12.9044526], [80.1409315, 12.9044981], [80.1408628, 12.9044978], [80.1408399, 12.9045433], [80.1405423, 12.9046105], [80.1404965, 12.904656], [80.1404278, 12.9046557], [80.140405, 12.9047012], [80.1401074, 12.9047684], [80.1400616, 12.9048138], [80.1399929, 12.9048136], [80.13997, 12.9048591], [80.1396038, 12.9049488], [80.1396039, 12.9051541]]]}}, {"type": "Feature", "properties": {"ward": "69", "zone": "5", "zone_name": "EAST TAMBARAM", "area_km2": 2.24}, "geometry": {"type": "Polygon", "coordinates": [[[80.1425332, 12.9027481], [80.1426019, 12.902794], [80.1428995, 12.9027953], [80.1430598, 12.9027503], [80.1431055, 12.9027049], [80.1431742, 12.9027051], [80.1433116, 12.9026145], [80.1433802, 12.9025919], [80.143426, 12.9025237], [80.1434488, 12.9024325], [80.1434946, 12.9024099], [80.1434946, 12.9023415], [80.1435861, 12.902205], [80.1436317, 12.9019999], [80.1436775, 12.9019544], [80.143906, 12.9012026], [80.1439518, 12.9011571], [80.1441803, 12.9004052], [80.1442261, 12.9003598], [80.1443632, 12.8998585], [80.1444089, 12.8997903], [80.1444089, 12.899699], [80.1444546, 12.8996308], [80.1444546, 12.8995395], [80.1445003, 12.8994713], [80.1445231, 12.8992889], [80.1445689, 12.8992206], [80.1445917, 12.8991295], [80.1445915, 12.8987416], [80.1446144, 12.8987417], [80.1446141, 12.8983311], [80.144637, 12.8983312], [80.1446369, 12.8981259], [80.1446598, 12.898126], [80.1446597, 12.8979891], [80.1447055, 12.8979209], [80.1447054, 12.8978296], [80.144774, 12.8977158], [80.1448656, 12.8976934], [80.1449801, 12.8976939], [80.1450488, 12.8976485], [80.145209, 12.8976492], [80.145209, 12.8976264], [80.1453693, 12.897627], [80.1453693, 12.8976499], [80.1459417, 12.8976522], [80.1459417, 12.897675], [80.1463538, 12.8976767], [80.1463539, 12.8976996], [80.1464912, 12.8977001], [80.14656, 12.897746], [80.1466515, 12.8977464], [80.1467203, 12.8977923], [80.1467889, 12.8977926], [80.1468348, 12.897884], [80.1468806, 12.897907], [80.1469265, 12.8981582], [80.1469494, 12.8981583], [80.1469495, 12.8982951], [80.1469724, 12.8982952], [80.1469726, 12.898683], [80.1469955, 12.8986831], [80.1469956, 12.8988884], [80.1471103, 12.8992539], [80.1471104, 12.8993452], [80.147225, 12.8996194], [80.147248, 12.899802], [80.1472709, 12.8998021], [80.1472711, 12.9000986], [80.147294, 12.9000987], [80.1472942, 12.9003953], [80.1473171, 12.9003954], [80.1473173, 12.9007148], [80.1473402, 12.9007149], [80.1473402, 12.9008289], [80.147409, 12.9009661], [80.147409, 12.9010573], [80.1474778, 12.9011261], [80.1474778, 12.9011717], [80.1477068, 12.9012182], [80.1477755, 12.9012642], [80.1478671, 12.9012873], [80.1479816, 12.9012878], [80.1480732, 12.9013338], [80.1481648, 12.9013342], [80.1481877, 12.9014255], [80.1482565, 12.9015171], [80.1482565, 12.9016083], [80.1483023, 12.9016541], [80.1483253, 12.9017455], [80.1483255, 12.9020649], [80.1483484, 12.902065], [80.1483486, 12.9024756], [80.1483715, 12.9024757], [80.1483716, 12.9027038], [80.1483487, 12.9027037], [80.1483489, 12.9029546], [80.1482803, 12.9031597], [80.1480972, 12.903273], [80.1480515, 12.9033412], [80.1480057, 12.903341], [80.147937, 12.903432], [80.1479142, 12.9035003], [80.1479143, 12.9036144], [80.1478914, 12.9036143], [80.1478914, 12.9037284], [80.1478685, 12.9037283], [80.1478688, 12.904253], [80.1478917, 12.9042531], [80.1478919, 12.9045496], [80.1479607, 12.9046868], [80.1479607, 12.904778], [80.1480065, 12.9048238], [80.1480066, 12.9048923], [80.1480753, 12.9048926], [80.1481211, 12.9049384], [80.1482356, 12.9049389], [80.1482356, 12.9049617], [80.1487622, 12.9049638], [80.1487622, 12.904941], [80.1490598, 12.9049423], [80.1490598, 12.9049194], [80.1493575, 12.9049207], [80.1493575, 12.9048979], [80.1497696, 12.9048996], [80.1499528, 12.9049688], [80.1500444, 12.9049691], [80.1500673, 12.9050833], [80.1501361, 12.905152], [80.1501591, 12.9053346], [80.1502049, 12.9053804], [80.1502051, 12.9056542], [80.1502279, 12.9056543], [80.1502281, 12.905928], [80.150251, 12.9059281], [80.1502511, 12.9061334], [80.1503198, 12.9061565], [80.1504343, 12.906157], [80.150503, 12.9062029], [80.1506633, 12.9062036], [80.1506633, 12.9062264], [80.1510754, 12.9062281], [80.151167, 12.9062741], [80.1512815, 12.9062746], [80.1513731, 12.9062977], [80.151419, 12.9063664], [80.1515335, 12.9064125], [80.1515793, 12.9064583], [80.1516708, 12.906413], [80.1517853, 12.9064135], [80.1517853, 12.9063907], [80.1519227, 12.9063913], [80.1519227, 12.9063684], [80.1520601, 12.906369], [80.15206, 12.9063462], [80.1523348, 12.9063473], [80.1523348, 12.9063245], [80.1525179, 12.9063253], [80.1525179, 12.9063025], [80.1526553, 12.906303], [80.1527011, 12.9062576], [80.1527698, 12.9062579], [80.1529529, 12.9061446], [80.1529528, 12.9060305], [80.1529986, 12.9059623], [80.1529983, 12.9055288], [80.1529754, 12.9055287], [80.1529753, 12.9053234], [80.1529524, 12.9053233], [80.1529523, 12.9051408], [80.1529294, 12.9051407], [80.1529293, 12.9049354], [80.1529064, 12.9049353], [80.1529063, 12.9047528], [80.1528375, 12.9046157], [80.1527687, 12.9043873], [80.1525854, 12.9041812], [80.1525396, 12.904181], [80.1525166, 12.9040897], [80.1524708, 12.9040667], [80.1524708, 12.9039982], [80.1524021, 12.9039067], [80.1523791, 12.9038382], [80.152379, 12.9037241], [80.1523332, 12.9036327], [80.152333, 12.9033361], [80.1523788, 12.903245], [80.1523787, 12.903131], [80.1524474, 12.9031084], [80.1524702, 12.9030629], [80.1525847, 12.9030406], [80.1526763, 12.9029725], [80.1527449, 12.90295], [80.1528823, 12.9029506], [80.1528823, 12.9029277], [80.1530884, 12.9029286], [80.1530883, 12.9029058], [80.1532944, 12.9029066], [80.1532944, 12.9028838], [80.1535005, 12.9028847], [80.1535005, 12.9028619], [80.1537065, 12.9028627], [80.1537065, 12.9028399], [80.1539126, 12.9028407], [80.1539126, 12.9028179], [80.1543018, 12.9028195], [80.1543018, 12.9027967], [80.1545307, 12.9027977], [80.1545307, 12.9027749], [80.1547597, 12.9027758], [80.1547597, 12.902753], [80.1549886, 12.9027539], [80.1549886, 12.9027311], [80.1552405, 12.9027322], [80.1552405, 12.9027094], [80.1553778, 12.9027099], [80.1553778, 12.9026871], [80.1554923, 12.9026876], [80.1556525, 12.9025514], [80.1557441, 12.9025289], [80.155744, 12.9023921], [80.1557211, 12.902392], [80.155721, 12.9022779], [80.1556981, 12.9022778], [80.1556293, 12.9020038], [80.1555606, 12.9019351], [80.1551708, 12.9011122], [80.155125, 12.9010436], [80.15485, 12.9005406], [80.1548499, 12.9004721], [80.1545059, 12.8995126], [80.15446, 12.8992843], [80.1544142, 12.8992385], [80.1542536, 12.8986903], [80.1542078, 12.8986445], [80.1540472, 12.8980963], [80.1540014, 12.8980505], [80.1538637, 12.8975709], [80.1538179, 12.8975251], [80.1536573, 12.8969769], [80.1536115, 12.8969311], [80.1534509, 12.8963829], [80.1534051, 12.8963371], [80.153405, 12.8962687], [80.1533133, 12.896063], [80.1533133, 12.8959717], [80.153061, 12.8952863], [80.1530609, 12.8951951], [80.1528775, 12.8947153], [80.1528774, 12.8946012], [80.1529689, 12.8944647], [80.152946, 12.8943734], [80.1528544, 12.8943502], [80.1527856, 12.8942586], [80.1527627, 12.8941445], [80.1526711, 12.8940757], [80.152671, 12.8940072], [80.1525793, 12.8938015], [80.1525564, 12.8937102], [80.152304, 12.8928879], [80.1522582, 12.8928421], [80.1522123, 12.8926366], [80.1521665, 12.8925908], [80.1520976, 12.8923167], [80.1520518, 12.8922709], [80.151983, 12.8919969], [80.1519371, 12.8919511], [80.1518912, 12.8917456], [80.1518454, 12.8916998], [80.1517766, 12.8914257], [80.1517307, 12.8913799], [80.1516848, 12.8911744], [80.151639, 12.8911286], [80.1515931, 12.8909231], [80.1515473, 12.8908773], [80.1514784, 12.8906032], [80.1514326, 12.8905574], [80.1513867, 12.8903519], [80.1513409, 12.8903061], [80.151295, 12.8901006], [80.1512262, 12.8899863], [80.1512261, 12.8898722], [80.1512032, 12.8898721], [80.1512031, 12.8896896], [80.1511802, 12.8896895], [80.1511801, 12.8894842], [80.151203, 12.8894843], [80.151409, 12.889257], [80.1514776, 12.8892117], [80.1520728, 12.8889404], [80.1520956, 12.8888949], [80.1531028, 12.88842], [80.1531256, 12.8883744], [80.1541786, 12.8878769], [80.1542014, 12.8878314], [80.1546592, 12.887628], [80.1548423, 12.8875147], [80.1552544, 12.8873339], [80.1552772, 12.8872883], [80.1562844, 12.8868134], [80.1563073, 12.8867679], [80.1572228, 12.8863382], [80.1572457, 12.8862927], [80.1573831, 12.8862477], [80.1574288, 12.8861794], [80.1574746, 12.8861796], [80.1575204, 12.8861113], [80.1576348, 12.8860206], [80.1576348, 12.8859749], [80.157772, 12.8857474], [80.157772, 12.8856789], [80.1578177, 12.8856335], [80.1578177, 12.8855651], [80.1578635, 12.8855196], [80.1578634, 12.8854512], [80.1579092, 12.8854058], [80.1579091, 12.8853373], [80.1579549, 12.8852919], [80.1579549, 12.8852235], [80.1580006, 12.8851552], [80.1580004, 12.884699], [80.1577256, 12.8846978], [80.1577256, 12.8847206], [80.1575653, 12.88472], [80.1575654, 12.8847428], [80.1573822, 12.884742], [80.1573822, 12.8847648], [80.1572677, 12.8847644], [80.1572677, 12.8847872], [80.1571533, 12.8847867], [80.1571533, 12.8848095], [80.1570388, 12.884809], [80.1569472, 12.8848315], [80.1569243, 12.884877], [80.1568557, 12.8848767], [80.1568328, 12.8849223], [80.1566496, 12.8849215], [80.1566496, 12.8849443], [80.1565123, 12.8849666], [80.1564894, 12.8850121], [80.1563749, 12.8850116], [80.1563292, 12.8850571], [80.1562605, 12.8850568], [80.1562147, 12.8851022], [80.156146, 12.8851019], [80.1561002, 12.8851474], [80.1554592, 12.8851447], [80.1554591, 12.8851219], [80.1552073, 12.8851209], [80.1552073, 12.885098], [80.1549554, 12.885097], [80.1547723, 12.8851647], [80.1547494, 12.8852102], [80.1546578, 12.8852098], [80.1546579, 12.8852555], [80.1545892, 12.8853008], [80.154406, 12.8853], [80.1543602, 12.8853227], [80.1542916, 12.8854136], [80.1542688, 12.885482], [80.1542689, 12.8857329], [80.1541315, 12.8857323], [80.1541316, 12.8858464], [80.1541545, 12.8858465], [80.1541546, 12.886029], [80.1541775, 12.8860291], [80.1542234, 12.886189], [80.154086, 12.8861884], [80.1540173, 12.8862337], [80.1538342, 12.8862558], [80.1537655, 12.8863011], [80.1534679, 12.8862999], [80.1534679, 12.8863227], [80.1532618, 12.8863219], [80.1532618, 12.8862991], [80.1525291, 12.886296], [80.1525291, 12.8863189], [80.1523002, 12.8863179], [80.1523002, 12.8863407], [80.1520712, 12.8863398], [80.1520712, 12.8863626], [80.1518652, 12.8863617], [80.1518652, 12.8863845], [80.151682, 12.8863838], [80.151682, 12.8864066], [80.151476, 12.8864058], [80.151476, 12.8864286], [80.1512928, 12.8864278], [80.1512928, 12.8864506], [80.1510639, 12.8864497], [80.1510639, 12.8864725], [80.1508349, 12.8864715], [80.1508349, 12.8864944], [80.1506747, 12.8864937], [80.1506747, 12.8865165], [80.1505144, 12.8865158], [80.1505144, 12.8865387], [80.150377, 12.8865381], [80.1503771, 12.8865609], [80.1502168, 12.8865602], [80.1502168, 12.8865831], [80.1500794, 12.8865825], [80.1500794, 12.8866053], [80.1499421, 12.8866047], [80.1499421, 12.8866275], [80.1497818, 12.8866269], [80.1497818, 12.8866497], [80.1496444, 12.8866491], [80.1496444, 12.8866719], [80.1495071, 12.8866714], [80.1495071, 12.8866942], [80.1493697, 12.8866936], [80.1493697, 12.8867164], [80.1492323, 12.8867159], [80.1492324, 12.8867387], [80.149095, 12.8867381], [80.149095, 12.8867609], [80.1489576, 12.8867604], [80.1489576, 12.8867832], [80.1488202, 12.8867826], [80.1488203, 12.8868054], [80.1486829, 12.8868048], [80.1486829, 12.8868277], [80.1485455, 12.8868271], [80.1485455, 12.8868499], [80.1484082, 12.8868493], [80.1484082, 12.8868721], [80.1482937, 12.8868717], [80.1482937, 12.8868945], [80.1481563, 12.8868939], [80.1481563, 12.8869167], [80.148019, 12.8869162], [80.148019, 12.886939], [80.1479045, 12.8869385], [80.1479045, 12.8869613], [80.1477671, 12.8869607], [80.1477671, 12.8869836], [80.1476298, 12.886983], [80.1476298, 12.8870058], [80.1474924, 12.8870052], [80.1474924, 12.887028], [80.1473779, 12.8870276], [80.147378, 12.8870504], [80.1472406, 12.8870498], [80.1472406, 12.8870726], [80.1471032, 12.8870721], [80.1471032, 12.8870949], [80.1469887, 12.8870944], [80.1469888, 12.8871172], [80.1468514, 12.8871167], [80.1468514, 12.8871395], [80.146714, 12.8871389], [80.146714, 12.8871617], [80.1465767, 12.8871611], [80.1465767, 12.887184], [80.1464393, 12.8871834], [80.1464393, 12.8872062], [80.1463019, 12.8872056], [80.1463019, 12.8872284], [80.1461646, 12.8872279], [80.1461646, 12.8872507], [80.1460272, 12.8872501], [80.1460272, 12.8872729], [80.1458898, 12.8872724], [80.1458899, 12.8872952], [80.1457525, 12.8872946], [80.1457525, 12.8873174], [80.145638, 12.887317], [80.1455693, 12.8873395], [80.1455007, 12.8874533], [80.1453176, 12.8875209], [80.1452947, 12.8875665], [80.1452031, 12.8875661], [80.1449742, 12.887702], [80.1449056, 12.8877017], [80.1439442, 12.8881996], [80.1438526, 12.8881993], [80.1436695, 12.8882669], [80.143555, 12.8882665], [80.143555, 12.8882893], [80.1433719, 12.8883113], [80.1433261, 12.8883568], [80.1431658, 12.8883561], [80.1430743, 12.8884014], [80.1429598, 12.8884009], [80.1428682, 12.8884461], [80.1427538, 12.8884457], [80.1426622, 12.8884909], [80.1425477, 12.8884904], [80.1425477, 12.8885132], [80.1424333, 12.8885128], [80.1423417, 12.888558], [80.1422272, 12.8885575], [80.1422272, 12.8885804], [80.1421128, 12.8885799], [80.1421128, 12.8886027], [80.1419754, 12.8886021], [80.1419754, 12.8886249], [80.1418151, 12.8886243], [80.1418151, 12.8886471], [80.1416778, 12.8886465], [80.1416778, 12.8886693], [80.1415404, 12.8886688], [80.1415404, 12.8886916], [80.141403, 12.888691], [80.1414031, 12.8887138], [80.1412657, 12.8887133], [80.1412657, 12.8887361], [80.1411283, 12.8887355], [80.1411283, 12.8887583], [80.1409909, 12.8887578], [80.140991, 12.8887806], [80.1408536, 12.88878], [80.1408536, 12.8888028], [80.1407162, 12.8888022], [80.1407162, 12.8888251], [80.1406018, 12.8888246], [80.1406018, 12.8888474], [80.1404873, 12.8888469], [80.1404873, 12.8888697], [80.1403728, 12.8888693], [80.1402813, 12.8889145], [80.1401668, 12.888914], [80.1401668, 12.8889368], [80.1400523, 12.8889364], [80.1400523, 12.8889592], [80.1395487, 12.8890712], [80.1394572, 12.8891849], [80.1394573, 12.8895042], [80.1394345, 12.8895041], [80.1394348, 12.8901657], [80.1394119, 12.8901656], [80.1394122, 12.8905762], [80.1393893, 12.8905761], [80.1393899, 12.8915571], [80.139367, 12.891557], [80.1393899, 12.8916939], [80.1394587, 12.8917855], [80.1395274, 12.8917858], [80.1395961, 12.8918317], [80.1397106, 12.8918321], [80.1397106, 12.891855], [80.140077, 12.8919249], [80.1401457, 12.8919708], [80.1402602, 12.8919713], [80.1402831, 12.892017], [80.1404434, 12.8920405], [80.1405808, 12.8921095], [80.140764, 12.8921331], [80.1408327, 12.8922018], [80.1408327, 12.8922474], [80.1409243, 12.8923162], [80.1409244, 12.8923846], [80.1409702, 12.8924077], [80.141016, 12.8925219], [80.1411306, 12.8926136], [80.1411306, 12.8926821], [80.1412452, 12.8927738], [80.1412452, 12.8928422], [80.1413139, 12.8928881], [80.1413139, 12.8929338], [80.1414056, 12.8930026], [80.1414056, 12.893071], [80.1414514, 12.8930712], [80.1414514, 12.8931396], [80.1414972, 12.8931626], [80.1416348, 12.8934141], [80.1417035, 12.8934601], [80.1418868, 12.8937802], [80.1419785, 12.893849], [80.1419785, 12.8939174], [80.1420243, 12.8939176], [80.1420243, 12.8939861], [80.142093, 12.894032], [80.1421847, 12.8942148], [80.1422993, 12.8943066], [80.1422993, 12.894375], [80.1423451, 12.8944436], [80.1424368, 12.8945124], [80.1424368, 12.8945809], [80.1425055, 12.8946496], [80.1425057, 12.8950146], [80.1425286, 12.8950147], [80.1425298, 12.8969766], [80.1425069, 12.8969765], [80.1425071, 12.8973415], [80.14253, 12.8973416], [80.1425315, 12.8998509], [80.1424857, 12.8998964], [80.14244, 12.9000787], [80.1424858, 12.9001245], [80.1424859, 12.9002614], [80.1425318, 12.90033], [80.1425324, 12.9013566], [80.1425095, 12.9013565], [80.1425095, 12.9014705], [80.1424866, 12.9014704], [80.1424867, 12.9016073], [80.1424638, 12.9016072], [80.1424639, 12.9017213], [80.142441, 12.9017212], [80.1424411, 12.9018581], [80.1424182, 12.901858], [80.1424182, 12.9019948], [80.1423954, 12.9019947], [80.1423954, 12.9021316], [80.1423725, 12.9021315], [80.1423726, 12.9022684], [80.1423497, 12.9022683], [80.1423498, 12.902428], [80.1423269, 12.9024279], [80.142327, 12.9025876], [80.1423041, 12.9025875], [80.1423042, 12.9027016], [80.1425332, 12.9027481]]]}}, {"type": "Feature", "properties": {"ward": "70", "zone": "5", "zone_name": "EAST TAMBARAM", "area_km2": 4.328}, "geometry": {"type": "Polygon", "coordinates": [[[80.1515794, 12.9066636], [80.1515565, 12.9066635], [80.1515566, 12.9068232], [80.1515337, 12.9068231], [80.1515339, 12.9071425], [80.1515568, 12.9071426], [80.151557, 12.9074847], [80.1515799, 12.9074848], [80.15158, 12.9076673], [80.1516029, 12.9076674], [80.151603, 12.9078271], [80.1516259, 12.9078957], [80.1517176, 12.9080329], [80.1517176, 12.9081013], [80.1518092, 12.9081245], [80.1519237, 12.908125], [80.1520153, 12.908171], [80.1524045, 12.9081726], [80.1524045, 12.9081498], [80.1527251, 12.9081511], [80.1527251, 12.9081283], [80.1530685, 12.9081297], [80.1530685, 12.9081069], [80.1534119, 12.9081083], [80.1534119, 12.9080855], [80.1536409, 12.9080865], [80.1536409, 12.9080637], [80.1538011, 12.9080643], [80.1538011, 12.9080415], [80.1539385, 12.9080421], [80.1539385, 12.9080193], [80.1540759, 12.9080198], [80.1540759, 12.907997], [80.1542132, 12.9079976], [80.1542132, 12.9079748], [80.1543735, 12.9079754], [80.1543735, 12.9079526], [80.1545109, 12.9079532], [80.1545108, 12.9079304], [80.1546482, 12.9079309], [80.1546482, 12.9079081], [80.1547856, 12.9079087], [80.1547856, 12.9078859], [80.1553122, 12.9078881], [80.1554038, 12.9079341], [80.1555183, 12.9079345], [80.1555183, 12.9079574], [80.1556786, 12.907958], [80.1556786, 12.9079808], [80.1558846, 12.9079817], [80.1561135, 12.9078229], [80.1561593, 12.9078231], [80.1562051, 12.9077549], [80.1562508, 12.9077551], [80.1569831, 12.9070053], [80.1570517, 12.9069599], [80.1571204, 12.906869], [80.1571662, 12.9068692], [80.1572348, 12.9067782], [80.1573035, 12.9067785], [80.1573493, 12.906733], [80.1575324, 12.906711], [80.1575324, 12.9066882], [80.1576698, 12.9066887], [80.1576698, 12.9066659], [80.15783, 12.9066666], [80.15783, 12.9066438], [80.1579903, 12.9066444], [80.1579903, 12.9066216], [80.1581506, 12.9066223], [80.1581505, 12.9065995], [80.1583108, 12.9066001], [80.1583108, 12.9065773], [80.1584711, 12.906578], [80.1584711, 12.9065552], [80.1586313, 12.9065558], [80.1586313, 12.906533], [80.1588145, 12.9065338], [80.1588145, 12.906511], [80.1589519, 12.9065115], [80.1589518, 12.9064887], [80.1591121, 12.9064894], [80.1591121, 12.9064666], [80.1592495, 12.9064671], [80.159341, 12.9064447], [80.1593868, 12.9063993], [80.1594784, 12.9063997], [80.1595699, 12.9063316], [80.1596157, 12.9063318], [80.1596844, 12.9062408], [80.1597072, 12.9061497], [80.1597071, 12.9060128], [80.15973, 12.9060129], [80.1597298, 12.9056935], [80.1597069, 12.9056934], [80.1597068, 12.9055109], [80.1596839, 12.9055108], [80.1596838, 12.9051914], [80.1596609, 12.9051914], [80.1596607, 12.904986], [80.1596836, 12.9049861], [80.1596835, 12.9047808], [80.1597293, 12.9047582], [80.1597292, 12.9046669], [80.1597978, 12.9045304], [80.1600954, 12.9044175], [80.1601412, 12.9043721], [80.1604159, 12.9043276], [80.1604846, 12.9042823], [80.1605533, 12.9042825], [80.160599, 12.9042371], [80.1606906, 12.9042375], [80.160805, 12.9041011], [80.1608737, 12.9040557], [80.1609194, 12.9039647], [80.1609193, 12.9038278], [80.1609422, 12.9038279], [80.160942, 12.9033716], [80.1609191, 12.9033716], [80.160919, 12.9031891], [80.1608961, 12.903189], [80.160896, 12.9030293], [80.1608731, 12.9030292], [80.160873, 12.9028467], [80.1608501, 12.9028466], [80.16085, 12.9026869], [80.1608271, 12.9026868], [80.160827, 12.9025043], [80.1608041, 12.9025042], [80.160804, 12.9023445], [80.1607811, 12.9023444], [80.160781, 12.9021619], [80.1607581, 12.9021618], [80.1607579, 12.9017968], [80.1607808, 12.9017969], [80.1607807, 12.9016372], [80.1608035, 12.9015461], [80.1609866, 12.9014328], [80.1610095, 12.9013872], [80.1610782, 12.9013875], [80.1611697, 12.9013423], [80.1611926, 12.9012968], [80.1612613, 12.901297], [80.1613071, 12.9012516], [80.1613986, 12.9012292], [80.1616047, 12.90123], [80.1616047, 12.9012528], [80.1617879, 12.9012536], [80.1617879, 12.9012764], [80.1619024, 12.9012769], [80.161994, 12.9013229], [80.1620856, 12.9013233], [80.1621543, 12.9013692], [80.1626123, 12.9014623], [80.162681, 12.9015082], [80.1627726, 12.9015086], [80.1630245, 12.9016693], [80.1631161, 12.9017153], [80.1631391, 12.9018751], [80.1631849, 12.9019209], [80.163185, 12.9020122], [80.1632308, 12.9020808], [80.1632309, 12.9022633], [80.1632538, 12.9022634], [80.1632539, 12.9024231], [80.1632768, 12.9024232], [80.1632769, 12.9025829], [80.1632998, 12.902583], [80.1632999, 12.9027655], [80.1633228, 12.9027655], [80.1633229, 12.902948], [80.1633458, 12.9029481], [80.1633459, 12.9031078], [80.1633688, 12.9031079], [80.1633689, 12.9032904], [80.1633918, 12.9032905], [80.1633919, 12.9034274], [80.1634148, 12.9034275], [80.1634148, 12.9035415], [80.1634377, 12.9035416], [80.1634378, 12.9036557], [80.1635524, 12.9038387], [80.1635524, 12.9039071], [80.1636441, 12.9039987], [80.1636441, 12.9040444], [80.1639646, 12.9040457], [80.1639646, 12.9040229], [80.1641478, 12.9040236], [80.1642165, 12.9039783], [80.1642852, 12.9039786], [80.1643309, 12.9039331], [80.1644454, 12.9039336], [80.1644454, 12.9039108], [80.1645828, 12.9039114], [80.1645827, 12.9038886], [80.164743, 12.9038892], [80.164743, 12.9038664], [80.1648804, 12.903867], [80.1648804, 12.9038442], [80.1649949, 12.9038446], [80.1650865, 12.9038678], [80.1652926, 12.9039599], [80.1654529, 12.9039834], [80.1654526, 12.9035043], [80.1654297, 12.9035042], [80.1654295, 12.9031849], [80.1655211, 12.9031624], [80.1655212, 12.9034134], [80.1655899, 12.9034137], [80.1655897, 12.9031399], [80.1656584, 12.9031174], [80.1656586, 12.9034139], [80.1657502, 12.9033915], [80.1657043, 12.9032544], [80.1657042, 12.9030948], [80.1657958, 12.9030723], [80.1659102, 12.9029131], [80.16591, 12.9026394], [80.1659329, 12.9026395], [80.1659326, 12.902206], [80.1659097, 12.9022059], [80.1659096, 12.9020462], [80.1658867, 12.9020461], [80.1658866, 12.9018636], [80.1658637, 12.9018635], [80.1658637, 12.9017267], [80.1658407, 12.9016353], [80.1659552, 12.901613], [80.1659781, 12.9015675], [80.1660925, 12.9015679], [80.1661383, 12.9015225], [80.1663443, 12.9014777], [80.1664359, 12.9014097], [80.1664816, 12.9013186], [80.1664816, 12.9012274], [80.1665273, 12.9012047], [80.1665502, 12.9011136], [80.1666417, 12.9010227], [80.1666646, 12.9009315], [80.1667561, 12.9008407], [80.1667789, 12.9007495], [80.1667789, 12.9006355], [80.1668018, 12.9006356], [80.1668017, 12.9005215], [80.1668246, 12.9005216], [80.1668245, 12.9004075], [80.1669619, 12.9004081], [80.167145, 12.9002948], [80.1671679, 12.9002493], [80.1671677, 12.8999527], [80.1671906, 12.8999528], [80.1671905, 12.8998387], [80.1672134, 12.8997932], [80.1675797, 12.8997947], [80.1676485, 12.8998406], [80.1679461, 12.8998418], [80.1679461, 12.8998647], [80.1682896, 12.8998661], [80.1682896, 12.8998889], [80.1685872, 12.8998901], [80.1686788, 12.8998221], [80.1687245, 12.899731], [80.168793, 12.8994803], [80.1688617, 12.8994806], [80.1689075, 12.8994352], [80.1690449, 12.8994129], [80.1690906, 12.8993675], [80.1691593, 12.8993678], [80.1693653, 12.8992774], [80.1694798, 12.8992779], [80.1695714, 12.8992326], [80.1696858, 12.8992331], [80.1697316, 12.8991877], [80.1698461, 12.8991881], [80.1698461, 12.8991425], [80.1699148, 12.8991428], [80.1700063, 12.8990291], [80.170075, 12.8990294], [80.1703038, 12.8988935], [80.1705786, 12.8988946], [80.1705786, 12.8988718], [80.170716, 12.8988723], [80.1707159, 12.8988495], [80.1708762, 12.8988502], [80.1708762, 12.8988274], [80.1709907, 12.898805], [80.1709906, 12.8987594], [80.1711509, 12.8987601], [80.1711509, 12.8987373], [80.1714486, 12.8987385], [80.1714485, 12.8987157], [80.1717233, 12.8987168], [80.1718606, 12.898649], [80.1718606, 12.8985805], [80.1719064, 12.8985579], [80.1719521, 12.8984212], [80.1720437, 12.8984216], [80.1721581, 12.8983536], [80.1722955, 12.8983542], [80.1723871, 12.8983318], [80.1725931, 12.8982414], [80.172593, 12.8981729], [80.1726388, 12.8981503], [80.1726388, 12.898059], [80.1726845, 12.8979908], [80.1727532, 12.8979683], [80.1727989, 12.8979], [80.1728676, 12.8978775], [80.1728905, 12.8977863], [80.1729362, 12.8977865], [80.1730734, 12.8974677], [80.1731192, 12.8973995], [80.1732566, 12.8973772], [80.1733023, 12.8973318], [80.1734626, 12.8973324], [80.1735084, 12.897287], [80.1736457, 12.8972876], [80.1737144, 12.8972422], [80.173806, 12.8972426], [80.1738746, 12.8971973], [80.1739662, 12.8971977], [80.174012, 12.8971522], [80.1741036, 12.8971526], [80.1741951, 12.8970389], [80.174195, 12.8968792], [80.1741492, 12.8967878], [80.1741491, 12.8966509], [80.1741262, 12.8966508], [80.1741261, 12.8965139], [80.1740803, 12.8964225], [80.1740802, 12.8963084], [80.1740573, 12.8963083], [80.1740572, 12.8961943], [80.1740343, 12.8961942], [80.1740343, 12.8960801], [80.1740114, 12.89608], [80.1740111, 12.8956238], [80.174034, 12.8956239], [80.1740335, 12.8947798], [80.1740564, 12.8947799], [80.1740562, 12.8945062], [80.1740791, 12.8945063], [80.1740791, 12.8943922], [80.174102, 12.8943923], [80.1741019, 12.8942554], [80.1741248, 12.8942555], [80.1741247, 12.8941186], [80.1741476, 12.8941187], [80.1741475, 12.8939819], [80.1741704, 12.8939819], [80.1741703, 12.8938679], [80.1741932, 12.893868], [80.1741932, 12.8937311], [80.1742161, 12.8937312], [80.174216, 12.8935943], [80.1742389, 12.8935944], [80.1742388, 12.8934575], [80.1742617, 12.8934576], [80.1742616, 12.8933208], [80.1742845, 12.8933209], [80.1742844, 12.893184], [80.1743073, 12.8931841], [80.1743072, 12.8930472], [80.1743301, 12.8930473], [80.17433, 12.8928876], [80.1743529, 12.8928877], [80.1743529, 12.8927508], [80.1743758, 12.8927509], [80.1743757, 12.8925912], [80.1743986, 12.8925913], [80.1743985, 12.8924545], [80.1744214, 12.8924546], [80.1744213, 12.8922949], [80.1744442, 12.892295], [80.1744441, 12.8921581], [80.174467, 12.8921582], [80.1744669, 12.8919985], [80.1744898, 12.8919986], [80.1744897, 12.8918617], [80.1745126, 12.8918618], [80.1745125, 12.8917249], [80.1745354, 12.891725], [80.1745354, 12.891611], [80.1746039, 12.8914288], [80.1746039, 12.8913147], [80.1746496, 12.8912236], [80.1746495, 12.8911096], [80.1746953, 12.8910185], [80.1746952, 12.8908816], [80.1747181, 12.8908817], [80.174718, 12.8906308], [80.1746951, 12.8906307], [80.1746721, 12.8904937], [80.1746263, 12.8904479], [80.1746262, 12.8903795], [80.1745346, 12.8902422], [80.1745345, 12.8901738], [80.1744199, 12.8899908], [80.1744199, 12.8899224], [80.1742824, 12.8896937], [80.1742823, 12.8896252], [80.1741219, 12.8893508], [80.1741219, 12.8892824], [80.1739614, 12.889008], [80.1739614, 12.8889395], [80.173801, 12.8886651], [80.1738009, 12.8885967], [80.1736176, 12.8882766], [80.1736175, 12.8882081], [80.1734112, 12.8878423], [80.1734112, 12.8877738], [80.1733654, 12.8877508], [80.1729298, 12.8868365], [80.172884, 12.8868135], [80.1724485, 12.8858992], [80.1724027, 12.8858762], [80.172013, 12.8851446], [80.1719672, 12.8851216], [80.171784, 12.8851209], [80.171784, 12.8850981], [80.1715322, 12.885097], [80.1715551, 12.8851884], [80.1714635, 12.885188], [80.1710973, 12.8853005], [80.1706622, 12.8852987], [80.1706622, 12.8853216], [80.1703875, 12.8853204], [80.1703875, 12.8853432], [80.1702501, 12.8853427], [80.1702501, 12.8853655], [80.1701128, 12.8853649], [80.1699296, 12.8854326], [80.1699068, 12.8854781], [80.1692657, 12.8854755], [80.1692657, 12.8854527], [80.1687848, 12.8854507], [80.1687849, 12.8854735], [80.1683956, 12.8854719], [80.1683498, 12.8854945], [80.1682582, 12.8854029], [80.1680521, 12.885402], [80.1680522, 12.8854248], [80.167869, 12.8854241], [80.167869, 12.8854013], [80.1677087, 12.8854006], [80.1677087, 12.8853778], [80.1675026, 12.8853769], [80.1675026, 12.8853541], [80.1673194, 12.8853534], [80.1673194, 12.8853306], [80.1668615, 12.8853287], [80.1668615, 12.8853059], [80.1667012, 12.8853052], [80.1667012, 12.8852824], [80.1665409, 12.8852817], [80.1665409, 12.8852589], [80.166312, 12.885258], [80.1662204, 12.8853032], [80.1660601, 12.8853026], [80.1660601, 12.8852797], [80.1659456, 12.8852793], [80.1659456, 12.8852565], [80.1658082, 12.8852559], [80.1658082, 12.8852331], [80.1656708, 12.8852325], [80.1656708, 12.8852097], [80.1655106, 12.885209], [80.1655105, 12.8851862], [80.1653503, 12.8851856], [80.1653503, 12.8851627], [80.1651671, 12.885162], [80.1651671, 12.8851392], [80.1649839, 12.8851384], [80.1649839, 12.8851156], [80.1647778, 12.8851148], [80.1647549, 12.885069], [80.1646862, 12.8850688], [80.1646633, 12.885023], [80.1645488, 12.8850226], [80.1645488, 12.8849998], [80.1643885, 12.8849991], [80.1642969, 12.8849759], [80.1642283, 12.8850212], [80.1640909, 12.8850207], [80.1640909, 12.8849979], [80.1639535, 12.8849973], [80.1638619, 12.8850197], [80.1638391, 12.8850653], [80.163404, 12.8850635], [80.1633124, 12.8850175], [80.1631979, 12.885017], [80.1631979, 12.8849942], [80.1630835, 12.8849937], [80.1630834, 12.8849709], [80.1628087, 12.8849698], [80.16274, 12.884901], [80.1616409, 12.8848965], [80.161641, 12.8849193], [80.1606335, 12.8849151], [80.1606335, 12.884938], [80.1596032, 12.8849337], [80.1596032, 12.8849565], [80.1594659, 12.8849559], [80.1594658, 12.8849331], [80.1593285, 12.8849326], [80.1593284, 12.8849098], [80.1591911, 12.8849092], [80.1591911, 12.8848864], [80.1590308, 12.8848857], [80.1590308, 12.8848629], [80.1588934, 12.8848623], [80.1588934, 12.8848395], [80.158756, 12.884839], [80.158756, 12.8848161], [80.1586415, 12.8848157], [80.1586415, 12.8847929], [80.1585041, 12.8847923], [80.1585041, 12.8847695], [80.1583896, 12.884769], [80.1583896, 12.8847462], [80.1582751, 12.8847457], [80.1581835, 12.8846997], [80.1580004, 12.884699], [80.1580006, 12.8851552], [80.1579549, 12.8852235], [80.1579549, 12.8852919], [80.1579091, 12.8853373], [80.1579092, 12.8854058], [80.1578634, 12.8854512], [80.1578635, 12.8855196], [80.1578177, 12.8855651], [80.1578177, 12.8856335], [80.157772, 12.8856789], [80.157772, 12.8857474], [80.1576348, 12.8859749], [80.1576348, 12.8860206], [80.1575204, 12.8861113], [80.1574746, 12.8861796], [80.1574288, 12.8861794], [80.1573831, 12.8862477], [80.1572457, 12.8862927], [80.1572228, 12.8863382], [80.1563073, 12.8867679], [80.1562844, 12.8868134], [80.1552772, 12.8872883], [80.1552544, 12.8873339], [80.1548423, 12.8875147], [80.1546592, 12.887628], [80.1542014, 12.8878314], [80.1541786, 12.8878769], [80.1531256, 12.8883744], [80.1531028, 12.88842], [80.1520956, 12.8888949], [80.1520728, 12.8889404], [80.1514776, 12.8892117], [80.151409, 12.889257], [80.151203, 12.8894843], [80.1511801, 12.8894842], [80.1511802, 12.8896895], [80.1512031, 12.8896896], [80.1512032, 12.8898721], [80.1512261, 12.8898722], [80.1512262, 12.8899863], [80.151295, 12.8901006], [80.1513409, 12.8903061], [80.1513867, 12.8903519], [80.1514326, 12.8905574], [80.1514784, 12.8906032], [80.1515473, 12.8908773], [80.1515931, 12.8909231], [80.151639, 12.8911286], [80.1516848, 12.8911744], [80.1517307, 12.8913799], [80.1517766, 12.8914257], [80.1518454, 12.8916998], [80.1518912, 12.8917456], [80.1519371, 12.8919511], [80.151983, 12.8919969], [80.1520518, 12.8922709], [80.1520976, 12.8923167], [80.1521665, 12.8925908], [80.1522123, 12.8926366], [80.1522582, 12.8928421], [80.152304, 12.8928879], [80.1525564, 12.8937102], [80.1525793, 12.8938015], [80.152671, 12.8940072], [80.1526711, 12.8940757], [80.1527627, 12.8941445], [80.1527856, 12.8942586], [80.1528544, 12.8943502], [80.152946, 12.8943734], [80.1529689, 12.8944647], [80.1528774, 12.8946012], [80.1528775, 12.8947153], [80.1530609, 12.8951951], [80.153061, 12.8952863], [80.1533133, 12.8959717], [80.1533133, 12.896063], [80.153405, 12.8962687], [80.1534051, 12.8963371], [80.1534509, 12.8963829], [80.1536115, 12.8969311], [80.1536573, 12.8969769], [80.1538179, 12.8975251], [80.1538637, 12.8975709], [80.1540014, 12.8980505], [80.1540472, 12.8980963], [80.1542078, 12.8986445], [80.1542536, 12.8986903], [80.1544142, 12.8992385], [80.15446, 12.8992843], [80.1545059, 12.8995126], [80.1548499, 12.9004721], [80.15485, 12.9005406], [80.155125, 12.9010436], [80.1551708, 12.9011122], [80.1555606, 12.9019351], [80.1556293, 12.9020038], [80.1556981, 12.9022778], [80.155721, 12.9022779], [80.1557211, 12.902392], [80.155744, 12.9023921], [80.1557441, 12.9025289], [80.1556525, 12.9025514], [80.1554923, 12.9026876], [80.1553778, 12.9026871], [80.1553778, 12.9027099], [80.1552405, 12.9027094], [80.1552405, 12.9027322], [80.1549886, 12.9027311], [80.1549886, 12.9027539], [80.1547597, 12.902753], [80.1547597, 12.9027758], [80.1545307, 12.9027749], [80.1545307, 12.9027977], [80.1543018, 12.9027967], [80.1543018, 12.9028195], [80.1539126, 12.9028179], [80.1539126, 12.9028407], [80.1537065, 12.9028399], [80.1537065, 12.9028627], [80.1535005, 12.9028619], [80.1535005, 12.9028847], [80.1532944, 12.9028838], [80.1532944, 12.9029066], [80.1530883, 12.9029058], [80.1530884, 12.9029286], [80.1528823, 12.9029277], [80.1528823, 12.9029506], [80.1527449, 12.90295], [80.1526763, 12.9029725], [80.1525847, 12.9030406], [80.1524702, 12.9030629], [80.1524474, 12.9031084], [80.1523787, 12.903131], [80.1523788, 12.903245], [80.152333, 12.9033361], [80.1523332, 12.9036327], [80.152379, 12.9037241], [80.1523791, 12.9038382], [80.1524021, 12.9039067], [80.1524708, 12.9039982], [80.1524708, 12.9040667], [80.1525166, 12.9040897], [80.1525396, 12.904181], [80.1525854, 12.9041812], [80.1527687, 12.9043873], [80.1528375, 12.9046157], [80.1529063, 12.9047528], [80.1529064, 12.9049353], [80.1529293, 12.9049354], [80.1529294, 12.9051407], [80.1529523, 12.9051408], [80.1529524, 12.9053233], [80.1529753, 12.9053234], [80.1529754, 12.9055287], [80.1529983, 12.9055288], [80.1529986, 12.9059623], [80.1529528, 12.9060305], [80.1529529, 12.9061446], [80.1527698, 12.9062579], [80.1527011, 12.9062576], [80.1526553, 12.906303], [80.1525179, 12.9063025], [80.1525179, 12.9063253], [80.1523348, 12.9063245], [80.1523348, 12.9063473], [80.15206, 12.9063462], [80.1520601, 12.906369], [80.1519227, 12.9063684], [80.1519227, 12.9063913], [80.1517853, 12.9063907], [80.1517853, 12.9064135], [80.1516708, 12.906413], [80.1515793, 12.9064583], [80.1515794, 12.9066636]]]}}]}