<?xml version="1.0" encoding="UTF-8"?>
<kml xmlns="http://www.opengis.net/kml/2.2"><Document><name>Tambaram-Wards</name>
<Placemark><name>1</name><ExtendedData><SchemaData schemaUrl="#tambaram_wards"><SimpleData name="id_2">TMB_01</SimpleData><SimpleData name="name">1</SimpleData><SimpleData name="zone">1</SimpleData></SchemaData></ExtendedData><MultiGeometry><Polygon><outerBoundaryIs><LinearRing><coordinates>80.1208075,12.9856043,0 80.1208073,12.9853077,0 80.1208302,12.9853078,0 80.1208301,12.9850797,0 80.1208987,12.9849659,0 80.1208986,12.9848975,0 80.1209673,12.9848065,0 80.1210131,12.9848067,0 80.1214249,12.9843750,0 80.1215623,12.9843299,0 80.1215623,12.9843071,0 80.1219057,12.9843085,0 80.1219744,12.9843544,0 80.1220431,12.9843547,0 80.1222493,12.9844924,0 80.1223409,12.9845156,0 80.1224096,12.9845843,0 80.1227302,12.9846541,0 80.1227302,12.9846769,0 80.1232339,12.9846790,0 80.1232339,12.9846562,0 80.1233484,12.9846567,0 80.1233484,12.9846339,0 80.1234857,12.9846344,0 80.1235086,12.9845889,0 80.1236002,12.9845665,0 80.1236459,12.9844982,0 80.1237375,12.9844758,0 80.1237833,12.9844075,0 80.1238291,12.9844077,0 80.1238748,12.9843395,0 80.1239206,12.9843397,0 80.1239892,12.9842487,0 80.1240350,12.9842489,0 80.1240808,12.9841806,0 80.1241266,12.9841808,0 80.1241952,12.9840899,0 80.1242410,12.9840900,0 80.1242867,12.9840218,0 80.1243325,12.9840220,0 80.1243783,12.9839537,0 80.1244241,12.9839539,0 80.1244927,12.9838630,0 80.1245385,12.9838631,0 80.1245843,12.9837949,0 80.1246301,12.9837951,0 80.1246987,12.9837041,0 80.1247674,12.9836588,0 80.1248589,12.9836363,0 80.1249047,12.9835681,0 80.1249505,12.9835683,0 80.1250191,12.9835001,0 80.1250878,12.9835004,0 80.1251107,12.9834549,0 80.1255685,12.9832515,0 80.1256600,12.9832290,0 80.1257287,12.9831837,0 80.1258203,12.9831613,0 80.1259348,12.9831617,0 80.1260263,12.9831165,0 80.1261408,12.9831170,0 80.1261408,12.9830941,0 80.1262553,12.9830946,0 80.1262553,12.9830718,0 80.1263926,12.9830724,0 80.1263926,12.9830496,0 80.1265300,12.9830501,0 80.1265300,12.9830273,0 80.1266445,12.9830278,0 80.1266444,12.9830050,0 80.1267818,12.9830055,0 80.1267818,12.9829827,0 80.1269192,12.9829833,0 80.1269192,12.9829605,0 80.1270337,12.9829610,0 80.1270336,12.9829381,0 80.1271710,12.9829387,0 80.1271710,12.9829159,0 80.1273084,12.9829165,0 80.1273084,12.9828937,0 80.1274228,12.9828941,0 80.1274228,12.9828713,0 80.1275602,12.9828719,0 80.1275602,12.9828491,0 80.1276976,12.9828496,0 80.1276976,12.9828268,0 80.1278120,12.9828273,0 80.1278120,12.9828045,0 80.1279494,12.9828050,0 80.1279494,12.9827822,0 80.1280639,12.9827827,0 80.1280639,12.9827599,0 80.1281783,12.9827604,0 80.1282699,12.9827379,0 80.1283386,12.9826698,0 80.1284072,12.9826701,0 80.1284759,12.9826247,0 80.1285445,12.9825109,0 80.1287276,12.9823520,0 80.1287505,12.9822837,0 80.1288420,12.9822612,0 80.1289336,12.9821704,0 80.1291167,12.9821027,0 80.1291396,12.9820572,0 80.1293227,12.9819895,0 80.1293914,12.9819441,0 80.1294830,12.9819901,0 80.1297350,12.9822649,0 80.1297808,12.9822651,0 80.1298495,12.9823338,0 80.1298267,12.9824250,0 80.1298267,12.9825391,0 80.1297810,12.9826073,0 80.1297810,12.9826986,0 80.1297353,12.9827668,0 80.1297125,12.9829492,0 80.1296896,12.9829491,0 80.1296897,12.9830860,0 80.1296668,12.9830859,0 80.1296669,12.9832684,0 80.1296440,12.9832683,0 80.1296441,12.9834280,0 80.1295983,12.9834734,0 80.1295755,12.9836330,0 80.1295069,12.9837240,0 80.1291864,12.9838139,0 80.1291177,12.9838592,0 80.1290261,12.9838589,0 80.1289346,12.9839269,0 80.1288201,12.9839493,0 80.1287973,12.9839948,0 80.1287057,12.9840172,0 80.1287058,12.9841769,0 80.1286829,12.9841768,0 80.1286830,12.9844049,0 80.1287059,12.9844050,0 80.1287060,12.9845647,0 80.1287519,12.9846562,0 80.1287519,12.9847702,0 80.1287978,12.9848389,0 80.1287978,12.9849757,0 80.1288896,12.9852499,0 80.1288896,12.9853639,0 80.1289125,12.9853640,0 80.1289126,12.9854781,0 80.1289355,12.9854782,0 80.1289356,12.9856379,0 80.1289585,12.9856380,0 80.1289586,12.9857976,0 80.1289815,12.9857977,0 80.1289816,12.9859574,0 80.1290045,12.9859575,0 80.1290045,12.9860716,0 80.1290275,12.9861629,0 80.1290733,12.9862087,0 80.1290733,12.9862772,0 80.1291879,12.9864601,0 80.1293024,12.9864834,0 80.1293253,12.9865292,0 80.1294169,12.9865523,0 80.1294857,12.9865983,0 80.1295544,12.9867126,0 80.1296002,12.9867356,0 80.1296232,12.9868269,0 80.1296690,12.9868499,0 80.1296690,12.9869184,0 80.1297378,12.9870099,0 80.1298066,12.9873068,0 80.1298754,12.9874439,0 80.1298754,12.9875352,0 80.1299442,12.9876723,0 80.1299443,12.9877636,0 80.1300130,12.9879007,0 80.1300131,12.9879920,0 80.1300819,12.9881291,0 80.1300819,12.9882204,0 80.1301736,12.9884261,0 80.1301737,12.9884945,0 80.1302195,12.9885175,0 80.1302195,12.9885860,0 80.1302653,12.9886090,0 80.1302883,12.9887003,0 80.1303341,12.9887689,0 80.1303799,12.9887691,0 80.1306090,12.9890210,0 80.1306319,12.9891124,0 80.1306778,12.9891810,0 80.1307465,12.9892269,0 80.1307694,12.9893182,0 80.1308152,12.9893412,0 80.1308382,12.9894326,0 80.1308840,12.9894556,0 80.1308840,12.9895240,0 80.1309757,12.9896613,0 80.1309758,12.9897981,0 80.1309987,12.9897982,0 80.1309988,12.9899351,0 80.1310217,12.9899352,0 80.1310220,12.9904599,0 80.1309990,12.9904370,0 80.1308159,12.9904362,0 80.1308159,12.9904590,0 80.1307014,12.9904586,0 80.1307014,12.9904358,0 80.1296940,12.9904316,0 80.1296940,12.9904088,0 80.1293963,12.9904076,0 80.1293964,12.9905444,0 80.1292590,12.9905439,0 80.1292590,12.9905210,0 80.1293735,12.9905215,0 80.1293734,12.9904075,0 80.1286865,12.9904046,0 80.1286865,12.9903818,0 80.1284347,12.9903808,0 80.1284347,12.9904948,0 80.1284118,12.9904947,0 80.1284118,12.9903807,0 80.1282515,12.9903800,0 80.1282516,12.9905397,0 80.1264886,12.9905324,0 80.1264656,12.9904183,0 80.1264428,12.9905322,0 80.1263283,12.9905318,0 80.1263054,12.9904860,0 80.1263053,12.9902807,0 80.1262824,12.9903719,0 80.1261909,12.9904171,0 80.1261908,12.9903259,0 80.1262595,12.9903033,0 80.1262137,12.9902575,0 80.1261679,12.9903258,0 80.1260992,12.9903255,0 80.1260992,12.9902571,0 80.1260076,12.9902339,0 80.1259847,12.9901653,0 80.1260304,12.9901427,0 80.1260304,12.9900743,0 80.1259846,12.9900057,0 80.1259159,12.9900510,0 80.1259388,12.9900739,0 80.1259389,12.9901880,0 80.1258473,12.9902104,0 80.1257786,12.9901873,0 80.1257557,12.9901188,0 80.1257099,12.9901186,0 80.1256640,12.9900500,0 80.1257327,12.9900502,0 80.1258013,12.9898680,0 80.1257097,12.9898220,0 80.1256410,12.9897533,0 80.1256410,12.9898217,0 80.1255723,12.9898443,0 80.1254807,12.9897526,0 80.1255265,12.9897072,0 80.1255264,12.9896388,0 80.1254806,12.9896158,0 80.1254578,12.9897069,0 80.1254120,12.9897067,0 80.1253203,12.9896151,0 80.1253202,12.9894554,0 80.1252974,12.9895238,0 80.1252058,12.9895234,0 80.1252058,12.9894778,0 80.1252745,12.9894552,0 80.1252744,12.9894096,0 80.1251371,12.9894547,0 80.1251141,12.9893633,0 80.1251828,12.9893636,0 80.1251599,12.9892722,0 80.1251141,12.9892949,0 80.1250912,12.9893860,0 80.1249767,12.9893171,0 80.1249538,12.9891801,0 80.1249995,12.9890663,0 80.1249537,12.9890661,0 80.1248851,12.9892483,0 80.1248394,12.9893166,0 80.1247706,12.9892706,0 80.1248393,12.9891569,0 80.1247935,12.9891567,0 80.1247933,12.9889285,0 80.1248391,12.9888831,0 80.1249078,12.9888834,0 80.1248390,12.9887462,0 80.1247932,12.9887232,0 80.1247703,12.9886319,0 80.1246557,12.9884945,0 80.1246557,12.9884261,0 80.1246099,12.9884259,0 80.1245869,12.9883346,0 80.1244724,12.9881972,0 80.1244723,12.9881288,0 80.1244265,12.9881286,0 80.1244036,12.9880373,0 80.1243119,12.9879456,0 80.1242890,12.9878543,0 80.1241744,12.9877169,0 80.1241744,12.9876485,0 80.1241286,12.9876483,0 80.1241056,12.9875570,0 80.1239911,12.9874196,0 80.1239910,12.9873512,0 80.1239453,12.9873510,0 80.1239223,12.9872596,0 80.1238765,12.9872366,0 80.1238764,12.9870541,0 80.1240366,12.9869407,0 80.1241053,12.9869182,0 80.1241051,12.9865532,0 80.1240364,12.9865301,0 80.1240363,12.9864845,0 80.1239676,12.9864842,0 80.1239219,12.9865296,0 80.1238532,12.9865294,0 80.1238531,12.9863697,0 80.1238302,12.9863696,0 80.1238305,12.9868030,0 80.1238076,12.9868029,0 80.1238073,12.9863239,0 80.1237157,12.9862779,0 80.1236469,12.9861863,0 80.1235553,12.9861631,0 80.1234866,12.9860716,0 80.1233492,12.9860026,0 80.1233494,12.9863220,0 80.1233265,12.9863219,0 80.1233262,12.9859569,0 80.1230743,12.9858190,0 80.1230514,12.9857732,0 80.1229140,12.9857271,0 80.1228910,12.9856585,0 80.1228452,12.9856355,0 80.1226850,12.9856349,0 80.1226850,12.9856577,0 80.1220897,12.9856552,0 80.1220897,12.9856780,0 80.1219065,12.9856773,0 80.1216317,12.9856077,0 80.1215859,12.9855619,0 80.1214943,12.9855387,0 80.1213111,12.9855379,0 80.1213111,12.9855151,0 80.1211509,12.9855145,0 80.1211509,12.9856057,0 80.1208075,12.9856043,0</coordinates></LinearRing></outerBoundaryIs></Polygon></MultiGeometry></Placemark>
<Placemark><name>2</name><ExtendedData><SchemaData schemaUrl="#tambaram_wards"><SimpleData name="id_2">TMB_02</SimpleData><SimpleData name="name">2</SimpleData><SimpleData name="zone">1</SimpleData></SchemaData></ExtendedData><MultiGeometry><Polygon><outerBoundaryIs><LinearRing><coordinates>80.1310220,12.9904599,0 80.1310217,12.9899352,0 80.1309988,12.9899351,0 80.1309987,12.9897982,0 80.1309758,12.9897981,0 80.1309757,12.9896613,0 80.1308840,12.9895240,0 80.1308840,12.9894556,0 80.1308382,12.9894326,0 80.1308152,12.9893412,0 80.1307694,12.9893182,0 80.1307465,12.9892269,0 80.1306778,12.9891810,0 80.1306319,12.9891124,0 80.1306090,12.9890210,0 80.1303799,12.9887691,0 80.1303341,12.9887689,0 80.1302883,12.9887003,0 80.1302653,12.9886090,0 80.1302195,12.9885860,0 80.1302195,12.9885175,0 80.1301737,12.9884945,0 80.1301736,12.9884261,0 80.1300819,12.9882204,0 80.1300819,12.9881291,0 80.1300131,12.9879920,0 80.1300130,12.9879007,0 80.1299443,12.9877636,0 80.1299442,12.9876723,0 80.1298754,12.9875352,0 80.1298754,12.9874439,0 80.1298066,12.9873068,0 80.1297378,12.9870099,0 80.1296690,12.9869184,0 80.1296690,12.9868499,0 80.1296232,12.9868269,0 80.1296002,12.9867356,0 80.1295544,12.9867126,0 80.1294857,12.9865983,0 80.1294169,12.9865523,0 80.1293253,12.9865292,0 80.1293024,12.9864834,0 80.1291879,12.9864601,0 80.1290733,12.9862772,0 80.1290733,12.9862087,0 80.1290275,12.9861629,0 80.1290045,12.9860716,0 80.1290045,12.9859575,0 80.1289816,12.9859574,0 80.1289815,12.9857977,0 80.1289586,12.9857976,0 80.1289585,12.9856380,0 80.1289356,12.9856379,0 80.1289355,12.9854782,0 80.1289126,12.9854781,0 80.1289125,12.9853640,0 80.1288896,12.9853639,0 80.1288896,12.9852499,0 80.1287978,12.9849757,0 80.1287978,12.9848389,0 80.1287519,12.9847702,0 80.1287519,12.9846562,0 80.1287060,12.9845647,0 80.1287059,12.9844050,0 80.1286830,12.9844049,0 80.1286829,12.9841768,0 80.1287058,12.9841769,0 80.1287057,12.9840172,0 80.1287973,12.9839948,0 80.1288201,12.9839493,0 80.1289346,12.9839269,0 80.1290261,12.9838589,0 80.1291177,12.9838592,0 80.1291864,12.9838139,0 80.1295069,12.9837240,0 80.1295755,12.9836330,0 80.1295983,12.9834734,0 80.1296441,12.9834280,0 80.1296440,12.9832683,0 80.1296669,12.9832684,0 80.1296668,12.9830859,0 80.1296897,12.9830860,0 80.1296896,12.9829491,0 80.1297125,12.9829492,0 80.1297353,12.9827668,0 80.1297810,12.9826986,0 80.1297810,12.9826073,0 80.1298267,12.9825391,0 80.1298267,12.9824250,0 80.1298495,12.9823338,0 80.1297808,12.9822651,0 80.1297350,12.9822649,0 80.1294830,12.9819901,0 80.1293914,12.9819441,0 80.1293913,12.9817844,0 80.1293684,12.9817844,0 80.1293683,12.9816247,0 80.1293454,12.9816246,0 80.1293453,12.9815105,0 80.1293224,12.9815104,0 80.1293223,12.9813279,0 80.1292765,12.9812365,0 80.1292763,12.9809627,0 80.1292534,12.9809626,0 80.1292533,12.9807801,0 80.1292304,12.9807800,0 80.1292303,12.9805975,0 80.1292074,12.9805974,0 80.1292073,12.9804149,0 80.1291844,12.9804148,0 80.1291843,12.9802323,0 80.1291614,12.9802323,0 80.1291613,12.9800498,0 80.1291384,12.9800497,0 80.1291383,12.9799128,0 80.1290924,12.9797529,0 80.1290237,12.9796614,0 80.1290007,12.9795244,0 80.1290693,12.9794106,0 80.1291380,12.9793653,0 80.1291380,12.9793197,0 80.1294355,12.9790471,0 80.1294812,12.9790245,0 80.1295956,12.9788881,0 80.1296414,12.9788883,0 80.1298016,12.9787065,0 80.1298245,12.9786609,0 80.1299847,12.9785247,0 80.1299846,12.9784791,0 80.1300762,12.9784110,0 80.1300761,12.9783654,0 80.1301906,12.9782746,0 80.1301905,12.9782290,0 80.1302821,12.9781610,0 80.1302821,12.9781153,0 80.1303736,12.9780473,0 80.1303736,12.9780016,0 80.1304422,12.9779563,0 80.1304651,12.9778651,0 80.1305337,12.9778198,0 80.1305337,12.9777742,0 80.1306024,12.9777288,0 80.1306023,12.9776604,0 80.1306710,12.9775694,0 80.1306709,12.9775010,0 80.1307167,12.9774556,0 80.1307167,12.9773871,0 80.1308998,12.9772966,0 80.1309226,12.9772511,0 80.1310142,12.9772287,0 80.1310371,12.9771831,0 80.1311058,12.9771834,0 80.1311515,12.9771380,0 80.1312889,12.9771157,0 80.1313347,12.9770703,0 80.1314720,12.9770481,0 80.1315178,12.9770026,0 80.1316552,12.9769804,0 80.1317925,12.9768897,0 80.1320214,12.9768450,0 80.1320214,12.9768222,0 80.1322733,12.9768232,0 80.1322733,12.9768004,0 80.1324793,12.9768013,0 80.1325251,12.9768243,0 80.1325710,12.9768929,0 80.1325939,12.9769843,0 80.1325940,12.9771668,0 80.1326628,12.9773039,0 80.1326628,12.9773952,0 80.1327545,12.9776009,0 80.1327546,12.9776921,0 80.1328004,12.9777379,0 80.1328005,12.9778064,0 80.1328463,12.9778522,0 80.1328922,12.9780577,0 80.1329380,12.9781035,0 80.1329380,12.9781719,0 80.1331672,12.9785607,0 80.1331902,12.9786520,0 80.1332360,12.9786750,0 80.1332589,12.9787664,0 80.1333048,12.9788350,0 80.1334193,12.9789267,0 80.1334193,12.9789723,0 80.1335797,12.9791099,0 80.1335797,12.9791555,0 80.1336484,12.9792014,0 80.1336943,12.9792700,0 80.1337172,12.9793614,0 80.1337630,12.9793844,0 80.1337860,12.9794757,0 80.1338318,12.9794987,0 80.1338547,12.9795901,0 80.1339005,12.9796131,0 80.1339693,12.9798415,0 80.1340151,12.9798645,0 80.1340381,12.9799558,0 80.1340839,12.9799788,0 80.1341069,12.9800702,0 80.1341527,12.9801388,0 80.1342214,12.9801847,0 80.1342214,12.9802303,0 80.1344047,12.9803908,0 80.1344505,12.9804138,0 80.1345880,12.9805740,0 80.1346567,12.9805971,0 80.1347025,12.9806886,0 80.1347027,12.9810536,0 80.1346798,12.9810535,0 80.1346799,12.9811675,0 80.1346570,12.9811674,0 80.1346112,12.9811216,0 80.1345654,12.9811671,0 80.1345884,12.9813268,0 80.1346571,12.9812587,0 80.1347486,12.9812591,0 80.1347487,12.9813275,0 80.1346571,12.9813728,0 80.1346571,12.9814184,0 80.1349320,12.9816705,0 80.1349321,12.9817161,0 80.1351841,12.9819452,0 80.1354361,12.9822200,0 80.1355047,12.9821747,0 80.1356192,12.9821752,0 80.1356193,12.9822436,0 80.1355048,12.9822659,0 80.1355048,12.9823116,0 80.1356881,12.9824720,0 80.1357568,12.9824723,0 80.1359399,12.9823590,0 80.1360315,12.9823594,0 80.1360315,12.9824278,0 80.1357797,12.9825408,0 80.1358255,12.9825638,0 80.1359172,12.9826783,0 80.1359630,12.9826785,0 80.1360317,12.9827700,0 80.1361919,12.9827250,0 80.1362378,12.9827480,0 80.1361462,12.9828389,0 80.1362608,12.9829762,0 80.1362608,12.9830447,0 80.1363982,12.9830453,0 80.1364211,12.9831138,0 80.1363296,12.9831362,0 80.1363067,12.9832274,0 80.1364441,12.9832508,0 80.1365128,12.9832282,0 80.1365357,12.9832968,0 80.1363984,12.9833418,0 80.1363984,12.9834559,0 80.1364443,12.9835245,0 80.1364672,12.9836387,0 80.1366275,12.9835937,0 80.1366275,12.9835709,0 80.1367419,12.9835714,0 80.1367420,12.9836398,0 80.1364902,12.9837072,0 80.1365589,12.9838444,0 80.1365590,12.9839128,0 80.1367193,12.9839363,0 80.1368337,12.9838911,0 80.1368338,12.9839824,0 80.1367193,12.9840047,0 80.1367193,12.9840503,0 80.1368568,12.9841650,0 80.1368568,12.9842106,0 80.1369713,12.9842111,0 80.1370171,12.9842569,0 80.1371545,12.9842802,0 80.1371545,12.9843031,0 80.1372919,12.9843036,0 80.1372919,12.9843264,0 80.1374522,12.9843271,0 80.1374522,12.9843499,0 80.1376353,12.9843507,0 80.1376354,12.9843735,0 80.1377956,12.9843741,0 80.1377956,12.9843970,0 80.1379101,12.9843974,0 80.1379560,12.9844661,0 80.1380705,12.9844893,0 80.1381392,12.9846037,0 80.1381621,12.9846038,0 80.1381624,12.9850828,0 80.1381167,12.9852195,0 80.1380709,12.9852650,0 80.1378191,12.9853552,0 80.1378191,12.9853780,0 80.1377046,12.9853775,0 80.1377047,12.9854003,0 80.1375673,12.9853998,0 80.1375673,12.9854226,0 80.1374299,12.9854220,0 80.1374299,12.9854448,0 80.1372925,12.9854442,0 80.1372926,12.9854671,0 80.1371552,12.9854665,0 80.1371552,12.9854893,0 80.1369720,12.9854886,0 80.1369262,12.9854655,0 80.1368345,12.9852827,0 80.1367658,12.9851911,0 80.1367657,12.9851227,0 80.1366970,12.9850312,0 80.1366970,12.9849627,0 80.1366282,12.9848712,0 80.1366052,12.9847342,0 80.1365365,12.9847111,0 80.1365366,12.9847568,0 80.1363077,12.9848927,0 80.1361932,12.9848922,0 80.1361932,12.9849150,0 80.1360558,12.9849145,0 80.1360559,12.9849373,0 80.1359185,12.9849367,0 80.1358498,12.9848908,0 80.1358039,12.9848222,0 80.1357810,12.9846852,0 80.1357352,12.9847078,0 80.1357582,12.9848448,0 80.1356895,12.9848673,0 80.1356665,12.9847760,0 80.1356208,12.9848214,0 80.1355521,12.9848211,0 80.1354606,12.9849348,0 80.1354148,12.9849346,0 80.1353690,12.9850029,0 80.1352546,12.9850480,0 80.1352088,12.9851163,0 80.1350944,12.9851614,0 80.1350486,12.9852297,0 80.1349799,12.9852294,0 80.1348884,12.9853431,0 80.1348426,12.9853429,0 80.1347969,12.9854111,0 80.1346824,12.9854563,0 80.1346595,12.9855018,0 80.1344993,12.9855468,0 80.1344535,12.9855922,0 80.1343391,12.9856146,0 80.1343850,12.9858885,0 80.1344079,12.9858886,0 80.1344080,12.9860026,0 80.1344768,12.9861854,0 80.1344768,12.9862767,0 80.1345226,12.9863453,0 80.1345227,12.9864366,0 80.1344770,12.9865048,0 80.1344770,12.9865961,0 80.1344313,12.9866643,0 80.1344314,12.9869609,0 80.1344773,12.9870523,0 80.1344773,12.9871436,0 80.1345232,12.9872122,0 80.1345691,12.9874861,0 80.1346149,12.9875547,0 80.1346379,12.9876461,0 80.1346380,12.9877602,0 80.1345693,12.9877599,0 80.1345922,12.9878284,0 80.1345923,12.9879653,0 80.1346381,12.9879883,0 80.1346610,12.9880796,0 80.1346611,12.9882165,0 80.1346840,12.9882166,0 80.1346841,12.9883763,0 80.1346384,12.9884445,0 80.1344095,12.9885348,0 80.1343179,12.9885573,0 80.1342950,12.9886028,0 80.1340890,12.9886704,0 80.1340432,12.9887158,0 80.1340434,12.9889439,0 80.1340205,12.9889895,0 80.1338145,12.9891027,0 80.1337000,12.9891022,0 80.1337000,12.9891250,0 80.1335855,12.9891245,0 80.1335855,12.9891474,0 80.1334711,12.9891469,0 80.1334711,12.9891697,0 80.1333566,12.9891692,0 80.1331735,12.9892369,0 80.1330819,12.9892365,0 80.1330132,12.9892819,0 80.1328759,12.9892813,0 80.1328761,12.9896235,0 80.1328989,12.9896236,0 80.1328993,12.9902623,0 80.1327391,12.9903757,0 80.1326704,12.9903983,0 80.1324873,12.9903975,0 80.1324873,12.9904203,0 80.1322125,12.9904192,0 80.1321210,12.9904644,0 80.1319378,12.9904637,0 80.1318920,12.9904863,0 80.1315486,12.9904849,0 80.1314799,12.9904618,0 80.1310220,12.9904599,0</coordinates></LinearRing></outerBoundaryIs></Polygon></MultiGeometry></Placemark>
<Placemark><name>3</name><ExtendedData><SchemaData schemaUrl="#tambaram_wards"><SimpleData name="id_2">TMB_03</SimpleData><SimpleData name="name">3</SimpleData><SimpleData name="zone">1</SimpleData></SchemaData></ExtendedData><MultiGeometry><Polygon><outerBoundaryIs><LinearRing><coordinates>80.1177573,12.9771283,0 80.1182611,12.9771304,0 80.1182610,12.9771076,0 80.1187876,12.9771097,0 80.1187876,12.9770869,0 80.1191311,12.9770883,0 80.1191311,12.9770655,0 80.1194745,12.9770669,0 80.1194745,12.9770441,0 80.1198179,12.9770456,0 80.1198179,12.9770227,0 80.1201843,12.9770243,0 80.1201842,12.9770014,0 80.1205277,12.9770029,0 80.1205277,12.9769800,0 80.1208711,12.9769815,0 80.1208711,12.9769587,0 80.1212145,12.9769601,0 80.1212145,12.9769373,0 80.1215580,12.9769387,0 80.1215580,12.9769159,0 80.1219014,12.9769173,0 80.1219014,12.9768945,0 80.1222448,12.9768959,0 80.1222448,12.9768731,0 80.1225883,12.9768745,0 80.1225882,12.9768517,0 80.1229317,12.9768531,0 80.1229317,12.9768759,0 80.1231378,12.9768768,0 80.1231607,12.9769225,0 80.1232294,12.9769228,0 80.1232523,12.9769685,0 80.1233210,12.9769688,0 80.1234126,12.9770148,0 80.1234584,12.9770834,0 80.1235729,12.9771295,0 80.1236188,12.9771981,0 80.1238020,12.9772901,0 80.1238249,12.9773359,0 80.1240997,12.9774510,0 80.1240997,12.9774739,0 80.1244203,12.9774752,0 80.1244203,12.9774980,0 80.1246722,12.9774990,0 80.1247180,12.9775220,0 80.1249471,12.9777739,0 80.1249929,12.9778425,0 80.1250617,12.9780253,0 80.1251075,12.9780483,0 80.1252222,12.9783226,0 80.1252909,12.9783685,0 80.1253367,12.9784827,0 80.1254971,12.9786203,0 80.1255429,12.9786433,0 80.1256804,12.9788035,0 80.1257720,12.9788495,0 80.1257720,12.9788951,0 80.1258865,12.9789869,0 80.1258866,12.9790325,0 80.1259553,12.9790784,0 80.1259553,12.9791240,0 80.1260240,12.9791699,0 80.1260699,12.9792842,0 80.1261386,12.9793301,0 80.1261386,12.9793757,0 80.1262761,12.9794903,0 80.1262761,12.9795360,0 80.1265281,12.9797651,0 80.1270318,12.9797672,0 80.1270318,12.9797444,0 80.1271692,12.9797450,0 80.1271691,12.9797222,0 80.1272836,12.9797226,0 80.1272836,12.9796998,0 80.1274210,12.9797004,0 80.1274210,12.9796776,0 80.1275354,12.9796780,0 80.1275354,12.9796552,0 80.1276728,12.9796558,0 80.1276728,12.9796330,0 80.1278102,12.9796335,0 80.1278102,12.9796107,0 80.1279246,12.9796112,0 80.1279246,12.9795884,0 80.1280620,12.9795890,0 80.1280620,12.9795662,0 80.1281994,12.9795667,0 80.1281994,12.9795439,0 80.1283138,12.9795444,0 80.1283138,12.9795216,0 80.1284512,12.9795221,0 80.1284512,12.9794993,0 80.1289091,12.9795012,0 80.1290007,12.9795244,0 80.1290237,12.9796614,0 80.1290924,12.9797529,0 80.1291383,12.9799128,0 80.1291384,12.9800497,0 80.1291613,12.9800498,0 80.1291614,12.9802323,0 80.1291843,12.9802323,0 80.1291844,12.9804148,0 80.1292073,12.9804149,0 80.1292074,12.9805974,0 80.1292303,12.9805975,0 80.1292304,12.9807800,0 80.1292533,12.9807801,0 80.1292534,12.9809626,0 80.1292763,12.9809627,0 80.1292765,12.9812365,0 80.1293223,12.9813279,0 80.1293224,12.9815104,0 80.1293453,12.9815105,0 80.1293454,12.9816246,0 80.1293683,12.9816247,0 80.1293684,12.9817844,0 80.1293913,12.9817844,0 80.1293914,12.9819441,0 80.1293227,12.9819895,0 80.1291396,12.9820572,0 80.1291167,12.9821027,0 80.1289336,12.9821704,0 80.1288420,12.9822612,0 80.1287505,12.9822837,0 80.1287276,12.9823520,0 80.1285445,12.9825109,0 80.1284759,12.9826247,0 80.1284072,12.9826701,0 80.1283386,12.9826698,0 80.1282699,12.9827379,0 80.1281783,12.9827604,0 80.1280639,12.9827599,0 80.1280639,12.9827827,0 80.1279494,12.9827822,0 80.1279494,12.9828050,0 80.1278120,12.9828045,0 80.1278120,12.9828273,0 80.1276976,12.9828268,0 80.1276976,12.9828496,0 80.1275602,12.9828491,0 80.1275602,12.9828719,0 80.1274228,12.9828713,0 80.1274228,12.9828941,0 80.1273084,12.9828937,0 80.1273084,12.9829165,0 80.1271710,12.9829159,0 80.1271710,12.9829387,0 80.1270336,12.9829381,0 80.1270337,12.9829610,0 80.1269192,12.9829605,0 80.1269192,12.9829833,0 80.1267818,12.9829827,0 80.1267818,12.9830055,0 80.1266444,12.9830050,0 80.1266445,12.9830278,0 80.1265300,12.9830273,0 80.1265300,12.9830501,0 80.1263926,12.9830496,0 80.1263926,12.9830724,0 80.1262553,12.9830718,0 80.1262553,12.9830946,0 80.1261408,12.9830941,0 80.1261408,12.9831170,0 80.1260263,12.9831165,0 80.1259348,12.9831617,0 80.1258203,12.9831613,0 80.1257287,12.9831837,0 80.1256600,12.9832290,0 80.1255685,12.9832515,0 80.1251107,12.9834549,0 80.1250878,12.9835004,0 80.1250191,12.9835001,0 80.1249505,12.9835683,0 80.1249047,12.9835681,0 80.1248589,12.9836363,0 80.1247674,12.9836588,0 80.1246987,12.9837041,0 80.1246301,12.9837951,0 80.1245843,12.9837949,0 80.1245385,12.9838631,0 80.1244927,12.9838630,0 80.1244241,12.9839539,0 80.1243783,12.9839537,0 80.1243325,12.9840220,0 80.1242867,12.9840218,0 80.1242410,12.9840900,0 80.1241952,12.9840899,0 80.1241266,12.9841808,0 80.1240808,12.9841806,0 80.1240350,12.9842489,0 80.1239892,12.9842487,0 80.1239206,12.9843397,0 80.1238748,12.9843395,0 80.1238291,12.9844077,0 80.1237833,12.9844075,0 80.1237375,12.9844758,0 80.1236459,12.9844982,0 80.1236002,12.9845665,0 80.1235086,12.9845889,0 80.1234857,12.9846344,0 80.1233484,12.9846339,0 80.1233484,12.9846567,0 80.1232339,12.9846562,0 80.1232339,12.9846790,0 80.1227302,12.9846769,0 80.1227302,12.9846541,0 80.1224096,12.9845843,0 80.1223409,12.9845156,0 80.1222493,12.9844924,0 80.1220431,12.9843547,0 80.1219744,12.9843544,0 80.1219057,12.9843085,0 80.1215623,12.9843071,0 80.1215623,12.9843299,0 80.1214249,12.9843750,0 80.1210131,12.9848067,0 80.1209673,12.9848065,0 80.1208986,12.9848975,0 80.1208987,12.9849659,0 80.1208301,12.9850797,0 80.1208302,12.9853078,0 80.1208073,12.9853077,0 80.1208075,12.9856043,0 80.1207617,12.9856041,0 80.1207616,12.9853988,0 80.1205784,12.9853980,0 80.1204868,12.9853748,0 80.1204869,12.9856030,0 80.1204640,12.9856029,0 80.1204639,12.9853747,0 80.1202808,12.9854424,0 80.1202121,12.9855106,0 80.1200061,12.9855097,0 80.1199832,12.9856009,0 80.1199831,12.9854868,0 80.1198229,12.9854633,0 80.1198228,12.9854405,0 80.1196855,12.9854400,0 80.1195939,12.9854168,0 80.1195252,12.9853709,0 80.1195252,12.9854849,0 80.1195023,12.9854848,0 80.1195023,12.9853708,0 80.1194107,12.9853476,0 80.1192962,12.9853471,0 80.1191359,12.9853008,0 80.1191130,12.9852551,0 80.1190443,12.9852320,0 80.1190443,12.9853461,0 80.1190214,12.9853460,0 80.1190213,12.9851635,0 80.1188381,12.9850258,0 80.1187922,12.9849344,0 80.1187921,12.9847519,0 80.1187692,12.9847518,0 80.1187690,12.9844324,0 80.1188148,12.9844098,0 80.1188147,12.9842958,0 80.1188376,12.9842046,0 80.1189062,12.9840908,0 80.1189290,12.9839084,0 80.1190205,12.9837035,0 80.1190194,12.9819013,0 80.1188820,12.9817867,0 80.1188819,12.9817410,0 80.1188132,12.9817179,0 80.1186528,12.9813523,0 80.1186298,12.9812609,0 80.1185611,12.9812150,0 80.1185610,12.9811238,0 80.1184923,12.9810551,0 80.1184923,12.9809866,0 80.1184006,12.9808494,0 80.1184006,12.9808037,0 80.1183318,12.9807350,0 80.1183318,12.9806438,0 80.1182631,12.9805751,0 80.1182401,12.9804381,0 80.1182630,12.9804382,0 80.1182629,12.9802101,0 80.1182857,12.9802101,0 80.1182856,12.9799820,0 80.1183085,12.9799821,0 80.1183084,12.9797540,0 80.1183313,12.9797541,0 80.1183311,12.9795032,0 80.1183540,12.9795032,0 80.1183539,12.9793207,0 80.1183081,12.9792065,0 80.1182623,12.9791835,0 80.1182622,12.9791151,0 80.1181706,12.9790462,0 80.1181476,12.9789549,0 80.1180789,12.9789090,0 80.1180789,12.9788406,0 80.1179185,12.9785661,0 80.1179186,12.9787486,0 80.1178957,12.9787485,0 80.1178955,12.9784748,0 80.1178268,12.9784061,0 80.1177809,12.9782462,0 80.1177351,12.9782232,0 80.1177348,12.9777898,0 80.1177577,12.9777899,0 80.1177573,12.9771283,0</coordinates></LinearRing></outerBoundaryIs></Polygon></MultiGeometry></Placemark>
<Placemark><name>4</name><ExtendedData><SchemaData schemaUrl="#tambaram_wards"><SimpleData name="id_2">TMB_04</SimpleData><SimpleData name="name">4</SimpleData><SimpleData name="zone">1</SimpleData></SchemaData></ExtendedData><MultiGeometry><Polygon><outerBoundaryIs><LinearRing><coordinates>80.1174125,12.9747772,0 80.1175041,12.9747548,0 80.1176873,12.9747555,0 80.1178017,12.9746875,0 80.1178933,12.9746879,0 80.1179391,12.9746425,0 80.1180535,12.9746430,0 80.1181451,12.9745977,0 80.1183054,12.9745984,0 80.1183053,12.9745756,0 80.1184427,12.9745761,0 80.1184427,12.9745533,0 80.1186030,12.9745540,0 80.1186030,12.9745312,0 80.1188090,12.9745320,0 80.1188090,12.9745092,0 80.1189922,12.9745100,0 80.1189922,12.9744872,0 80.1191753,12.9744879,0 80.1191753,12.9744651,0 80.1193585,12.9744659,0 80.1193585,12.9744430,0 80.1195188,12.9744437,0 80.1195188,12.9744209,0 80.1196561,12.9744215,0 80.1196561,12.9743986,0 80.1198622,12.9743995,0 80.1198622,12.9743767,0 80.1200453,12.9743774,0 80.1200453,12.9743546,0 80.1202056,12.9743553,0 80.1202056,12.9743325,0 80.1203201,12.9743330,0 80.1203200,12.9743101,0 80.1205719,12.9743112,0 80.1205719,12.9742884,0 80.1207322,12.9742890,0 80.1207322,12.9742662,0 80.1208924,12.9742669,0 80.1209840,12.9742444,0 80.1214647,12.9740639,0 80.1215334,12.9740642,0 80.1215792,12.9740188,0 80.1219912,12.9739064,0 80.1220370,12.9738610,0 80.1222430,12.9738162,0 80.1223346,12.9737481,0 80.1224033,12.9737484,0 80.1224948,12.9736804,0 80.1225635,12.9736807,0 80.1226550,12.9736126,0 80.1227237,12.9736129,0 80.1228153,12.9735448,0 80.1228840,12.9735451,0 80.1229755,12.9734770,0 80.1230442,12.9734773,0 80.1231815,12.9733866,0 80.1232502,12.9733869,0 80.1233417,12.9733189,0 80.1234104,12.9733192,0 80.1235478,12.9732285,0 80.1235935,12.9731146,0 80.1236850,12.9730465,0 80.1237536,12.9728643,0 80.1237994,12.9728417,0 80.1237994,12.9727733,0 80.1238451,12.9727278,0 80.1238680,12.9726367,0 80.1241198,12.9726377,0 80.1241198,12.9726149,0 80.1243946,12.9726160,0 80.1243946,12.9726388,0 80.1245091,12.9726393,0 80.1245778,12.9726852,0 80.1246465,12.9726855,0 80.1247381,12.9727543,0 80.1248755,12.9727777,0 80.1249213,12.9728235,0 80.1249900,12.9728238,0 80.1250358,12.9728696,0 80.1254480,12.9729626,0 80.1256083,12.9730089,0 80.1256541,12.9730547,0 80.1257228,12.9730550,0 80.1258144,12.9731010,0 80.1260435,12.9733528,0 80.1260893,12.9733530,0 80.1261580,12.9734446,0 80.1263870,12.9735139,0 80.1263871,12.9735368,0 80.1265015,12.9735372,0 80.1265015,12.9735600,0 80.1266847,12.9735608,0 80.1266847,12.9735836,0 80.1269137,12.9735846,0 80.1269137,12.9736074,0 80.1271427,12.9736083,0 80.1271427,12.9736311,0 80.1273487,12.9736320,0 80.1273488,12.9736548,0 80.1275090,12.9736555,0 80.1275090,12.9736783,0 80.1276464,12.9736788,0 80.1276464,12.9737016,0 80.1277609,12.9737021,0 80.1277609,12.9737249,0 80.1278754,12.9737254,0 80.1278754,12.9737482,0 80.1282189,12.9737496,0 80.1282189,12.9737268,0 80.1283562,12.9737274,0 80.1284478,12.9737050,0 80.1284707,12.9737735,0 80.1286540,12.9739339,0 80.1286540,12.9739796,0 80.1287227,12.9740255,0 80.1287457,12.9741168,0 80.1287915,12.9741398,0 80.1288374,12.9742997,0 80.1288603,12.9742998,0 80.1288603,12.9744138,0 80.1288832,12.9744139,0 80.1288834,12.9747561,0 80.1288605,12.9747560,0 80.1288606,12.9748929,0 80.1288835,12.9748930,0 80.1288836,12.9750527,0 80.1289065,12.9750528,0 80.1289066,12.9751668,0 80.1289524,12.9752355,0 80.1289524,12.9753039,0 80.1290440,12.9753043,0 80.1291127,12.9753502,0 80.1293875,12.9753513,0 80.1294791,12.9753289,0 80.1295019,12.9752834,0 80.1295935,12.9752609,0 80.1296620,12.9749647,0 80.1297078,12.9748964,0 80.1297306,12.9748053,0 80.1297305,12.9746684,0 80.1297992,12.9745546,0 80.1297991,12.9744862,0 80.1298678,12.9744636,0 80.1298678,12.9744180,0 80.1299364,12.9743955,0 80.1301654,12.9743964,0 80.1301654,12.9743736,0 80.1303715,12.9743745,0 80.1303944,12.9744202,0 80.1304631,12.9743977,0 80.1305088,12.9743294,0 80.1305775,12.9742841,0 80.1306462,12.9742843,0 80.1307149,12.9743759,0 80.1307607,12.9743761,0 80.1308065,12.9744447,0 80.1309897,12.9744455,0 80.1309897,12.9744683,0 80.1311271,12.9744688,0 80.1311500,12.9745146,0 80.1313103,12.9744924,0 80.1313103,12.9744696,0 80.1314247,12.9744701,0 80.1314477,12.9745158,0 80.1317911,12.9745172,0 80.1317911,12.9745400,0 80.1319514,12.9745407,0 80.1320659,12.9746780,0 80.1321117,12.9746782,0 80.1322492,12.9748385,0 80.1323409,12.9750898,0 80.1323867,12.9751128,0 80.1324097,12.9752269,0 80.1324555,12.9752499,0 80.1324556,12.9753184,0 80.1325014,12.9753870,0 80.1325701,12.9754329,0 80.1325701,12.9754785,0 80.1326388,12.9755244,0 80.1326618,12.9756386,0 80.1327076,12.9756844,0 80.1327077,12.9757529,0 80.1327535,12.9757987,0 80.1327535,12.9758671,0 80.1328223,12.9759586,0 80.1328453,12.9761184,0 80.1328682,12.9761185,0 80.1328683,12.9763238,0 80.1328912,12.9763239,0 80.1328912,12.9764380,0 80.1327997,12.9765973,0 80.1326624,12.9766880,0 80.1325480,12.9768244,0 80.1325251,12.9768243,0 80.1324793,12.9768013,0 80.1322733,12.9768004,0 80.1322733,12.9768232,0 80.1320214,12.9768222,0 80.1320214,12.9768450,0 80.1317925,12.9768897,0 80.1316552,12.9769804,0 80.1315178,12.9770026,0 80.1314720,12.9770481,0 80.1313347,12.9770703,0 80.1312889,12.9771157,0 80.1311515,12.9771380,0 80.1311058,12.9771834,0 80.1310371,12.9771831,0 80.1310142,12.9772287,0 80.1309226,12.9772511,0 80.1308998,12.9772966,0 80.1307167,12.9773871,0 80.1307167,12.9774556,0 80.1306709,12.9775010,0 80.1306710,12.9775694,0 80.1306023,12.9776604,0 80.1306024,12.9777288,0 80.1305337,12.9777742,0 80.1305337,12.9778198,0 80.1304651,12.9778651,0 80.1304422,12.9779563,0 80.1303736,12.9780016,0 80.1303736,12.9780473,0 80.1302821,12.9781153,0 80.1302821,12.9781610,0 80.1301905,12.9782290,0 80.1301906,12.9782746,0 80.1300761,12.9783654,0 80.1300762,12.9784110,0 80.1299846,12.9784791,0 80.1299847,12.9785247,0 80.1298245,12.9786609,0 80.1298016,12.9787065,0 80.1296414,12.9788883,0 80.1295956,12.9788881,0 80.1294812,12.9790245,0 80.1294355,12.9790471,0 80.1291380,12.9793197,0 80.1291380,12.9793653,0 80.1290693,12.9794106,0 80.1290007,12.9795244,0 80.1289091,12.9795012,0 80.1284512,12.9794993,0 80.1284512,12.9795221,0 80.1283138,12.9795216,0 80.1283138,12.9795444,0 80.1281994,12.9795439,0 80.1281994,12.9795667,0 80.1280620,12.9795662,0 80.1280620,12.9795890,0 80.1279246,12.9795884,0 80.1279246,12.9796112,0 80.1278102,12.9796107,0 80.1278102,12.9796335,0 80.1276728,12.9796330,0 80.1276728,12.9796558,0 80.1275354,12.9796552,0 80.1275354,12.9796780,0 80.1274210,12.9796776,0 80.1274210,12.9797004,0 80.1272836,12.9796998,0 80.1272836,12.9797226,0 80.1271691,12.9797222,0 80.1271692,12.9797450,0 80.1270318,12.9797444,0 80.1270318,12.9797672,0 80.1265281,12.9797651,0 80.1262761,12.9795360,0 80.1262761,12.9794903,0 80.1261386,12.9793757,0 80.1261386,12.9793301,0 80.1260699,12.9792842,0 80.1260240,12.9791699,0 80.1259553,12.9791240,0 80.1259553,12.9790784,0 80.1258866,12.9790325,0 80.1258865,12.9789869,0 80.1257720,12.9788951,0 80.1257720,12.9788495,0 80.1256804,12.9788035,0 80.1255429,12.9786433,0 80.1254971,12.9786203,0 80.1253367,12.9784827,0 80.1252909,12.9783685,0 80.1252222,12.9783226,0 80.1251075,12.9780483,0 80.1250617,12.9780253,0 80.1249929,12.9778425,0 80.1249471,12.9777739,0 80.1247180,12.9775220,0 80.1246722,12.9774990,0 80.1244203,12.9774980,0 80.1244203,12.9774752,0 80.1240997,12.9774739,0 80.1240997,12.9774510,0 80.1238249,12.9773359,0 80.1238020,12.9772901,0 80.1236188,12.9771981,0 80.1235729,12.9771295,0 80.1234584,12.9770834,0 80.1234126,12.9770148,0 80.1233210,12.9769688,0 80.1232523,12.9769685,0 80.1232294,12.9769228,0 80.1231607,12.9769225,0 80.1231378,12.9768768,0 80.1229317,12.9768759,0 80.1229317,12.9768531,0 80.1225882,12.9768517,0 80.1225883,12.9768745,0 80.1222448,12.9768731,0 80.1222448,12.9768959,0 80.1219014,12.9768945,0 80.1219014,12.9769173,0 80.1215580,12.9769159,0 80.1215580,12.9769387,0 80.1212145,12.9769373,0 80.1212145,12.9769601,0 80.1208711,12.9769587,0 80.1208711,12.9769815,0 80.1205277,12.9769800,0 80.1205277,12.9770029,0 80.1201842,12.9770014,0 80.1201843,12.9770243,0 80.1198179,12.9770227,0 80.1198179,12.9770456,0 80.1194745,12.9770441,0 80.1194745,12.9770669,0 80.1191311,12.9770655,0 80.1191311,12.9770883,0 80.1187876,12.9770869,0 80.1187876,12.9771097,0 80.1182610,12.9771076,0 80.1182611,12.9771304,0 80.1177573,12.9771283,0 80.1177572,12.9768774,0 80.1177113,12.9767859,0 80.1177113,12.9766262,0 80.1176654,12.9765804,0 80.1176425,12.9764891,0 80.1176424,12.9763750,0 80.1176195,12.9763749,0 80.1176197,12.9766943,0 80.1175968,12.9766942,0 80.1175965,12.9761467,0 80.1175047,12.9758726,0 80.1175047,12.9757585,0 80.1174818,12.9757584,0 80.1174817,12.9756443,0 80.1174359,12.9755529,0 80.1174361,12.9758723,0 80.1174132,12.9758722,0 80.1174129,12.9753931,0 80.1173900,12.9753930,0 80.1173898,12.9750965,0 80.1174127,12.9750966,0 80.1174125,12.9747772,0</coordinates></LinearRing></outerBoundaryIs></Polygon></MultiGeometry></Placemark>
<Placemark><name>5</name><ExtendedData><SchemaData schemaUrl="#tambaram_wards"><SimpleData name="id_2">TMB_05</SimpleData><SimpleData name="name">5</SimpleData><SimpleData name="zone">1</SimpleData></SchemaData></ExtendedData><MultiGeometry><Polygon><outerBoundaryIs><LinearRing><coordinates>80.1141342,12.9676006,0 80.1142715,12.9675099,0 80.1144774,12.9672826,0 80.1145461,12.9672829,0 80.1146606,12.9672149,0 80.1148208,12.9672156,0 80.1148208,12.9671928,0 80.1150727,12.9671938,0 80.1151643,12.9671714,0 80.1152329,12.9671260,0 80.1153016,12.9671263,0 80.1154389,12.9670356,0 80.1155076,12.9670359,0 80.1155992,12.9669907,0 80.1156220,12.9669451,0 80.1159425,12.9668096,0 80.1159425,12.9667868,0 80.1160570,12.9667873,0 80.1160570,12.9667644,0 80.1162859,12.9667654,0 80.1164462,12.9667204,0 80.1164919,12.9666750,0 80.1166293,12.9666527,0 80.1166522,12.9666072,0 80.1167437,12.9665848,0 80.1168124,12.9665394,0 80.1168582,12.9664712,0 80.1169039,12.9664714,0 80.1169497,12.9664031,0 80.1169955,12.9664033,0 80.1172243,12.9661533,0 80.1172701,12.9661535,0 80.1173616,12.9660398,0 80.1174074,12.9660400,0 80.1174760,12.9659491,0 80.1175218,12.9659492,0 80.1175676,12.9658810,0 80.1176363,12.9658357,0 80.1177278,12.9658132,0 80.1177507,12.9657677,0 80.1178423,12.9657453,0 80.1178651,12.9656997,0 80.1181856,12.9655870,0 80.1182772,12.9655646,0 80.1183458,12.9655192,0 80.1184145,12.9655195,0 80.1185061,12.9654514,0 80.1185519,12.9654516,0 80.1185976,12.9653834,0 80.1186434,12.9653836,0 80.1186892,12.9653153,0 80.1187350,12.9653155,0 80.1189180,12.9651110,0 80.1189638,12.9651111,0 80.1190096,12.9650429,0 80.1191927,12.9649752,0 80.1192155,12.9649297,0 80.1193071,12.9649072,0 80.1193300,12.9648617,0 80.1194216,12.9648393,0 80.1194902,12.9647939,0 80.1199936,12.9642713,0 80.1200852,12.9642489,0 80.1200852,12.9641805,0 80.1202454,12.9640899,0 80.1202911,12.9639988,0 80.1203598,12.9639307,0 80.1204285,12.9639309,0 80.1207260,12.9637269,0 80.1207718,12.9637270,0 80.1208404,12.9636361,0 80.1208862,12.9636363,0 80.1215040,12.9630001,0 80.1217329,12.9629098,0 80.1217558,12.9628642,0 80.1218474,12.9628418,0 80.1218702,12.9627963,0 80.1219618,12.9627738,0 80.1220076,12.9627056,0 80.1220534,12.9627058,0 80.1222364,12.9625012,0 80.1222822,12.9625014,0 80.1224195,12.9623423,0 80.1227171,12.9622751,0 80.1227171,12.9622523,0 80.1228774,12.9622529,0 80.1228773,12.9622301,0 80.1230147,12.9622307,0 80.1230147,12.9622079,0 80.1231979,12.9622086,0 80.1233124,12.9623460,0 80.1233354,12.9624373,0 80.1233812,12.9624603,0 80.1234271,12.9625974,0 80.1235187,12.9626890,0 80.1235416,12.9627804,0 80.1236791,12.9629406,0 80.1237021,12.9630320,0 80.1237937,12.9631236,0 80.1238167,12.9632149,0 80.1239541,12.9633752,0 80.1239771,12.9634665,0 80.1240687,12.9635582,0 80.1240917,12.9636495,0 80.1242291,12.9638098,0 80.1242292,12.9638554,0 80.1242979,12.9639013,0 80.1242979,12.9639469,0 80.1244124,12.9640386,0 80.1244125,12.9640843,0 80.1245041,12.9641531,0 80.1245728,12.9641534,0 80.1246873,12.9642223,0 80.1250994,12.9642240,0 80.1251681,12.9641786,0 80.1253512,12.9641566,0 80.1254199,12.9641112,0 80.1255115,12.9641116,0 80.1256259,12.9640437,0 80.1258091,12.9640216,0 80.1258091,12.9639988,0 80.1259236,12.9639993,0 80.1259235,12.9639765,0 80.1262212,12.9639777,0 80.1264731,12.9641156,0 80.1265190,12.9641842,0 80.1265648,12.9641844,0 80.1268168,12.9644592,0 80.1268626,12.9644594,0 80.1270459,12.9646655,0 80.1272748,12.9646664,0 80.1272748,12.9646892,0 80.1275725,12.9646904,0 80.1275725,12.9646676,0 80.1278014,12.9646686,0 80.1278014,12.9646458,0 80.1280533,12.9646468,0 80.1280533,12.9646240,0 80.1283051,12.9646250,0 80.1283051,12.9646022,0 80.1286027,12.9646035,0 80.1286944,12.9646495,0 80.1288088,12.9646499,0 80.1289004,12.9646959,0 80.1290149,12.9647192,0 80.1290379,12.9647649,0 80.1290380,12.9649246,0 80.1290609,12.9649247,0 80.1290609,12.9650844,0 80.1290838,12.9650845,0 80.1290839,12.9652214,0 80.1291068,12.9652215,0 80.1291069,12.9653355,0 80.1291527,12.9654270,0 80.1291528,12.9655410,0 80.1291757,12.9655411,0 80.1291758,12.9656552,0 80.1292216,12.9657466,0 80.1292217,12.9658607,0 80.1292446,12.9658608,0 80.1292446,12.9659748,0 80.1293134,12.9661576,0 80.1293135,12.9662717,0 80.1293364,12.9662718,0 80.1293365,12.9663858,0 80.1293823,12.9664773,0 80.1293824,12.9665913,0 80.1294282,12.9666828,0 80.1294512,12.9668426,0 80.1294970,12.9668884,0 80.1295200,12.9670025,0 80.1295658,12.9670255,0 80.1295658,12.9670940,0 80.1296804,12.9671629,0 80.1296804,12.9671857,0 80.1298177,12.9671863,0 80.1298178,12.9672091,0 80.1301383,12.9672104,0 80.1301383,12.9671876,0 80.1302986,12.9671883,0 80.1302986,12.9671654,0 80.1305275,12.9671664,0 80.1306191,12.9672124,0 80.1306420,12.9672581,0 80.1307107,12.9672584,0 80.1307566,12.9673042,0 80.1308252,12.9673045,0 80.1308940,12.9673732,0 80.1309627,12.9673735,0 80.1310085,12.9674193,0 80.1311459,12.9674427,0 80.1311688,12.9675112,0 80.1311689,12.9676253,0 80.1311918,12.9676254,0 80.1311919,12.9677623,0 80.1312147,12.9677623,0 80.1312149,12.9679677,0 80.1311920,12.9680132,0 80.1311005,12.9680813,0 80.1311005,12.9681269,0 80.1308945,12.9683085,0 80.1307801,12.9683309,0 80.1306427,12.9684215,0 80.1305740,12.9684213,0 80.1304825,12.9684893,0 80.1302078,12.9685338,0 80.1302078,12.9685566,0 80.1299559,12.9685556,0 80.1299559,12.9685784,0 80.1296812,12.9685773,0 80.1296812,12.9686001,0 80.1294293,12.9685990,0 80.1294065,12.9686902,0 80.1293150,12.9687582,0 80.1293150,12.9688039,0 80.1292463,12.9688492,0 80.1292463,12.9688948,0 80.1291777,12.9689630,0 80.1291778,12.9691227,0 80.1292007,12.9691228,0 80.1292008,12.9692368,0 80.1291321,12.9693506,0 80.1291322,12.9694191,0 80.1290864,12.9694645,0 80.1290179,12.9697380,0 80.1289950,12.9697379,0 80.1289951,12.9699432,0 80.1290180,12.9699433,0 80.1290181,12.9700573,0 80.1290410,12.9701259,0 80.1291097,12.9701490,0 80.1292242,12.9701494,0 80.1292242,12.9701722,0 80.1294303,12.9701731,0 80.1295219,12.9702191,0 80.1297966,12.9702202,0 80.1300486,12.9704950,0 80.1300945,12.9706321,0 80.1301403,12.9706551,0 80.1302091,12.9708835,0 80.1302550,12.9709293,0 80.1302780,12.9711119,0 80.1303009,12.9711120,0 80.1303010,12.9713173,0 80.1302781,12.9713172,0 80.1302782,12.9714997,0 80.1302553,12.9714996,0 80.1302554,12.9716365,0 80.1302325,12.9716364,0 80.1302325,12.9717505,0 80.1301868,12.9718187,0 80.1301868,12.9719100,0 80.1301411,12.9720010,0 80.1300724,12.9720007,0 80.1299351,12.9720914,0 80.1298664,12.9721139,0 80.1296604,12.9721131,0 80.1296603,12.9720903,0 80.1295459,12.9720898,0 80.1294543,12.9720438,0 80.1294084,12.9719752,0 80.1293626,12.9719750,0 80.1293168,12.9719064,0 80.1292481,12.9718605,0 80.1291107,12.9718371,0 80.1291107,12.9718143,0 80.1289504,12.9718136,0 80.1288817,12.9718361,0 80.1286986,12.9719494,0 80.1286990,12.9725198,0 80.1287219,12.9725198,0 80.1287220,12.9727023,0 80.1286762,12.9727478,0 80.1286762,12.9728162,0 80.1286305,12.9728388,0 80.1285619,12.9730439,0 80.1285390,12.9730438,0 80.1285391,12.9732263,0 80.1285162,12.9732262,0 80.1285163,12.9733631,0 80.1284934,12.9733630,0 80.1284935,12.9734770,0 80.1284706,12.9734769,0 80.1284706,12.9735910,0 80.1284477,12.9735909,0 80.1284478,12.9737050,0 80.1283562,12.9737274,0 80.1282189,12.9737268,0 80.1282189,12.9737496,0 80.1278754,12.9737482,0 80.1278754,12.9737254,0 80.1277609,12.9737249,0 80.1277609,12.9737021,0 80.1276464,12.9737016,0 80.1276464,12.9736788,0 80.1275090,12.9736783,0 80.1275090,12.9736555,0 80.1273488,12.9736548,0 80.1273487,12.9736320,0 80.1271427,12.9736311,0 80.1271427,12.9736083,0 80.1269137,12.9736074,0 80.1269137,12.9735846,0 80.1266847,12.9735836,0 80.1266847,12.9735608,0 80.1265015,12.9735600,0 80.1265015,12.9735372,0 80.1263871,12.9735368,0 80.1263870,12.9735139,0 80.1261580,12.9734446,0 80.1260893,12.9733530,0 80.1260435,12.9733528,0 80.1258144,12.9731010,0 80.1257228,12.9730550,0 80.1256541,12.9730547,0 80.1256083,12.9730089,0 80.1254480,12.9729626,0 80.1250358,12.9728696,0 80.1249900,12.9728238,0 80.1249213,12.9728235,0 80.1248755,12.9727777,0 80.1247381,12.9727543,0 80.1246465,12.9726855,0 80.1245778,12.9726852,0 80.1245091,12.9726393,0 80.1243946,12.9726388,0 80.1243946,12.9726160,0 80.1241198,12.9726149,0 80.1241198,12.9726377,0 80.1238680,12.9726367,0 80.1238451,12.9727278,0 80.1237994,12.9727733,0 80.1237994,12.9728417,0 80.1237536,12.9728643,0 80.1236850,12.9730465,0 80.1235935,12.9731146,0 80.1235478,12.9732285,0 80.1234104,12.9733192,0 80.1233417,12.9733189,0 80.1232502,12.9733869,0 80.1231815,12.9733866,0 80.1230442,12.9734773,0 80.1229755,12.9734770,0 80.1228840,12.9735451,0 80.1228153,12.9735448,0 80.1227237,12.9736129,0 80.1226550,12.9736126,0 80.1225635,12.9736807,0 80.1224948,12.9736804,0 80.1224033,12.9737484,0 80.1223346,12.9737481,0 80.1222430,12.9738162,0 80.1220370,12.9738610,0 80.1219912,12.9739064,0 80.1215792,12.9740188,0 80.1215334,12.9740642,0 80.1214647,12.9740639,0 80.1209840,12.9742444,0 80.1208924,12.9742669,0 80.1207322,12.9742662,0 80.1207322,12.9742890,0 80.1205719,12.9742884,0 80.1205719,12.9743112,0 80.1203200,12.9743101,0 80.1203201,12.9743330,0 80.1202056,12.9743325,0 80.1202056,12.9743553,0 80.1200453,12.9743546,0 80.1200453,12.9743774,0 80.1198622,12.9743767,0 80.1198622,12.9743995,0 80.1196561,12.9743986,0 80.1196561,12.9744215,0 80.1195188,12.9744209,0 80.1195188,12.9744437,0 80.1193585,12.9744430,0 80.1193585,12.9744659,0 80.1191753,12.9744651,0 80.1191753,12.9744879,0 80.1189922,12.9744872,0 80.1189922,12.9745100,0 80.1188090,12.9745092,0 80.1188090,12.9745320,0 80.1186030,12.9745312,0 80.1186030,12.9745540,0 80.1184427,12.9745533,0 80.1184427,12.9745761,0 80.1183053,12.9745756,0 80.1183054,12.9745984,0 80.1181451,12.9745977,0 80.1180535,12.9746430,0 80.1179391,12.9746425,0 80.1178933,12.9746879,0 80.1178017,12.9746875,0 80.1176873,12.9747555,0 80.1175041,12.9747548,0 80.1174125,12.9747772,0 80.1174124,12.9745947,0 80.1173666,12.9745717,0 80.1172520,12.9742975,0 80.1172290,12.9742061,0 80.1171832,12.9741831,0 80.1170915,12.9739318,0 80.1169998,12.9737946,0 80.1169769,12.9736804,0 80.1169081,12.9736345,0 80.1168851,12.9734747,0 80.1168393,12.9734517,0 80.1167476,12.9732232,0 80.1167247,12.9731319,0 80.1166559,12.9730631,0 80.1166560,12.9731772,0 80.1166331,12.9731771,0 80.1166330,12.9729490,0 80.1165184,12.9728116,0 80.1164726,12.9727202,0 80.1164727,12.9728799,0 80.1164497,12.9728342,0 80.1164497,12.9726973,0 80.1164038,12.9726287,0 80.1164038,12.9725602,0 80.1163580,12.9725600,0 80.1163351,12.9724687,0 80.1162205,12.9723313,0 80.1162205,12.9722629,0 80.1161747,12.9722627,0 80.1161747,12.9723996,0 80.1161518,12.9723995,0 80.1161517,12.9721714,0 80.1160830,12.9721026,0 80.1160600,12.9720113,0 80.1159913,12.9719426,0 80.1159685,12.9720337,0 80.1159684,12.9718741,0 80.1158767,12.9717824,0 80.1158538,12.9716911,0 80.1158080,12.9716681,0 80.1158308,12.9716225,0 80.1157850,12.9715995,0 80.1157391,12.9713940,0 80.1156933,12.9713482,0 80.1156705,12.9714394,0 80.1156703,12.9711884,0 80.1156245,12.9711198,0 80.1156244,12.9710514,0 80.1155786,12.9710056,0 80.1155327,12.9707773,0 80.1154869,12.9707543,0 80.1155098,12.9707087,0 80.1154640,12.9706857,0 80.1154410,12.9705259,0 80.1153952,12.9704801,0 80.1153722,12.9703660,0 80.1152805,12.9702515,0 80.1152118,12.9702284,0 80.1152120,12.9704337,0 80.1151891,12.9704337,0 80.1151889,12.9701599,0 80.1151431,12.9701369,0 80.1150514,12.9699084,0 80.1150056,12.9698854,0 80.1147763,12.9693826,0 80.1147534,12.9693140,0 80.1147076,12.9692910,0 80.1146617,12.9691540,0 80.1146388,12.9691539,0 80.1146386,12.9687433,0 80.1146615,12.9687434,0 80.1146613,12.9684240,0 80.1146841,12.9683556,0 80.1145696,12.9682183,0 80.1145695,12.9681727,0 80.1145008,12.9681268,0 80.1145008,12.9680811,0 80.1144092,12.9680123,0 80.1144092,12.9679667,0 80.1143405,12.9679436,0 80.1143404,12.9678752,0 80.1142488,12.9677835,0 80.1142258,12.9676922,0 80.1141342,12.9676006,0</coordinates></LinearRing></outerBoundaryIs></Polygon></MultiGeometry></Placemark>
<Placemark><name>6</name><ExtendedData><SchemaData schemaUrl="#tambaram_wards"><SimpleData name="id_2">TMB_06</SimpleData><SimpleData name="name">6</SimpleData><SimpleData name="zone">1</SimpleData></SchemaData></ExtendedData><MultiGeometry><Polygon><outerBoundaryIs><LinearRing><coordinates>80.1284478,12.9737050,0 80.1284477,12.9735909,0 80.1284706,12.9735910,0 80.1284706,12.9734769,0 80.1284935,12.9734770,0 80.1284934,12.9733630,0 80.1285163,12.9733631,0 80.1285162,12.9732262,0 80.1285391,12.9732263,0 80.1285390,12.9730438,0 80.1285619,12.9730439,0 80.1286305,12.9728388,0 80.1286762,12.9728162,0 80.1286762,12.9727478,0 80.1287220,12.9727023,0 80.1287219,12.9725198,0 80.1286990,12.9725198,0 80.1286986,12.9719494,0 80.1288817,12.9718361,0 80.1289504,12.9718136,0 80.1291107,12.9718143,0 80.1291107,12.9718371,0 80.1292481,12.9718605,0 80.1293168,12.9719064,0 80.1293626,12.9719750,0 80.1294084,12.9719752,0 80.1294543,12.9720438,0 80.1295459,12.9720898,0 80.1296603,12.9720903,0 80.1296604,12.9721131,0 80.1298664,12.9721139,0 80.1299351,12.9720914,0 80.1300724,12.9720007,0 80.1301411,12.9720010,0 80.1301868,12.9719100,0 80.1301868,12.9718187,0 80.1302325,12.9717505,0 80.1302325,12.9716364,0 80.1302554,12.9716365,0 80.1302553,12.9714996,0 80.1302782,12.9714997,0 80.1302781,12.9713172,0 80.1303010,12.9713173,0 80.1303009,12.9711120,0 80.1302780,12.9711119,0 80.1302550,12.9709293,0 80.1302091,12.9708835,0 80.1301403,12.9706551,0 80.1300945,12.9706321,0 80.1300486,12.9704950,0 80.1297966,12.9702202,0 80.1295219,12.9702191,0 80.1294303,12.9701731,0 80.1292242,12.9701722,0 80.1292242,12.9701494,0 80.1291097,12.9701490,0 80.1290410,12.9701259,0 80.1290181,12.9700573,0 80.1290180,12.9699433,0 80.1289951,12.9699432,0 80.1289950,12.9697379,0 80.1290179,12.9697380,0 80.1290864,12.9694645,0 80.1291322,12.9694191,0 80.1291321,12.9693506,0 80.1292008,12.9692368,0 80.1292007,12.9691228,0 80.1291778,12.9691227,0 80.1291777,12.9689630,0 80.1292463,12.9688948,0 80.1292463,12.9688492,0 80.1293150,12.9688039,0 80.1293150,12.9687582,0 80.1294065,12.9686902,0 80.1294293,12.9685990,0 80.1296812,12.9686001,0 80.1296812,12.9685773,0 80.1299559,12.9685784,0 80.1299559,12.9685556,0 80.1302078,12.9685566,0 80.1302078,12.9685338,0 80.1304825,12.9684893,0 80.1305740,12.9684213,0 80.1306427,12.9684215,0 80.1307801,12.9683309,0 80.1308945,12.9683085,0 80.1311005,12.9681269,0 80.1311005,12.9680813,0 80.1311920,12.9680132,0 80.1312149,12.9679677,0 80.1312147,12.9677623,0 80.1311919,12.9677623,0 80.1311918,12.9676254,0 80.1311689,12.9676253,0 80.1311688,12.9675112,0 80.1311459,12.9674427,0 80.1312145,12.9674202,0 80.1313061,12.9673065,0 80.1314663,12.9672843,0 80.1315350,12.9672390,0 80.1316495,12.9672623,0 80.1317411,12.9673539,0 80.1318327,12.9673771,0 80.1319014,12.9674230,0 80.1319931,12.9675374,0 80.1320389,12.9675376,0 80.1321076,12.9676292,0 80.1321534,12.9676294,0 80.1322450,12.9677210,0 80.1324282,12.9677217,0 80.1324282,12.9677445,0 80.1329777,12.9677468,0 80.1329777,12.9677696,0 80.1331151,12.9677702,0 80.1332067,12.9678162,0 80.1332983,12.9678166,0 80.1333441,12.9678624,0 80.1334357,12.9678856,0 80.1334358,12.9679540,0 80.1334816,12.9679998,0 80.1335046,12.9681824,0 80.1335275,12.9681825,0 80.1335278,12.9687300,0 80.1335049,12.9687299,0 80.1335055,12.9697565,0 80.1334369,12.9699387,0 80.1334370,12.9700756,0 80.1334141,12.9700755,0 80.1334144,12.9705089,0 80.1334373,12.9705090,0 80.1334374,12.9708056,0 80.1334603,12.9708057,0 80.1334604,12.9709882,0 80.1334833,12.9709883,0 80.1334834,12.9711023,0 80.1335292,12.9711710,0 80.1335293,12.9712394,0 80.1335751,12.9712852,0 80.1335751,12.9713536,0 80.1336897,12.9715366,0 80.1337584,12.9715597,0 80.1338729,12.9715602,0 80.1338729,12.9715830,0 80.1341477,12.9715841,0 80.1341477,12.9716069,0 80.1344224,12.9716081,0 80.1344225,12.9716309,0 80.1345598,12.9716315,0 80.1346514,12.9716547,0 80.1347660,12.9717464,0 80.1349262,12.9717470,0 80.1349263,12.9717698,0 80.1350865,12.9717705,0 80.1352010,12.9717025,0 80.1352468,12.9717255,0 80.1354757,12.9717265,0 80.1354757,12.9717037,0 80.1358192,12.9717051,0 80.1358192,12.9717279,0 80.1360710,12.9717290,0 80.1361626,12.9717521,0 80.1362313,12.9717981,0 80.1363000,12.9717983,0 80.1363459,12.9718441,0 80.1364145,12.9718444,0 80.1364150,12.9726657,0 80.1364379,12.9726658,0 80.1364380,12.9728026,0 80.1364609,12.9728027,0 80.1364611,12.9731906,0 80.1364382,12.9731905,0 80.1364383,12.9733045,0 80.1364154,12.9733501,0 80.1361866,12.9735544,0 80.1361637,12.9736000,0 80.1360721,12.9736224,0 80.1360493,12.9736679,0 80.1359577,12.9736903,0 80.1359348,12.9737359,0 80.1358433,12.9737583,0 80.1358204,12.9738038,0 80.1357288,12.9738263,0 80.1356831,12.9738945,0 80.1355686,12.9739397,0 80.1353169,12.9742124,0 80.1352941,12.9743720,0 80.1352712,12.9743719,0 80.1352715,12.9748053,0 80.1352944,12.9748054,0 80.1352945,12.9749651,0 80.1353174,12.9749652,0 80.1353174,12.9751021,0 80.1353403,12.9751022,0 80.1353404,12.9752390,0 80.1353633,12.9752391,0 80.1353634,12.9753760,0 80.1353863,12.9753761,0 80.1353864,12.9755130,0 80.1354093,12.9755131,0 80.1354093,12.9756271,0 80.1354322,12.9756272,0 80.1354323,12.9757641,0 80.1354552,12.9757642,0 80.1354553,12.9759011,0 80.1354782,12.9759012,0 80.1354783,12.9760380,0 80.1355012,12.9760381,0 80.1355012,12.9761522,0 80.1355241,12.9761523,0 80.1355242,12.9762892,0 80.1355471,12.9762893,0 80.1355472,12.9764261,0 80.1355701,12.9764262,0 80.1355701,12.9765403,0 80.1355930,12.9765404,0 80.1355931,12.9766773,0 80.1356160,12.9766774,0 80.1356161,12.9767914,0 80.1356390,12.9767915,0 80.1356390,12.9769056,0 80.1356849,12.9769970,0 80.1356850,12.9771567,0 80.1357538,12.9773395,0 80.1357538,12.9774536,0 80.1357768,12.9775449,0 80.1358456,12.9776821,0 80.1358685,12.9777962,0 80.1359602,12.9778878,0 80.1359602,12.9779335,0 80.1360289,12.9779794,0 80.1360289,12.9780250,0 80.1362122,12.9781854,0 80.1362125,12.9787329,0 80.1362355,12.9788243,0 80.1362813,12.9788929,0 80.1362813,12.9789614,0 80.1363271,12.9790072,0 80.1364877,12.9795553,0 80.1365336,12.9796011,0 80.1365336,12.9796696,0 80.1365794,12.9797154,0 80.1365795,12.9797838,0 80.1367399,12.9800582,0 80.1367399,12.9801267,0 80.1368774,12.9803326,0 80.1369004,12.9804011,0 80.1369004,12.9805152,0 80.1369233,12.9805152,0 80.1369234,12.9806521,0 80.1369463,12.9806522,0 80.1369464,12.9807891,0 80.1369693,12.9807892,0 80.1369694,12.9809261,0 80.1369923,12.9809262,0 80.1369923,12.9810402,0 80.1364657,12.9810380,0 80.1364200,12.9811747,0 80.1362827,12.9812654,0 80.1360537,12.9813101,0 80.1360538,12.9813329,0 80.1358935,12.9813322,0 80.1358935,12.9813551,0 80.1354814,12.9813533,0 80.1354814,12.9813305,0 80.1353669,12.9813301,0 80.1353669,12.9813073,0 80.1352524,12.9813068,0 80.1352524,12.9813980,0 80.1351608,12.9813977,0 80.1351379,12.9812607,0 80.1350463,12.9812375,0 80.1349089,12.9812369,0 80.1348631,12.9812595,0 80.1348402,12.9812138,0 80.1346570,12.9812131,0 80.1346570,12.9811674,0 80.1346799,12.9811675,0 80.1346798,12.9810535,0 80.1347027,12.9810536,0 80.1347025,12.9806886,0 80.1346567,12.9805971,0 80.1345880,12.9805740,0 80.1344505,12.9804138,0 80.1344047,12.9803908,0 80.1342214,12.9802303,0 80.1342214,12.9801847,0 80.1341527,12.9801388,0 80.1341069,12.9800702,0 80.1340839,12.9799788,0 80.1340381,12.9799558,0 80.1340151,12.9798645,0 80.1339693,12.9798415,0 80.1339005,12.9796131,0 80.1338547,12.9795901,0 80.1338318,12.9794987,0 80.1337860,12.9794757,0 80.1337630,12.9793844,0 80.1337172,12.9793614,0 80.1336943,12.9792700,0 80.1336484,12.9792014,0 80.1335797,12.9791555,0 80.1335797,12.9791099,0 80.1334193,12.9789723,0 80.1334193,12.9789267,0 80.1333048,12.9788350,0 80.1332589,12.9787664,0 80.1332360,12.9786750,0 80.1331902,12.9786520,0 80.1331672,12.9785607,0 80.1329380,12.9781719,0 80.1329380,12.9781035,0 80.1328922,12.9780577,0 80.1328463,12.9778522,0 80.1328005,12.9778064,0 80.1328004,12.9777379,0 80.1327546,12.9776921,0 80.1327545,12.9776009,0 80.1326628,12.9773952,0 80.1326628,12.9773039,0 80.1325940,12.9771668,0 80.1325939,12.9769843,0 80.1325710,12.9768929,0 80.1325251,12.9768243,0 80.1325480,12.9768244,0 80.1326624,12.9766880,0 80.1327997,12.9765973,0 80.1328912,12.9764380,0 80.1328912,12.9763239,0 80.1328683,12.9763238,0 80.1328682,12.9761185,0 80.1328453,12.9761184,0 80.1328223,12.9759586,0 80.1327535,12.9758671,0 80.1327535,12.9757987,0 80.1327077,12.9757529,0 80.1327076,12.9756844,0 80.1326618,12.9756386,0 80.1326388,12.9755244,0 80.1325701,12.9754785,0 80.1325701,12.9754329,0 80.1325014,12.9753870,0 80.1324556,12.9753184,0 80.1324555,12.9752499,0 80.1324097,12.9752269,0 80.1323867,12.9751128,0 80.1323409,12.9750898,0 80.1322492,12.9748385,0 80.1321117,12.9746782,0 80.1320659,12.9746780,0 80.1319514,12.9745407,0 80.1317911,12.9745400,0 80.1317911,12.9745172,0 80.1314477,12.9745158,0 80.1314247,12.9744701,0 80.1313103,12.9744696,0 80.1313103,12.9744924,0 80.1311500,12.9745146,0 80.1311271,12.9744688,0 80.1309897,12.9744683,0 80.1309897,12.9744455,0 80.1308065,12.9744447,0 80.1307607,12.9743761,0 80.1307149,12.9743759,0 80.1306462,12.9742843,0 80.1305775,12.9742841,0 80.1305088,12.9743294,0 80.1304631,12.9743977,0 80.1303944,12.9744202,0 80.1303715,12.9743745,0 80.1301654,12.9743736,0 80.1301654,12.9743964,0 80.1299364,12.9743955,0 80.1298678,12.9744180,0 80.1298678,12.9744636,0 80.1297991,12.9744862,0 80.1297992,12.9745546,0 80.1297305,12.9746684,0 80.1297306,12.9748053,0 80.1297078,12.9748964,0 80.1296620,12.9749647,0 80.1295935,12.9752609,0 80.1295019,12.9752834,0 80.1294791,12.9753289,0 80.1293875,12.9753513,0 80.1291127,12.9753502,0 80.1290440,12.9753043,0 80.1289524,12.9753039,0 80.1289524,12.9752355,0 80.1289066,12.9751668,0 80.1289065,12.9750528,0 80.1288836,12.9750527,0 80.1288835,12.9748930,0 80.1288606,12.9748929,0 80.1288605,12.9747560,0 80.1288834,12.9747561,0 80.1288832,12.9744139,0 80.1288603,12.9744138,0 80.1288603,12.9742998,0 80.1288374,12.9742997,0 80.1287915,12.9741398,0 80.1287457,12.9741168,0 80.1287227,12.9740255,0 80.1286540,12.9739796,0 80.1286540,12.9739339,0 80.1284707,12.9737735,0 80.1284478,12.9737050,0</coordinates></LinearRing></outerBoundaryIs></Polygon></MultiGeometry></Placemark>
<Placemark><name>7</name><ExtendedData><SchemaData schemaUrl="#tambaram_wards"><SimpleData name="id_2">TMB_07</SimpleData><SimpleData name="name">7</SimpleData><SimpleData name="zone">1</SimpleData></SchemaData></ExtendedData><MultiGeometry><Polygon><outerBoundaryIs><LinearRing><coordinates>80.1362122,12.9781854,0 80.1364869,12.9781181,0 80.1366242,12.9780503,0 80.1367158,12.9780506,0 80.1367845,12.9780053,0 80.1369676,12.9779833,0 80.1370363,12.9779379,0 80.1373110,12.9778934,0 80.1373797,12.9778481,0 80.1375628,12.9778260,0 80.1376315,12.9777807,0 80.1379062,12.9777362,0 80.1379749,12.9776909,0 80.1381580,12.9776688,0 80.1382267,12.9776235,0 80.1384099,12.9776014,0 80.1384785,12.9775561,0 80.1386617,12.9775340,0 80.1387303,12.9774887,0 80.1389135,12.9774666,0 80.1389822,12.9774213,0 80.1392569,12.9773768,0 80.1393256,12.9773314,0 80.1395087,12.9773094,0 80.1395774,12.9772640,0 80.1398521,12.9772195,0 80.1399208,12.9771742,0 80.1401039,12.9771521,0 80.1403557,12.9769935,0 80.1404015,12.9769937,0 80.1404472,12.9769254,0 80.1404930,12.9769256,0 80.1405159,12.9768345,0 80.1405158,12.9767204,0 80.1405615,12.9766294,0 80.1405614,12.9764925,0 80.1405843,12.9764013,0 80.1406987,12.9763334,0 80.1407445,12.9762651,0 80.1408589,12.9762200,0 80.1409047,12.9761517,0 80.1409505,12.9761519,0 80.1409962,12.9760836,0 80.1410878,12.9760612,0 80.1411565,12.9760159,0 80.1412022,12.9759020,0 80.1414082,12.9757660,0 80.1415226,12.9757436,0 80.1415455,12.9756981,0 80.1416142,12.9756984,0 80.1416600,12.9756530,0 80.1417744,12.9756534,0 80.1417744,12.9756306,0 80.1418889,12.9756311,0 80.1418889,12.9756083,0 80.1420034,12.9756087,0 80.1420034,12.9755859,0 80.1421179,12.9755864,0 80.1421178,12.9755636,0 80.1422323,12.9755641,0 80.1422323,12.9755413,0 80.1423468,12.9755417,0 80.1423468,12.9755189,0 80.1424613,12.9755194,0 80.1424612,12.9754966,0 80.1425986,12.9754971,0 80.1425986,12.9754743,0 80.1427131,12.9754748,0 80.1427131,12.9754520,0 80.1428276,12.9754525,0 80.1428275,12.9754297,0 80.1433541,12.9754318,0 80.1434229,12.9754549,0 80.1434229,12.9755005,0 80.1434916,12.9755465,0 80.1435374,12.9756151,0 80.1435375,12.9756835,0 80.1436749,12.9758438,0 80.1437208,12.9759808,0 80.1438124,12.9760725,0 80.1439727,12.9760731,0 80.1439727,12.9760959,0 80.1442704,12.9760972,0 80.1444535,12.9760295,0 80.1445680,12.9760300,0 80.1449343,12.9759174,0 80.1450258,12.9759178,0 80.1451402,12.9757130,0 80.1451860,12.9756903,0 80.1452547,12.9756906,0 80.1455753,12.9758744,0 80.1456212,12.9759431,0 80.1456212,12.9760115,0 80.1456670,12.9760573,0 80.1456900,12.9761943,0 80.1457358,12.9762401,0 80.1457359,12.9763085,0 80.1457817,12.9763543,0 80.1458046,12.9764913,0 80.1458505,12.9765371,0 80.1458734,12.9766513,0 80.1459193,12.9767199,0 80.1459880,12.9767658,0 80.1460110,12.9769256,0 80.1459881,12.9769255,0 80.1459882,12.9770624,0 80.1460799,12.9772681,0 80.1460799,12.9773593,0 80.1461487,12.9774965,0 80.1461487,12.9775877,0 80.1462404,12.9777250,0 80.1462863,12.9779077,0 80.1463779,12.9779765,0 80.1464009,12.9781591,0 80.1465154,12.9781824,0 80.1466299,12.9782741,0 80.1466529,12.9783426,0 80.1466530,12.9786164,0 80.1467447,12.9787536,0 80.1467677,12.9788678,0 80.1468135,12.9789364,0 80.1469738,12.9790511,0 80.1469968,12.9790969,0 80.1472716,12.9791892,0 80.1472258,12.9792803,0 80.1472488,12.9794629,0 80.1473176,12.9795316,0 80.1473176,12.9796001,0 80.1473634,12.9796459,0 80.1473635,12.9797371,0 80.1474093,12.9797601,0 80.1474551,12.9798516,0 80.1474552,12.9799428,0 80.1475010,12.9799658,0 80.1475698,12.9801942,0 80.1476156,12.9802172,0 80.1476844,12.9804228,0 80.1477532,12.9805143,0 80.1477532,12.9805828,0 80.1478219,12.9806743,0 80.1478220,12.9807428,0 80.1478907,12.9808343,0 80.1478908,12.9809027,0 80.1479595,12.9809943,0 80.1480054,12.9811998,0 80.1479596,12.9812224,0 80.1479597,12.9812908,0 80.1478681,12.9813589,0 80.1477537,12.9813584,0 80.1477537,12.9813812,0 80.1475705,12.9813805,0 80.1475705,12.9814033,0 80.1473873,12.9814025,0 80.1473874,12.9814253,0 80.1472042,12.9814246,0 80.1472042,12.9814474,0 80.1470897,12.9814469,0 80.1470897,12.9814241,0 80.1469294,12.9814234,0 80.1468607,12.9813547,0 80.1463570,12.9813526,0 80.1463570,12.9813298,0 80.1461738,12.9813291,0 80.1461051,12.9812832,0 80.1460364,12.9813057,0 80.1458762,12.9813050,0 80.1458762,12.9813278,0 80.1455098,12.9813263,0 80.1455098,12.9813035,0 80.1453266,12.9813028,0 80.1453266,12.9812799,0 80.1450748,12.9812789,0 80.1449832,12.9812329,0 80.1445939,12.9812313,0 80.1445482,12.9812995,0 80.1444566,12.9813220,0 80.1442047,12.9813209,0 80.1442048,12.9813438,0 80.1438155,12.9813421,0 80.1438155,12.9813650,0 80.1436095,12.9813641,0 80.1435179,12.9813181,0 80.1433805,12.9812947,0 80.1433805,12.9813860,0 80.1432889,12.9813628,0 80.1432889,12.9812487,0 80.1431973,12.9812027,0 80.1431743,12.9811570,0 80.1429453,12.9811104,0 80.1429454,12.9811561,0 80.1428767,12.9811786,0 80.1428538,12.9812469,0 80.1428539,12.9813610,0 80.1427623,12.9813606,0 80.1427623,12.9812465,0 80.1427165,12.9812692,0 80.1425562,12.9812685,0 80.1425562,12.9812913,0 80.1423959,12.9812907,0 80.1423960,12.9813591,0 80.1423044,12.9813587,0 80.1423044,12.9812903,0 80.1422586,12.9812673,0 80.1419609,12.9812660,0 80.1419610,12.9813573,0 80.1418694,12.9813341,0 80.1418693,12.9812657,0 80.1417090,12.9812650,0 80.1415716,12.9811960,0 80.1415029,12.9811273,0 80.1414800,12.9810587,0 80.1414799,12.9809447,0 80.1413195,12.9808072,0 80.1412737,12.9806701,0 80.1412049,12.9806014,0 80.1412049,12.9805329,0 80.1411591,12.9805327,0 80.1410445,12.9802357,0 80.1409757,12.9801898,0 80.1409299,12.9800527,0 80.1408154,12.9800294,0 80.1407925,12.9799837,0 80.1407467,12.9800292,0 80.1407468,12.9801889,0 80.1407697,12.9801889,0 80.1407698,12.9803943,0 80.1407011,12.9804396,0 80.1406783,12.9805079,0 80.1406096,12.9805305,0 80.1404722,12.9805299,0 80.1404722,12.9805527,0 80.1403578,12.9805522,0 80.1403578,12.9805751,0 80.1402433,12.9805746,0 80.1402433,12.9805974,0 80.1401059,12.9805968,0 80.1401059,12.9806196,0 80.1399915,12.9806192,0 80.1398999,12.9806644,0 80.1397396,12.9806638,0 80.1396939,12.9807092,0 80.1395107,12.9807312,0 80.1395107,12.9807541,0 80.1393504,12.9807534,0 80.1393047,12.9807988,0 80.1391215,12.9808209,0 80.1391215,12.9808437,0 80.1389155,12.9808428,0 80.1388239,12.9807968,0 80.1387094,12.9807964,0 80.1386178,12.9807504,0 80.1385033,12.9807499,0 80.1385033,12.9807271,0 80.1383659,12.9807265,0 80.1383430,12.9807720,0 80.1382972,12.9807490,0 80.1382743,12.9806805,0 80.1381140,12.9806798,0 80.1381140,12.9807027,0 80.1379767,12.9807021,0 80.1379768,12.9808846,0 80.1378852,12.9808614,0 80.1378622,12.9807244,0 80.1378393,12.9807472,0 80.1377019,12.9807466,0 80.1377019,12.9807694,0 80.1375646,12.9807688,0 80.1375188,12.9807915,0 80.1375875,12.9809058,0 80.1374960,12.9809054,0 80.1374273,12.9809508,0 80.1372441,12.9809728,0 80.1371755,12.9810182,0 80.1369923,12.9810402,0 80.1369923,12.9809262,0 80.1369694,12.9809261,0 80.1369693,12.9807892,0 80.1369464,12.9807891,0 80.1369463,12.9806522,0 80.1369234,12.9806521,0 80.1369233,12.9805152,0 80.1369004,12.9805152,0 80.1369004,12.9804011,0 80.1368774,12.9803326,0 80.1367399,12.9801267,0 80.1367399,12.9800582,0 80.1365795,12.9797838,0 80.1365794,12.9797154,0 80.1365336,12.9796696,0 80.1365336,12.9796011,0 80.1364877,12.9795553,0 80.1363271,12.9790072,0 80.1362813,12.9789614,0 80.1362813,12.9788929,0 80.1362355,12.9788243,0 80.1362125,12.9787329,0 80.1362122,12.9781854,0</coordinates></LinearRing></outerBoundaryIs></Polygon></MultiGeometry></Placemark>
<Placemark><name>8</name><ExtendedData><SchemaData schemaUrl="#tambaram_wards"><SimpleData name="id_2">TMB_08</SimpleData><SimpleData name="name">8</SimpleData><SimpleData name="zone">1</SimpleData></SchemaData></ExtendedData><MultiGeometry><Polygon><outerBoundaryIs><LinearRing><coordinates>80.1364145,12.9718444,0 80.1365748,12.9718223,0 80.1366206,12.9717540,0 80.1366663,12.9717542,0 80.1367350,12.9716633,0 80.1367808,12.9716634,0 80.1369638,12.9714589,0 80.1369867,12.9713449,0 80.1371011,12.9713454,0 80.1371011,12.9713226,0 80.1372614,12.9713232,0 80.1372614,12.9713004,0 80.1375132,12.9713015,0 80.1375132,12.9712787,0 80.1376277,12.9712791,0 80.1376277,12.9713019,0 80.1379025,12.9713031,0 80.1379025,12.9713259,0 80.1380628,12.9713266,0 80.1380857,12.9713723,0 80.1381544,12.9713954,0 80.1387497,12.9713978,0 80.1387497,12.9713750,0 80.1389099,12.9713757,0 80.1389099,12.9713529,0 80.1390931,12.9713536,0 80.1390931,12.9713308,0 80.1392763,12.9713316,0 80.1393679,12.9714004,0 80.1394366,12.9714007,0 80.1394595,12.9714464,0 80.1395969,12.9714926,0 80.1396198,12.9715383,0 80.1397114,12.9715615,0 80.1397343,12.9716072,0 80.1398030,12.9716075,0 80.1398259,12.9716532,0 80.1398946,12.9716535,0 80.1399405,12.9716993,0 80.1400091,12.9716996,0 80.1400550,12.9717454,0 80.1401007,12.9717228,0 80.1402839,12.9717235,0 80.1402839,12.9717007,0 80.1404213,12.9717013,0 80.1406044,12.9716336,0 80.1407189,12.9716341,0 80.1407189,12.9716113,0 80.1408333,12.9716117,0 80.1408333,12.9715889,0 80.1409478,12.9715894,0 80.1409478,12.9715666,0 80.1410623,12.9715671,0 80.1410623,12.9715443,0 80.1411996,12.9715448,0 80.1411996,12.9715220,0 80.1413141,12.9715225,0 80.1413141,12.9714997,0 80.1414286,12.9715001,0 80.1414286,12.9714773,0 80.1415430,12.9714778,0 80.1415430,12.9714550,0 80.1416575,12.9714555,0 80.1416575,12.9714326,0 80.1417949,12.9714332,0 80.1417949,12.9714104,0 80.1419093,12.9714109,0 80.1419093,12.9713881,0 80.1420238,12.9713885,0 80.1420238,12.9713657,0 80.1421383,12.9713662,0 80.1421383,12.9713434,0 80.1422527,12.9713439,0 80.1422527,12.9713210,0 80.1423672,12.9713215,0 80.1427335,12.9712090,0 80.1428251,12.9712093,0 80.1429624,12.9711415,0 80.1430540,12.9711419,0 80.1431913,12.9710740,0 80.1432600,12.9710743,0 80.1434202,12.9708924,0 80.1434889,12.9709612,0 80.1434889,12.9710068,0 80.1435577,12.9710755,0 80.1435578,12.9712580,0 80.1436265,12.9713952,0 80.1436266,12.9714864,0 80.1437412,12.9717606,0 80.1437413,12.9718291,0 80.1438329,12.9719663,0 80.1438331,12.9722629,0 80.1439248,12.9724001,0 80.1439248,12.9724458,0 80.1439935,12.9725145,0 80.1439936,12.9725829,0 80.1440394,12.9726744,0 80.1440852,12.9726974,0 80.1441082,12.9727887,0 80.1441998,12.9728803,0 80.1441998,12.9729260,0 80.1442686,12.9729719,0 80.1443602,12.9731547,0 80.1444290,12.9732007,0 80.1444519,12.9733604,0 80.1444748,12.9733605,0 80.1444749,12.9734746,0 80.1445667,12.9737487,0 80.1445667,12.9738628,0 80.1448419,12.9746167,0 80.1448879,12.9748907,0 80.1449337,12.9749593,0 80.1449338,12.9750505,0 80.1450025,12.9751877,0 80.1450026,12.9752789,0 80.1450713,12.9754161,0 80.1450714,12.9755074,0 80.1451173,12.9756216,0 80.1451860,12.9756903,0 80.1451402,12.9757130,0 80.1450258,12.9759178,0 80.1449343,12.9759174,0 80.1445680,12.9760300,0 80.1444535,12.9760295,0 80.1442704,12.9760972,0 80.1439727,12.9760959,0 80.1439727,12.9760731,0 80.1438124,12.9760725,0 80.1437208,12.9759808,0 80.1436749,12.9758438,0 80.1435375,12.9756835,0 80.1435374,12.9756151,0 80.1434916,12.9755465,0 80.1434229,12.9755005,0 80.1434229,12.9754549,0 80.1433541,12.9754318,0 80.1428275,12.9754297,0 80.1428276,12.9754525,0 80.1427131,12.9754520,0 80.1427131,12.9754748,0 80.1425986,12.9754743,0 80.1425986,12.9754971,0 80.1424612,12.9754966,0 80.1424613,12.9755194,0 80.1423468,12.9755189,0 80.1423468,12.9755417,0 80.1422323,12.9755413,0 80.1422323,12.9755641,0 80.1421178,12.9755636,0 80.1421179,12.9755864,0 80.1420034,12.9755859,0 80.1420034,12.9756087,0 80.1418889,12.9756083,0 80.1418889,12.9756311,0 80.1417744,12.9756306,0 80.1417744,12.9756534,0 80.1416600,12.9756530,0 80.1416142,12.9756984,0 80.1415455,12.9756981,0 80.1415226,12.9757436,0 80.1414082,12.9757660,0 80.1412022,12.9759020,0 80.1411565,12.9760159,0 80.1410878,12.9760612,0 80.1409962,12.9760836,0 80.1409505,12.9761519,0 80.1409047,12.9761517,0 80.1408589,12.9762200,0 80.1407445,12.9762651,0 80.1406987,12.9763334,0 80.1405843,12.9764013,0 80.1405614,12.9764925,0 80.1405615,12.9766294,0 80.1405158,12.9767204,0 80.1405159,12.9768345,0 80.1404930,12.9769256,0 80.1404472,12.9769254,0 80.1404015,12.9769937,0 80.1403557,12.9769935,0 80.1401039,12.9771521,0 80.1399208,12.9771742,0 80.1398521,12.9772195,0 80.1395774,12.9772640,0 80.1395087,12.9773094,0 80.1393256,12.9773314,0 80.1392569,12.9773768,0 80.1389822,12.9774213,0 80.1389135,12.9774666,0 80.1387303,12.9774887,0 80.1386617,12.9775340,0 80.1384785,12.9775561,0 80.1384099,12.9776014,0 80.1382267,12.9776235,0 80.1381580,12.9776688,0 80.1379749,12.9776909,0 80.1379062,12.9777362,0 80.1376315,12.9777807,0 80.1375628,12.9778260,0 80.1373797,12.9778481,0 80.1373110,12.9778934,0 80.1370363,12.9779379,0 80.1369676,12.9779833,0 80.1367845,12.9780053,0 80.1367158,12.9780506,0 80.1366242,12.9780503,0 80.1364869,12.9781181,0 80.1362122,12.9781854,0 80.1360289,12.9780250,0 80.1360289,12.9779794,0 80.1359602,12.9779335,0 80.1359602,12.9778878,0 80.1358685,12.9777962,0 80.1358456,12.9776821,0 80.1357768,12.9775449,0 80.1357538,12.9774536,0 80.1357538,12.9773395,0 80.1356850,12.9771567,0 80.1356849,12.9769970,0 80.1356390,12.9769056,0 80.1356390,12.9767915,0 80.1356161,12.9767914,0 80.1356160,12.9766774,0 80.1355931,12.9766773,0 80.1355930,12.9765404,0 80.1355701,12.9765403,0 80.1355701,12.9764262,0 80.1355472,12.9764261,0 80.1355471,12.9762893,0 80.1355242,12.9762892,0 80.1355241,12.9761523,0 80.1355012,12.9761522,0 80.1355012,12.9760381,0 80.1354783,12.9760380,0 80.1354782,12.9759012,0 80.1354553,12.9759011,0 80.1354552,12.9757642,0 80.1354323,12.9757641,0 80.1354322,12.9756272,0 80.1354093,12.9756271,0 80.1354093,12.9755131,0 80.1353864,12.9755130,0 80.1353863,12.9753761,0 80.1353634,12.9753760,0 80.1353633,12.9752391,0 80.1353404,12.9752390,0 80.1353403,12.9751022,0 80.1353174,12.9751021,0 80.1353174,12.9749652,0 80.1352945,12.9749651,0 80.1352944,12.9748054,0 80.1352715,12.9748053,0 80.1352712,12.9743719,0 80.1352941,12.9743720,0 80.1353169,12.9742124,0 80.1355686,12.9739397,0 80.1356831,12.9738945,0 80.1357288,12.9738263,0 80.1358204,12.9738038,0 80.1358433,12.9737583,0 80.1359348,12.9737359,0 80.1359577,12.9736903,0 80.1360493,12.9736679,0 80.1360721,12.9736224,0 80.1361637,12.9736000,0 80.1361866,12.9735544,0 80.1364154,12.9733501,0 80.1364383,12.9733045,0 80.1364382,12.9731905,0 80.1364611,12.9731906,0 80.1364609,12.9728027,0 80.1364380,12.9728026,0 80.1364379,12.9726658,0 80.1364150,12.9726657,0 80.1364145,12.9718444,0</coordinates></LinearRing></outerBoundaryIs></Polygon></MultiGeometry></Placemark>
<Placemark><name>9</name><ExtendedData><SchemaData schemaUrl="#tambaram_wards"><SimpleData name="id_2">TMB_09</SimpleData><SimpleData name="name">9</SimpleData><SimpleData name="zone">2</SimpleData></SchemaData></ExtendedData><MultiGeometry><Polygon><outerBoundaryIs><LinearRing><coordinates>80.1444012,12.9649653,0 80.1445386,12.9648746,0 80.1445843,12.9648063,0 80.1446530,12.9647610,0 80.1447903,12.9647159,0 80.1448132,12.9646704,0 80.1449048,12.9646480,0 80.1449276,12.9646024,0 80.1450192,12.9645800,0 80.1450421,12.9645345,0 80.1451337,12.9645120,0 80.1451565,12.9644665,0 80.1452939,12.9644214,0 80.1453167,12.9643759,0 80.1454083,12.9643535,0 80.1454312,12.9643080,0 80.1455228,12.9642855,0 80.1455456,12.9642400,0 80.1456372,12.9642176,0 80.1456601,12.9641720,0 80.1457974,12.9641270,0 80.1458203,12.9640814,0 80.1459119,12.9640590,0 80.1459347,12.9640135,0 80.1460263,12.9639910,0 80.1460492,12.9639455,0 80.1461407,12.9639231,0 80.1461636,12.9638775,0 80.1463010,12.9638325,0 80.1463238,12.9637870,0 80.1464154,12.9637645,0 80.1464840,12.9636964,0 80.1465527,12.9636966,0 80.1466672,12.9636287,0 80.1467588,12.9636291,0 80.1468274,12.9635837,0 80.1469877,12.9635844,0 80.1470335,12.9636530,0 80.1471251,12.9636990,0 80.1471252,12.9637446,0 80.1472855,12.9638822,0 80.1473085,12.9639963,0 80.1473543,12.9640193,0 80.1474460,12.9642478,0 80.1474918,12.9643165,0 80.1475606,12.9643624,0 80.1475606,12.9644080,0 80.1476293,12.9644767,0 80.1476295,12.9647505,0 80.1476066,12.9647504,0 80.1476067,12.9649101,0 80.1475609,12.9649099,0 80.1475380,12.9650010,0 80.1474465,12.9650691,0 80.1474465,12.9651147,0 80.1473778,12.9651601,0 80.1473779,12.9652057,0 80.1472634,12.9652965,0 80.1472406,12.9653648,0 80.1473780,12.9654110,0 80.1474926,12.9655940,0 80.1475155,12.9655941,0 80.1475156,12.9657994,0 80.1473554,12.9658900,0 80.1473325,12.9659355,0 80.1472409,12.9659579,0 80.1471034,12.9657292,0 80.1472179,12.9656613,0 80.1472637,12.9657527,0 80.1473095,12.9657757,0 80.1473553,12.9657303,0 80.1473552,12.9656162,0 80.1472865,12.9655247,0 80.1471033,12.9655239,0 80.1469660,12.9657058,0 80.1468974,12.9657512,0 80.1468974,12.9658424,0 80.1469433,12.9659111,0 80.1471035,12.9659117,0 80.1471265,12.9660259,0 80.1470349,12.9660483,0 80.1468747,12.9660477,0 80.1467830,12.9659104,0 80.1467601,12.9659559,0 80.1466457,12.9660467,0 80.1466000,12.9661606,0 80.1465542,12.9661832,0 80.1465314,12.9663428,0 80.1464856,12.9663654,0 80.1464628,12.9665250,0 80.1464170,12.9665476,0 80.1464171,12.9666389,0 80.1463713,12.9667071,0 80.1463714,12.9667756,0 80.1463256,12.9668210,0 80.1463028,12.9669578,0 80.1462570,12.9670032,0 80.1462342,12.9671400,0 80.1460969,12.9673448,0 80.1460741,12.9674359,0 80.1460283,12.9674585,0 80.1460055,12.9675497,0 80.1459597,12.9675723,0 80.1459369,12.9676635,0 80.1458911,12.9676861,0 80.1458682,12.9677772,0 80.1458224,12.9677771,0 80.1457996,12.9678910,0 80.1457538,12.9678908,0 80.1457310,12.9680048,0 80.1456852,12.9680046,0 80.1456624,12.9681186,0 80.1456166,12.9681184,0 80.1455938,12.9682324,0 80.1455480,12.9682322,0 80.1455251,12.9683461,0 80.1454793,12.9683459,0 80.1454565,12.9684599,0 80.1454107,12.9684597,0 80.1453879,12.9685737,0 80.1453421,12.9685963,0 80.1452964,12.9686874,0 80.1452965,12.9689155,0 80.1451821,12.9690519,0 80.1451821,12.9690975,0 80.1451135,12.9691429,0 80.1450677,12.9692567,0 80.1450219,12.9692566,0 80.1450220,12.9693250,0 80.1449762,12.9693932,0 80.1449076,12.9694386,0 80.1447703,12.9696890,0 80.1446559,12.9697797,0 80.1446560,12.9698482,0 80.1446102,12.9699164,0 80.1445415,12.9699618,0 80.1445645,12.9699847,0 80.1445645,12.9701443,0 80.1446332,12.9701446,0 80.1446335,12.9706237,0 80.1447250,12.9704188,0 80.1447249,12.9703503,0 80.1447707,12.9703277,0 80.1447478,12.9702820,0 80.1447936,12.9702594,0 80.1447707,12.9702136,0 80.1448164,12.9701454,0 80.1448851,12.9701457,0 80.1449768,12.9703970,0 80.1449997,12.9703971,0 80.1449998,12.9705111,0 80.1450456,12.9705341,0 80.1450227,12.9705797,0 80.1450685,12.9706027,0 80.1450683,12.9701692,0 80.1451827,12.9701469,0 80.1451831,12.9708313,0 80.1450687,12.9708536,0 80.1450229,12.9708306,0 80.1449770,12.9706251,0 80.1449541,12.9706250,0 80.1449540,12.9705110,0 80.1449082,12.9704880,0 80.1449311,12.9704424,0 80.1448853,12.9704194,0 80.1448852,12.9703510,0 80.1448394,12.9703280,0 80.1446795,12.9708976,0 80.1447253,12.9709663,0 80.1447254,12.9710575,0 80.1447712,12.9711261,0 80.1447713,12.9712630,0 80.1448171,12.9712860,0 80.1448172,12.9714229,0 80.1448859,12.9715372,0 80.1448860,12.9716285,0 80.1449547,12.9716972,0 80.1449547,12.9717428,0 80.1452067,12.9719720,0 80.1454816,12.9722697,0 80.1455046,12.9723154,0 80.1457565,12.9725446,0 80.1460315,12.9728423,0 80.1460544,12.9728880,0 80.1463064,12.9731172,0 80.1465813,12.9734149,0 80.1466042,12.9734606,0 80.1468562,12.9736897,0 80.1468792,12.9738495,0 80.1469251,12.9739181,0 80.1469251,12.9739866,0 80.1469709,12.9739868,0 80.1469938,12.9740781,0 80.1470855,12.9741697,0 80.1471084,12.9742611,0 80.1472001,12.9743527,0 80.1472230,12.9744441,0 80.1472917,12.9745128,0 80.1473147,12.9745813,0 80.1473147,12.9746954,0 80.1473376,12.9746955,0 80.1473377,12.9748323,0 80.1473607,12.9749237,0 80.1474065,12.9749695,0 80.1474065,12.9750836,0 80.1474294,12.9750837,0 80.1474295,12.9752205,0 80.1474524,12.9752206,0 80.1474525,12.9753575,0 80.1474754,12.9753576,0 80.1474755,12.9754717,0 80.1474984,12.9754718,0 80.1474984,12.9756086,0 80.1475213,12.9756087,0 80.1475214,12.9757456,0 80.1475443,12.9757457,0 80.1475444,12.9758826,0 80.1475673,12.9758827,0 80.1475674,12.9759967,0 80.1475903,12.9759968,0 80.1475903,12.9761337,0 80.1476132,12.9761338,0 80.1476133,12.9762707,0 80.1476362,12.9762708,0 80.1476363,12.9763848,0 80.1476592,12.9763849,0 80.1476593,12.9765902,0 80.1476822,12.9765903,0 80.1476823,12.9768413,0 80.1477052,12.9768414,0 80.1477054,12.9771151,0 80.1477283,12.9771152,0 80.1477284,12.9773661,0 80.1477513,12.9773662,0 80.1477515,12.9776400,0 80.1477744,12.9776401,0 80.1477745,12.9778910,0 80.1477974,12.9778911,0 80.1477975,12.9780736,0 80.1477060,12.9782101,0 80.1477061,12.9782785,0 80.1475917,12.9784378,0 80.1475917,12.9785290,0 80.1475002,12.9786655,0 80.1475003,12.9787339,0 80.1473859,12.9788932,0 80.1473859,12.9789844,0 80.1473402,12.9790755,0 80.1472944,12.9790981,0 80.1472716,12.9791892,0 80.1469968,12.9790969,0 80.1469738,12.9790511,0 80.1468135,12.9789364,0 80.1467677,12.9788678,0 80.1467447,12.9787536,0 80.1466530,12.9786164,0 80.1466529,12.9783426,0 80.1466299,12.9782741,0 80.1465154,12.9781824,0 80.1464009,12.9781591,0 80.1463779,12.9779765,0 80.1462863,12.9779077,0 80.1462404,12.9777250,0 80.1461487,12.9775877,0 80.1461487,12.9774965,0 80.1460799,12.9773593,0 80.1460799,12.9772681,0 80.1459882,12.9770624,0 80.1459881,12.9769255,0 80.1460110,12.9769256,0 80.1459880,12.9767658,0 80.1459193,12.9767199,0 80.1458734,12.9766513,0 80.1458505,12.9765371,0 80.1458046,12.9764913,0 80.1457817,12.9763543,0 80.1457359,12.9763085,0 80.1457358,12.9762401,0 80.1456900,12.9761943,0 80.1456670,12.9760573,0 80.1456212,12.9760115,0 80.1456212,12.9759431,0 80.1455753,12.9758744,0 80.1452547,12.9756906,0 80.1451860,12.9756903,0 80.1451173,12.9756216,0 80.1450714,12.9755074,0 80.1450713,12.9754161,0 80.1450026,12.9752789,0 80.1450025,12.9751877,0 80.1449338,12.9750505,0 80.1449337,12.9749593,0 80.1448879,12.9748907,0 80.1448419,12.9746167,0 80.1445667,12.9738628,0 80.1445667,12.9737487,0 80.1444749,12.9734746,0 80.1444748,12.9733605,0 80.1444519,12.9733604,0 80.1444290,12.9732007,0 80.1443602,12.9731547,0 80.1442686,12.9729719,0 80.1441998,12.9729260,0 80.1441998,12.9728803,0 80.1441082,12.9727887,0 80.1440852,12.9726974,0 80.1440394,12.9726744,0 80.1439936,12.9725829,0 80.1439935,12.9725145,0 80.1439248,12.9724458,0 80.1439248,12.9724001,0 80.1438331,12.9722629,0 80.1438329,12.9719663,0 80.1437413,12.9718291,0 80.1437412,12.9717606,0 80.1436266,12.9714864,0 80.1436265,12.9713952,0 80.1435578,12.9712580,0 80.1435577,12.9710755,0 80.1434889,12.9710068,0 80.1434889,12.9709612,0 80.1434202,12.9708924,0 80.1433972,12.9708239,0 80.1433972,12.9706870,0 80.1433055,12.9705954,0 80.1432367,12.9704126,0 80.1432138,12.9704125,0 80.1432138,12.9702985,0 80.1432367,12.9702986,0 80.1432365,12.9700932,0 80.1431907,12.9699790,0 80.1431220,12.9699103,0 80.1431219,12.9698418,0 80.1430532,12.9697503,0 80.1430531,12.9696819,0 80.1430073,12.9696360,0 80.1430073,12.9695676,0 80.1429385,12.9694761,0 80.1429385,12.9694076,0 80.1428698,12.9693161,0 80.1428697,12.9692477,0 80.1428239,12.9692019,0 80.1428239,12.9691334,0 80.1427551,12.9690419,0 80.1427551,12.9689734,0 80.1426634,12.9688362,0 80.1426405,12.9687677,0 80.1426404,12.9686308,0 80.1427319,12.9684715,0 80.1428005,12.9684261,0 80.1430293,12.9680393,0 80.1430979,12.9679939,0 80.1431208,12.9679028,0 80.1431665,12.9678345,0 80.1432352,12.9677892,0 80.1433267,12.9676071,0 80.1434411,12.9675163,0 80.1434868,12.9674024,0 80.1435555,12.9673571,0 80.1435783,12.9672659,0 80.1437156,12.9671068,0 80.1437385,12.9670156,0 80.1438300,12.9669248,0 80.1438300,12.9668791,0 80.1438986,12.9668338,0 80.1440359,12.9665834,0 80.1441045,12.9665381,0 80.1441960,12.9663560,0 80.1442418,12.9663333,0 80.1444018,12.9659690,0 80.1444476,12.9659464,0 80.1446534,12.9654910,0 80.1446992,12.9654227,0 80.1446991,12.9653315,0 80.1446304,12.9652628,0 80.1446304,12.9652171,0 80.1444242,12.9650338,0 80.1444012,12.9649653,0</coordinates></LinearRing></outerBoundaryIs></Polygon></MultiGeometry></Placemark>
<Placemark><name>10</name><ExtendedData><SchemaData schemaUrl="#tambaram_wards"><SimpleData name="id_2">TMB_10</SimpleData><SimpleData name="name">10</SimpleData><SimpleData name="zone">1</SimpleData></SchemaData></ExtendedData><MultiGeometry><Polygon><outerBoundaryIs><LinearRing><coordinates>80.1369867,12.9713449,0 80.1369637,12.9712764,0 80.1366660,12.9710927,0 80.1365285,12.9708868,0 80.1365284,12.9708412,0 80.1364597,12.9707952,0 80.1364139,12.9707266,0 80.1365283,12.9705902,0 80.1365741,12.9705904,0 80.1366885,12.9704540,0 80.1367343,12.9704542,0 80.1367800,12.9703859,0 80.1369403,12.9703866,0 80.1369403,12.9703638,0 80.1372150,12.9703649,0 80.1372150,12.9703421,0 80.1375356,12.9703434,0 80.1375356,12.9703206,0 80.1376958,12.9703213,0 80.1377645,12.9702760,0 80.1379248,12.9702538,0 80.1380621,12.9701631,0 80.1380620,12.9700491,0 80.1381078,12.9699808,0 80.1381075,12.9696158,0 80.1380847,12.9696157,0 80.1380846,12.9694560,0 80.1380617,12.9694559,0 80.1380616,12.9692962,0 80.1380387,12.9692962,0 80.1380386,12.9691365,0 80.1380157,12.9691364,0 80.1380156,12.9689767,0 80.1379927,12.9689766,0 80.1379926,12.9687941,0 80.1379697,12.9687940,0 80.1379696,12.9686343,0 80.1379467,12.9686342,0 80.1379466,12.9684517,0 80.1379237,12.9684516,0 80.1379234,12.9680182,0 80.1379692,12.9679727,0 80.1379692,12.9679043,0 80.1380149,12.9678817,0 80.1380607,12.9677678,0 80.1384499,12.9677694,0 80.1385873,12.9678156,0 80.1386331,12.9678842,0 80.1386789,12.9678844,0 80.1389310,12.9681592,0 80.1389768,12.9682963,0 80.1390685,12.9683879,0 80.1390685,12.9684335,0 80.1393434,12.9686856,0 80.1394350,12.9686632,0 80.1395494,12.9686636,0 80.1396868,12.9685730,0 80.1396867,12.9685273,0 80.1397554,12.9684592,0 80.1397553,12.9683451,0 80.1397782,12.9683452,0 80.1397781,12.9681855,0 80.1398010,12.9680944,0 80.1398467,12.9680261,0 80.1398467,12.9679577,0 80.1398924,12.9679122,0 80.1398924,12.9678438,0 80.1399382,12.9678212,0 80.1399610,12.9677072,0 80.1400068,12.9676846,0 80.1400296,12.9675934,0 80.1400754,12.9675708,0 80.1400983,12.9674797,0 80.1405102,12.9670936,0 80.1405559,12.9670709,0 80.1406703,12.9669117,0 80.1407619,12.9668437,0 80.1407618,12.9667980,0 80.1408305,12.9667527,0 80.1408305,12.9667071,0 80.1409220,12.9666390,0 80.1409677,12.9665023,0 80.1410364,12.9664570,0 80.1410821,12.9663431,0 80.1412423,12.9662069,0 80.1412423,12.9661613,0 80.1413338,12.9660932,0 80.1413795,12.9658653,0 80.1414024,12.9658654,0 80.1414023,12.9657057,0 80.1411045,12.9654307,0 80.1407610,12.9652924,0 80.1403029,12.9650396,0 80.1402342,12.9650393,0 80.1397303,12.9647635,0 80.1396616,12.9647632,0 80.1392952,12.9645564,0 80.1392265,12.9645561,0 80.1387226,12.9642802,0 80.1386081,12.9642570,0 80.1385394,12.9642111,0 80.1384707,12.9641195,0 80.1384249,12.9641193,0 80.1382416,12.9639133,0 80.1381727,12.9635936,0 80.1381040,12.9635021,0 80.1381039,12.9634108,0 80.1380581,12.9633194,0 80.1381039,12.9632968,0 80.1381496,12.9631601,0 80.1381953,12.9631374,0 80.1383783,12.9627276,0 80.1384469,12.9626594,0 80.1384469,12.9625910,0 80.1384926,12.9625456,0 80.1385154,12.9623631,0 80.1385383,12.9623632,0 80.1385382,12.9621579,0 80.1384007,12.9619977,0 80.1384007,12.9619521,0 80.1382633,12.9618602,0 80.1381945,12.9617687,0 80.1380800,12.9617226,0 80.1380342,12.9616540,0 80.1379884,12.9616538,0 80.1377592,12.9612650,0 80.1377592,12.9611510,0 80.1379880,12.9610150,0 80.1380109,12.9609695,0 80.1382399,12.9609705,0 80.1382399,12.9609933,0 80.1385146,12.9609944,0 80.1385146,12.9610172,0 80.1387207,12.9610181,0 80.1387207,12.9610409,0 80.1392702,12.9610431,0 80.1392702,12.9610660,0 80.1397282,12.9610679,0 80.1398197,12.9610454,0 80.1399113,12.9609774,0 80.1399800,12.9609776,0 80.1400486,12.9609323,0 80.1400485,12.9607498,0 80.1400714,12.9607499,0 80.1400710,12.9600655,0 80.1401168,12.9600201,0 80.1401855,12.9600204,0 80.1402312,12.9599749,0 80.1404602,12.9599303,0 80.1404602,12.9599074,0 80.1408036,12.9599089,0 80.1408036,12.9599317,0 80.1409868,12.9599324,0 80.1409868,12.9599552,0 80.1411242,12.9599558,0 80.1411242,12.9599786,0 80.1412387,12.9599791,0 80.1413531,12.9599111,0 80.1414448,12.9600484,0 80.1415135,12.9600943,0 80.1415594,12.9602314,0 80.1416052,12.9602544,0 80.1416969,12.9604829,0 80.1417427,12.9605059,0 80.1418115,12.9606886,0 80.1418573,12.9607116,0 80.1419032,12.9608487,0 80.1419490,12.9608717,0 80.1420178,12.9610545,0 80.1420636,12.9610775,0 80.1421553,12.9613060,0 80.1422011,12.9613290,0 80.1422470,12.9614661,0 80.1422928,12.9614891,0 80.1423845,12.9617176,0 80.1424303,12.9617406,0 80.1425908,12.9621062,0 80.1426366,12.9621292,0 80.1427283,12.9623577,0 80.1427741,12.9623807,0 80.1428200,12.9625178,0 80.1428658,12.9625408,0 80.1428887,12.9626321,0 80.1429346,12.9627008,0 80.1430033,12.9627467,0 80.1430262,12.9628380,0 80.1430720,12.9628610,0 80.1430950,12.9629524,0 80.1431637,12.9629983,0 80.1432096,12.9631353,0 80.1433471,12.9632956,0 80.1433700,12.9633869,0 80.1434158,12.9634556,0 80.1435533,12.9635702,0 80.1435991,12.9636388,0 80.1436221,12.9637530,0 80.1436679,12.9637760,0 80.1436909,12.9639130,0 80.1437825,12.9640046,0 80.1437825,12.9640502,0 80.1438512,12.9640961,0 80.1438971,12.9641647,0 80.1439200,12.9642561,0 80.1440117,12.9643477,0 80.1440346,12.9644391,0 80.1441262,12.9645307,0 80.1441492,12.9646220,0 80.1441950,12.9646450,0 80.1442179,12.9647364,0 80.1443096,12.9648280,0 80.1443325,12.9649194,0 80.1444012,12.9649653,0 80.1444242,12.9650338,0 80.1446304,12.9652171,0 80.1446304,12.9652628,0 80.1446991,12.9653315,0 80.1446992,12.9654227,0 80.1446534,12.9654910,0 80.1444476,12.9659464,0 80.1444018,12.9659690,0 80.1442418,12.9663333,0 80.1441960,12.9663560,0 80.1441045,12.9665381,0 80.1440359,12.9665834,0 80.1438986,12.9668338,0 80.1438300,12.9668791,0 80.1438300,12.9669248,0 80.1437385,12.9670156,0 80.1437156,12.9671068,0 80.1435783,12.9672659,0 80.1435555,12.9673571,0 80.1434868,12.9674024,0 80.1434411,12.9675163,0 80.1433267,12.9676071,0 80.1432352,12.9677892,0 80.1431665,12.9678345,0 80.1431208,12.9679028,0 80.1430979,12.9679939,0 80.1430293,12.9680393,0 80.1428005,12.9684261,0 80.1427319,12.9684715,0 80.1426404,12.9686308,0 80.1426405,12.9687677,0 80.1426634,12.9688362,0 80.1427551,12.9689734,0 80.1427551,12.9690419,0 80.1428239,12.9691334,0 80.1428239,12.9692019,0 80.1428697,12.9692477,0 80.1428698,12.9693161,0 80.1429385,12.9694076,0 80.1429385,12.9694761,0 80.1430073,12.9695676,0 80.1430073,12.9696360,0 80.1430531,12.9696819,0 80.1430532,12.9697503,0 80.1431219,12.9698418,0 80.1431220,12.9699103,0 80.1431907,12.9699790,0 80.1432365,12.9700932,0 80.1432367,12.9702986,0 80.1432138,12.9702985,0 80.1432138,12.9704125,0 80.1432367,12.9704126,0 80.1433055,12.9705954,0 80.1433972,12.9706870,0 80.1433972,12.9708239,0 80.1434202,12.9708924,0 80.1432600,12.9710743,0 80.1431913,12.9710740,0 80.1430540,12.9711419,0 80.1429624,12.9711415,0 80.1428251,12.9712093,0 80.1427335,12.9712090,0 80.1423672,12.9713215,0 80.1422527,12.9713210,0 80.1422527,12.9713439,0 80.1421383,12.9713434,0 80.1421383,12.9713662,0 80.1420238,12.9713657,0 80.1420238,12.9713885,0 80.1419093,12.9713881,0 80.1419093,12.9714109,0 80.1417949,12.9714104,0 80.1417949,12.9714332,0 80.1416575,12.9714326,0 80.1416575,12.9714555,0 80.1415430,12.9714550,0 80.1415430,12.9714778,0 80.1414286,12.9714773,0 80.1414286,12.9715001,0 80.1413141,12.9714997,0 80.1413141,12.9715225,0 80.1411996,12.9715220,0 80.1411996,12.9715448,0 80.1410623,12.9715443,0 80.1410623,12.9715671,0 80.1409478,12.9715666,0 80.1409478,12.9715894,0 80.1408333,12.9715889,0 80.1408333,12.9716117,0 80.1407189,12.9716113,0 80.1407189,12.9716341,0 80.1406044,12.9716336,0 80.1404213,12.9717013,0 80.1402839,12.9717007,0 80.1402839,12.9717235,0 80.1401007,12.9717228,0 80.1400550,12.9717454,0 80.1400091,12.9716996,0 80.1399405,12.9716993,0 80.1398946,12.9716535,0 80.1398259,12.9716532,0 80.1398030,12.9716075,0 80.1397343,12.9716072,0 80.1397114,12.9715615,0 80.1396198,12.9715383,0 80.1395969,12.9714926,0 80.1394595,12.9714464,0 80.1394366,12.9714007,0 80.1393679,12.9714004,0 80.1392763,12.9713316,0 80.1390931,12.9713308,0 80.1390931,12.9713536,0 80.1389099,12.9713529,0 80.1389099,12.9713757,0 80.1387497,12.9713750,0 80.1387497,12.9713978,0 80.1381544,12.9713954,0 80.1380857,12.9713723,0 80.1380628,12.9713266,0 80.1379025,12.9713259,0 80.1379025,12.9713031,0 80.1376277,12.9713019,0 80.1376277,12.9712791,0 80.1375132,12.9712787,0 80.1375132,12.9713015,0 80.1372614,12.9713004,0 80.1372614,12.9713232,0 80.1371011,12.9713226,0 80.1371011,12.9713454,0 80.1369867,12.9713449,0</coordinates></LinearRing></outerBoundaryIs></Polygon></MultiGeometry></Placemark>
<Placemark><name>11</name><ExtendedData><SchemaData schemaUrl="#tambaram_wards"><SimpleData name="id_2">TMB_11</SimpleData><SimpleData name="name">11</SimpleData><SimpleData name="zone">1</SimpleData></SchemaData></ExtendedData><MultiGeometry><Polygon><outerBoundaryIs><LinearRing><coordinates>80.1311459,12.9674427,0 80.1310085,12.9674193,0 80.1309627,12.9673735,0 80.1308940,12.9673732,0 80.1308252,12.9673045,0 80.1307566,12.9673042,0 80.1307107,12.9672584,0 80.1306420,12.9672581,0 80.1306191,12.9672124,0 80.1305275,12.9671664,0 80.1302986,12.9671654,0 80.1302986,12.9671883,0 80.1301383,12.9671876,0 80.1301383,12.9672104,0 80.1298178,12.9672091,0 80.1298177,12.9671863,0 80.1296804,12.9671857,0 80.1296804,12.9671629,0 80.1295658,12.9670940,0 80.1295658,12.9670255,0 80.1295200,12.9670025,0 80.1294970,12.9668884,0 80.1294512,12.9668426,0 80.1294282,12.9666828,0 80.1293824,12.9665913,0 80.1293823,12.9664773,0 80.1293365,12.9663858,0 80.1293364,12.9662718,0 80.1293135,12.9662717,0 80.1293134,12.9661576,0 80.1292446,12.9659748,0 80.1292446,12.9658608,0 80.1292217,12.9658607,0 80.1292216,12.9657466,0 80.1291758,12.9656552,0 80.1291757,12.9655411,0 80.1291528,12.9655410,0 80.1291527,12.9654270,0 80.1291069,12.9653355,0 80.1291068,12.9652215,0 80.1290839,12.9652214,0 80.1290838,12.9650845,0 80.1290609,12.9650844,0 80.1290609,12.9649247,0 80.1290380,12.9649246,0 80.1290379,12.9647649,0 80.1290149,12.9647192,0 80.1291752,12.9646286,0 80.1291980,12.9645831,0 80.1292667,12.9645834,0 80.1293125,12.9645379,0 80.1293812,12.9645382,0 80.1294269,12.9644928,0 80.1294956,12.9644931,0 80.1295414,12.9644476,0 80.1299077,12.9643807,0 80.1300450,12.9643128,0 80.1301366,12.9643132,0 80.1302740,12.9642454,0 80.1303655,12.9642229,0 80.1304800,12.9642234,0 80.1304800,12.9642006,0 80.1305945,12.9642011,0 80.1305945,12.9641782,0 80.1307547,12.9641789,0 80.1307547,12.9641561,0 80.1309608,12.9641569,0 80.1309608,12.9641341,0 80.1314874,12.9641363,0 80.1314874,12.9641135,0 80.1324719,12.9641176,0 80.1324719,12.9641404,0 80.1328611,12.9641420,0 80.1328612,12.9641648,0 80.1332504,12.9641664,0 80.1332504,12.9641892,0 80.1334336,12.9641900,0 80.1334336,12.9642128,0 80.1335481,12.9642133,0 80.1335481,12.9642361,0 80.1336626,12.9642365,0 80.1336626,12.9642593,0 80.1338000,12.9642599,0 80.1338000,12.9642827,0 80.1339144,12.9642832,0 80.1339145,12.9643060,0 80.1340289,12.9643065,0 80.1340290,12.9643293,0 80.1341663,12.9643299,0 80.1341663,12.9643527,0 80.1342808,12.9643532,0 80.1343724,12.9643763,0 80.1344411,12.9644223,0 80.1345785,12.9644228,0 80.1345785,12.9644456,0 80.1347617,12.9644464,0 80.1347617,12.9644692,0 80.1349678,12.9644701,0 80.1351966,12.9643113,0 80.1352424,12.9643115,0 80.1352882,12.9642433,0 80.1353340,12.9642434,0 80.1354713,12.9640843,0 80.1354941,12.9640388,0 80.1357687,12.9637890,0 80.1357687,12.9637434,0 80.1359976,12.9635390,0 80.1359975,12.9634934,0 80.1362035,12.9633117,0 80.1362035,12.9632661,0 80.1363637,12.9631527,0 80.1364323,12.9630617,0 80.1364781,12.9630619,0 80.1365696,12.9629482,0 80.1366383,12.9629029,0 80.1367528,12.9629034,0 80.1367528,12.9629262,0 80.1368901,12.9629267,0 80.1370734,12.9629959,0 80.1371878,12.9629964,0 80.1372108,12.9630421,0 80.1372795,12.9630652,0 80.1372795,12.9631109,0 80.1376459,12.9632264,0 80.1376459,12.9632492,0 80.1378291,12.9632500,0 80.1379207,12.9632732,0 80.1379894,12.9633191,0 80.1380581,12.9633194,0 80.1381039,12.9634108,0 80.1381040,12.9635021,0 80.1381727,12.9635936,0 80.1382416,12.9639133,0 80.1384249,12.9641193,0 80.1384707,12.9641195,0 80.1385394,12.9642111,0 80.1386081,12.9642570,0 80.1387226,12.9642802,0 80.1392265,12.9645561,0 80.1392952,12.9645564,0 80.1396616,12.9647632,0 80.1397303,12.9647635,0 80.1402342,12.9650393,0 80.1403029,12.9650396,0 80.1407610,12.9652924,0 80.1411045,12.9654307,0 80.1414023,12.9657057,0 80.1414024,12.9658654,0 80.1413795,12.9658653,0 80.1413338,12.9660932,0 80.1412423,12.9661613,0 80.1412423,12.9662069,0 80.1410821,12.9663431,0 80.1410364,12.9664570,0 80.1409677,12.9665023,0 80.1409220,12.9666390,0 80.1408305,12.9667071,0 80.1408305,12.9667527,0 80.1407618,12.9667980,0 80.1407619,12.9668437,0 80.1406703,12.9669117,0 80.1405559,12.9670709,0 80.1405102,12.9670936,0 80.1400983,12.9674797,0 80.1400754,12.9675708,0 80.1400296,12.9675934,0 80.1400068,12.9676846,0 80.1399610,12.9677072,0 80.1399382,12.9678212,0 80.1398924,12.9678438,0 80.1398924,12.9679122,0 80.1398467,12.9679577,0 80.1398467,12.9680261,0 80.1398010,12.9680944,0 80.1397781,12.9681855,0 80.1397782,12.9683452,0 80.1397553,12.9683451,0 80.1397554,12.9684592,0 80.1396867,12.9685273,0 80.1396868,12.9685730,0 80.1395494,12.9686636,0 80.1394350,12.9686632,0 80.1393434,12.9686856,0 80.1390685,12.9684335,0 80.1390685,12.9683879,0 80.1389768,12.9682963,0 80.1389310,12.9681592,0 80.1386789,12.9678844,0 80.1386331,12.9678842,0 80.1385873,12.9678156,0 80.1384499,12.9677694,0 80.1380607,12.9677678,0 80.1380149,12.9678817,0 80.1379692,12.9679043,0 80.1379692,12.9679727,0 80.1379234,12.9680182,0 80.1379237,12.9684516,0 80.1379466,12.9684517,0 80.1379467,12.9686342,0 80.1379696,12.9686343,0 80.1379697,12.9687940,0 80.1379926,12.9687941,0 80.1379927,12.9689766,0 80.1380156,12.9689767,0 80.1380157,12.9691364,0 80.1380386,12.9691365,0 80.1380387,12.9692962,0 80.1380616,12.9692962,0 80.1380617,12.9694559,0 80.1380846,12.9694560,0 80.1380847,12.9696157,0 80.1381075,12.9696158,0 80.1381078,12.9699808,0 80.1380620,12.9700491,0 80.1380621,12.9701631,0 80.1379248,12.9702538,0 80.1377645,12.9702760,0 80.1376958,12.9703213,0 80.1375356,12.9703206,0 80.1375356,12.9703434,0 80.1372150,12.9703421,0 80.1372150,12.9703649,0 80.1369403,12.9703638,0 80.1369403,12.9703866,0 80.1367800,12.9703859,0 80.1367343,12.9704542,0 80.1366885,12.9704540,0 80.1365741,12.9705904,0 80.1365283,12.9705902,0 80.1364139,12.9707266,0 80.1364597,12.9707952,0 80.1365284,12.9708412,0 80.1365285,12.9708868,0 80.1366660,12.9710927,0 80.1369637,12.9712764,0 80.1369867,12.9713449,0 80.1369638,12.9714589,0 80.1367808,12.9716634,0 80.1367350,12.9716633,0 80.1366663,12.9717542,0 80.1366206,12.9717540,0 80.1365748,12.9718223,0 80.1364145,12.9718444,0 80.1363459,12.9718441,0 80.1363000,12.9717983,0 80.1362313,12.9717981,0 80.1361626,12.9717521,0 80.1360710,12.9717290,0 80.1358192,12.9717279,0 80.1358192,12.9717051,0 80.1354757,12.9717037,0 80.1354757,12.9717265,0 80.1352468,12.9717255,0 80.1352010,12.9717025,0 80.1350865,12.9717705,0 80.1349263,12.9717698,0 80.1349262,12.9717470,0 80.1347660,12.9717464,0 80.1346514,12.9716547,0 80.1345598,12.9716315,0 80.1344225,12.9716309,0 80.1344224,12.9716081,0 80.1341477,12.9716069,0 80.1341477,12.9715841,0 80.1338729,12.9715830,0 80.1338729,12.9715602,0 80.1337584,12.9715597,0 80.1336897,12.9715366,0 80.1335751,12.9713536,0 80.1335751,12.9712852,0 80.1335293,12.9712394,0 80.1335292,12.9711710,0 80.1334834,12.9711023,0 80.1334833,12.9709883,0 80.1334604,12.9709882,0 80.1334603,12.9708057,0 80.1334374,12.9708056,0 80.1334373,12.9705090,0 80.1334144,12.9705089,0 80.1334141,12.9700755,0 80.1334370,12.9700756,0 80.1334369,12.9699387,0 80.1335055,12.9697565,0 80.1335049,12.9687299,0 80.1335278,12.9687300,0 80.1335275,12.9681825,0 80.1335046,12.9681824,0 80.1334816,12.9679998,0 80.1334358,12.9679540,0 80.1334357,12.9678856,0 80.1333441,12.9678624,0 80.1332983,12.9678166,0 80.1332067,12.9678162,0 80.1331151,12.9677702,0 80.1329777,12.9677696,0 80.1329777,12.9677468,0 80.1324282,12.9677445,0 80.1324282,12.9677217,0 80.1322450,12.9677210,0 80.1321534,12.9676294,0 80.1321076,12.9676292,0 80.1320389,12.9675376,0 80.1319931,12.9675374,0 80.1319014,12.9674230,0 80.1318327,12.9673771,0 80.1317411,12.9673539,0 80.1316495,12.9672623,0 80.1315350,12.9672390,0 80.1314663,12.9672843,0 80.1313061,12.9673065,0 80.1312145,12.9674202,0 80.1311459,12.9674427,0</coordinates></LinearRing></outerBoundaryIs></Polygon></MultiGeometry></Placemark>
<Placemark><name>12</name><ExtendedData><SchemaData schemaUrl="#tambaram_wards"><SimpleData name="id_2">TMB_12</SimpleData><SimpleData name="name">12</SimpleData><SimpleData name="zone">1</SimpleData></SchemaData></ExtendedData><MultiGeometry><Polygon><outerBoundaryIs><LinearRing><coordinates>80.1231979,12.9622086,0 80.1232894,12.9620721,0 80.1235869,12.9617996,0 80.1239073,12.9616641,0 80.1239302,12.9616185,0 80.1240218,12.9615961,0 80.1240446,12.9615506,0 80.1241362,12.9615281,0 80.1241591,12.9614826,0 80.1244567,12.9613926,0 80.1245024,12.9613472,0 80.1249374,12.9612349,0 80.1251434,12.9611445,0 80.1252350,12.9611449,0 80.1255784,12.9610094,0 80.1256471,12.9610097,0 80.1258530,12.9608737,0 80.1261048,12.9607835,0 80.1261735,12.9607153,0 80.1265169,12.9607167,0 80.1265399,12.9607624,0 80.1266314,12.9607628,0 80.1267230,12.9606491,0 80.1268603,12.9606269,0 80.1268603,12.9606041,0 80.1270206,12.9606047,0 80.1270206,12.9605819,0 80.1271579,12.9605825,0 80.1271579,12.9605597,0 80.1273411,12.9605604,0 80.1273411,12.9605376,0 80.1274785,12.9605382,0 80.1274784,12.9605154,0 80.1276387,12.9605160,0 80.1276387,12.9604932,0 80.1278219,12.9604940,0 80.1278219,12.9604712,0 80.1279592,12.9604717,0 80.1279592,12.9604489,0 80.1281195,12.9604496,0 80.1281195,12.9604268,0 80.1282569,12.9604274,0 80.1282568,12.9604045,0 80.1284400,12.9604053,0 80.1284400,12.9603825,0 80.1285545,12.9603830,0 80.1295618,12.9601134,0 80.1296762,12.9601138,0 80.1297220,12.9600684,0 80.1297907,12.9600687,0 80.1298822,12.9600234,0 80.1299509,12.9599553,0 80.1300196,12.9599556,0 80.1300425,12.9599100,0 80.1301798,12.9598650,0 80.1303400,12.9597288,0 80.1305460,12.9596612,0 80.1306833,12.9595705,0 80.1311870,12.9594357,0 80.1312327,12.9593903,0 80.1313701,12.9593680,0 80.1316219,12.9592094,0 80.1316677,12.9592096,0 80.1317592,12.9590959,0 80.1318507,12.9590506,0 80.1318507,12.9590050,0 80.1319423,12.9589370,0 80.1319422,12.9588913,0 80.1320109,12.9588232,0 80.1321254,12.9588236,0 80.1321253,12.9588008,0 80.1322398,12.9588013,0 80.1322398,12.9587785,0 80.1323772,12.9587791,0 80.1324688,12.9587566,0 80.1325374,12.9587113,0 80.1325374,12.9586657,0 80.1326289,12.9585976,0 80.1326747,12.9585065,0 80.1327205,12.9585067,0 80.1329722,12.9582340,0 80.1330637,12.9582116,0 80.1331095,12.9581433,0 80.1332926,12.9580757,0 80.1333155,12.9580301,0 80.1341395,12.9576457,0 80.1342082,12.9576232,0 80.1342997,12.9575551,0 80.1343684,12.9575554,0 80.1344829,12.9574875,0 80.1345974,12.9574879,0 80.1345973,12.9574651,0 80.1347118,12.9574656,0 80.1347118,12.9574428,0 80.1348263,12.9574432,0 80.1348263,12.9574204,0 80.1349408,12.9574209,0 80.1349407,12.9573981,0 80.1350552,12.9573986,0 80.1350552,12.9573758,0 80.1351697,12.9573762,0 80.1351697,12.9573534,0 80.1352842,12.9573539,0 80.1352841,12.9573311,0 80.1353986,12.9573315,0 80.1353986,12.9573087,0 80.1355360,12.9573093,0 80.1357191,12.9572416,0 80.1359481,12.9572426,0 80.1360168,12.9572885,0 80.1360856,12.9574713,0 80.1362230,12.9575631,0 80.1362917,12.9576318,0 80.1364062,12.9576323,0 80.1364749,12.9576097,0 80.1366580,12.9574964,0 80.1367267,12.9574967,0 80.1369555,12.9572467,0 80.1369783,12.9571328,0 80.1372986,12.9567006,0 80.1372986,12.9566550,0 80.1373673,12.9566097,0 80.1373672,12.9565641,0 80.1375274,12.9564507,0 80.1375732,12.9563824,0 80.1376877,12.9563373,0 80.1377334,12.9562690,0 80.1379165,12.9561785,0 80.1379623,12.9561103,0 80.1380767,12.9560651,0 80.1382140,12.9559516,0 80.1382827,12.9559747,0 80.1383972,12.9559752,0 80.1383972,12.9559980,0 80.1385117,12.9559985,0 80.1386033,12.9560445,0 80.1387178,12.9560449,0 80.1388094,12.9560910,0 80.1389010,12.9560913,0 80.1391530,12.9563661,0 80.1391759,12.9564118,0 80.1394508,12.9566639,0 80.1394509,12.9567095,0 80.1396341,12.9568700,0 80.1396571,12.9569613,0 80.1397029,12.9569843,0 80.1397488,12.9571214,0 80.1397946,12.9571444,0 80.1398175,12.9572357,0 80.1398633,12.9572587,0 80.1399092,12.9573958,0 80.1399550,12.9574188,0 80.1399779,12.9575101,0 80.1400237,12.9575331,0 80.1400467,12.9576245,0 80.1401841,12.9577391,0 80.1402300,12.9578534,0 80.1402987,12.9579221,0 80.1403217,12.9580819,0 80.1403446,12.9580820,0 80.1403448,12.9583329,0 80.1404822,12.9583563,0 80.1407113,12.9586538,0 80.1407801,12.9588366,0 80.1408259,12.9588596,0 80.1408947,12.9590424,0 80.1409405,12.9590654,0 80.1410551,12.9593396,0 80.1411009,12.9593626,0 80.1411468,12.9594997,0 80.1411926,12.9595227,0 80.1412385,12.9596597,0 80.1413072,12.9597284,0 80.1413302,12.9598882,0 80.1413531,12.9599111,0 80.1412387,12.9599791,0 80.1411242,12.9599786,0 80.1411242,12.9599558,0 80.1409868,12.9599552,0 80.1409868,12.9599324,0 80.1408036,12.9599317,0 80.1408036,12.9599089,0 80.1404602,12.9599074,0 80.1404602,12.9599303,0 80.1402312,12.9599749,0 80.1401855,12.9600204,0 80.1401168,12.9600201,0 80.1400710,12.9600655,0 80.1400714,12.9607499,0 80.1400485,12.9607498,0 80.1400486,12.9609323,0 80.1399800,12.9609776,0 80.1399113,12.9609774,0 80.1398197,12.9610454,0 80.1397282,12.9610679,0 80.1392702,12.9610660,0 80.1392702,12.9610431,0 80.1387207,12.9610409,0 80.1387207,12.9610181,0 80.1385146,12.9610172,0 80.1385146,12.9609944,0 80.1382399,12.9609933,0 80.1382399,12.9609705,0 80.1380109,12.9609695,0 80.1379880,12.9610150,0 80.1377592,12.9611510,0 80.1377592,12.9612650,0 80.1379884,12.9616538,0 80.1380342,12.9616540,0 80.1380800,12.9617226,0 80.1381945,12.9617687,0 80.1382633,12.9618602,0 80.1384007,12.9619521,0 80.1384007,12.9619977,0 80.1385382,12.9621579,0 80.1385383,12.9623632,0 80.1385154,12.9623631,0 80.1384926,12.9625456,0 80.1384469,12.9625910,0 80.1384469,12.9626594,0 80.1383783,12.9627276,0 80.1381953,12.9631374,0 80.1381496,12.9631601,0 80.1381039,12.9632968,0 80.1380581,12.9633194,0 80.1379894,12.9633191,0 80.1379207,12.9632732,0 80.1378291,12.9632500,0 80.1376459,12.9632492,0 80.1376459,12.9632264,0 80.1372795,12.9631109,0 80.1372795,12.9630652,0 80.1372108,12.9630421,0 80.1371878,12.9629964,0 80.1370734,12.9629959,0 80.1368901,12.9629267,0 80.1367528,12.9629262,0 80.1367528,12.9629034,0 80.1366383,12.9629029,0 80.1365696,12.9629482,0 80.1364781,12.9630619,0 80.1364323,12.9630617,0 80.1363637,12.9631527,0 80.1362035,12.9632661,0 80.1362035,12.9633117,0 80.1359975,12.9634934,0 80.1359976,12.9635390,0 80.1357687,12.9637434,0 80.1357687,12.9637890,0 80.1354941,12.9640388,0 80.1354713,12.9640843,0 80.1353340,12.9642434,0 80.1352882,12.9642433,0 80.1352424,12.9643115,0 80.1351966,12.9643113,0 80.1349678,12.9644701,0 80.1347617,12.9644692,0 80.1347617,12.9644464,0 80.1345785,12.9644456,0 80.1345785,12.9644228,0 80.1344411,12.9644223,0 80.1343724,12.9643763,0 80.1342808,12.9643532,0 80.1341663,12.9643527,0 80.1341663,12.9643299,0 80.1340290,12.9643293,0 80.1340289,12.9643065,0 80.1339145,12.9643060,0 80.1339144,12.9642832,0 80.1338000,12.9642827,0 80.1338000,12.9642599,0 80.1336626,12.9642593,0 80.1336626,12.9642365,0 80.1335481,12.9642361,0 80.1335481,12.9642133,0 80.1334336,12.9642128,0 80.1334336,12.9641900,0 80.1332504,12.9641892,0 80.1332504,12.9641664,0 80.1328612,12.9641648,0 80.1328611,12.9641420,0 80.1324719,12.9641404,0 80.1324719,12.9641176,0 80.1314874,12.9641135,0 80.1314874,12.9641363,0 80.1309608,12.9641341,0 80.1309608,12.9641569,0 80.1307547,12.9641561,0 80.1307547,12.9641789,0 80.1305945,12.9641782,0 80.1305945,12.9642011,0 80.1304800,12.9642006,0 80.1304800,12.9642234,0 80.1303655,12.9642229,0 80.1302740,12.9642454,0 80.1301366,12.9643132,0 80.1300450,12.9643128,0 80.1299077,12.9643807,0 80.1295414,12.9644476,0 80.1294956,12.9644931,0 80.1294269,12.9644928,0 80.1293812,12.9645382,0 80.1293125,12.9645379,0 80.1292667,12.9645834,0 80.1291980,12.9645831,0 80.1291752,12.9646286,0 80.1290149,12.9647192,0 80.1289004,12.9646959,0 80.1288088,12.9646499,0 80.1286944,12.9646495,0 80.1286027,12.9646035,0 80.1283051,12.9646022,0 80.1283051,12.9646250,0 80.1280533,12.9646240,0 80.1280533,12.9646468,0 80.1278014,12.9646458,0 80.1278014,12.9646686,0 80.1275725,12.9646676,0 80.1275725,12.9646904,0 80.1272748,12.9646892,0 80.1272748,12.9646664,0 80.1270459,12.9646655,0 80.1268626,12.9644594,0 80.1268168,12.9644592,0 80.1265648,12.9641844,0 80.1265190,12.9641842,0 80.1264731,12.9641156,0 80.1262212,12.9639777,0 80.1259235,12.9639765,0 80.1259236,12.9639993,0 80.1258091,12.9639988,0 80.1258091,12.9640216,0 80.1256259,12.9640437,0 80.1255115,12.9641116,0 80.1254199,12.9641112,0 80.1253512,12.9641566,0 80.1251681,12.9641786,0 80.1250994,12.9642240,0 80.1246873,12.9642223,0 80.1245728,12.9641534,0 80.1245041,12.9641531,0 80.1244125,12.9640843,0 80.1244124,12.9640386,0 80.1242979,12.9639469,0 80.1242979,12.9639013,0 80.1242292,12.9638554,0 80.1242291,12.9638098,0 80.1240917,12.9636495,0 80.1240687,12.9635582,0 80.1239771,12.9634665,0 80.1239541,12.9633752,0 80.1238167,12.9632149,0 80.1237937,12.9631236,0 80.1237021,12.9630320,0 80.1236791,12.9629406,0 80.1235416,12.9627804,0 80.1235187,12.9626890,0 80.1234271,12.9625974,0 80.1233812,12.9624603,0 80.1233354,12.9624373,0 80.1233124,12.9623460,0 80.1231979,12.9622086,0</coordinates></LinearRing></outerBoundaryIs></Polygon></MultiGeometry></Placemark>
<Placemark><name>13</name><ExtendedData><SchemaData schemaUrl="#tambaram_wards"><SimpleData name="id_2">TMB_13</SimpleData><SimpleData name="name">13</SimpleData><SimpleData name="zone">2</SimpleData></SchemaData></ExtendedData><MultiGeometry><Polygon><outerBoundaryIs><LinearRing><coordinates>80.1427741,12.9623807,0 80.1429343,12.9622673,0 80.1431861,12.9621771,0 80.1434150,12.9620412,0 80.1434837,12.9620415,0 80.1437126,12.9619056,0 80.1437813,12.9619058,0 80.1440101,12.9617699,0 80.1440788,12.9617702,0 80.1443077,12.9616343,0 80.1443764,12.9616345,0 80.1446511,12.9614760,0 80.1447198,12.9614763,0 80.1449029,12.9613630,0 80.1449715,12.9613633,0 80.1452004,12.9612273,0 80.1452691,12.9612276,0 80.1454980,12.9610917,0 80.1455667,12.9610920,0 80.1457956,12.9609560,0 80.1458642,12.9609563,0 80.1461389,12.9607978,0 80.1462076,12.9607980,0 80.1464365,12.9606621,0 80.1465052,12.9606624,0 80.1466425,12.9605717,0 80.1466883,12.9605719,0 80.1467340,12.9605037,0 80.1468256,12.9604812,0 80.1469171,12.9603904,0 80.1469629,12.9603905,0 80.1471462,12.9604826,0 80.1471920,12.9605512,0 80.1473065,12.9605973,0 80.1474440,12.9607803,0 80.1475127,12.9608263,0 80.1475585,12.9609405,0 80.1476273,12.9609864,0 80.1477190,12.9611693,0 80.1477877,12.9612152,0 80.1479252,12.9614667,0 80.1479939,12.9615126,0 80.1481314,12.9617641,0 80.1482001,12.9618100,0 80.1484752,12.9622674,0 80.1485439,12.9623133,0 80.1485668,12.9624047,0 80.1486355,12.9624506,0 80.1487731,12.9627021,0 80.1488418,12.9627480,0 80.1488647,12.9628393,0 80.1493689,12.9635486,0 80.1493689,12.9635942,0 80.1494376,12.9636401,0 80.1494606,12.9637315,0 80.1495522,12.9638231,0 80.1495522,12.9638687,0 80.1496209,12.9639146,0 80.1496439,12.9640060,0 80.1497355,12.9640976,0 80.1497355,12.9641432,0 80.1498043,12.9641891,0 80.1503543,12.9650583,0 80.1504230,12.9651042,0 80.1504459,12.9651727,0 80.1504917,12.9651729,0 80.1506979,12.9654019,0 80.1509499,12.9655398,0 80.1510186,12.9656541,0 80.1510416,12.9657455,0 80.1511333,12.9659512,0 80.1511333,12.9660196,0 80.1511791,12.9660654,0 80.1511792,12.9661339,0 80.1512250,12.9661569,0 80.1512250,12.9662253,0 80.1513167,12.9663854,0 80.1513854,12.9664313,0 80.1514313,12.9665455,0 80.1515229,12.9666144,0 80.1515458,12.9667057,0 80.1516146,12.9667516,0 80.1516604,12.9668659,0 80.1517291,12.9669118,0 80.1517750,12.9670260,0 80.1518437,12.9670719,0 80.1518437,12.9671175,0 80.1519124,12.9671635,0 80.1519125,12.9672091,0 80.1521416,12.9674153,0 80.1521873,12.9674155,0 80.1522332,12.9674842,0 80.1524164,12.9675762,0 80.1524165,12.9676902,0 80.1524394,12.9676903,0 80.1524394,12.9678044,0 80.1524853,12.9678730,0 80.1524853,12.9679643,0 80.1527145,12.9683074,0 80.1527145,12.9683530,0 80.1527832,12.9683989,0 80.1529207,12.9686504,0 80.1529895,12.9686963,0 80.1531270,12.9689478,0 80.1531957,12.9689937,0 80.1531957,12.9690394,0 80.1532644,12.9691081,0 80.1532645,12.9691765,0 80.1533332,12.9691996,0 80.1533332,12.9692453,0 80.1538830,12.9697722,0 80.1539288,12.9697952,0 80.1541809,12.9700700,0 80.1542726,12.9703213,0 80.1543413,12.9704129,0 80.1541811,12.9705263,0 80.1540438,12.9705713,0 80.1540209,12.9706168,0 80.1538836,12.9706619,0 80.1538149,12.9707072,0 80.1537234,12.9708209,0 80.1536318,12.9708434,0 80.1536089,12.9708889,0 80.1535174,12.9709113,0 80.1534945,12.9709569,0 80.1534029,12.9709793,0 80.1533800,12.9710248,0 80.1532885,12.9710472,0 80.1532656,12.9710928,0 80.1531740,12.9711152,0 80.1531512,12.9711607,0 80.1530596,12.9711832,0 80.1530367,12.9712287,0 80.1529452,12.9712511,0 80.1529223,12.9712967,0 80.1528307,12.9713191,0 80.1528078,12.9713646,0 80.1527163,12.9713871,0 80.1526704,12.9713184,0 80.1521211,12.9715671,0 80.1520295,12.9715895,0 80.1520066,12.9716351,0 80.1519151,12.9716575,0 80.1518922,12.9717259,0 80.1519380,12.9717717,0 80.1517549,12.9718393,0 80.1517549,12.9718622,0 80.1514573,12.9718609,0 80.1512740,12.9716321,0 80.1512052,12.9714493,0 80.1511594,12.9714263,0 80.1510906,12.9712435,0 80.1510448,12.9712205,0 80.1509760,12.9710377,0 80.1509302,12.9710147,0 80.1508614,12.9708319,0 80.1508156,12.9708089,0 80.1507468,12.9706261,0 80.1507010,12.9706031,0 80.1506322,12.9704203,0 80.1505864,12.9703973,0 80.1505176,12.9702146,0 80.1504718,12.9701916,0 80.1503800,12.9699631,0 80.1503342,12.9699401,0 80.1502654,12.9697573,0 80.1502196,12.9697343,0 80.1501738,12.9695972,0 80.1499905,12.9693683,0 80.1499904,12.9693227,0 80.1499217,12.9692768,0 80.1498530,12.9691396,0 80.1497385,12.9691392,0 80.1496011,12.9691158,0 80.1495324,12.9690471,0 80.1495321,12.9686364,0 80.1493488,12.9683163,0 80.1493487,12.9682251,0 80.1493029,12.9682021,0 80.1491424,12.9678364,0 80.1491195,12.9677450,0 80.1490737,12.9677220,0 80.1489132,12.9673564,0 80.1488902,12.9672650,0 80.1488444,12.9672420,0 80.1486839,12.9668764,0 80.1486610,12.9667850,0 80.1486152,12.9667620,0 80.1485693,12.9666022,0 80.1485235,12.9666020,0 80.1483630,12.9662135,0 80.1483172,12.9662133,0 80.1482484,12.9660077,0 80.1482026,12.9660075,0 80.1481109,12.9657790,0 80.1480651,12.9657560,0 80.1479963,12.9655732,0 80.1479505,12.9655502,0 80.1478817,12.9653674,0 80.1478359,12.9653444,0 80.1477671,12.9651388,0 80.1477213,12.9651387,0 80.1476525,12.9649331,0 80.1476067,12.9649101,0 80.1476066,12.9647504,0 80.1476295,12.9647505,0 80.1476293,12.9644767,0 80.1475606,12.9644080,0 80.1475606,12.9643624,0 80.1474918,12.9643165,0 80.1474460,12.9642478,0 80.1473543,12.9640193,0 80.1473085,12.9639963,0 80.1472855,12.9638822,0 80.1471252,12.9637446,0 80.1471251,12.9636990,0 80.1470335,12.9636530,0 80.1469877,12.9635844,0 80.1468274,12.9635837,0 80.1467588,12.9636291,0 80.1466672,12.9636287,0 80.1465527,12.9636966,0 80.1464840,12.9636964,0 80.1464154,12.9637645,0 80.1463238,12.9637870,0 80.1463010,12.9638325,0 80.1461636,12.9638775,0 80.1461407,12.9639231,0 80.1460492,12.9639455,0 80.1460263,12.9639910,0 80.1459347,12.9640135,0 80.1459119,12.9640590,0 80.1458203,12.9640814,0 80.1457974,12.9641270,0 80.1456601,12.9641720,0 80.1456372,12.9642176,0 80.1455456,12.9642400,0 80.1455228,12.9642855,0 80.1454312,12.9643080,0 80.1454083,12.9643535,0 80.1453167,12.9643759,0 80.1452939,12.9644214,0 80.1451565,12.9644665,0 80.1451337,12.9645120,0 80.1450421,12.9645345,0 80.1450192,12.9645800,0 80.1449276,12.9646024,0 80.1449048,12.9646480,0 80.1448132,12.9646704,0 80.1447903,12.9647159,0 80.1446530,12.9647610,0 80.1445843,12.9648063,0 80.1445386,12.9648746,0 80.1444012,12.9649653,0 80.1443325,12.9649194,0 80.1443096,12.9648280,0 80.1442179,12.9647364,0 80.1441950,12.9646450,0 80.1441492,12.9646220,0 80.1441262,12.9645307,0 80.1440346,12.9644391,0 80.1440117,12.9643477,0 80.1439200,12.9642561,0 80.1438971,12.9641647,0 80.1438512,12.9640961,0 80.1437825,12.9640502,0 80.1437825,12.9640046,0 80.1436909,12.9639130,0 80.1436679,12.9637760,0 80.1436221,12.9637530,0 80.1435991,12.9636388,0 80.1435533,12.9635702,0 80.1434158,12.9634556,0 80.1433700,12.9633869,0 80.1433471,12.9632956,0 80.1432096,12.9631353,0 80.1431637,12.9629983,0 80.1430950,12.9629524,0 80.1430720,12.9628610,0 80.1430262,12.9628380,0 80.1430033,12.9627467,0 80.1429346,12.9627008,0 80.1428887,12.9626321,0 80.1428658,12.9625408,0 80.1428200,12.9625178,0 80.1427741,12.9623807,0</coordinates></LinearRing></outerBoundaryIs></Polygon></MultiGeometry></Placemark>
<Placemark><name>14</name><ExtendedData><SchemaData schemaUrl="#tambaram_wards"><SimpleData name="id_2">TMB_14</SimpleData><SimpleData name="name">14</SimpleData><SimpleData name="zone">2</SimpleData></SchemaData></ExtendedData><MultiGeometry><Polygon><outerBoundaryIs><LinearRing><coordinates>80.1452210,12.9572581,0 80.1453126,12.9572356,0 80.1453354,12.9571901,0 80.1454728,12.9571450,0 80.1455185,12.9570768,0 80.1455872,12.9570771,0 80.1456788,12.9570090,0 80.1458161,12.9569868,0 80.1458619,12.9569413,0 80.1459993,12.9569191,0 80.1460450,12.9568736,0 80.1461137,12.9568739,0 80.1461595,12.9568285,0 80.1462968,12.9568062,0 80.1463884,12.9567610,0 80.1464570,12.9566700,0 80.1465028,12.9566702,0 80.1465944,12.9565565,0 80.1466630,12.9565340,0 80.1466629,12.9563971,0 80.1466400,12.9563970,0 80.1466399,12.9560777,0 80.1466170,12.9560776,0 80.1466169,12.9559635,0 80.1465940,12.9559634,0 80.1465939,12.9557125,0 80.1467769,12.9555764,0 80.1468685,12.9554627,0 80.1469829,12.9554175,0 80.1470287,12.9553493,0 80.1470745,12.9553495,0 80.1471202,12.9552812,0 80.1471889,12.9552587,0 80.1476697,12.9552607,0 80.1476697,12.9552379,0 80.1477842,12.9552383,0 80.1478757,12.9552159,0 80.1479215,12.9551705,0 80.1480589,12.9551482,0 80.1480589,12.9551254,0 80.1481733,12.9551259,0 80.1481733,12.9551031,0 80.1483107,12.9551036,0 80.1483107,12.9550808,0 80.1484252,12.9550813,0 80.1484252,12.9550585,0 80.1485625,12.9550591,0 80.1485625,12.9550819,0 80.1495013,12.9550857,0 80.1495930,12.9552230,0 80.1496388,12.9552460,0 80.1496617,12.9553145,0 80.1496618,12.9555427,0 80.1494330,12.9557242,0 80.1493872,12.9557240,0 80.1493185,12.9557922,0 80.1480824,12.9561749,0 80.1479908,12.9562657,0 80.1479450,12.9562656,0 80.1478764,12.9563565,0 80.1477849,12.9564018,0 80.1477849,12.9565386,0 80.1478078,12.9565387,0 80.1478080,12.9567669,0 80.1478539,12.9569267,0 80.1479455,12.9570640,0 80.1479456,12.9571324,0 80.1481977,12.9575897,0 80.1481977,12.9576582,0 80.1484498,12.9581154,0 80.1484728,12.9582524,0 80.1485415,12.9583211,0 80.1486562,12.9586182,0 80.1488395,12.9589155,0 80.1488396,12.9589611,0 80.1489083,12.9590070,0 80.1489541,12.9591213,0 80.1490458,12.9592129,0 80.1491603,12.9592134,0 80.1491603,12.9592362,0 80.1492748,12.9592367,0 80.1492748,12.9592595,0 80.1495724,12.9592607,0 80.1495724,12.9592835,0 80.1497556,12.9592843,0 80.1498243,12.9593302,0 80.1498930,12.9593305,0 80.1499846,12.9593993,0 80.1500533,12.9593996,0 80.1501449,12.9594684,0 80.1501907,12.9594686,0 80.1502366,12.9595372,0 80.1503740,12.9595834,0 80.1503969,12.9596291,0 80.1505343,12.9596753,0 80.1505572,12.9597210,0 80.1506488,12.9597442,0 80.1506947,12.9598128,0 80.1507404,12.9598130,0 80.1507407,12.9602008,0 80.1507636,12.9602009,0 80.1507636,12.9603150,0 80.1508094,12.9603380,0 80.1509928,12.9607494,0 80.1510387,12.9607724,0 80.1511991,12.9611380,0 80.1512449,12.9611610,0 80.1514513,12.9616181,0 80.1514971,12.9616411,0 80.1516805,12.9620525,0 80.1517263,12.9621211,0 80.1519554,12.9623274,0 80.1519554,12.9623502,0 80.1522760,12.9623515,0 80.1522760,12.9623287,0 80.1524820,12.9623296,0 80.1524820,12.9623068,0 80.1526194,12.9623073,0 80.1526422,12.9622618,0 80.1527109,12.9622621,0 80.1529169,12.9621261,0 80.1532145,12.9620360,0 80.1532145,12.9620132,0 80.1533977,12.9620140,0 80.1533977,12.9620368,0 80.1535580,12.9620375,0 80.1536496,12.9621747,0 80.1536497,12.9622203,0 80.1537184,12.9622891,0 80.1537184,12.9623575,0 80.1537642,12.9624033,0 80.1538102,12.9626316,0 80.1538331,12.9626317,0 80.1538341,12.9644339,0 80.1538570,12.9644340,0 80.1538571,12.9646393,0 80.1538800,12.9646394,0 80.1538801,12.9647763,0 80.1539030,12.9647764,0 80.1539031,12.9648904,0 80.1539260,12.9648905,0 80.1539260,12.9650046,0 80.1539489,12.9650047,0 80.1539490,12.9651416,0 80.1539719,12.9651417,0 80.1539721,12.9654838,0 80.1539492,12.9654838,0 80.1539493,12.9656206,0 80.1538578,12.9657799,0 80.1537663,12.9658480,0 80.1537663,12.9658936,0 80.1536518,12.9659616,0 80.1535832,12.9660526,0 80.1535374,12.9660524,0 80.1534917,12.9661206,0 80.1534459,12.9661204,0 80.1534001,12.9661887,0 80.1533314,12.9662112,0 80.1533315,12.9662568,0 80.1531942,12.9663703,0 80.1531942,12.9664159,0 80.1531026,12.9664840,0 80.1531028,12.9668262,0 80.1530799,12.9668261,0 80.1530801,12.9670542,0 80.1529885,12.9670995,0 80.1529885,12.9671451,0 80.1527597,12.9673495,0 80.1526681,12.9673719,0 80.1526224,12.9674401,0 80.1525308,12.9674626,0 80.1524851,12.9675308,0 80.1524164,12.9675762,0 80.1522332,12.9674842,0 80.1521873,12.9674155,0 80.1521416,12.9674153,0 80.1519125,12.9672091,0 80.1519124,12.9671635,0 80.1518437,12.9671175,0 80.1518437,12.9670719,0 80.1517750,12.9670260,0 80.1517291,12.9669118,0 80.1516604,12.9668659,0 80.1516146,12.9667516,0 80.1515458,12.9667057,0 80.1515229,12.9666144,0 80.1514313,12.9665455,0 80.1513854,12.9664313,0 80.1513167,12.9663854,0 80.1512250,12.9662253,0 80.1512250,12.9661569,0 80.1511792,12.9661339,0 80.1511791,12.9660654,0 80.1511333,12.9660196,0 80.1511333,12.9659512,0 80.1510416,12.9657455,0 80.1510186,12.9656541,0 80.1509499,12.9655398,0 80.1506979,12.9654019,0 80.1504917,12.9651729,0 80.1504459,12.9651727,0 80.1504230,12.9651042,0 80.1503543,12.9650583,0 80.1498043,12.9641891,0 80.1497355,12.9641432,0 80.1497355,12.9640976,0 80.1496439,12.9640060,0 80.1496209,12.9639146,0 80.1495522,12.9638687,0 80.1495522,12.9638231,0 80.1494606,12.9637315,0 80.1494376,12.9636401,0 80.1493689,12.9635942,0 80.1493689,12.9635486,0 80.1488647,12.9628393,0 80.1488418,12.9627480,0 80.1487731,12.9627021,0 80.1486355,12.9624506,0 80.1485668,12.9624047,0 80.1485439,12.9623133,0 80.1484752,12.9622674,0 80.1482001,12.9618100,0 80.1481314,12.9617641,0 80.1479939,12.9615126,0 80.1479252,12.9614667,0 80.1477877,12.9612152,0 80.1477190,12.9611693,0 80.1476273,12.9609864,0 80.1475585,12.9609405,0 80.1475127,12.9608263,0 80.1474440,12.9607803,0 80.1473065,12.9605973,0 80.1471920,12.9605512,0 80.1471462,12.9604826,0 80.1469629,12.9603905,0 80.1469400,12.9603448,0 80.1469399,12.9602308,0 80.1469170,12.9602307,0 80.1469170,12.9601166,0 80.1468253,12.9599109,0 80.1468252,12.9598425,0 80.1467565,12.9597966,0 80.1466190,12.9595451,0 80.1465503,12.9594992,0 80.1464128,12.9592477,0 80.1463440,12.9592017,0 80.1462523,12.9590189,0 80.1461836,12.9589730,0 80.1461378,12.9588587,0 80.1460691,12.9588128,0 80.1458857,12.9584927,0 80.1458170,12.9584468,0 80.1457253,12.9582639,0 80.1456337,12.9581951,0 80.1455879,12.9581949,0 80.1455420,12.9580122,0 80.1454503,12.9579206,0 80.1454503,12.9578749,0 80.1453816,12.9578290,0 80.1453816,12.9577606,0 80.1453128,12.9576691,0 80.1452898,12.9574865,0 80.1452440,12.9574406,0 80.1452210,12.9572581,0</coordinates></LinearRing></outerBoundaryIs></Polygon></MultiGeometry></Placemark>
<Placemark><name>15</name><ExtendedData><SchemaData schemaUrl="#tambaram_wards"><SimpleData name="id_2">TMB_15</SimpleData><SimpleData name="name">15</SimpleData><SimpleData name="zone">2</SimpleData></SchemaData></ExtendedData><MultiGeometry><Polygon><outerBoundaryIs><LinearRing><coordinates>80.1524164,12.9675762,0 80.1524851,12.9675308,0 80.1525308,12.9674626,0 80.1526224,12.9674401,0 80.1526681,12.9673719,0 80.1527597,12.9673495,0 80.1529885,12.9671451,0 80.1529885,12.9670995,0 80.1530801,12.9670542,0 80.1530799,12.9668261,0 80.1531028,12.9668262,0 80.1531026,12.9664840,0 80.1531942,12.9664159,0 80.1531942,12.9663703,0 80.1533315,12.9662568,0 80.1533314,12.9662112,0 80.1534001,12.9661887,0 80.1534459,12.9661204,0 80.1534917,12.9661206,0 80.1535374,12.9660524,0 80.1535832,12.9660526,0 80.1536518,12.9659616,0 80.1537663,12.9658936,0 80.1537663,12.9658480,0 80.1538578,12.9657799,0 80.1539493,12.9656206,0 80.1539492,12.9654838,0 80.1539721,12.9654838,0 80.1539719,12.9651417,0 80.1539490,12.9651416,0 80.1539489,12.9650047,0 80.1539260,12.9650046,0 80.1539260,12.9648905,0 80.1539031,12.9648904,0 80.1539030,12.9647764,0 80.1538801,12.9647763,0 80.1538800,12.9646394,0 80.1538571,12.9646393,0 80.1538570,12.9644340,0 80.1538341,12.9644339,0 80.1538331,12.9626317,0 80.1538102,12.9626316,0 80.1537642,12.9624033,0 80.1537184,12.9623575,0 80.1537184,12.9622891,0 80.1536497,12.9622203,0 80.1536496,12.9621747,0 80.1535580,12.9620375,0 80.1533977,12.9620368,0 80.1533977,12.9620140,0 80.1532145,12.9620132,0 80.1532145,12.9620360,0 80.1529169,12.9621261,0 80.1527109,12.9622621,0 80.1526422,12.9622618,0 80.1526194,12.9623073,0 80.1524820,12.9623068,0 80.1524820,12.9623296,0 80.1522760,12.9623287,0 80.1522760,12.9623515,0 80.1519554,12.9623502,0 80.1519554,12.9623274,0 80.1517263,12.9621211,0 80.1516805,12.9620525,0 80.1514971,12.9616411,0 80.1514513,12.9616181,0 80.1512449,12.9611610,0 80.1511991,12.9611380,0 80.1510387,12.9607724,0 80.1509928,12.9607494,0 80.1508094,12.9603380,0 80.1507636,12.9603150,0 80.1507636,12.9602009,0 80.1507407,12.9602008,0 80.1507404,12.9598130,0 80.1510380,12.9597230,0 80.1510380,12.9597002,0 80.1511983,12.9597009,0 80.1511983,12.9597237,0 80.1513357,12.9597242,0 80.1513357,12.9597470,0 80.1514731,12.9597476,0 80.1514731,12.9597704,0 80.1516105,12.9597710,0 80.1516105,12.9597938,0 80.1517479,12.9597944,0 80.1517479,12.9598172,0 80.1518852,12.9598178,0 80.1518853,12.9598406,0 80.1520226,12.9598411,0 80.1520227,12.9598639,0 80.1521371,12.9598644,0 80.1521371,12.9598872,0 80.1522745,12.9598878,0 80.1522745,12.9599106,0 80.1524806,12.9599115,0 80.1524806,12.9599343,0 80.1529614,12.9599363,0 80.1529614,12.9599134,0 80.1531217,12.9599141,0 80.1531217,12.9598913,0 80.1532362,12.9598918,0 80.1533277,12.9598465,0 80.1534422,12.9598470,0 80.1536253,12.9597793,0 80.1537398,12.9597798,0 80.1538314,12.9597345,0 80.1539458,12.9597350,0 80.1541290,12.9596673,0 80.1542435,12.9596678,0 80.1543350,12.9596226,0 80.1544495,12.9596230,0 80.1546326,12.9595554,0 80.1547471,12.9595558,0 80.1549302,12.9594881,0 80.1550447,12.9594886,0 80.1551363,12.9594434,0 80.1552508,12.9594438,0 80.1554339,12.9593762,0 80.1555484,12.9593766,0 80.1556399,12.9593314,0 80.1557544,12.9593319,0 80.1559375,12.9592642,0 80.1560520,12.9592647,0 80.1561436,12.9592194,0 80.1562580,12.9592199,0 80.1564412,12.9591522,0 80.1565557,12.9591527,0 80.1566472,12.9591074,0 80.1567617,12.9591079,0 80.1569448,12.9590402,0 80.1570593,12.9590407,0 80.1571509,12.9589954,0 80.1572653,12.9589959,0 80.1574485,12.9589282,0 80.1575630,12.9589287,0 80.1576545,12.9588835,0 80.1577690,12.9588839,0 80.1579521,12.9588163,0 80.1580666,12.9588167,0 80.1580666,12.9587939,0 80.1582498,12.9587947,0 80.1582497,12.9587719,0 80.1584558,12.9587727,0 80.1584558,12.9587955,0 80.1586619,12.9587964,0 80.1587535,12.9588196,0 80.1588453,12.9591849,0 80.1589141,12.9593221,0 80.1589141,12.9593905,0 80.1589599,12.9594363,0 80.1590058,12.9596418,0 80.1590516,12.9596877,0 80.1590976,12.9598932,0 80.1591434,12.9599390,0 80.1591664,12.9600759,0 80.1592122,12.9601218,0 80.1592581,12.9603273,0 80.1593039,12.9603731,0 80.1593498,12.9605786,0 80.1593956,12.9606244,0 80.1594415,12.9608299,0 80.1594874,12.9608757,0 80.1594874,12.9609441,0 80.1595332,12.9609671,0 80.1596249,12.9611956,0 80.1596708,12.9612643,0 80.1596479,12.9613326,0 80.1595792,12.9613780,0 80.1595793,12.9614236,0 80.1595106,12.9614689,0 80.1595106,12.9615146,0 80.1594420,12.9615599,0 80.1594420,12.9616055,0 80.1592818,12.9617417,0 80.1592360,12.9617644,0 80.1591674,12.9618553,0 80.1591216,12.9618551,0 80.1589385,12.9620597,0 80.1588928,12.9621279,0 80.1588929,12.9622648,0 80.1588700,12.9622647,0 80.1588701,12.9624472,0 80.1588472,12.9624471,0 80.1588476,12.9630859,0 80.1588705,12.9630860,0 80.1588714,12.9647513,0 80.1589173,12.9648427,0 80.1589173,12.9649340,0 80.1589632,12.9649798,0 80.1589861,12.9650939,0 80.1591236,12.9652542,0 80.1591695,12.9653912,0 80.1592153,12.9654143,0 80.1592382,12.9654828,0 80.1590780,12.9655962,0 80.1590322,12.9656644,0 80.1589865,12.9656642,0 80.1589178,12.9657552,0 80.1588034,12.9658004,0 80.1587805,12.9658459,0 80.1586660,12.9658454,0 80.1586660,12.9658682,0 80.1585515,12.9658678,0 80.1585516,12.9658906,0 80.1584371,12.9658901,0 80.1584371,12.9659129,0 80.1583226,12.9659124,0 80.1583226,12.9659352,0 80.1582081,12.9659348,0 80.1582082,12.9659576,0 80.1580708,12.9659570,0 80.1579792,12.9660023,0 80.1578647,12.9660018,0 80.1578648,12.9660246,0 80.1577274,12.9660240,0 80.1576587,12.9660466,0 80.1574985,12.9661600,0 80.1574527,12.9661598,0 80.1574070,12.9662280,0 80.1573383,12.9662734,0 80.1572467,12.9662958,0 80.1572010,12.9663641,0 80.1571552,12.9663639,0 80.1570865,12.9664548,0 80.1570407,12.9664546,0 80.1569950,12.9665229,0 80.1569492,12.9665227,0 80.1569035,12.9665909,0 80.1568577,12.9665908,0 80.1568119,12.9666590,0 80.1567661,12.9666588,0 80.1567204,12.9667271,0 80.1566746,12.9667269,0 80.1566059,12.9668178,0 80.1565601,12.9668177,0 80.1565144,12.9668859,0 80.1564686,12.9668857,0 80.1564228,12.9669540,0 80.1563771,12.9669538,0 80.1560796,12.9672719,0 80.1560796,12.9673404,0 80.1560339,12.9673858,0 80.1559882,12.9676594,0 80.1559653,12.9676593,0 80.1559654,12.9677733,0 80.1559425,12.9677732,0 80.1559426,12.9678873,0 80.1559197,12.9678872,0 80.1559197,12.9680013,0 80.1558968,12.9680012,0 80.1558969,12.9681152,0 80.1558511,12.9681607,0 80.1558512,12.9682291,0 80.1557139,12.9684567,0 80.1557140,12.9685251,0 80.1556225,12.9686616,0 80.1556225,12.9687300,0 80.1555768,12.9687755,0 80.1555539,12.9688666,0 80.1555540,12.9689807,0 80.1555311,12.9689806,0 80.1555312,12.9691403,0 80.1556228,12.9692319,0 80.1556458,12.9693232,0 80.1557832,12.9694379,0 80.1559207,12.9695981,0 80.1559665,12.9695983,0 80.1561268,12.9697815,0 80.1561726,12.9697817,0 80.1563101,12.9699419,0 80.1563559,12.9699421,0 80.1564934,12.9701024,0 80.1565392,12.9701026,0 80.1566995,12.9702857,0 80.1567453,12.9702859,0 80.1568141,12.9703774,0 80.1568599,12.9703776,0 80.1569057,12.9704463,0 80.1569515,12.9704464,0 80.1569973,12.9705151,0 80.1570431,12.9705153,0 80.1570890,12.9705839,0 80.1571347,12.9705841,0 80.1571806,12.9706527,0 80.1572264,12.9706529,0 80.1572722,12.9707215,0 80.1573180,12.9707217,0 80.1573638,12.9707903,0 80.1574096,12.9707905,0 80.1574555,12.9708591,0 80.1575012,12.9708593,0 80.1575700,12.9709509,0 80.1576158,12.9709511,0 80.1576616,12.9710197,0 80.1577074,12.9710199,0 80.1577532,12.9710885,0 80.1577990,12.9710887,0 80.1578449,12.9711573,0 80.1578907,12.9711575,0 80.1579365,12.9712261,0 80.1579823,12.9712263,0 80.1580281,12.9712949,0 80.1580739,12.9712951,0 80.1581197,12.9713638,0 80.1581655,12.9713640,0 80.1582114,12.9714326,0 80.1582572,12.9714328,0 80.1583030,12.9715014,0 80.1583488,12.9715016,0 80.1583946,12.9715702,0 80.1584404,12.9715704,0 80.1584862,12.9716390,0 80.1585320,12.9716392,0 80.1585779,12.9717078,0 80.1586236,12.9717080,0 80.1586695,12.9717767,0 80.1587153,12.9717768,0 80.1587611,12.9718455,0 80.1588069,12.9718457,0 80.1588527,12.9719143,0 80.1588985,12.9719145,0 80.1589444,12.9719831,0 80.1589901,12.9719833,0 80.1590360,12.9720519,0 80.1590818,12.9720521,0 80.1591505,12.9721436,0 80.1591963,12.9721438,0 80.1594254,12.9723957,0 80.1594483,12.9723958,0 80.1586474,12.9732137,0 80.1586246,12.9733505,0 80.1585102,12.9734185,0 80.1585102,12.9734413,0 80.1583728,12.9734407,0 80.1582812,12.9733947,0 80.1582354,12.9733261,0 80.1581896,12.9733259,0 80.1581208,12.9732344,0 80.1580750,12.9732342,0 80.1580063,12.9731427,0 80.1579605,12.9731425,0 80.1578918,12.9730509,0 80.1578460,12.9730508,0 80.1577772,12.9729592,0 80.1577314,12.9729590,0 80.1576627,12.9728675,0 80.1575940,12.9728444,0 80.1575940,12.9727988,0 80.1575024,12.9727756,0 80.1574794,12.9727071,0 80.1573878,12.9726839,0 80.1573649,12.9726153,0 80.1572733,12.9725921,0 80.1572046,12.9725006,0 80.1571588,12.9725004,0 80.1571129,12.9724318,0 80.1570671,12.9724316,0 80.1565402,12.9718819,0 80.1559444,12.9709442,0 80.1558298,12.9708524,0 80.1558298,12.9708068,0 80.1556924,12.9706922,0 80.1556923,12.9706466,0 80.1555320,12.9705090,0 80.1555320,12.9704634,0 80.1553716,12.9703259,0 80.1553487,12.9702573,0 80.1548907,12.9701642,0 80.1548678,12.9701185,0 80.1547991,12.9701410,0 80.1547762,12.9701865,0 80.1546846,12.9702090,0 80.1546618,12.9702545,0 80.1545702,12.9702769,0 80.1545473,12.9703225,0 80.1547764,12.9705287,0 80.1548451,12.9705518,0 80.1549138,12.9705065,0 80.1548451,12.9705974,0 80.1547307,12.9705970,0 80.1545245,12.9703680,0 80.1544100,12.9704359,0 80.1544100,12.9703903,0 80.1543413,12.9704129,0 80.1542726,12.9703213,0 80.1541809,12.9700700,0 80.1539288,12.9697952,0 80.1538830,12.9697722,0 80.1533332,12.9692453,0 80.1533332,12.9691996,0 80.1532645,12.9691765,0 80.1532644,12.9691081,0 80.1531957,12.9690394,0 80.1531957,12.9689937,0 80.1531270,12.9689478,0 80.1529895,12.9686963,0 80.1529207,12.9686504,0 80.1527832,12.9683989,0 80.1527145,12.9683530,0 80.1527145,12.9683074,0 80.1524853,12.9679643,0 80.1524853,12.9678730,0 80.1524394,12.9678044,0 80.1524394,12.9676903,0 80.1524165,12.9676902,0 80.1524164,12.9675762,0</coordinates></LinearRing></outerBoundaryIs></Polygon></MultiGeometry></Placemark>
<Placemark><name>16</name><ExtendedData><SchemaData schemaUrl="#tambaram_wards"><SimpleData name="id_2">TMB_16</SimpleData><SimpleData name="name">16</SimpleData><SimpleData name="zone">2</SimpleData></SchemaData></ExtendedData><MultiGeometry><Polygon><outerBoundaryIs><LinearRing><coordinates>80.1592382,12.9654828,0 80.1593756,12.9654834,0 80.1593756,12.9654605,0 80.1595129,12.9654611,0 80.1595816,12.9653930,0 80.1596274,12.9653931,0 80.1597189,12.9652566,0 80.1597875,12.9652113,0 80.1597875,12.9651657,0 80.1600392,12.9649386,0 80.1601079,12.9649389,0 80.1601537,12.9648934,0 80.1604513,12.9648262,0 80.1604513,12.9648034,0 80.1609550,12.9648055,0 80.1609550,12.9647827,0 80.1618479,12.9647864,0 80.1618480,12.9648092,0 80.1620082,12.9648099,0 80.1620998,12.9648330,0 80.1622831,12.9649479,0 80.1624891,12.9649487,0 80.1624891,12.9649715,0 80.1627181,12.9649725,0 80.1627181,12.9649497,0 80.1629471,12.9649506,0 80.1629470,12.9649278,0 80.1630615,12.9649283,0 80.1630615,12.9649055,0 80.1631989,12.9649060,0 80.1631989,12.9648832,0 80.1633362,12.9648838,0 80.1633362,12.9648610,0 80.1638171,12.9648629,0 80.1638170,12.9648401,0 80.1640002,12.9648409,0 80.1641605,12.9647959,0 80.1642062,12.9647505,0 80.1642749,12.9647508,0 80.1644580,12.9646375,0 80.1645267,12.9646378,0 80.1648929,12.9644340,0 80.1650074,12.9643888,0 80.1650302,12.9643433,0 80.1651218,12.9643208,0 80.1651447,12.9642753,0 80.1652363,12.9642529,0 80.1652591,12.9642073,0 80.1653507,12.9641849,0 80.1654422,12.9640940,0 80.1655338,12.9640716,0 80.1655567,12.9640261,0 80.1657627,12.9639585,0 80.1657856,12.9639130,0 80.1658542,12.9639132,0 80.1659000,12.9638678,0 80.1660374,12.9638912,0 80.1660374,12.9639140,0 80.1662435,12.9639148,0 80.1663351,12.9639380,0 80.1663809,12.9639839,0 80.1664954,12.9640071,0 80.1665412,12.9640758,0 80.1665870,12.9640760,0 80.1667016,12.9642361,0 80.1667474,12.9642591,0 80.1667703,12.9643505,0 80.1668162,12.9643735,0 80.1669309,12.9647617,0 80.1669538,12.9647618,0 80.1669538,12.9648759,0 80.1669767,12.9648760,0 80.1669768,12.9650813,0 80.1669997,12.9650814,0 80.1669999,12.9652867,0 80.1670227,12.9652868,0 80.1670229,12.9654921,0 80.1670458,12.9654922,0 80.1670459,12.9656747,0 80.1670688,12.9656748,0 80.1670691,12.9662679,0 80.1670234,12.9663362,0 80.1670234,12.9664274,0 80.1669777,12.9664957,0 80.1669777,12.9665869,0 80.1668634,12.9668602,0 80.1668635,12.9669515,0 80.1667948,12.9670880,0 80.1667950,12.9673618,0 80.1668408,12.9674304,0 80.1668409,12.9674989,0 80.1668867,12.9675447,0 80.1669097,12.9676588,0 80.1667952,12.9677040,0 80.1667953,12.9677952,0 80.1667495,12.9678635,0 80.1667496,12.9679547,0 80.1667038,12.9680230,0 80.1666810,12.9682054,0 80.1666352,12.9682280,0 80.1666353,12.9683649,0 80.1665896,12.9684331,0 80.1665896,12.9685244,0 80.1665439,12.9685926,0 80.1665211,12.9687750,0 80.1664753,12.9688433,0 80.1664754,12.9689345,0 80.1664296,12.9690028,0 80.1664068,12.9691852,0 80.1663611,12.9692078,0 80.1663611,12.9693447,0 80.1663154,12.9694129,0 80.1662926,12.9695497,0 80.1661781,12.9696177,0 80.1661781,12.9696405,0 80.1660637,12.9696400,0 80.1660408,12.9696855,0 80.1659034,12.9696850,0 80.1657890,12.9697529,0 80.1656974,12.9697526,0 80.1656287,12.9697979,0 80.1655371,12.9697975,0 80.1654685,12.9698429,0 80.1653769,12.9698425,0 80.1653082,12.9698878,0 80.1651709,12.9698873,0 80.1650564,12.9699552,0 80.1649648,12.9699549,0 80.1648962,12.9700002,0 80.1647588,12.9699996,0 80.1646444,12.9700676,0 80.1645070,12.9700670,0 80.1644841,12.9701126,0 80.1643010,12.9701346,0 80.1642323,12.9701800,0 80.1640949,12.9701794,0 80.1639805,12.9702473,0 80.1638431,12.9702468,0 80.1638202,12.9702923,0 80.1636371,12.9703144,0 80.1635684,12.9703597,0 80.1634310,12.9703591,0 80.1633166,12.9704271,0 80.1632250,12.9704267,0 80.1631563,12.9704721,0 80.1630190,12.9704715,0 80.1629961,12.9705170,0 80.1628129,12.9705391,0 80.1627443,12.9705844,0 80.1626527,12.9705841,0 80.1625840,12.9706294,0 80.1624467,12.9706288,0 80.1623322,12.9706968,0 80.1622406,12.9706964,0 80.1621720,12.9707418,0 80.1620346,12.9707412,0 80.1620117,12.9707867,0 80.1618286,12.9708088,0 80.1617599,12.9708541,0 80.1615997,12.9708763,0 80.1615539,12.9709217,0 80.1614852,12.9709214,0 80.1613937,12.9709895,0 80.1612105,12.9709887,0 80.1610501,12.9708740,0 80.1609586,12.9708736,0 80.1608669,12.9708276,0 80.1608440,12.9707819,0 80.1607524,12.9707815,0 80.1607526,12.9710096,0 80.1606611,12.9711461,0 80.1604093,12.9712820,0 80.1603864,12.9713275,0 80.1603177,12.9713272,0 80.1602720,12.9713727,0 80.1602491,12.9714638,0 80.1601805,12.9715091,0 80.1601805,12.9715548,0 80.1601118,12.9716001,0 80.1600890,12.9716685,0 80.1600432,12.9716683,0 80.1600432,12.9717367,0 80.1599517,12.9718048,0 80.1599517,12.9718504,0 80.1598830,12.9718957,0 80.1598831,12.9719414,0 80.1598144,12.9719867,0 80.1597916,12.9720550,0 80.1597458,12.9720549,0 80.1597458,12.9721233,0 80.1595627,12.9722594,0 80.1595627,12.9723050,0 80.1594483,12.9723958,0 80.1594254,12.9723957,0 80.1591963,12.9721438,0 80.1591505,12.9721436,0 80.1590818,12.9720521,0 80.1590360,12.9720519,0 80.1589901,12.9719833,0 80.1589444,12.9719831,0 80.1588985,12.9719145,0 80.1588527,12.9719143,0 80.1588069,12.9718457,0 80.1587611,12.9718455,0 80.1587153,12.9717768,0 80.1586695,12.9717767,0 80.1586236,12.9717080,0 80.1585779,12.9717078,0 80.1585320,12.9716392,0 80.1584862,12.9716390,0 80.1584404,12.9715704,0 80.1583946,12.9715702,0 80.1583488,12.9715016,0 80.1583030,12.9715014,0 80.1582572,12.9714328,0 80.1582114,12.9714326,0 80.1581655,12.9713640,0 80.1581197,12.9713638,0 80.1580739,12.9712951,0 80.1580281,12.9712949,0 80.1579823,12.9712263,0 80.1579365,12.9712261,0 80.1578907,12.9711575,0 80.1578449,12.9711573,0 80.1577990,12.9710887,0 80.1577532,12.9710885,0 80.1577074,12.9710199,0 80.1576616,12.9710197,0 80.1576158,12.9709511,0 80.1575700,12.9709509,0 80.1575012,12.9708593,0 80.1574555,12.9708591,0 80.1574096,12.9707905,0 80.1573638,12.9707903,0 80.1573180,12.9707217,0 80.1572722,12.9707215,0 80.1572264,12.9706529,0 80.1571806,12.9706527,0 80.1571347,12.9705841,0 80.1570890,12.9705839,0 80.1570431,12.9705153,0 80.1569973,12.9705151,0 80.1569515,12.9704464,0 80.1569057,12.9704463,0 80.1568599,12.9703776,0 80.1568141,12.9703774,0 80.1567453,12.9702859,0 80.1566995,12.9702857,0 80.1565392,12.9701026,0 80.1564934,12.9701024,0 80.1563559,12.9699421,0 80.1563101,12.9699419,0 80.1561726,12.9697817,0 80.1561268,12.9697815,0 80.1559665,12.9695983,0 80.1559207,12.9695981,0 80.1557832,12.9694379,0 80.1556458,12.9693232,0 80.1556228,12.9692319,0 80.1555312,12.9691403,0 80.1555311,12.9689806,0 80.1555540,12.9689807,0 80.1555539,12.9688666,0 80.1555768,12.9687755,0 80.1556225,12.9687300,0 80.1556225,12.9686616,0 80.1557140,12.9685251,0 80.1557139,12.9684567,0 80.1558512,12.9682291,0 80.1558511,12.9681607,0 80.1558969,12.9681152,0 80.1558968,12.9680012,0 80.1559197,12.9680013,0 80.1559197,12.9678872,0 80.1559426,12.9678873,0 80.1559425,12.9677732,0 80.1559654,12.9677733,0 80.1559653,12.9676593,0 80.1559882,12.9676594,0 80.1560339,12.9673858,0 80.1560796,12.9673404,0 80.1560796,12.9672719,0 80.1563771,12.9669538,0 80.1564228,12.9669540,0 80.1564686,12.9668857,0 80.1565144,12.9668859,0 80.1565601,12.9668177,0 80.1566059,12.9668178,0 80.1566746,12.9667269,0 80.1567204,12.9667271,0 80.1567661,12.9666588,0 80.1568119,12.9666590,0 80.1568577,12.9665908,0 80.1569035,12.9665909,0 80.1569492,12.9665227,0 80.1569950,12.9665229,0 80.1570407,12.9664546,0 80.1570865,12.9664548,0 80.1571552,12.9663639,0 80.1572010,12.9663641,0 80.1572467,12.9662958,0 80.1573383,12.9662734,0 80.1574070,12.9662280,0 80.1574527,12.9661598,0 80.1574985,12.9661600,0 80.1576587,12.9660466,0 80.1577274,12.9660240,0 80.1578648,12.9660246,0 80.1578647,12.9660018,0 80.1579792,12.9660023,0 80.1580708,12.9659570,0 80.1582082,12.9659576,0 80.1582081,12.9659348,0 80.1583226,12.9659352,0 80.1583226,12.9659124,0 80.1584371,12.9659129,0 80.1584371,12.9658901,0 80.1585516,12.9658906,0 80.1585515,12.9658678,0 80.1586660,12.9658682,0 80.1586660,12.9658454,0 80.1587805,12.9658459,0 80.1588034,12.9658004,0 80.1589178,12.9657552,0 80.1589865,12.9656642,0 80.1590322,12.9656644,0 80.1590780,12.9655962,0 80.1592382,12.9654828,0</coordinates></LinearRing></outerBoundaryIs></Polygon></MultiGeometry></Placemark>
<Placemark><name>17</name><ExtendedData><SchemaData schemaUrl="#tambaram_wards"><SimpleData name="id_2">TMB_17</SimpleData><SimpleData name="name">17</SimpleData><SimpleData name="zone">2</SimpleData></SchemaData></ExtendedData><MultiGeometry><Polygon><outerBoundaryIs><LinearRing><coordinates>80.1596708,12.9612643,0 80.1597852,12.9612647,0 80.1597852,12.9612419,0 80.1599455,12.9612426,0 80.1599455,12.9612198,0 80.1601058,12.9612204,0 80.1601057,12.9611976,0 80.1602431,12.9611982,0 80.1603347,12.9611758,0 80.1604720,12.9611079,0 80.1606552,12.9610858,0 80.1607010,12.9610404,0 80.1607925,12.9610180,0 80.1609070,12.9610184,0 80.1609757,12.9609731,0 80.1610672,12.9609735,0 80.1611359,12.9609281,0 80.1612275,12.9609285,0 80.1612962,12.9608832,0 80.1613877,12.9608836,0 80.1614564,12.9608382,0 80.1615480,12.9608386,0 80.1616166,12.9607933,0 80.1617082,12.9607936,0 80.1617769,12.9607483,0 80.1619601,12.9607262,0 80.1619600,12.9607034,0 80.1621203,12.9607041,0 80.1621203,12.9606813,0 80.1623493,12.9606822,0 80.1624180,12.9607053,0 80.1625554,12.9607971,0 80.1626699,12.9608204,0 80.1626928,12.9608661,0 80.1627844,12.9608893,0 80.1628760,12.9609810,0 80.1629447,12.9609812,0 80.1630822,12.9610731,0 80.1632195,12.9610736,0 80.1632196,12.9610964,0 80.1639522,12.9610995,0 80.1639522,12.9610766,0 80.1646391,12.9610795,0 80.1646391,12.9610567,0 80.1650970,12.9610586,0 80.1650970,12.9610357,0 80.1652573,12.9610364,0 80.1654175,12.9609914,0 80.1654633,12.9609460,0 80.1655320,12.9609463,0 80.1656234,12.9607185,0 80.1656692,12.9606959,0 80.1656692,12.9606275,0 80.1657149,12.9606049,0 80.1657607,12.9604910,0 80.1658293,12.9604913,0 80.1658751,12.9604458,0 80.1659896,12.9604463,0 80.1660583,12.9604010,0 80.1666536,12.9604034,0 80.1666536,12.9604262,0 80.1670657,12.9604279,0 80.1670657,12.9604508,0 80.1672260,12.9604514,0 80.1676382,12.9606128,0 80.1677298,12.9606360,0 80.1682106,12.9606380,0 80.1682106,12.9606152,0 80.1691494,12.9606190,0 80.1697903,12.9604392,0 80.1698819,12.9604396,0 80.1699277,12.9603941,0 80.1699964,12.9603944,0 80.1700879,12.9603492,0 80.1701566,12.9602582,0 80.1702024,12.9602584,0 80.1702481,12.9601902,0 80.1702939,12.9601903,0 80.1703854,12.9600767,0 80.1704312,12.9600768,0 80.1704999,12.9599859,0 80.1705456,12.9599861,0 80.1705914,12.9599178,0 80.1706601,12.9598725,0 80.1707516,12.9598500,0 80.1709348,12.9598508,0 80.1709348,12.9598280,0 80.1711180,12.9598287,0 80.1711179,12.9598059,0 80.1716446,12.9598081,0 80.1716445,12.9597853,0 80.1717590,12.9597858,0 80.1718048,12.9597403,0 80.1718735,12.9597406,0 80.1719192,12.9596952,0 80.1719879,12.9596955,0 80.1720795,12.9596502,0 80.1721482,12.9596505,0 80.1721940,12.9596963,0 80.1722627,12.9596966,0 80.1723085,12.9597424,0 80.1724230,12.9597429,0 80.1724917,12.9597888,0 80.1732244,12.9597918,0 80.1732244,12.9597690,0 80.1735907,12.9597705,0 80.1735907,12.9597477,0 80.1739570,12.9597492,0 80.1739570,12.9597264,0 80.1743233,12.9597279,0 80.1743233,12.9597051,0 80.1746897,12.9597066,0 80.1746897,12.9596838,0 80.1750789,12.9596854,0 80.1750789,12.9596626,0 80.1754452,12.9596641,0 80.1754452,12.9596413,0 80.1756742,12.9596423,0 80.1756741,12.9596194,0 80.1759947,12.9596208,0 80.1759947,12.9596436,0 80.1761321,12.9596441,0 80.1761550,12.9596899,0 80.1762466,12.9596902,0 80.1763153,12.9597818,0 80.1763611,12.9597820,0 80.1764299,12.9598735,0 80.1764299,12.9599419,0 80.1764987,12.9600563,0 80.1765216,12.9601476,0 80.1765217,12.9602845,0 80.1765446,12.9602846,0 80.1765447,12.9604215,0 80.1765676,12.9604216,0 80.1765677,12.9605812,0 80.1765906,12.9605813,0 80.1765906,12.9607410,0 80.1766135,12.9607411,0 80.1766136,12.9609008,0 80.1766365,12.9609009,0 80.1766366,12.9610834,0 80.1766595,12.9610835,0 80.1766596,12.9612204,0 80.1766825,12.9612205,0 80.1766826,12.9613345,0 80.1767055,12.9614031,0 80.1768201,12.9615860,0 80.1768430,12.9616546,0 80.1769575,12.9616550,0 80.1769575,12.9616779,0 80.1774841,12.9616800,0 80.1774841,12.9616572,0 80.1776215,12.9616578,0 80.1776215,12.9616350,0 80.1777818,12.9616356,0 80.1777818,12.9616128,0 80.1779191,12.9616134,0 80.1779191,12.9615906,0 80.1780794,12.9615912,0 80.1780794,12.9615684,0 80.1782625,12.9615692,0 80.1782625,12.9615464,0 80.1783999,12.9615469,0 80.1783999,12.9615241,0 80.1785373,12.9615247,0 80.1785373,12.9615019,0 80.1786517,12.9615024,0 80.1786517,12.9614795,0 80.1788120,12.9614802,0 80.1788120,12.9614574,0 80.1789723,12.9614581,0 80.1789722,12.9614352,0 80.1791325,12.9614359,0 80.1791325,12.9614131,0 80.1792699,12.9614137,0 80.1792699,12.9613908,0 80.1794072,12.9613914,0 80.1794988,12.9613462,0 80.1796133,12.9613466,0 80.1796362,12.9613011,0 80.1797506,12.9613016,0 80.1798193,12.9612562,0 80.1798650,12.9611880,0 80.1799108,12.9611882,0 80.1799566,12.9611199,0 80.1800024,12.9611201,0 80.1801397,12.9609610,0 80.1802084,12.9609841,0 80.1803457,12.9609847,0 80.1803457,12.9609619,0 80.1804831,12.9609624,0 80.1805747,12.9609172,0 80.1806663,12.9609176,0 80.1807350,12.9609863,0 80.1808495,12.9610324,0 80.1808266,12.9610779,0 80.1808724,12.9611009,0 80.1808726,12.9614203,0 80.1809184,12.9614889,0 80.1809185,12.9615573,0 80.1809643,12.9616032,0 80.1809644,12.9617172,0 80.1810102,12.9617402,0 80.1810561,12.9619457,0 80.1811019,12.9619915,0 80.1811020,12.9621056,0 80.1811478,12.9621286,0 80.1811478,12.9622198,0 80.1811937,12.9622885,0 80.1811937,12.9624253,0 80.1812395,12.9624483,0 80.1813084,12.9628136,0 80.1813313,12.9628137,0 80.1813314,12.9629506,0 80.1814002,12.9631334,0 80.1814003,12.9632246,0 80.1814461,12.9632704,0 80.1814461,12.9633617,0 80.1814920,12.9634303,0 80.1816756,12.9642523,0 80.1816985,12.9642524,0 80.1816986,12.9643893,0 80.1817445,12.9644807,0 80.1817445,12.9645720,0 80.1817903,12.9646178,0 80.1817904,12.9647091,0 80.1818362,12.9647777,0 80.1818592,12.9648690,0 80.1818593,12.9650515,0 80.1818364,12.9650514,0 80.1818365,12.9652567,0 80.1818136,12.9652566,0 80.1818137,12.9654391,0 80.1817908,12.9654391,0 80.1817911,12.9659865,0 80.1818140,12.9659866,0 80.1818142,12.9662148,0 80.1818600,12.9662834,0 80.1819287,12.9662609,0 80.1819285,12.9659871,0 80.1819972,12.9659874,0 80.1819974,12.9662840,0 80.1819516,12.9663522,0 80.1817913,12.9663287,0 80.1819746,12.9665804,0 80.1820662,12.9665808,0 80.1820434,12.9666492,0 80.1821121,12.9666722,0 80.1821579,12.9667865,0 80.1822037,12.9667867,0 80.1823412,12.9669926,0 80.1823870,12.9669928,0 80.1825245,12.9671986,0 80.1825703,12.9671988,0 80.1826391,12.9673132,0 80.1826619,12.9673133,0 80.1826621,12.9674958,0 80.1825934,12.9675867,0 80.1824561,12.9676090,0 80.1824561,12.9676318,0 80.1823416,12.9676313,0 80.1822500,12.9676766,0 80.1821356,12.9676761,0 80.1821356,12.9676989,0 80.1820211,12.9676984,0 80.1819753,12.9677211,0 80.1819754,12.9678123,0 80.1820212,12.9678581,0 80.1820213,12.9680862,0 80.1818840,12.9681769,0 80.1818840,12.9681997,0 80.1817695,12.9681993,0 80.1817466,12.9681535,0 80.1816550,12.9681532,0 80.1815863,12.9681073,0 80.1815176,12.9681070,0 80.1814947,12.9680613,0 80.1814031,12.9680609,0 80.1813344,12.9680150,0 80.1812657,12.9680147,0 80.1812428,12.9679690,0 80.1811512,12.9679686,0 80.1810825,12.9679227,0 80.1810138,12.9679224,0 80.1809909,12.9678767,0 80.1808764,12.9678762,0 80.1808306,12.9678304,0 80.1807619,12.9678301,0 80.1807390,12.9677844,0 80.1806245,12.9677839,0 80.1805787,12.9677381,0 80.1805100,12.9677378,0 80.1804870,12.9676921,0 80.1803726,12.9676916,0 80.1803267,12.9676458,0 80.1802123,12.9676225,0 80.1800977,12.9674624,0 80.1800747,12.9673026,0 80.1800059,12.9671654,0 80.1799830,12.9670741,0 80.1799829,12.9669600,0 80.1799371,12.9669370,0 80.1799370,12.9668458,0 80.1798683,12.9667086,0 80.1798682,12.9666174,0 80.1798224,12.9665487,0 80.1797994,12.9664574,0 80.1797994,12.9663433,0 80.1797307,12.9663430,0 80.1797306,12.9661377,0 80.1796848,12.9661375,0 80.1796849,12.9662972,0 80.1796391,12.9663427,0 80.1795017,12.9663421,0 80.1794559,12.9662963,0 80.1794559,12.9662050,0 80.1795016,12.9662052,0 80.1795246,12.9662737,0 80.1796162,12.9662741,0 80.1796161,12.9662057,0 80.1794787,12.9661823,0 80.1794329,12.9661365,0 80.1794328,12.9660224,0 80.1794557,12.9659769,0 80.1795702,12.9659774,0 80.1794786,12.9658857,0 80.1792954,12.9658850,0 80.1792954,12.9659078,0 80.1791809,12.9659073,0 80.1791809,12.9659301,0 80.1790436,12.9659296,0 80.1790436,12.9659524,0 80.1788833,12.9659517,0 80.1788833,12.9659745,0 80.1787001,12.9659738,0 80.1787002,12.9659966,0 80.1784941,12.9659957,0 80.1784025,12.9659497,0 80.1783796,12.9659040,0 80.1782880,12.9658808,0 80.1781963,12.9657892,0 80.1781047,12.9657660,0 80.1780818,12.9657203,0 80.1779902,12.9656743,0 80.1775323,12.9656724,0 80.1774636,12.9656265,0 80.1774177,12.9655579,0 80.1774177,12.9654666,0 80.1773261,12.9654206,0 80.1772802,12.9653064,0 80.1771199,12.9653057,0 80.1771199,12.9653285,0 80.1769368,12.9653278,0 80.1769368,12.9653506,0 80.1765704,12.9653491,0 80.1765705,12.9653719,0 80.1764331,12.9653713,0 80.1763186,12.9654393,0 80.1762042,12.9654388,0 80.1761813,12.9654843,0 80.1761126,12.9654840,0 80.1761127,12.9655981,0 80.1759754,12.9657116,0 80.1745102,12.9660477,0 80.1745102,12.9660705,0 80.1742126,12.9660693,0 80.1742126,12.9660921,0 80.1737776,12.9660903,0 80.1737088,12.9660444,0 80.1736859,12.9659531,0 80.1735256,12.9659524,0 80.1734341,12.9659748,0 80.1734112,12.9660204,0 80.1733196,12.9660200,0 80.1732967,12.9660655,0 80.1732051,12.9660652,0 80.1731823,12.9661107,0 80.1730449,12.9661329,0 80.1730449,12.9661101,0 80.1726786,12.9661086,0 80.1726785,12.9660858,0 80.1724038,12.9660847,0 80.1724038,12.9661075,0 80.1722893,12.9661070,0 80.1722893,12.9661298,0 80.1721749,12.9661293,0 80.1721749,12.9661521,0 80.1720604,12.9661517,0 80.1720604,12.9661745,0 80.1719230,12.9661739,0 80.1719230,12.9661967,0 80.1718086,12.9661963,0 80.1718086,12.9662191,0 80.1716254,12.9662183,0 80.1716254,12.9662411,0 80.1713965,12.9662402,0 80.1713965,12.9662630,0 80.1711904,12.9662621,0 80.1711904,12.9662850,0 80.1709844,12.9662841,0 80.1709844,12.9663069,0 80.1707783,12.9663061,0 80.1707783,12.9663289,0 80.1705494,12.9663279,0 80.1705494,12.9663507,0 80.1703433,12.9663499,0 80.1703433,12.9663727,0 80.1701372,12.9663719,0 80.1701373,12.9663947,0 80.1700228,12.9663942,0 80.1699541,12.9664623,0 80.1698854,12.9664621,0 80.1698397,12.9665075,0 80.1697481,12.9665071,0 80.1696794,12.9665753,0 80.1696108,12.9665750,0 80.1695650,12.9666204,0 80.1694734,12.9666200,0 80.1694048,12.9666882,0 80.1693361,12.9666879,0 80.1692903,12.9667334,0 80.1691987,12.9667330,0 80.1691530,12.9667784,0 80.1691531,12.9669609,0 80.1691073,12.9670520,0 80.1690387,12.9670973,0 80.1689471,12.9671197,0 80.1688097,12.9671192,0 80.1688097,12.9671420,0 80.1686724,12.9671414,0 80.1686724,12.9671642,0 80.1685350,12.9671637,0 80.1685350,12.9671865,0 80.1683976,12.9671859,0 80.1683976,12.9672087,0 80.1682832,12.9672083,0 80.1682832,12.9672311,0 80.1681458,12.9672305,0 80.1680313,12.9672757,0 80.1680085,12.9673212,0 80.1679398,12.9673209,0 80.1678711,12.9674119,0 80.1678254,12.9674117,0 80.1677567,12.9674798,0 80.1676193,12.9674793,0 80.1675736,12.9675247,0 80.1674820,12.9675471,0 80.1673217,12.9675465,0 80.1672760,12.9675919,0 80.1671844,12.9676143,0 80.1670241,12.9676137,0 80.1669783,12.9676591,0 80.1669097,12.9676588,0 80.1668867,12.9675447,0 80.1668409,12.9674989,0 80.1668408,12.9674304,0 80.1667950,12.9673618,0 80.1667948,12.9670880,0 80.1668635,12.9669515,0 80.1668634,12.9668602,0 80.1669777,12.9665869,0 80.1669777,12.9664957,0 80.1670234,12.9664274,0 80.1670234,12.9663362,0 80.1670691,12.9662679,0 80.1670688,12.9656748,0 80.1670459,12.9656747,0 80.1670458,12.9654922,0 80.1670229,12.9654921,0 80.1670227,12.9652868,0 80.1669999,12.9652867,0 80.1669997,12.9650814,0 80.1669768,12.9650813,0 80.1669767,12.9648760,0 80.1669538,12.9648759,0 80.1669538,12.9647618,0 80.1669309,12.9647617,0 80.1668162,12.9643735,0 80.1667703,12.9643505,0 80.1667474,12.9642591,0 80.1667016,12.9642361,0 80.1665870,12.9640760,0 80.1665412,12.9640758,0 80.1664954,12.9640071,0 80.1663809,12.9639839,0 80.1663351,12.9639380,0 80.1662435,12.9639148,0 80.1660374,12.9639140,0 80.1660374,12.9638912,0 80.1659000,12.9638678,0 80.1658542,12.9639132,0 80.1657856,12.9639130,0 80.1657627,12.9639585,0 80.1655567,12.9640261,0 80.1655338,12.9640716,0 80.1654422,12.9640940,0 80.1653507,12.9641849,0 80.1652591,12.9642073,0 80.1652363,12.9642529,0 80.1651447,12.9642753,0 80.1651218,12.9643208,0 80.1650302,12.9643433,0 80.1650074,12.9643888,0 80.1648929,12.9644340,0 80.1645267,12.9646378,0 80.1644580,12.9646375,0 80.1642749,12.9647508,0 80.1642062,12.9647505,0 80.1641605,12.9647959,0 80.1640002,12.9648409,0 80.1638170,12.9648401,0 80.1638171,12.9648629,0 80.1633362,12.9648610,0 80.1633362,12.9648838,0 80.1631989,12.9648832,0 80.1631989,12.9649060,0 80.1630615,12.9649055,0 80.1630615,12.9649283,0 80.1629470,12.9649278,0 80.1629471,12.9649506,0 80.1627181,12.9649497,0 80.1627181,12.9649725,0 80.1624891,12.9649715,0 80.1624891,12.9649487,0 80.1622831,12.9649479,0 80.1620998,12.9648330,0 80.1620082,12.9648099,0 80.1618480,12.9648092,0 80.1618479,12.9647864,0 80.1609550,12.9647827,0 80.1609550,12.9648055,0 80.1604513,12.9648034,0 80.1604513,12.9648262,0 80.1601537,12.9648934,0 80.1601079,12.9649389,0 80.1600392,12.9649386,0 80.1597875,12.9651657,0 80.1597875,12.9652113,0 80.1597189,12.9652566,0 80.1596274,12.9653931,0 80.1595816,12.9653930,0 80.1595129,12.9654611,0 80.1593756,12.9654605,0 80.1593756,12.9654834,0 80.1592382,12.9654828,0 80.1592153,12.9654143,0 80.1591695,12.9653912,0 80.1591236,12.9652542,0 80.1589861,12.9650939,0 80.1589632,12.9649798,0 80.1589173,12.9649340,0 80.1589173,12.9648427,0 80.1588714,12.9647513,0 80.1588705,12.9630860,0 80.1588476,12.9630859,0 80.1588472,12.9624471,0 80.1588701,12.9624472,0 80.1588700,12.9622647,0 80.1588929,12.9622648,0 80.1588928,12.9621279,0 80.1589385,12.9620597,0 80.1591216,12.9618551,0 80.1591674,12.9618553,0 80.1592360,12.9617644,0 80.1592818,12.9617417,0 80.1594420,12.9616055,0 80.1594420,12.9615599,0 80.1595106,12.9615146,0 80.1595106,12.9614689,0 80.1595793,12.9614236,0 80.1595792,12.9613780,0 80.1596479,12.9613326,0 80.1596708,12.9612643,0</coordinates></LinearRing></outerBoundaryIs></Polygon></MultiGeometry></Placemark>
<Placemark><name>18</name><ExtendedData><SchemaData schemaUrl="#tambaram_wards"><SimpleData name="id_2">TMB_18</SimpleData><SimpleData name="name">18</SimpleData><SimpleData name="zone">2</SimpleData></SchemaData></ExtendedData><MultiGeometry><Polygon><outerBoundaryIs><LinearRing><coordinates>80.1801397,12.9609610,0 80.1801396,12.9608241,0 80.1801167,12.9608240,0 80.1801164,12.9603906,0 80.1801393,12.9603907,0 80.1801393,12.9602766,0 80.1801850,12.9601856,0 80.1801849,12.9600715,0 80.1802307,12.9599804,0 80.1802306,12.9598664,0 80.1802763,12.9597753,0 80.1802763,12.9596613,0 80.1803449,12.9594790,0 80.1803448,12.9593650,0 80.1804134,12.9591828,0 80.1804133,12.9590687,0 80.1804362,12.9590688,0 80.1804361,12.9589547,0 80.1804819,12.9588637,0 80.1804818,12.9587496,0 80.1805276,12.9586585,0 80.1805275,12.9585445,0 80.1805732,12.9584534,0 80.1805732,12.9583394,0 80.1806417,12.9581571,0 80.1806417,12.9580431,0 80.1806646,12.9580432,0 80.1806645,12.9579291,0 80.1806874,12.9579292,0 80.1806871,12.9574502,0 80.1806642,12.9574501,0 80.1806639,12.9569026,0 80.1806868,12.9569027,0 80.1806867,12.9567658,0 80.1807096,12.9566974,0 80.1807782,12.9566749,0 80.1808011,12.9566294,0 80.1810529,12.9565392,0 80.1810987,12.9564937,0 80.1812818,12.9564717,0 80.1813505,12.9564263,0 80.1814192,12.9564266,0 80.1815107,12.9563586,0 80.1815565,12.9563587,0 80.1816938,12.9561540,0 80.1817624,12.9561087,0 80.1817624,12.9560630,0 80.1818311,12.9560177,0 80.1818539,12.9559265,0 80.1819913,12.9559043,0 80.1819913,12.9558815,0 80.1821058,12.9558820,0 80.1821057,12.9558591,0 80.1822202,12.9558596,0 80.1822202,12.9558368,0 80.1829300,12.9558397,0 80.1829300,12.9558625,0 80.1831132,12.9558633,0 80.1831132,12.9558861,0 80.1832964,12.9558869,0 80.1832964,12.9559097,0 80.1834109,12.9559102,0 80.1834109,12.9559330,0 80.1835940,12.9559337,0 80.1835940,12.9559565,0 80.1838230,12.9559575,0 80.1838230,12.9559803,0 80.1840749,12.9559813,0 80.1840749,12.9559585,0 80.1845557,12.9559605,0 80.1845557,12.9559377,0 80.1846702,12.9559382,0 80.1846701,12.9559154,0 80.1849220,12.9559164,0 80.1849220,12.9558936,0 80.1852196,12.9558948,0 80.1852196,12.9558720,0 80.1854257,12.9558729,0 80.1854257,12.9558500,0 80.1856775,12.9558511,0 80.1856775,12.9558283,0 80.1859523,12.9558294,0 80.1859523,12.9558066,0 80.1862041,12.9558076,0 80.1862041,12.9557848,0 80.1864331,12.9557858,0 80.1864330,12.9557630,0 80.1865933,12.9557636,0 80.1866162,12.9557409,0 80.1866620,12.9558095,0 80.1867538,12.9560380,0 80.1867767,12.9561294,0 80.1868225,12.9561752,0 80.1868455,12.9562665,0 80.1868455,12.9564034,0 80.1868684,12.9564035,0 80.1868687,12.9567913,0 80.1868916,12.9567914,0 80.1868916,12.9569283,0 80.1869145,12.9569284,0 80.1869148,12.9573618,0 80.1869377,12.9573619,0 80.1869379,12.9576357,0 80.1869607,12.9576357,0 80.1869610,12.9581148,0 80.1869839,12.9581149,0 80.1869842,12.9586624,0 80.1870071,12.9586625,0 80.1870075,12.9592100,0 80.1870304,12.9592101,0 80.1870306,12.9595979,0 80.1870535,12.9595980,0 80.1870536,12.9598261,0 80.1870765,12.9598262,0 80.1870766,12.9600543,0 80.1870995,12.9600544,0 80.1870997,12.9602826,0 80.1871226,12.9602827,0 80.1871227,12.9605108,0 80.1871456,12.9605109,0 80.1871457,12.9607618,0 80.1871686,12.9607619,0 80.1871688,12.9609900,0 80.1871917,12.9609901,0 80.1871918,12.9612182,0 80.1872147,12.9612183,0 80.1872148,12.9614465,0 80.1872377,12.9614466,0 80.1872379,12.9616747,0 80.1872608,12.9616748,0 80.1872608,12.9617888,0 80.1873526,12.9620630,0 80.1873526,12.9621542,0 80.1873985,12.9622228,0 80.1873986,12.9624738,0 80.1874215,12.9625423,0 80.1875361,12.9626340,0 80.1875362,12.9628850,0 80.1876050,12.9629993,0 80.1876050,12.9630906,0 80.1876509,12.9631592,0 80.1877427,12.9636158,0 80.1877885,12.9636845,0 80.1877886,12.9638213,0 80.1878574,12.9640041,0 80.1878575,12.9640954,0 80.1879033,12.9641640,0 80.1879033,12.9642324,0 80.1879492,12.9642782,0 80.1879721,12.9644152,0 80.1880180,12.9644610,0 80.1881097,12.9648036,0 80.1881785,12.9648723,0 80.1881786,12.9650776,0 80.1881099,12.9651458,0 80.1880871,12.9652369,0 80.1879040,12.9653959,0 80.1879040,12.9654187,0 80.1878811,12.9653273,0 80.1878353,12.9653271,0 80.1877436,12.9652127,0 80.1876750,12.9652124,0 80.1875833,12.9651208,0 80.1875375,12.9651206,0 80.1874917,12.9650520,0 80.1874230,12.9650061,0 80.1873314,12.9649829,0 80.1872856,12.9649142,0 80.1872398,12.9649141,0 80.1872169,12.9649824,0 80.1871482,12.9649821,0 80.1870337,12.9648448,0 80.1870108,12.9648447,0 80.1870106,12.9646394,0 80.1870335,12.9645938,0 80.1870334,12.9644570,0 80.1869647,12.9643654,0 80.1869646,12.9642514,0 80.1869417,12.9642056,0 80.1868730,12.9642054,0 80.1868044,12.9642963,0 80.1867815,12.9643647,0 80.1867128,12.9643644,0 80.1867127,12.9642047,0 80.1866211,12.9641359,0 80.1865981,12.9639989,0 80.1865523,12.9639759,0 80.1865294,12.9638389,0 80.1864835,12.9637703,0 80.1864377,12.9637701,0 80.1863232,12.9636328,0 80.1862774,12.9636326,0 80.1861628,12.9634496,0 80.1861399,12.9633811,0 80.1861398,12.9632670,0 80.1860940,12.9632440,0 80.1860939,12.9631756,0 80.1859108,12.9631748,0 80.1859108,12.9631976,0 80.1857276,12.9631969,0 80.1857276,12.9632197,0 80.1855445,12.9632189,0 80.1855445,12.9632418,0 80.1853613,12.9632410,0 80.1853613,12.9632638,0 80.1851781,12.9632630,0 80.1851782,12.9632859,0 80.1849721,12.9632850,0 80.1848805,12.9632162,0 80.1848804,12.9631706,0 80.1848117,12.9631247,0 80.1847200,12.9629418,0 80.1846513,12.9628959,0 80.1846513,12.9628503,0 80.1845826,12.9628500,0 80.1845598,12.9629411,0 80.1843995,12.9629405,0 80.1843992,12.9624842,0 80.1843534,12.9624156,0 80.1842847,12.9623697,0 80.1842388,12.9623010,0 80.1842388,12.9622326,0 80.1841930,12.9622096,0 80.1840098,12.9622089,0 80.1839640,12.9621859,0 80.1838494,12.9620029,0 80.1838265,12.9619115,0 80.1838264,12.9617975,0 80.1837576,12.9616147,0 80.1837575,12.9614778,0 80.1836658,12.9612037,0 80.1836657,12.9611124,0 80.1836199,12.9610666,0 80.1835969,12.9608840,0 80.1833909,12.9608832,0 80.1833909,12.9609060,0 80.1831390,12.9609050,0 80.1831390,12.9608821,0 80.1830245,12.9608817,0 80.1830245,12.9609045,0 80.1822232,12.9609012,0 80.1822232,12.9609240,0 80.1819713,12.9609229,0 80.1819713,12.9609458,0 80.1816966,12.9609446,0 80.1816966,12.9609674,0 80.1814447,12.9609664,0 80.1814448,12.9609892,0 80.1811700,12.9609881,0 80.1811700,12.9610109,0 80.1808953,12.9610097,0 80.1808495,12.9610324,0 80.1807350,12.9609863,0 80.1806663,12.9609176,0 80.1805747,12.9609172,0 80.1804831,12.9609624,0 80.1803457,12.9609619,0 80.1803457,12.9609847,0 80.1802084,12.9609841,0 80.1801397,12.9609610,0</coordinates></LinearRing></outerBoundaryIs></Polygon></MultiGeometry></Placemark>
<Placemark><name>19</name><ExtendedData><SchemaData schemaUrl="#tambaram_wards"><SimpleData name="id_2">TMB_19</SimpleData><SimpleData name="name">19</SimpleData><SimpleData name="zone">2</SimpleData></SchemaData></ExtendedData><MultiGeometry><Polygon><outerBoundaryIs><LinearRing><coordinates>80.1866162,12.9557409,0 80.1867076,12.9554219,0 80.1867305,12.9554220,0 80.1867303,12.9550342,0 80.1867074,12.9550341,0 80.1867072,12.9548060,0 80.1866843,12.9548059,0 80.1866843,12.9546690,0 80.1866614,12.9546689,0 80.1866613,12.9545548,0 80.1866384,12.9545547,0 80.1866383,12.9543951,0 80.1866154,12.9543950,0 80.1866153,12.9542809,0 80.1865925,12.9542808,0 80.1865923,12.9540983,0 80.1865465,12.9540069,0 80.1865464,12.9538244,0 80.1865005,12.9537329,0 80.1865004,12.9535276,0 80.1864546,12.9534362,0 80.1864545,12.9532993,0 80.1864316,12.9532992,0 80.1864315,12.9531167,0 80.1863857,12.9530253,0 80.1863855,12.9528428,0 80.1863397,12.9527513,0 80.1863396,12.9526601,0 80.1862250,12.9523859,0 80.1862020,12.9522033,0 80.1861332,12.9520661,0 80.1861332,12.9519749,0 80.1860415,12.9517692,0 80.1860185,12.9515866,0 80.1858809,12.9512438,0 80.1858579,12.9510612,0 80.1857891,12.9509241,0 80.1857891,12.9508328,0 80.1856974,12.9506271,0 80.1856973,12.9505587,0 80.1856515,12.9505129,0 80.1856285,12.9503987,0 80.1857201,12.9503535,0 80.1858117,12.9503538,0 80.1858345,12.9502627,0 80.1857887,12.9502397,0 80.1859718,12.9500351,0 80.1859947,12.9500352,0 80.1861320,12.9500358,0 80.1862008,12.9500817,0 80.1862923,12.9500821,0 80.1863611,12.9501280,0 80.1864526,12.9501284,0 80.1864756,12.9501741,0 80.1865213,12.9501515,0 80.1865443,12.9501972,0 80.1866588,12.9501977,0 80.1867962,12.9502667,0 80.1869793,12.9502902,0 80.1870481,12.9503361,0 80.1872312,12.9503597,0 80.1873000,12.9504056,0 80.1874831,12.9504292,0 80.1875519,12.9504751,0 80.1877350,12.9504987,0 80.1877580,12.9505444,0 80.1878953,12.9505450,0 80.1879641,12.9505909,0 80.1880556,12.9505912,0 80.1881244,12.9506371,0 80.1884449,12.9506385,0 80.1884449,12.9506613,0 80.1890173,12.9506636,0 80.1890173,12.9506865,0 80.1897042,12.9506893,0 80.1897042,12.9507121,0 80.1904140,12.9507150,0 80.1904140,12.9507379,0 80.1911696,12.9507410,0 80.1911696,12.9507638,0 80.1920168,12.9507673,0 80.1920168,12.9507445,0 80.1922457,12.9507454,0 80.1922457,12.9507226,0 80.1924060,12.9507233,0 80.1924518,12.9507463,0 80.1925434,12.9508607,0 80.1925435,12.9510204,0 80.1925664,12.9510205,0 80.1925670,12.9519330,0 80.1925898,12.9519331,0 80.1925904,12.9529140,0 80.1925675,12.9529139,0 80.1925676,12.9530280,0 80.1925447,12.9530279,0 80.1925448,12.9531420,0 80.1925219,12.9531419,0 80.1925219,12.9532787,0 80.1924990,12.9532786,0 80.1924991,12.9533927,0 80.1924762,12.9533926,0 80.1924763,12.9535295,0 80.1924534,12.9535294,0 80.1924535,12.9536435,0 80.1924077,12.9537345,0 80.1924078,12.9538486,0 80.1923621,12.9539396,0 80.1923621,12.9540537,0 80.1922935,12.9541675,0 80.1921562,12.9542353,0 80.1918127,12.9542339,0 80.1918127,12.9542567,0 80.1914693,12.9542553,0 80.1914693,12.9542781,0 80.1911259,12.9542767,0 80.1911259,12.9542995,0 80.1907824,12.9542981,0 80.1906451,12.9543432,0 80.1906452,12.9545029,0 80.1907139,12.9545259,0 80.1907140,12.9546400,0 80.1907368,12.9546401,0 80.1907369,12.9547998,0 80.1907598,12.9547999,0 80.1907599,12.9549140,0 80.1907829,12.9550053,0 80.1908287,12.9550739,0 80.1908288,12.9552108,0 80.1908975,12.9553251,0 80.1908976,12.9554848,0 80.1909205,12.9554849,0 80.1909206,12.9557130,0 80.1909435,12.9557131,0 80.1909437,12.9559413,0 80.1909666,12.9559414,0 80.1909666,12.9560554,0 80.1910811,12.9560559,0 80.1910811,12.9560787,0 80.1913101,12.9560797,0 80.1913559,12.9561255,0 80.1915162,12.9561033,0 80.1915162,12.9561489,0 80.1916307,12.9561722,0 80.1916307,12.9561038,0 80.1916993,12.9561041,0 80.1916994,12.9561953,0 80.1918139,12.9561958,0 80.1918367,12.9560818,0 80.1918138,12.9560361,0 80.1917451,12.9560358,0 80.1917451,12.9559674,0 80.1918825,12.9560364,0 80.1919284,12.9562191,0 80.1920429,12.9562424,0 80.1921574,12.9563341,0 80.1921804,12.9565167,0 80.1922033,12.9565168,0 80.1922034,12.9566765,0 80.1922263,12.9566766,0 80.1922264,12.9568591,0 80.1922493,12.9568592,0 80.1922494,12.9570417,0 80.1922723,12.9570418,0 80.1922724,12.9572014,0 80.1922953,12.9572015,0 80.1922954,12.9573840,0 80.1923183,12.9573841,0 80.1923184,12.9575210,0 80.1922040,12.9576574,0 80.1919979,12.9576566,0 80.1919979,12.9576337,0 80.1918834,12.9576333,0 80.1918834,12.9576105,0 80.1917689,12.9576100,0 80.1916773,12.9575640,0 80.1915628,12.9575635,0 80.1915628,12.9575407,0 80.1914483,12.9575402,0 80.1913567,12.9574942,0 80.1912193,12.9574936,0 80.1912193,12.9575165,0 80.1910820,12.9575159,0 80.1910820,12.9575387,0 80.1909217,12.9575380,0 80.1909217,12.9575609,0 80.1907615,12.9575602,0 80.1907615,12.9575830,0 80.1906241,12.9575824,0 80.1906241,12.9576053,0 80.1904638,12.9576046,0 80.1904638,12.9576274,0 80.1903036,12.9576267,0 80.1903036,12.9576496,0 80.1901662,12.9576490,0 80.1901662,12.9576718,0 80.1900059,12.9576711,0 80.1900060,12.9576939,0 80.1898686,12.9576934,0 80.1898686,12.9577162,0 80.1897083,12.9577155,0 80.1897083,12.9577383,0 80.1895481,12.9577377,0 80.1895481,12.9577605,0 80.1893878,12.9577598,0 80.1892962,12.9577823,0 80.1892505,12.9578277,0 80.1891589,12.9578273,0 80.1890902,12.9578955,0 80.1887240,12.9580537,0 80.1888157,12.9581909,0 80.1888157,12.9582822,0 80.1888844,12.9583509,0 80.1888845,12.9584193,0 80.1889303,12.9584651,0 80.1889303,12.9585336,0 80.1889762,12.9585794,0 80.1889762,12.9586706,0 80.1890449,12.9587394,0 80.1890450,12.9588078,0 80.1891137,12.9588993,0 80.1891138,12.9589678,0 80.1891596,12.9590136,0 80.1891596,12.9590820,0 80.1892741,12.9590825,0 80.1892741,12.9591053,0 80.1893886,12.9591058,0 80.1894802,12.9591746,0 80.1895032,12.9592887,0 80.1895261,12.9592888,0 80.1895261,12.9594029,0 80.1895720,12.9594943,0 80.1895721,12.9596084,0 80.1895950,12.9596085,0 80.1895950,12.9597226,0 80.1896409,12.9598140,0 80.1896409,12.9599281,0 80.1896638,12.9599282,0 80.1896639,12.9600422,0 80.1897097,12.9601337,0 80.1897098,12.9602477,0 80.1897327,12.9602478,0 80.1897328,12.9603619,0 80.1897786,12.9604533,0 80.1897787,12.9605674,0 80.1898016,12.9605675,0 80.1898016,12.9606815,0 80.1898475,12.9607730,0 80.1898476,12.9608870,0 80.1898705,12.9608871,0 80.1898705,12.9610012,0 80.1898934,12.9610013,0 80.1898935,12.9611153,0 80.1899164,12.9611154,0 80.1899164,12.9612295,0 80.1899393,12.9612296,0 80.1899394,12.9613437,0 80.1899623,12.9613438,0 80.1899624,12.9614578,0 80.1899853,12.9614579,0 80.1899853,12.9615720,0 80.1900082,12.9615721,0 80.1900083,12.9616861,0 80.1900312,12.9616862,0 80.1900313,12.9618003,0 80.1900771,12.9618917,0 80.1900772,12.9620058,0 80.1901001,12.9620059,0 80.1901001,12.9621199,0 80.1901230,12.9621200,0 80.1901231,12.9622341,0 80.1901460,12.9622342,0 80.1901461,12.9623483,0 80.1902607,12.9626225,0 80.1902608,12.9627365,0 80.1903066,12.9627595,0 80.1903063,12.9622805,0 80.1904208,12.9623038,0 80.1904212,12.9629425,0 80.1903067,12.9629649,0 80.1903068,12.9630789,0 80.1903297,12.9630790,0 80.1903297,12.9632387,0 80.1903756,12.9632845,0 80.1903757,12.9634442,0 80.1904215,12.9634900,0 80.1904444,12.9635814,0 80.1904445,12.9637639,0 80.1903530,12.9639004,0 80.1903760,12.9639461,0 80.1903760,12.9640601,0 80.1903989,12.9640602,0 80.1903990,12.9642199,0 80.1904448,12.9642657,0 80.1904449,12.9644254,0 80.1904907,12.9644484,0 80.1904908,12.9645625,0 80.1905137,12.9646538,0 80.1905366,12.9645855,0 80.1906053,12.9645401,0 80.1906053,12.9646542,0 80.1906512,12.9647456,0 80.1906742,12.9649054,0 80.1905826,12.9649051,0 80.1906056,12.9650420,0 80.1906285,12.9650421,0 80.1906285,12.9651562,0 80.1906744,12.9652476,0 80.1906744,12.9653389,0 80.1907202,12.9653847,0 80.1907204,12.9656812,0 80.1906518,12.9657722,0 80.1906060,12.9657948,0 80.1904915,12.9657944,0 80.1904915,12.9658172,0 80.1903313,12.9658165,0 80.1903313,12.9658393,0 80.1901710,12.9658387,0 80.1900566,12.9659751,0 80.1899421,12.9659974,0 80.1896675,12.9661560,0 80.1895530,12.9661555,0 80.1895530,12.9661783,0 80.1891180,12.9661765,0 80.1891180,12.9661993,0 80.1886601,12.9661974,0 80.1885914,12.9662428,0 80.1884769,12.9662423,0 80.1884769,12.9662195,0 80.1883395,12.9662189,0 80.1883166,12.9661732,0 80.1882479,12.9661729,0 80.1882250,12.9661044,0 80.1881792,12.9660814,0 80.1882021,12.9660358,0 80.1881562,12.9660128,0 80.1880874,12.9658072,0 80.1879958,12.9656700,0 80.1879957,12.9655787,0 80.1879499,12.9655557,0 80.1879040,12.9654187,0 80.1879040,12.9653959,0 80.1880871,12.9652369,0 80.1881099,12.9651458,0 80.1881786,12.9650776,0 80.1881785,12.9648723,0 80.1881097,12.9648036,0 80.1880180,12.9644610,0 80.1879721,12.9644152,0 80.1879492,12.9642782,0 80.1879033,12.9642324,0 80.1879033,12.9641640,0 80.1878575,12.9640954,0 80.1878574,12.9640041,0 80.1877886,12.9638213,0 80.1877885,12.9636845,0 80.1877427,12.9636158,0 80.1876509,12.9631592,0 80.1876050,12.9630906,0 80.1876050,12.9629993,0 80.1875362,12.9628850,0 80.1875361,12.9626340,0 80.1874215,12.9625423,0 80.1873986,12.9624738,0 80.1873985,12.9622228,0 80.1873526,12.9621542,0 80.1873526,12.9620630,0 80.1872608,12.9617888,0 80.1872608,12.9616748,0 80.1872379,12.9616747,0 80.1872377,12.9614466,0 80.1872148,12.9614465,0 80.1872147,12.9612183,0 80.1871918,12.9612182,0 80.1871917,12.9609901,0 80.1871688,12.9609900,0 80.1871686,12.9607619,0 80.1871457,12.9607618,0 80.1871456,12.9605109,0 80.1871227,12.9605108,0 80.1871226,12.9602827,0 80.1870997,12.9602826,0 80.1870995,12.9600544,0 80.1870766,12.9600543,0 80.1870765,12.9598262,0 80.1870536,12.9598261,0 80.1870535,12.9595980,0 80.1870306,12.9595979,0 80.1870304,12.9592101,0 80.1870075,12.9592100,0 80.1870071,12.9586625,0 80.1869842,12.9586624,0 80.1869839,12.9581149,0 80.1869610,12.9581148,0 80.1869607,12.9576357,0 80.1869379,12.9576357,0 80.1869377,12.9573619,0 80.1869148,12.9573618,0 80.1869145,12.9569284,0 80.1868916,12.9569283,0 80.1868916,12.9567914,0 80.1868687,12.9567913,0 80.1868684,12.9564035,0 80.1868455,12.9564034,0 80.1868455,12.9562665,0 80.1868225,12.9561752,0 80.1867767,12.9561294,0 80.1867538,12.9560380,0 80.1866620,12.9558095,0 80.1866162,12.9557409,0</coordinates></LinearRing></outerBoundaryIs></Polygon></MultiGeometry></Placemark>
<Placemark><name>20</name><ExtendedData><SchemaData schemaUrl="#tambaram_wards"><SimpleData name="id_2">TMB_20</SimpleData><SimpleData name="name">20</SimpleData><SimpleData name="zone">2</SimpleData></SchemaData></ExtendedData><MultiGeometry><Polygon><outerBoundaryIs><LinearRing><coordinates>80.1720795,12.9596502,0 80.1720793,12.9593765,0 80.1720564,12.9593764,0 80.1720563,12.9592167,0 80.1720334,12.9592166,0 80.1720334,12.9591025,0 80.1720105,12.9591024,0 80.1720104,12.9588971,0 80.1719874,12.9588742,0 80.1723767,12.9588758,0 80.1725140,12.9588080,0 80.1726285,12.9588084,0 80.1726285,12.9587856,0 80.1727888,12.9587863,0 80.1727887,12.9587635,0 80.1729261,12.9587640,0 80.1729261,12.9587412,0 80.1730864,12.9587419,0 80.1731780,12.9587194,0 80.1732237,12.9586740,0 80.1732924,12.9586743,0 80.1733382,12.9586289,0 80.1734069,12.9586291,0 80.1735671,12.9585386,0 80.1735899,12.9584930,0 80.1737502,12.9585393,0 80.1737503,12.9585621,0 80.1738876,12.9585627,0 80.1738877,12.9585855,0 80.1747806,12.9585892,0 80.1747806,12.9585664,0 80.1749867,12.9585672,0 80.1749866,12.9585444,0 80.1751927,12.9585453,0 80.1751927,12.9585225,0 80.1753988,12.9585233,0 80.1753987,12.9585005,0 80.1756277,12.9585014,0 80.1756277,12.9584786,0 80.1758109,12.9584794,0 80.1758108,12.9584566,0 80.1759711,12.9584572,0 80.1759711,12.9584344,0 80.1761314,12.9584351,0 80.1762229,12.9584126,0 80.1763374,12.9583447,0 80.1764290,12.9583451,0 80.1765892,12.9582317,0 80.1766808,12.9582092,0 80.1767723,12.9581184,0 80.1768181,12.9581185,0 80.1770698,12.9578458,0 80.1770927,12.9578459,0 80.1770926,12.9577319,0 80.1771155,12.9577320,0 80.1771152,12.9572985,0 80.1770923,12.9572984,0 80.1770922,12.9570931,0 80.1770693,12.9570930,0 80.1770692,12.9568649,0 80.1770463,12.9568648,0 80.1770462,12.9566595,0 80.1770233,12.9566594,0 80.1770232,12.9564313,0 80.1770003,12.9564312,0 80.1770001,12.9562259,0 80.1769772,12.9562258,0 80.1769771,12.9560205,0 80.1769542,12.9560204,0 80.1769541,12.9557922,0 80.1769312,12.9557921,0 80.1769311,12.9555868,0 80.1769082,12.9555867,0 80.1769080,12.9553586,0 80.1768851,12.9553585,0 80.1768850,12.9551532,0 80.1768621,12.9551531,0 80.1768620,12.9549250,0 80.1768391,12.9549249,0 80.1768390,12.9547196,0 80.1768161,12.9547195,0 80.1768160,12.9544914,0 80.1767701,12.9543999,0 80.1767700,12.9542859,0 80.1767471,12.9542858,0 80.1767471,12.9541261,0 80.1767242,12.9541260,0 80.1767239,12.9536925,0 80.1767010,12.9536925,0 80.1767005,12.9528940,0 80.1766776,12.9528939,0 80.1766772,12.9520955,0 80.1766543,12.9520954,0 80.1766536,12.9509320,0 80.1766307,12.9509319,0 80.1766306,12.9507266,0 80.1766535,12.9507266,0 80.1766534,12.9505670,0 80.1766763,12.9505671,0 80.1766762,12.9504530,0 80.1767220,12.9503619,0 80.1767219,12.9502479,0 80.1767448,12.9502480,0 80.1767447,12.9501339,0 80.1767676,12.9501340,0 80.1767675,12.9499287,0 80.1767904,12.9499288,0 80.1767903,12.9497463,0 80.1767674,12.9497462,0 80.1767673,12.9496093,0 80.1767215,12.9495407,0 80.1767214,12.9494494,0 80.1766756,12.9493808,0 80.1766755,12.9492896,0 80.1764462,12.9486727,0 80.1764462,12.9486042,0 80.1764004,12.9485584,0 80.1763544,12.9483529,0 80.1762857,12.9482386,0 80.1762627,12.9481472,0 80.1762626,12.9479875,0 80.1762397,12.9479874,0 80.1762395,12.9475312,0 80.1762166,12.9475311,0 80.1762165,12.9474170,0 80.1762623,12.9473944,0 80.1763309,12.9471894,0 80.1763766,12.9471440,0 80.1763995,12.9470300,0 80.1764682,12.9470759,0 80.1765598,12.9470763,0 80.1766056,12.9471221,0 80.1767430,12.9471455,0 80.1767659,12.9471912,0 80.1768117,12.9471686,0 80.1768346,12.9472143,0 80.1769262,12.9472147,0 80.1769949,12.9472606,0 80.1771552,12.9472612,0 80.1771780,12.9472385,0 80.1773383,12.9472392,0 80.1774528,12.9471940,0 80.1774757,12.9472169,0 80.1774756,12.9470801,0 80.1774985,12.9470802,0 80.1774984,12.9469205,0 80.1775213,12.9469206,0 80.1775212,12.9468065,0 80.1775670,12.9467154,0 80.1776128,12.9467156,0 80.1777043,12.9466248,0 80.1777959,12.9466023,0 80.1779103,12.9466028,0 80.1779103,12.9465800,0 80.1780248,12.9465805,0 80.1780248,12.9465576,0 80.1781393,12.9465581,0 80.1781393,12.9465353,0 80.1782995,12.9465360,0 80.1783453,12.9464905,0 80.1784598,12.9464910,0 80.1784598,12.9464682,0 80.1785743,12.9464687,0 80.1785742,12.9464458,0 80.1786887,12.9464463,0 80.1787803,12.9464011,0 80.1788948,12.9464015,0 80.1788947,12.9463787,0 80.1790092,12.9463792,0 80.1790092,12.9463564,0 80.1791237,12.9463569,0 80.1791237,12.9463341,0 80.1792382,12.9463345,0 80.1792382,12.9463117,0 80.1793755,12.9463123,0 80.1793755,12.9462895,0 80.1795129,12.9462900,0 80.1795129,12.9462672,0 80.1796503,12.9462678,0 80.1796502,12.9462450,0 80.1797876,12.9462455,0 80.1797876,12.9462227,0 80.1799250,12.9462233,0 80.1799250,12.9462005,0 80.1800623,12.9462011,0 80.1800623,12.9461782,0 80.1801997,12.9461788,0 80.1801997,12.9461560,0 80.1803142,12.9461565,0 80.1803142,12.9461337,0 80.1804515,12.9461342,0 80.1804515,12.9461114,0 80.1805889,12.9461120,0 80.1805889,12.9460892,0 80.1807492,12.9460898,0 80.1808866,12.9462045,0 80.1809553,12.9462047,0 80.1810927,12.9463194,0 80.1811614,12.9463197,0 80.1812989,12.9464343,0 80.1813676,12.9464346,0 80.1814592,12.9464806,0 80.1814821,12.9465263,0 80.1822835,12.9465296,0 80.1822834,12.9465068,0 80.1824666,12.9465075,0 80.1824666,12.9465304,0 80.1829474,12.9465323,0 80.1829475,12.9465552,0 80.1831764,12.9465561,0 80.1832910,12.9466478,0 80.1833139,12.9467392,0 80.1833140,12.9469217,0 80.1832911,12.9469216,0 80.1832913,12.9472181,0 80.1832684,12.9472180,0 80.1832686,12.9475146,0 80.1832457,12.9475145,0 80.1832458,12.9478111,0 80.1832229,12.9478110,0 80.1832232,12.9481760,0 80.1832461,12.9482673,0 80.1833149,12.9484045,0 80.1833149,12.9484957,0 80.1833608,12.9485872,0 80.1834753,12.9485876,0 80.1834752,12.9485648,0 80.1836813,12.9485657,0 80.1836813,12.9485429,0 80.1839560,12.9485440,0 80.1840477,12.9486128,0 80.1840936,12.9488868,0 80.1841394,12.9489326,0 80.1841395,12.9490238,0 80.1842082,12.9490697,0 80.1842541,12.9492296,0 80.1842770,12.9492297,0 80.1842771,12.9494350,0 80.1842543,12.9495034,0 80.1843459,12.9495494,0 80.1844603,12.9495498,0 80.1845291,12.9495957,0 80.1846206,12.9495961,0 80.1846894,12.9496420,0 80.1847809,12.9496424,0 80.1848039,12.9496881,0 80.1849184,12.9496886,0 80.1849871,12.9497117,0 80.1849641,12.9495291,0 80.1850327,12.9495294,0 80.1850557,12.9495751,0 80.1851473,12.9495983,0 80.1851702,12.9496440,0 80.1853076,12.9496902,0 80.1853305,12.9497359,0 80.1855824,12.9497826,0 80.1857198,12.9498516,0 80.1858343,12.9498749,0 80.1858344,12.9499889,0 80.1859489,12.9499894,0 80.1859947,12.9500352,0 80.1859718,12.9500351,0 80.1857887,12.9502397,0 80.1858345,12.9502627,0 80.1858117,12.9503538,0 80.1857201,12.9503535,0 80.1856285,12.9503987,0 80.1856515,12.9505129,0 80.1856973,12.9505587,0 80.1856974,12.9506271,0 80.1857891,12.9508328,0 80.1857891,12.9509241,0 80.1858579,12.9510612,0 80.1858809,12.9512438,0 80.1860185,12.9515866,0 80.1860415,12.9517692,0 80.1861332,12.9519749,0 80.1861332,12.9520661,0 80.1862020,12.9522033,0 80.1862250,12.9523859,0 80.1863396,12.9526601,0 80.1863397,12.9527513,0 80.1863855,12.9528428,0 80.1863857,12.9530253,0 80.1864315,12.9531167,0 80.1864316,12.9532992,0 80.1864545,12.9532993,0 80.1864546,12.9534362,0 80.1865004,12.9535276,0 80.1865005,12.9537329,0 80.1865464,12.9538244,0 80.1865465,12.9540069,0 80.1865923,12.9540983,0 80.1865925,12.9542808,0 80.1866153,12.9542809,0 80.1866154,12.9543950,0 80.1866383,12.9543951,0 80.1866384,12.9545547,0 80.1866613,12.9545548,0 80.1866614,12.9546689,0 80.1866843,12.9546690,0 80.1866843,12.9548059,0 80.1867072,12.9548060,0 80.1867074,12.9550341,0 80.1867303,12.9550342,0 80.1867305,12.9554220,0 80.1867076,12.9554219,0 80.1866162,12.9557409,0 80.1865933,12.9557636,0 80.1864330,12.9557630,0 80.1864331,12.9557858,0 80.1862041,12.9557848,0 80.1862041,12.9558076,0 80.1859523,12.9558066,0 80.1859523,12.9558294,0 80.1856775,12.9558283,0 80.1856775,12.9558511,0 80.1854257,12.9558500,0 80.1854257,12.9558729,0 80.1852196,12.9558720,0 80.1852196,12.9558948,0 80.1849220,12.9558936,0 80.1849220,12.9559164,0 80.1846701,12.9559154,0 80.1846702,12.9559382,0 80.1845557,12.9559377,0 80.1845557,12.9559605,0 80.1840749,12.9559585,0 80.1840749,12.9559813,0 80.1838230,12.9559803,0 80.1838230,12.9559575,0 80.1835940,12.9559565,0 80.1835940,12.9559337,0 80.1834109,12.9559330,0 80.1834109,12.9559102,0 80.1832964,12.9559097,0 80.1832964,12.9558869,0 80.1831132,12.9558861,0 80.1831132,12.9558633,0 80.1829300,12.9558625,0 80.1829300,12.9558397,0 80.1822202,12.9558368,0 80.1822202,12.9558596,0 80.1821057,12.9558591,0 80.1821058,12.9558820,0 80.1819913,12.9558815,0 80.1819913,12.9559043,0 80.1818539,12.9559265,0 80.1818311,12.9560177,0 80.1817624,12.9560630,0 80.1817624,12.9561087,0 80.1816938,12.9561540,0 80.1815565,12.9563587,0 80.1815107,12.9563586,0 80.1814192,12.9564266,0 80.1813505,12.9564263,0 80.1812818,12.9564717,0 80.1810987,12.9564937,0 80.1810529,12.9565392,0 80.1808011,12.9566294,0 80.1807782,12.9566749,0 80.1807096,12.9566974,0 80.1806867,12.9567658,0 80.1806868,12.9569027,0 80.1806639,12.9569026,0 80.1806642,12.9574501,0 80.1806871,12.9574502,0 80.1806874,12.9579292,0 80.1806645,12.9579291,0 80.1806646,12.9580432,0 80.1806417,12.9580431,0 80.1806417,12.9581571,0 80.1805732,12.9583394,0 80.1805732,12.9584534,0 80.1805275,12.9585445,0 80.1805276,12.9586585,0 80.1804818,12.9587496,0 80.1804819,12.9588637,0 80.1804361,12.9589547,0 80.1804362,12.9590688,0 80.1804133,12.9590687,0 80.1804134,12.9591828,0 80.1803448,12.9593650,0 80.1803449,12.9594790,0 80.1802763,12.9596613,0 80.1802763,12.9597753,0 80.1802306,12.9598664,0 80.1802307,12.9599804,0 80.1801849,12.9600715,0 80.1801850,12.9601856,0 80.1801393,12.9602766,0 80.1801393,12.9603907,0 80.1801164,12.9603906,0 80.1801167,12.9608240,0 80.1801396,12.9608241,0 80.1801397,12.9609610,0 80.1800024,12.9611201,0 80.1799566,12.9611199,0 80.1799108,12.9611882,0 80.1798650,12.9611880,0 80.1798193,12.9612562,0 80.1797506,12.9613016,0 80.1796362,12.9613011,0 80.1796133,12.9613466,0 80.1794988,12.9613462,0 80.1794072,12.9613914,0 80.1792699,12.9613908,0 80.1792699,12.9614137,0 80.1791325,12.9614131,0 80.1791325,12.9614359,0 80.1789722,12.9614352,0 80.1789723,12.9614581,0 80.1788120,12.9614574,0 80.1788120,12.9614802,0 80.1786517,12.9614795,0 80.1786517,12.9615024,0 80.1785373,12.9615019,0 80.1785373,12.9615247,0 80.1783999,12.9615241,0 80.1783999,12.9615469,0 80.1782625,12.9615464,0 80.1782625,12.9615692,0 80.1780794,12.9615684,0 80.1780794,12.9615912,0 80.1779191,12.9615906,0 80.1779191,12.9616134,0 80.1777818,12.9616128,0 80.1777818,12.9616356,0 80.1776215,12.9616350,0 80.1776215,12.9616578,0 80.1774841,12.9616572,0 80.1774841,12.9616800,0 80.1769575,12.9616779,0 80.1769575,12.9616550,0 80.1768430,12.9616546,0 80.1768201,12.9615860,0 80.1767055,12.9614031,0 80.1766826,12.9613345,0 80.1766825,12.9612205,0 80.1766596,12.9612204,0 80.1766595,12.9610835,0 80.1766366,12.9610834,0 80.1766365,12.9609009,0 80.1766136,12.9609008,0 80.1766135,12.9607411,0 80.1765906,12.9607410,0 80.1765906,12.9605813,0 80.1765677,12.9605812,0 80.1765676,12.9604216,0 80.1765447,12.9604215,0 80.1765446,12.9602846,0 80.1765217,12.9602845,0 80.1765216,12.9601476,0 80.1764987,12.9600563,0 80.1764299,12.9599419,0 80.1764299,12.9598735,0 80.1763611,12.9597820,0 80.1763153,12.9597818,0 80.1762466,12.9596902,0 80.1761550,12.9596899,0 80.1761321,12.9596441,0 80.1759947,12.9596436,0 80.1759947,12.9596208,0 80.1756741,12.9596194,0 80.1756742,12.9596423,0 80.1754452,12.9596413,0 80.1754452,12.9596641,0 80.1750789,12.9596626,0 80.1750789,12.9596854,0 80.1746897,12.9596838,0 80.1746897,12.9597066,0 80.1743233,12.9597051,0 80.1743233,12.9597279,0 80.1739570,12.9597264,0 80.1739570,12.9597492,0 80.1735907,12.9597477,0 80.1735907,12.9597705,0 80.1732244,12.9597690,0 80.1732244,12.9597918,0 80.1724917,12.9597888,0 80.1724230,12.9597429,0 80.1723085,12.9597424,0 80.1722627,12.9596966,0 80.1721940,12.9596963,0 80.1721482,12.9596505,0 80.1720795,12.9596502,0</coordinates></LinearRing></outerBoundaryIs></Polygon></MultiGeometry></Placemark>
<Placemark><name>21</name><ExtendedData><SchemaData schemaUrl="#tambaram_wards"><SimpleData name="id_2">TMB_21</SimpleData><SimpleData name="name">21</SimpleData><SimpleData name="zone">2</SimpleData></SchemaData></ExtendedData><MultiGeometry><Polygon><outerBoundaryIs><LinearRing><coordinates>80.1587535,12.9588196,0 80.1588679,12.9586832,0 80.1589137,12.9586833,0 80.1589823,12.9585924,0 80.1590968,12.9585472,0 80.1591883,12.9584335,0 80.1592799,12.9584111,0 80.1593256,12.9583429,0 80.1593714,12.9583431,0 80.1593942,12.9582519,0 80.1593940,12.9577500,0 80.1593481,12.9576586,0 80.1593480,12.9575217,0 80.1593251,12.9575216,0 80.1593250,12.9573847,0 80.1593022,12.9573846,0 80.1593021,12.9572478,0 80.1592792,12.9572477,0 80.1592791,12.9571108,0 80.1592562,12.9571107,0 80.1592561,12.9569966,0 80.1592332,12.9569965,0 80.1592332,12.9568597,0 80.1592103,12.9568596,0 80.1592102,12.9567227,0 80.1591873,12.9567226,0 80.1591872,12.9565857,0 80.1591643,12.9565856,0 80.1591642,12.9564488,0 80.1591413,12.9564487,0 80.1591413,12.9563346,0 80.1591184,12.9563345,0 80.1591183,12.9561976,0 80.1590954,12.9561975,0 80.1590953,12.9560607,0 80.1590724,12.9560606,0 80.1590723,12.9559237,0 80.1590494,12.9559236,0 80.1590494,12.9557867,0 80.1590265,12.9557866,0 80.1590264,12.9556498,0 80.1590035,12.9556497,0 80.1590034,12.9555356,0 80.1589805,12.9555355,0 80.1589804,12.9553986,0 80.1589575,12.9553985,0 80.1589574,12.9552160,0 80.1589116,12.9551246,0 80.1589115,12.9549877,0 80.1588657,12.9548963,0 80.1588656,12.9547366,0 80.1588427,12.9547365,0 80.1588426,12.9546224,0 80.1587967,12.9544626,0 80.1589799,12.9544177,0 80.1589799,12.9543949,0 80.1591401,12.9543956,0 80.1592088,12.9543502,0 80.1593004,12.9543278,0 80.1594377,12.9543283,0 80.1594377,12.9543055,0 80.1595751,12.9543061,0 80.1597582,12.9542384,0 80.1598956,12.9542390,0 80.1598956,12.9542162,0 80.1600101,12.9542166,0 80.1600101,12.9541938,0 80.1601245,12.9541943,0 80.1602161,12.9541491,0 80.1603306,12.9541495,0 80.1604221,12.9541043,0 80.1605366,12.9541048,0 80.1605366,12.9540819,0 80.1606511,12.9540824,0 80.1606511,12.9540596,0 80.1607656,12.9540601,0 80.1608571,12.9540148,0 80.1609716,12.9540153,0 80.1609716,12.9539925,0 80.1610861,12.9539930,0 80.1611776,12.9539477,0 80.1612921,12.9539482,0 80.1612921,12.9539254,0 80.1614066,12.9539259,0 80.1614981,12.9538806,0 80.1616126,12.9538811,0 80.1616126,12.9538583,0 80.1617271,12.9538587,0 80.1618186,12.9538135,0 80.1619331,12.9538140,0 80.1620247,12.9537687,0 80.1621392,12.9537692,0 80.1621391,12.9537464,0 80.1622536,12.9537468,0 80.1623452,12.9537016,0 80.1624597,12.9537021,0 80.1624596,12.9536793,0 80.1625741,12.9536797,0 80.1626657,12.9536345,0 80.1627802,12.9536350,0 80.1627801,12.9536122,0 80.1628946,12.9536126,0 80.1629862,12.9535674,0 80.1631007,12.9535678,0 80.1631007,12.9535450,0 80.1632151,12.9535455,0 80.1633067,12.9535003,0 80.1634212,12.9535007,0 80.1634212,12.9534779,0 80.1635356,12.9534784,0 80.1636272,12.9534331,0 80.1637417,12.9534336,0 80.1637417,12.9534108,0 80.1638561,12.9534113,0 80.1639477,12.9533660,0 80.1640622,12.9533665,0 80.1641537,12.9533213,0 80.1642682,12.9533217,0 80.1642682,12.9532989,0 80.1643827,12.9532994,0 80.1644742,12.9532541,0 80.1645887,12.9532546,0 80.1645887,12.9532318,0 80.1647032,12.9532323,0 80.1647948,12.9531870,0 80.1649092,12.9531875,0 80.1649092,12.9531647,0 80.1650237,12.9531652,0 80.1651153,12.9531199,0 80.1652297,12.9531204,0 80.1652297,12.9530976,0 80.1653442,12.9530981,0 80.1654358,12.9530528,0 80.1655502,12.9530533,0 80.1655502,12.9530305,0 80.1656647,12.9530309,0 80.1657563,12.9529857,0 80.1658708,12.9529862,0 80.1658707,12.9529634,0 80.1659852,12.9529638,0 80.1660768,12.9529186,0 80.1661913,12.9529191,0 80.1661912,12.9528962,0 80.1663057,12.9528967,0 80.1664430,12.9528060,0 80.1664430,12.9526692,0 80.1664659,12.9526693,0 80.1664658,12.9525552,0 80.1664429,12.9525551,0 80.1664427,12.9522357,0 80.1664198,12.9522356,0 80.1664196,12.9519163,0 80.1663967,12.9519162,0 80.1663965,12.9515968,0 80.1663737,12.9515967,0 80.1663735,12.9512773,0 80.1663506,12.9512772,0 80.1663504,12.9509578,0 80.1663275,12.9509577,0 80.1663273,12.9507068,0 80.1663044,12.9506155,0 80.1662357,12.9505696,0 80.1662356,12.9505239,0 80.1661669,12.9504780,0 80.1661669,12.9504324,0 80.1660753,12.9503636,0 80.1660753,12.9503180,0 80.1659836,12.9502491,0 80.1659836,12.9502035,0 80.1658920,12.9501347,0 80.1658920,12.9500891,0 80.1658232,12.9500432,0 80.1658232,12.9499975,0 80.1657316,12.9499287,0 80.1657315,12.9497234,0 80.1658000,12.9495412,0 80.1658000,12.9494271,0 80.1658686,12.9492449,0 80.1658685,12.9491309,0 80.1659371,12.9489486,0 80.1659370,12.9488346,0 80.1660284,12.9485612,0 80.1660284,12.9484471,0 80.1660970,12.9482649,0 80.1660969,12.9481509,0 80.1661655,12.9479687,0 80.1661654,12.9478546,0 80.1662340,12.9476724,0 80.1662339,12.9475583,0 80.1663253,12.9472849,0 80.1663253,12.9471709,0 80.1663481,12.9471254,0 80.1664626,12.9470574,0 80.1665542,12.9470350,0 80.1666228,12.9469896,0 80.1667144,12.9469900,0 80.1668517,12.9469221,0 80.1669433,12.9469225,0 80.1670120,12.9468772,0 80.1671036,12.9468775,0 80.1672409,12.9468097,0 80.1673325,12.9468100,0 80.1674698,12.9467422,0 80.1675614,12.9467426,0 80.1676301,12.9466972,0 80.1677217,12.9466976,0 80.1678590,12.9466297,0 80.1679506,12.9466301,0 80.1680192,12.9465848,0 80.1681108,12.9465851,0 80.1682482,12.9465173,0 80.1683397,12.9465176,0 80.1684771,12.9464498,0 80.1685687,12.9464501,0 80.1686373,12.9464048,0 80.1687289,12.9464052,0 80.1688662,12.9463373,0 80.1689578,12.9463377,0 80.1691409,12.9462244,0 80.1691867,12.9462246,0 80.1692782,12.9461109,0 80.1693240,12.9460883,0 80.1694843,12.9460889,0 80.1694843,12.9460661,0 80.1698277,12.9460675,0 80.1698277,12.9460447,0 80.1704001,12.9460471,0 80.1704917,12.9461159,0 80.1705377,12.9463214,0 80.1708811,12.9463228,0 80.1708811,12.9463456,0 80.1712017,12.9463470,0 80.1712017,12.9463698,0 80.1715451,12.9463712,0 80.1715451,12.9463940,0 80.1718657,12.9463953,0 80.1718657,12.9464181,0 80.1721862,12.9464195,0 80.1721862,12.9464423,0 80.1725297,12.9464437,0 80.1725297,12.9464665,0 80.1728502,12.9464678,0 80.1728503,12.9464906,0 80.1729876,12.9464912,0 80.1730563,12.9465371,0 80.1731022,12.9466057,0 80.1731022,12.9467198,0 80.1731251,12.9466971,0 80.1732396,12.9466976,0 80.1732396,12.9467204,0 80.1735373,12.9467216,0 80.1735373,12.9467444,0 80.1738349,12.9467456,0 80.1738349,12.9467685,0 80.1741555,12.9467698,0 80.1741555,12.9467926,0 80.1744532,12.9467938,0 80.1744990,12.9468168,0 80.1745218,12.9467713,0 80.1745905,12.9467716,0 80.1746364,12.9468402,0 80.1746821,12.9467720,0 80.1747966,12.9467724,0 80.1748195,12.9468182,0 80.1749111,12.9467729,0 80.1749111,12.9468413,0 80.1749798,12.9468416,0 80.1750027,12.9467961,0 80.1751400,12.9467967,0 80.1751171,12.9467281,0 80.1752087,12.9467513,0 80.1752087,12.9468198,0 80.1753003,12.9467745,0 80.1753919,12.9467977,0 80.1757582,12.9467992,0 80.1759644,12.9468913,0 80.1760330,12.9468916,0 80.1760560,12.9469373,0 80.1761017,12.9469147,0 80.1761247,12.9469604,0 80.1762391,12.9469609,0 80.1762850,12.9470067,0 80.1763995,12.9470300,0 80.1763766,12.9471440,0 80.1763309,12.9471894,0 80.1762623,12.9473944,0 80.1762165,12.9474170,0 80.1762166,12.9475311,0 80.1762395,12.9475312,0 80.1762397,12.9479874,0 80.1762626,12.9479875,0 80.1762627,12.9481472,0 80.1762857,12.9482386,0 80.1763544,12.9483529,0 80.1764004,12.9485584,0 80.1764462,12.9486042,0 80.1764462,12.9486727,0 80.1766755,12.9492896,0 80.1766756,12.9493808,0 80.1767214,12.9494494,0 80.1767215,12.9495407,0 80.1767673,12.9496093,0 80.1767674,12.9497462,0 80.1767903,12.9497463,0 80.1767904,12.9499288,0 80.1767675,12.9499287,0 80.1767676,12.9501340,0 80.1767447,12.9501339,0 80.1767448,12.9502480,0 80.1767219,12.9502479,0 80.1767220,12.9503619,0 80.1766762,12.9504530,0 80.1766763,12.9505671,0 80.1766534,12.9505670,0 80.1766535,12.9507266,0 80.1766306,12.9507266,0 80.1766307,12.9509319,0 80.1766536,12.9509320,0 80.1766543,12.9520954,0 80.1766772,12.9520955,0 80.1766776,12.9528939,0 80.1767005,12.9528940,0 80.1767010,12.9536925,0 80.1767239,12.9536925,0 80.1767242,12.9541260,0 80.1767471,12.9541261,0 80.1767471,12.9542858,0 80.1767700,12.9542859,0 80.1767701,12.9543999,0 80.1768160,12.9544914,0 80.1768161,12.9547195,0 80.1768390,12.9547196,0 80.1768391,12.9549249,0 80.1768620,12.9549250,0 80.1768621,12.9551531,0 80.1768850,12.9551532,0 80.1768851,12.9553585,0 80.1769080,12.9553586,0 80.1769082,12.9555867,0 80.1769311,12.9555868,0 80.1769312,12.9557921,0 80.1769541,12.9557922,0 80.1769542,12.9560204,0 80.1769771,12.9560205,0 80.1769772,12.9562258,0 80.1770001,12.9562259,0 80.1770003,12.9564312,0 80.1770232,12.9564313,0 80.1770233,12.9566594,0 80.1770462,12.9566595,0 80.1770463,12.9568648,0 80.1770692,12.9568649,0 80.1770693,12.9570930,0 80.1770922,12.9570931,0 80.1770923,12.9572984,0 80.1771152,12.9572985,0 80.1771155,12.9577320,0 80.1770926,12.9577319,0 80.1770927,12.9578459,0 80.1770698,12.9578458,0 80.1768181,12.9581185,0 80.1767723,12.9581184,0 80.1766808,12.9582092,0 80.1765892,12.9582317,0 80.1764290,12.9583451,0 80.1763374,12.9583447,0 80.1762229,12.9584126,0 80.1761314,12.9584351,0 80.1759711,12.9584344,0 80.1759711,12.9584572,0 80.1758108,12.9584566,0 80.1758109,12.9584794,0 80.1756277,12.9584786,0 80.1756277,12.9585014,0 80.1753987,12.9585005,0 80.1753988,12.9585233,0 80.1751927,12.9585225,0 80.1751927,12.9585453,0 80.1749866,12.9585444,0 80.1749867,12.9585672,0 80.1747806,12.9585664,0 80.1747806,12.9585892,0 80.1738877,12.9585855,0 80.1738876,12.9585627,0 80.1737503,12.9585621,0 80.1737502,12.9585393,0 80.1735899,12.9584930,0 80.1735671,12.9585386,0 80.1734069,12.9586291,0 80.1733382,12.9586289,0 80.1732924,12.9586743,0 80.1732237,12.9586740,0 80.1731780,12.9587194,0 80.1730864,12.9587419,0 80.1729261,12.9587412,0 80.1729261,12.9587640,0 80.1727887,12.9587635,0 80.1727888,12.9587863,0 80.1726285,12.9587856,0 80.1726285,12.9588084,0 80.1725140,12.9588080,0 80.1723767,12.9588758,0 80.1719874,12.9588742,0 80.1720104,12.9588971,0 80.1720105,12.9591024,0 80.1720334,12.9591025,0 80.1720334,12.9592166,0 80.1720563,12.9592167,0 80.1720564,12.9593764,0 80.1720793,12.9593765,0 80.1720795,12.9596502,0 80.1719879,12.9596955,0 80.1719192,12.9596952,0 80.1718735,12.9597406,0 80.1718048,12.9597403,0 80.1717590,12.9597858,0 80.1716445,12.9597853,0 80.1716446,12.9598081,0 80.1711179,12.9598059,0 80.1711180,12.9598287,0 80.1709348,12.9598280,0 80.1709348,12.9598508,0 80.1707516,12.9598500,0 80.1706601,12.9598725,0 80.1705914,12.9599178,0 80.1705456,12.9599861,0 80.1704999,12.9599859,0 80.1704312,12.9600768,0 80.1703854,12.9600767,0 80.1702939,12.9601903,0 80.1702481,12.9601902,0 80.1702024,12.9602584,0 80.1701566,12.9602582,0 80.1700879,12.9603492,0 80.1699964,12.9603944,0 80.1699277,12.9603941,0 80.1698819,12.9604396,0 80.1697903,12.9604392,0 80.1691494,12.9606190,0 80.1682106,12.9606152,0 80.1682106,12.9606380,0 80.1677298,12.9606360,0 80.1676382,12.9606128,0 80.1672260,12.9604514,0 80.1670657,12.9604508,0 80.1670657,12.9604279,0 80.1666536,12.9604262,0 80.1666536,12.9604034,0 80.1660583,12.9604010,0 80.1659896,12.9604463,0 80.1658751,12.9604458,0 80.1658293,12.9604913,0 80.1657607,12.9604910,0 80.1657149,12.9606049,0 80.1656692,12.9606275,0 80.1656692,12.9606959,0 80.1656234,12.9607185,0 80.1655320,12.9609463,0 80.1654633,12.9609460,0 80.1654175,12.9609914,0 80.1652573,12.9610364,0 80.1650970,12.9610357,0 80.1650970,12.9610586,0 80.1646391,12.9610567,0 80.1646391,12.9610795,0 80.1639522,12.9610766,0 80.1639522,12.9610995,0 80.1632196,12.9610964,0 80.1632195,12.9610736,0 80.1630822,12.9610731,0 80.1629447,12.9609812,0 80.1628760,12.9609810,0 80.1627844,12.9608893,0 80.1626928,12.9608661,0 80.1626699,12.9608204,0 80.1625554,12.9607971,0 80.1624180,12.9607053,0 80.1623493,12.9606822,0 80.1621203,12.9606813,0 80.1621203,12.9607041,0 80.1619600,12.9607034,0 80.1619601,12.9607262,0 80.1617769,12.9607483,0 80.1617082,12.9607936,0 80.1616166,12.9607933,0 80.1615480,12.9608386,0 80.1614564,12.9608382,0 80.1613877,12.9608836,0 80.1612962,12.9608832,0 80.1612275,12.9609285,0 80.1611359,12.9609281,0 80.1610672,12.9609735,0 80.1609757,12.9609731,0 80.1609070,12.9610184,0 80.1607925,12.9610180,0 80.1607010,12.9610404,0 80.1606552,12.9610858,0 80.1604720,12.9611079,0 80.1603347,12.9611758,0 80.1602431,12.9611982,0 80.1601057,12.9611976,0 80.1601058,12.9612204,0 80.1599455,12.9612198,0 80.1599455,12.9612426,0 80.1597852,12.9612419,0 80.1597852,12.9612647,0 80.1596708,12.9612643,0 80.1596249,12.9611956,0 80.1595332,12.9609671,0 80.1594874,12.9609441,0 80.1594874,12.9608757,0 80.1594415,12.9608299,0 80.1593956,12.9606244,0 80.1593498,12.9605786,0 80.1593039,12.9603731,0 80.1592581,12.9603273,0 80.1592122,12.9601218,0 80.1591664,12.9600759,0 80.1591434,12.9599390,0 80.1590976,12.9598932,0 80.1590516,12.9596877,0 80.1590058,12.9596418,0 80.1589599,12.9594363,0 80.1589141,12.9593905,0 80.1589141,12.9593221,0 80.1588453,12.9591849,0 80.1587535,12.9588196,0</coordinates></LinearRing></outerBoundaryIs></Polygon></MultiGeometry></Placemark>
<Placemark><name>22</name><ExtendedData><SchemaData schemaUrl="#tambaram_wards"><SimpleData name="id_2">TMB_22</SimpleData><SimpleData name="name">22</SimpleData><SimpleData name="zone">3</SimpleData></SchemaData></ExtendedData><MultiGeometry><Polygon><outerBoundaryIs><LinearRing><coordinates>80.1575362,12.9522674,0 80.1576048,12.9522220,0 80.1576963,12.9521083,0 80.1579023,12.9519723,0 80.1579939,12.9519499,0 80.1580168,12.9519044,0 80.1581083,12.9518819,0 80.1581312,12.9518364,0 80.1584288,12.9517236,0 80.1584746,12.9516781,0 80.1586806,12.9516334,0 80.1586806,12.9516562,0 80.1587951,12.9516566,0 80.1589554,12.9517029,0 80.1590012,12.9517487,0 80.1592760,12.9518183,0 80.1593218,12.9518641,0 80.1594363,12.9518646,0 80.1594363,12.9518874,0 80.1596653,12.9518884,0 80.1596653,12.9518655,0 80.1598026,12.9518661,0 80.1598942,12.9518209,0 80.1599858,12.9518212,0 80.1603291,12.9516858,0 80.1604207,12.9516862,0 80.1606954,12.9515732,0 80.1608099,12.9515509,0 80.1609014,12.9514600,0 80.1609930,12.9514376,0 80.1610845,12.9513467,0 80.1611303,12.9513469,0 80.1611301,12.9510503,0 80.1611530,12.9510504,0 80.1611529,12.9508451,0 80.1611300,12.9508450,0 80.1611299,12.9507082,0 80.1611070,12.9507081,0 80.1611070,12.9505940,0 80.1610841,12.9505939,0 80.1610840,12.9504798,0 80.1610611,12.9504798,0 80.1610610,12.9503429,0 80.1610381,12.9503428,0 80.1610381,12.9502287,0 80.1610152,12.9502286,0 80.1610151,12.9501146,0 80.1609922,12.9501145,0 80.1609921,12.9499776,0 80.1609692,12.9499775,0 80.1609692,12.9498634,0 80.1609463,12.9498633,0 80.1609462,12.9497493,0 80.1609233,12.9497492,0 80.1609232,12.9496123,0 80.1609003,12.9496122,0 80.1609003,12.9494982,0 80.1608774,12.9494981,0 80.1608773,12.9493612,0 80.1608544,12.9493611,0 80.1608543,12.9492470,0 80.1608314,12.9492469,0 80.1608314,12.9491329,0 80.1608085,12.9491328,0 80.1608084,12.9489731,0 80.1607855,12.9489730,0 80.1607854,12.9488361,0 80.1607625,12.9488360,0 80.1607624,12.9486763,0 80.1607395,12.9486762,0 80.1607394,12.9485394,0 80.1607165,12.9485393,0 80.1607165,12.9484024,0 80.1606936,12.9484023,0 80.1606935,12.9482654,0 80.1606706,12.9482653,0 80.1606705,12.9481285,0 80.1606476,12.9481284,0 80.1606475,12.9479687,0 80.1606246,12.9479686,0 80.1606245,12.9478317,0 80.1606016,12.9478316,0 80.1606015,12.9476719,0 80.1605787,12.9476718,0 80.1605786,12.9475350,0 80.1605557,12.9475349,0 80.1605552,12.9467821,0 80.1605781,12.9467821,0 80.1605779,12.9464400,0 80.1605550,12.9464399,0 80.1605550,12.9463258,0 80.1604862,12.9462115,0 80.1604861,12.9460290,0 80.1603945,12.9459145,0 80.1602799,12.9458684,0 80.1602341,12.9457998,0 80.1601654,12.9457995,0 80.1601653,12.9456626,0 80.1601425,12.9456625,0 80.1601424,12.9455485,0 80.1601195,12.9455484,0 80.1601194,12.9454115,0 80.1600965,12.9454114,0 80.1600963,12.9450692,0 80.1600734,12.9449779,0 80.1599129,12.9447263,0 80.1599129,12.9446807,0 80.1597984,12.9446117,0 80.1597984,12.9445889,0 80.1596839,12.9445885,0 80.1596839,12.9445657,0 80.1592947,12.9445640,0 80.1592947,12.9445869,0 80.1588596,12.9445851,0 80.1588596,12.9445622,0 80.1587451,12.9445618,0 80.1586993,12.9445388,0 80.1585160,12.9442186,0 80.1584930,12.9440360,0 80.1584701,12.9440360,0 80.1584700,12.9439219,0 80.1584471,12.9439218,0 80.1584471,12.9438077,0 80.1584242,12.9438076,0 80.1584241,12.9436708,0 80.1584012,12.9436707,0 80.1584011,12.9435566,0 80.1583782,12.9435565,0 80.1583782,12.9434425,0 80.1583553,12.9434424,0 80.1583552,12.9433283,0 80.1583323,12.9433282,0 80.1583322,12.9432141,0 80.1583093,12.9432140,0 80.1583093,12.9431000,0 80.1582864,12.9430999,0 80.1582863,12.9429858,0 80.1582634,12.9429857,0 80.1582633,12.9428717,0 80.1582404,12.9428716,0 80.1582404,12.9427575,0 80.1581716,12.9426204,0 80.1581716,12.9425519,0 80.1581258,12.9425061,0 80.1581257,12.9424377,0 80.1580570,12.9423461,0 80.1580569,12.9423005,0 80.1579882,12.9422546,0 80.1579653,12.9421633,0 80.1578966,12.9421173,0 80.1578965,12.9420717,0 80.1578049,12.9420029,0 80.1578049,12.9419573,0 80.1576904,12.9418656,0 80.1576903,12.9418199,0 80.1575758,12.9417282,0 80.1575758,12.9416826,0 80.1574383,12.9415680,0 80.1574383,12.9415223,0 80.1573238,12.9414306,0 80.1573237,12.9413850,0 80.1572092,12.9412933,0 80.1572092,12.9412476,0 80.1570717,12.9411330,0 80.1570717,12.9410874,0 80.1569572,12.9409957,0 80.1569571,12.9409500,0 80.1567281,12.9407438,0 80.1566822,12.9406751,0 80.1566135,12.9406292,0 80.1565219,12.9406060,0 80.1563845,12.9404914,0 80.1562700,12.9404909,0 80.1562700,12.9404681,0 80.1561555,12.9404677,0 80.1561097,12.9403762,0 80.1560409,12.9403303,0 80.1560409,12.9402847,0 80.1559722,12.9402388,0 80.1559722,12.9401932,0 80.1557660,12.9400098,0 80.1556973,12.9399639,0 80.1553767,12.9398257,0 80.1553537,12.9397800,0 80.1550331,12.9396418,0 80.1550102,12.9395961,0 80.1547354,12.9394809,0 80.1546895,12.9394122,0 80.1546437,12.9394120,0 80.1545979,12.9393434,0 80.1544834,12.9392973,0 80.1544376,12.9392515,0 80.1544375,12.9391831,0 80.1543917,12.9391373,0 80.1543917,12.9390688,0 80.1543459,12.9390230,0 80.1543458,12.9389089,0 80.1542770,12.9387262,0 80.1542769,12.9386121,0 80.1542311,12.9385663,0 80.1541623,12.9382694,0 80.1541394,12.9382693,0 80.1541392,12.9380868,0 80.1542079,12.9380187,0 80.1542079,12.9379503,0 80.1542765,12.9379049,0 80.1542994,12.9378138,0 80.1544596,12.9377004,0 80.1545740,12.9375411,0 80.1545739,12.9374499,0 80.1546197,12.9373816,0 80.1546196,12.9373132,0 80.1546654,12.9372678,0 80.1546882,12.9371310,0 80.1547340,12.9370856,0 80.1547339,12.9370171,0 80.1548483,12.9368579,0 80.1550084,12.9364936,0 80.1550541,12.9364709,0 80.1550770,12.9363798,0 80.1552373,12.9364717,0 80.1552602,12.9365174,0 80.1553518,12.9365406,0 80.1553977,12.9366092,0 80.1555122,12.9366553,0 80.1555809,12.9367241,0 80.1556496,12.9367243,0 80.1556954,12.9367702,0 80.1557641,12.9367704,0 80.1558099,12.9368162,0 80.1559015,12.9368166,0 80.1560160,12.9368855,0 80.1563366,12.9368869,0 80.1563366,12.9368640,0 80.1566113,12.9368652,0 80.1566113,12.9368424,0 80.1567945,12.9368431,0 80.1567945,12.9368203,0 80.1569547,12.9368210,0 80.1569547,12.9367982,0 80.1570921,12.9367987,0 80.1570921,12.9367759,0 80.1572523,12.9367766,0 80.1572523,12.9367538,0 80.1574126,12.9367544,0 80.1574126,12.9367316,0 80.1575729,12.9367323,0 80.1575729,12.9367095,0 80.1577331,12.9367101,0 80.1577331,12.9366873,0 80.1578934,12.9366880,0 80.1579849,12.9366427,0 80.1581223,12.9366433,0 80.1581223,12.9366205,0 80.1582597,12.9366211,0 80.1584428,12.9365534,0 80.1588549,12.9365551,0 80.1589237,12.9366694,0 80.1589924,12.9367153,0 80.1589924,12.9367610,0 80.1590612,12.9368297,0 80.1590612,12.9368981,0 80.1591300,12.9369896,0 80.1591529,12.9371038,0 80.1591987,12.9371268,0 80.1591988,12.9371952,0 80.1592904,12.9372869,0 80.1593820,12.9373101,0 80.1597025,12.9373114,0 80.1597025,12.9372886,0 80.1598857,12.9372893,0 80.1598857,12.9372665,0 80.1600002,12.9372670,0 80.1600002,12.9372442,0 80.1601146,12.9372446,0 80.1601146,12.9372218,0 80.1602291,12.9372223,0 80.1602291,12.9371995,0 80.1603436,12.9372000,0 80.1604351,12.9371547,0 80.1605496,12.9371552,0 80.1610074,12.9370202,0 80.1610990,12.9370206,0 80.1611677,12.9369752,0 80.1612364,12.9369755,0 80.1612821,12.9369301,0 80.1614195,12.9369079,0 80.1615110,12.9368170,0 80.1616026,12.9367945,0 80.1616255,12.9367490,0 80.1617171,12.9367266,0 80.1617399,12.9366811,0 80.1619459,12.9366135,0 80.1619917,12.9365680,0 80.1620833,12.9365456,0 80.1622893,12.9365464,0 80.1623810,12.9365924,0 80.1624725,12.9365928,0 80.1625642,12.9366388,0 80.1626100,12.9367075,0 80.1626559,12.9368445,0 80.1627017,12.9368675,0 80.1628164,12.9372786,0 80.1628622,12.9373472,0 80.1628852,12.9375298,0 80.1629311,12.9375985,0 80.1629541,12.9377811,0 80.1629999,12.9378497,0 80.1629999,12.9379409,0 80.1630458,12.9380096,0 80.1630688,12.9381922,0 80.1631375,12.9383065,0 80.1631376,12.9383749,0 80.1631834,12.9384208,0 80.1631834,12.9385120,0 80.1632293,12.9385806,0 80.1632293,12.9386491,0 80.1632294,12.9388316,0 80.1632523,12.9388317,0 80.1632524,12.9390370,0 80.1632753,12.9390371,0 80.1632755,12.9392424,0 80.1632984,12.9392425,0 80.1632985,12.9394934,0 80.1633214,12.9394935,0 80.1633215,12.9397216,0 80.1633444,12.9397217,0 80.1633446,12.9399499,0 80.1633675,12.9399499,0 80.1633676,12.9401553,0 80.1633905,12.9401554,0 80.1633906,12.9403607,0 80.1634135,12.9403608,0 80.1634136,12.9405661,0 80.1634365,12.9405662,0 80.1634366,12.9407943,0 80.1634595,12.9407944,0 80.1634597,12.9410225,0 80.1634826,12.9410226,0 80.1634827,12.9413192,0 80.1635056,12.9413193,0 80.1635058,12.9415930,0 80.1634829,12.9416385,0 80.1632998,12.9417518,0 80.1630709,12.9417965,0 80.1630022,12.9418419,0 80.1628648,12.9418413,0 80.1626132,12.9422509,0 80.1627048,12.9422285,0 80.1628193,12.9422289,0 80.1629108,12.9421837,0 80.1630711,12.9421843,0 80.1630711,12.9422072,0 80.1633001,12.9422081,0 80.1633001,12.9422309,0 80.1634375,12.9422315,0 80.1634375,12.9422543,0 80.1635978,12.9422550,0 80.1635978,12.9422778,0 80.1638267,12.9422787,0 80.1638268,12.9423015,0 80.1640328,12.9423024,0 80.1640328,12.9423252,0 80.1642160,12.9423259,0 80.1642160,12.9423488,0 80.1644679,12.9423498,0 80.1645366,12.9423957,0 80.1646053,12.9423960,0 80.1646282,12.9424417,0 80.1647427,12.9424422,0 80.1647885,12.9424880,0 80.1648572,12.9424883,0 80.1648801,12.9425340,0 80.1649717,12.9425344,0 80.1651091,12.9426034,0 80.1651778,12.9426037,0 80.1652007,12.9426494,0 80.1653152,12.9426499,0 80.1655213,12.9427420,0 80.1659334,12.9427437,0 80.1659334,12.9427208,0 80.1662082,12.9427220,0 80.1662082,12.9427448,0 80.1663914,12.9427455,0 80.1663914,12.9427684,0 80.1666432,12.9427694,0 80.1666433,12.9427922,0 80.1668951,12.9427933,0 80.1668951,12.9428161,0 80.1670554,12.9428167,0 80.1671241,12.9428398,0 80.1671470,12.9428855,0 80.1672386,12.9429087,0 80.1673990,12.9430463,0 80.1675364,12.9431153,0 80.1675364,12.9431609,0 80.1676051,12.9431612,0 80.1676280,12.9432297,0 80.1676738,12.9432299,0 80.1677426,12.9433214,0 80.1677656,12.9435040,0 80.1678572,12.9435957,0 80.1679259,12.9436188,0 80.1679259,12.9436644,0 80.1680633,12.9436878,0 80.1681092,12.9437336,0 80.1682465,12.9437570,0 80.1683611,12.9439399,0 80.1684071,12.9441682,0 80.1684758,12.9442142,0 80.1687276,12.9442152,0 80.1688651,12.9443298,0 80.1688651,12.9443983,0 80.1689109,12.9444441,0 80.1689110,12.9445125,0 80.1690026,12.9445129,0 80.1690027,12.9447410,0 80.1690485,12.9448096,0 80.1690943,12.9447642,0 80.1691401,12.9447872,0 80.1691630,12.9448557,0 80.1690715,12.9448782,0 80.1691403,12.9451294,0 80.1691861,12.9451524,0 80.1691862,12.9452436,0 80.1692320,12.9452666,0 80.1692320,12.9453579,0 80.1692778,12.9453809,0 80.1692779,12.9455862,0 80.1693008,12.9455863,0 80.1693009,12.9457460,0 80.1693238,12.9457461,0 80.1693240,12.9459742,0 80.1693469,12.9460656,0 80.1693240,12.9460883,0 80.1692782,12.9461109,0 80.1691867,12.9462246,0 80.1691409,12.9462244,0 80.1689578,12.9463377,0 80.1688662,12.9463373,0 80.1687289,12.9464052,0 80.1686373,12.9464048,0 80.1685687,12.9464501,0 80.1684771,12.9464498,0 80.1683397,12.9465176,0 80.1682482,12.9465173,0 80.1681108,12.9465851,0 80.1680192,12.9465848,0 80.1679506,12.9466301,0 80.1678590,12.9466297,0 80.1677217,12.9466976,0 80.1676301,12.9466972,0 80.1675614,12.9467426,0 80.1674698,12.9467422,0 80.1673325,12.9468100,0 80.1672409,12.9468097,0 80.1671036,12.9468775,0 80.1670120,12.9468772,0 80.1669433,12.9469225,0 80.1668517,12.9469221,0 80.1667144,12.9469900,0 80.1666228,12.9469896,0 80.1665542,12.9470350,0 80.1664626,12.9470574,0 80.1663481,12.9471254,0 80.1663253,12.9471709,0 80.1663253,12.9472849,0 80.1662339,12.9475583,0 80.1662340,12.9476724,0 80.1661654,12.9478546,0 80.1661655,12.9479687,0 80.1660969,12.9481509,0 80.1660970,12.9482649,0 80.1660284,12.9484471,0 80.1660284,12.9485612,0 80.1659370,12.9488346,0 80.1659371,12.9489486,0 80.1658685,12.9491309,0 80.1658686,12.9492449,0 80.1658000,12.9494271,0 80.1658000,12.9495412,0 80.1657315,12.9497234,0 80.1657316,12.9499287,0 80.1658232,12.9499975,0 80.1658232,12.9500432,0 80.1658920,12.9500891,0 80.1658920,12.9501347,0 80.1659836,12.9502035,0 80.1659836,12.9502491,0 80.1660753,12.9503180,0 80.1660753,12.9503636,0 80.1661669,12.9504324,0 80.1661669,12.9504780,0 80.1662356,12.9505239,0 80.1662357,12.9505696,0 80.1663044,12.9506155,0 80.1663273,12.9507068,0 80.1663275,12.9509577,0 80.1663504,12.9509578,0 80.1663506,12.9512772,0 80.1663735,12.9512773,0 80.1663737,12.9515967,0 80.1663965,12.9515968,0 80.1663967,12.9519162,0 80.1664196,12.9519163,0 80.1664198,12.9522356,0 80.1664427,12.9522357,0 80.1664429,12.9525551,0 80.1664658,12.9525552,0 80.1664659,12.9526693,0 80.1664430,12.9526692,0 80.1664430,12.9528060,0 80.1663057,12.9528967,0 80.1661912,12.9528962,0 80.1661913,12.9529191,0 80.1660768,12.9529186,0 80.1659852,12.9529638,0 80.1658707,12.9529634,0 80.1658708,12.9529862,0 80.1657563,12.9529857,0 80.1656647,12.9530309,0 80.1655502,12.9530305,0 80.1655502,12.9530533,0 80.1654358,12.9530528,0 80.1653442,12.9530981,0 80.1652297,12.9530976,0 80.1652297,12.9531204,0 80.1651153,12.9531199,0 80.1650237,12.9531652,0 80.1649092,12.9531647,0 80.1649092,12.9531875,0 80.1647948,12.9531870,0 80.1647032,12.9532323,0 80.1645887,12.9532318,0 80.1645887,12.9532546,0 80.1644742,12.9532541,0 80.1643827,12.9532994,0 80.1642682,12.9532989,0 80.1642682,12.9533217,0 80.1641537,12.9533213,0 80.1640622,12.9533665,0 80.1639477,12.9533660,0 80.1638561,12.9534113,0 80.1637417,12.9534108,0 80.1637417,12.9534336,0 80.1636272,12.9534331,0 80.1635356,12.9534784,0 80.1634212,12.9534779,0 80.1634212,12.9535007,0 80.1633067,12.9535003,0 80.1632151,12.9535455,0 80.1631007,12.9535450,0 80.1631007,12.9535678,0 80.1629862,12.9535674,0 80.1628946,12.9536126,0 80.1627801,12.9536122,0 80.1627802,12.9536350,0 80.1626657,12.9536345,0 80.1625741,12.9536797,0 80.1624596,12.9536793,0 80.1624597,12.9537021,0 80.1623452,12.9537016,0 80.1622536,12.9537468,0 80.1621391,12.9537464,0 80.1621392,12.9537692,0 80.1620247,12.9537687,0 80.1619331,12.9538140,0 80.1618186,12.9538135,0 80.1617271,12.9538587,0 80.1616126,12.9538583,0 80.1616126,12.9538811,0 80.1614981,12.9538806,0 80.1614066,12.9539259,0 80.1612921,12.9539254,0 80.1612921,12.9539482,0 80.1611776,12.9539477,0 80.1610861,12.9539930,0 80.1609716,12.9539925,0 80.1609716,12.9540153,0 80.1608571,12.9540148,0 80.1607656,12.9540601,0 80.1606511,12.9540596,0 80.1606511,12.9540824,0 80.1605366,12.9540819,0 80.1605366,12.9541048,0 80.1604221,12.9541043,0 80.1603306,12.9541495,0 80.1602161,12.9541491,0 80.1601245,12.9541943,0 80.1600101,12.9541938,0 80.1600101,12.9542166,0 80.1598956,12.9542162,0 80.1598956,12.9542390,0 80.1597582,12.9542384,0 80.1595751,12.9543061,0 80.1594377,12.9543055,0 80.1594377,12.9543283,0 80.1593004,12.9543278,0 80.1592088,12.9543502,0 80.1591401,12.9543956,0 80.1589799,12.9543949,0 80.1589799,12.9544177,0 80.1587967,12.9544626,0 80.1586594,12.9544620,0 80.1584762,12.9545297,0 80.1582473,12.9545287,0 80.1582014,12.9544145,0 80.1581785,12.9544144,0 80.1581784,12.9542091,0 80.1581555,12.9542090,0 80.1581554,12.9540265,0 80.1581325,12.9540264,0 80.1581324,12.9539123,0 80.1581095,12.9538210,0 80.1580407,12.9536838,0 80.1580407,12.9535926,0 80.1579948,12.9535239,0 80.1579718,12.9533414,0 80.1578801,12.9531357,0 80.1578801,12.9530672,0 80.1578343,12.9530214,0 80.1577883,12.9528159,0 80.1577425,12.9527701,0 80.1576966,12.9525646,0 80.1576508,12.9525188,0 80.1576507,12.9524503,0 80.1575362,12.9522674,0</coordinates></LinearRing></outerBoundaryIs></Polygon></MultiGeometry></Placemark>
<Placemark><name>23</name><ExtendedData><SchemaData schemaUrl="#tambaram_wards"><SimpleData name="id_2">TMB_23</SimpleData><SimpleData name="name">23</SimpleData><SimpleData name="zone">3</SimpleData></SchemaData></ExtendedData><MultiGeometry><Polygon><outerBoundaryIs><LinearRing><coordinates>80.1561555,12.9404677,0 80.1562700,12.9404681,0 80.1562700,12.9404909,0 80.1563845,12.9404914,0 80.1565219,12.9406060,0 80.1566135,12.9406292,0 80.1566822,12.9406751,0 80.1567281,12.9407438,0 80.1569571,12.9409500,0 80.1569572,12.9409957,0 80.1570717,12.9410874,0 80.1570717,12.9411330,0 80.1572092,12.9412476,0 80.1572092,12.9412933,0 80.1573237,12.9413850,0 80.1573238,12.9414306,0 80.1574383,12.9415223,0 80.1574383,12.9415680,0 80.1575758,12.9416826,0 80.1575758,12.9417282,0 80.1576903,12.9418199,0 80.1576904,12.9418656,0 80.1578049,12.9419573,0 80.1578049,12.9420029,0 80.1578965,12.9420717,0 80.1578966,12.9421173,0 80.1579653,12.9421633,0 80.1579882,12.9422546,0 80.1580569,12.9423005,0 80.1580570,12.9423461,0 80.1581257,12.9424377,0 80.1581258,12.9425061,0 80.1581716,12.9425519,0 80.1581716,12.9426204,0 80.1582404,12.9427575,0 80.1582404,12.9428716,0 80.1582633,12.9428717,0 80.1582634,12.9429857,0 80.1582863,12.9429858,0 80.1582864,12.9430999,0 80.1583093,12.9431000,0 80.1583093,12.9432140,0 80.1583322,12.9432141,0 80.1583323,12.9433282,0 80.1583552,12.9433283,0 80.1583553,12.9434424,0 80.1583782,12.9434425,0 80.1583782,12.9435565,0 80.1584011,12.9435566,0 80.1584012,12.9436707,0 80.1584241,12.9436708,0 80.1584242,12.9438076,0 80.1584471,12.9438077,0 80.1584471,12.9439218,0 80.1584700,12.9439219,0 80.1584701,12.9440360,0 80.1584930,12.9440360,0 80.1585160,12.9442186,0 80.1586993,12.9445388,0 80.1587451,12.9445618,0 80.1588596,12.9445622,0 80.1588596,12.9445851,0 80.1592947,12.9445869,0 80.1592947,12.9445640,0 80.1596839,12.9445657,0 80.1596839,12.9445885,0 80.1597984,12.9445889,0 80.1597984,12.9446117,0 80.1599129,12.9446807,0 80.1599129,12.9447263,0 80.1600734,12.9449779,0 80.1600963,12.9450692,0 80.1600965,12.9454114,0 80.1601194,12.9454115,0 80.1601195,12.9455484,0 80.1601424,12.9455485,0 80.1601425,12.9456625,0 80.1601653,12.9456626,0 80.1601654,12.9457995,0 80.1602341,12.9457998,0 80.1602799,12.9458684,0 80.1603945,12.9459145,0 80.1604861,12.9460290,0 80.1604862,12.9462115,0 80.1605550,12.9463258,0 80.1605550,12.9464399,0 80.1605779,12.9464400,0 80.1605781,12.9467821,0 80.1605552,12.9467821,0 80.1605557,12.9475349,0 80.1605786,12.9475350,0 80.1605787,12.9476718,0 80.1606015,12.9476719,0 80.1606016,12.9478316,0 80.1606245,12.9478317,0 80.1606246,12.9479686,0 80.1606475,12.9479687,0 80.1606476,12.9481284,0 80.1606705,12.9481285,0 80.1606706,12.9482653,0 80.1606935,12.9482654,0 80.1606936,12.9484023,0 80.1607165,12.9484024,0 80.1607165,12.9485393,0 80.1607394,12.9485394,0 80.1607395,12.9486762,0 80.1607624,12.9486763,0 80.1607625,12.9488360,0 80.1607854,12.9488361,0 80.1607855,12.9489730,0 80.1608084,12.9489731,0 80.1608085,12.9491328,0 80.1608314,12.9491329,0 80.1608314,12.9492469,0 80.1608543,12.9492470,0 80.1608544,12.9493611,0 80.1608773,12.9493612,0 80.1608774,12.9494981,0 80.1609003,12.9494982,0 80.1609003,12.9496122,0 80.1609232,12.9496123,0 80.1609233,12.9497492,0 80.1609462,12.9497493,0 80.1609463,12.9498633,0 80.1609692,12.9498634,0 80.1609692,12.9499775,0 80.1609921,12.9499776,0 80.1609922,12.9501145,0 80.1610151,12.9501146,0 80.1610152,12.9502286,0 80.1610381,12.9502287,0 80.1610381,12.9503428,0 80.1610610,12.9503429,0 80.1610611,12.9504798,0 80.1610840,12.9504798,0 80.1610841,12.9505939,0 80.1611070,12.9505940,0 80.1611070,12.9507081,0 80.1611299,12.9507082,0 80.1611300,12.9508450,0 80.1611529,12.9508451,0 80.1611530,12.9510504,0 80.1611301,12.9510503,0 80.1611303,12.9513469,0 80.1610845,12.9513467,0 80.1609930,12.9514376,0 80.1609014,12.9514600,0 80.1608099,12.9515509,0 80.1606954,12.9515732,0 80.1604207,12.9516862,0 80.1603291,12.9516858,0 80.1599858,12.9518212,0 80.1598942,12.9518209,0 80.1598026,12.9518661,0 80.1596653,12.9518655,0 80.1596653,12.9518884,0 80.1594363,12.9518874,0 80.1594363,12.9518646,0 80.1593218,12.9518641,0 80.1592760,12.9518183,0 80.1590012,12.9517487,0 80.1589554,12.9517029,0 80.1587951,12.9516566,0 80.1586806,12.9516562,0 80.1586806,12.9516334,0 80.1584746,12.9516781,0 80.1584288,12.9517236,0 80.1581312,12.9518364,0 80.1581083,12.9518819,0 80.1580168,12.9519044,0 80.1579939,12.9519499,0 80.1579023,12.9519723,0 80.1576963,12.9521083,0 80.1576048,12.9522220,0 80.1575362,12.9522674,0 80.1573072,12.9522664,0 80.1571241,12.9523341,0 80.1570096,12.9523336,0 80.1569180,12.9523789,0 80.1568036,12.9523784,0 80.1566204,12.9524461,0 80.1564602,12.9524454,0 80.1564601,12.9523998,0 80.1563914,12.9523539,0 80.1563455,12.9521484,0 80.1562997,12.9521026,0 80.1562538,12.9518971,0 80.1562079,12.9518513,0 80.1561620,12.9516458,0 80.1561162,12.9515999,0 80.1560703,12.9513944,0 80.1560245,12.9513486,0 80.1559786,12.9511431,0 80.1559328,12.9510973,0 80.1558868,12.9508918,0 80.1558410,12.9508460,0 80.1558180,12.9507090,0 80.1557722,12.9506632,0 80.1557034,12.9503892,0 80.1556576,12.9503434,0 80.1556346,12.9502064,0 80.1555888,12.9501606,0 80.1555429,12.9499551,0 80.1554970,12.9499093,0 80.1554511,12.9497038,0 80.1554053,12.9496580,0 80.1553594,12.9494525,0 80.1553136,12.9494066,0 80.1552677,12.9492011,0 80.1552218,12.9491097,0 80.1551531,12.9490410,0 80.1551760,12.9489955,0 80.1551759,12.9488814,0 80.1551988,12.9488815,0 80.1551986,12.9485621,0 80.1551757,12.9485620,0 80.1551755,12.9482198,0 80.1551526,12.9482197,0 80.1551524,12.9479004,0 80.1551753,12.9479005,0 80.1551752,12.9477636,0 80.1551981,12.9477637,0 80.1551980,12.9476268,0 80.1552209,12.9475813,0 80.1553354,12.9475133,0 80.1554269,12.9473996,0 80.1554727,12.9473998,0 80.1555184,12.9473316,0 80.1555642,12.9473318,0 80.1557473,12.9471272,0 80.1557930,12.9469677,0 80.1558387,12.9469223,0 80.1558616,12.9468311,0 80.1558615,12.9467170,0 80.1558844,12.9467171,0 80.1558841,12.9462153,0 80.1558612,12.9462152,0 80.1558610,12.9459186,0 80.1558381,12.9459185,0 80.1558380,12.9456220,0 80.1558151,12.9456219,0 80.1558149,12.9453481,0 80.1557691,12.9452567,0 80.1557690,12.9450742,0 80.1557460,12.9449828,0 80.1557002,12.9449142,0 80.1555627,12.9447996,0 80.1555169,12.9447081,0 80.1554711,12.9447079,0 80.1553336,12.9445477,0 80.1552878,12.9445475,0 80.1552191,12.9444560,0 80.1551504,12.9444101,0 80.1546236,12.9441798,0 80.1544175,12.9441333,0 80.1542800,12.9438133,0 80.1542341,12.9437447,0 80.1540967,12.9436529,0 80.1540738,12.9436072,0 80.1539822,12.9435840,0 80.1539364,12.9435154,0 80.1538219,12.9434693,0 80.1537760,12.9434006,0 80.1536615,12.9433545,0 80.1536157,12.9432859,0 80.1535699,12.9432857,0 80.1535241,12.9432171,0 80.1534095,12.9431710,0 80.1531575,12.9428962,0 80.1531117,12.9428960,0 80.1526764,12.9424380,0 80.1526307,12.9424378,0 80.1524474,12.9422317,0 80.1524244,12.9421176,0 80.1523786,12.9420717,0 80.1523556,12.9418891,0 80.1523327,12.9418434,0 80.1524929,12.9417072,0 80.1525386,12.9416846,0 80.1526073,12.9415936,0 80.1527217,12.9415941,0 80.1527217,12.9415713,0 80.1528362,12.9415718,0 80.1528362,12.9415489,0 80.1529736,12.9415495,0 80.1529736,12.9415267,0 80.1530880,12.9415272,0 80.1530880,12.9415044,0 80.1532025,12.9415048,0 80.1532025,12.9414820,0 80.1533170,12.9414825,0 80.1533170,12.9414597,0 80.1534543,12.9414602,0 80.1534543,12.9414374,0 80.1535688,12.9414379,0 80.1535688,12.9414151,0 80.1536833,12.9414156,0 80.1536833,12.9413928,0 80.1537977,12.9413932,0 80.1537977,12.9413704,0 80.1539351,12.9413710,0 80.1540267,12.9413257,0 80.1541640,12.9413263,0 80.1541640,12.9413035,0 80.1542785,12.9413040,0 80.1542785,12.9412812,0 80.1544159,12.9412817,0 80.1544159,12.9412589,0 80.1545761,12.9412596,0 80.1545761,12.9412368,0 80.1547822,12.9412376,0 80.1547822,12.9412148,0 80.1548966,12.9412153,0 80.1548966,12.9411925,0 80.1550569,12.9411931,0 80.1550569,12.9411703,0 80.1552172,12.9411710,0 80.1552172,12.9411482,0 80.1553774,12.9411488,0 80.1554690,12.9411036,0 80.1555835,12.9411040,0 80.1556292,12.9410586,0 80.1557208,12.9410590,0 80.1558581,12.9409683,0 80.1558581,12.9409227,0 80.1559268,12.9408773,0 80.1559267,12.9408317,0 80.1560183,12.9407637,0 80.1560411,12.9406497,0 80.1560869,12.9405586,0 80.1561555,12.9405133,0 80.1561555,12.9404677,0</coordinates></LinearRing></outerBoundaryIs></Polygon></MultiGeometry></Placemark>
<Placemark><name>24</name><ExtendedData><SchemaData schemaUrl="#tambaram_wards"><SimpleData name="id_2">TMB_24</SimpleData><SimpleData name="name">24</SimpleData><SimpleData name="zone">2</SimpleData></SchemaData></ExtendedData><MultiGeometry><Polygon><outerBoundaryIs><LinearRing><coordinates>80.1471889,12.9552587,0 80.1471659,12.9551445,0 80.1471201,12.9550303,0 80.1470743,12.9550073,0 80.1470283,12.9548018,0 80.1469825,12.9547103,0 80.1469367,12.9546873,0 80.1469137,12.9545732,0 80.1468679,12.9545502,0 80.1468679,12.9544817,0 80.1467533,12.9543216,0 80.1467533,12.9542531,0 80.1466845,12.9541616,0 80.1466845,12.9540932,0 80.1466387,12.9540474,0 80.1465698,12.9537733,0 80.1465240,12.9537275,0 80.1465239,12.9535222,0 80.1465010,12.9535221,0 80.1465009,12.9533396,0 80.1465466,12.9532714,0 80.1467984,12.9530443,0 80.1469815,12.9529766,0 80.1470960,12.9529771,0 80.1471417,12.9529316,0 80.1473249,12.9529096,0 80.1474393,12.9528416,0 80.1477140,12.9527743,0 80.1477598,12.9527289,0 80.1479658,12.9526841,0 80.1481490,12.9525936,0 80.1481947,12.9525254,0 80.1482405,12.9525255,0 80.1483091,12.9524346,0 80.1483778,12.9524120,0 80.1483776,12.9521155,0 80.1482860,12.9519782,0 80.1482402,12.9519780,0 80.1482401,12.9518184,0 80.1482172,12.9518183,0 80.1482171,12.9517042,0 80.1481713,12.9516128,0 80.1481026,12.9515669,0 80.1481025,12.9515212,0 80.1479652,12.9515207,0 80.1478965,12.9515660,0 80.1477591,12.9515654,0 80.1477591,12.9515426,0 80.1476446,12.9515421,0 80.1475531,12.9515646,0 80.1474615,12.9516326,0 80.1473471,12.9516550,0 80.1473242,12.9517005,0 80.1470952,12.9516996,0 80.1470265,12.9517221,0 80.1470266,12.9518362,0 80.1468205,12.9518353,0 80.1467977,12.9518808,0 80.1466832,12.9518804,0 80.1466832,12.9518576,0 80.1465000,12.9518568,0 80.1464084,12.9517880,0 80.1463168,12.9517648,0 80.1462709,12.9515137,0 80.1463624,12.9514228,0 80.1466142,12.9514238,0 80.1467058,12.9514014,0 80.1468202,12.9512650,0 80.1469118,12.9512426,0 80.1469804,12.9511744,0 80.1470491,12.9511747,0 80.1470720,12.9511292,0 80.1472094,12.9511069,0 80.1472551,12.9510615,0 80.1473238,12.9510618,0 80.1473696,12.9510163,0 80.1474383,12.9510166,0 80.1474840,12.9509712,0 80.1475527,12.9509715,0 80.1475985,12.9509260,0 80.1476672,12.9509263,0 80.1477129,12.9508809,0 80.1477816,12.9508812,0 80.1479189,12.9507677,0 80.1479188,12.9504711,0 80.1478959,12.9504710,0 80.1478957,12.9502429,0 80.1478728,12.9502428,0 80.1478727,12.9499918,0 80.1478498,12.9499918,0 80.1478497,12.9498777,0 80.1478955,12.9497638,0 80.1479870,12.9497414,0 80.1483076,12.9497427,0 80.1483076,12.9497199,0 80.1484678,12.9497206,0 80.1484678,12.9496977,0 80.1485823,12.9496982,0 80.1486967,12.9496303,0 80.1489028,12.9495855,0 80.1489485,12.9495400,0 80.1494293,12.9494280,0 80.1494293,12.9494052,0 80.1495438,12.9494056,0 80.1496353,12.9493604,0 80.1497498,12.9493609,0 80.1497498,12.9493380,0 80.1500016,12.9493391,0 80.1500932,12.9492938,0 80.1502306,12.9492944,0 80.1502993,12.9492719,0 80.1503679,12.9492037,0 80.1504595,12.9491813,0 80.1505740,12.9491818,0 80.1507571,12.9491141,0 80.1508487,12.9491145,0 80.1508715,12.9490461,0 80.1510546,12.9488872,0 80.1513751,12.9488885,0 80.1513981,12.9489342,0 80.1515812,12.9489350,0 80.1515812,12.9489122,0 80.1518789,12.9489134,0 80.1519704,12.9488682,0 80.1521307,12.9488688,0 80.1521307,12.9488460,0 80.1522681,12.9488466,0 80.1522681,12.9488238,0 80.1529091,12.9488264,0 80.1530237,12.9488953,0 80.1530695,12.9490324,0 80.1532299,12.9491243,0 80.1532298,12.9491015,0 80.1534130,12.9491022,0 80.1534130,12.9490794,0 80.1535275,12.9490799,0 80.1535732,12.9489888,0 80.1536419,12.9489207,0 80.1537334,12.9488982,0 80.1538479,12.9488987,0 80.1538708,12.9489444,0 80.1539853,12.9488993,0 80.1539853,12.9488765,0 80.1541456,12.9488771,0 80.1542830,12.9489918,0 80.1547180,12.9489936,0 80.1547180,12.9490164,0 80.1550386,12.9490177,0 80.1550386,12.9490405,0 80.1551531,12.9490410,0 80.1552218,12.9491097,0 80.1552677,12.9492011,0 80.1553136,12.9494066,0 80.1553594,12.9494525,0 80.1554053,12.9496580,0 80.1554511,12.9497038,0 80.1554970,12.9499093,0 80.1555429,12.9499551,0 80.1555888,12.9501606,0 80.1556346,12.9502064,0 80.1556576,12.9503434,0 80.1557034,12.9503892,0 80.1557722,12.9506632,0 80.1558180,12.9507090,0 80.1558410,12.9508460,0 80.1558868,12.9508918,0 80.1559328,12.9510973,0 80.1559786,12.9511431,0 80.1560245,12.9513486,0 80.1560703,12.9513944,0 80.1561162,12.9515999,0 80.1561620,12.9516458,0 80.1562079,12.9518513,0 80.1562538,12.9518971,0 80.1562997,12.9521026,0 80.1563455,12.9521484,0 80.1563914,12.9523539,0 80.1564601,12.9523998,0 80.1564602,12.9524454,0 80.1566204,12.9524461,0 80.1568036,12.9523784,0 80.1569180,12.9523789,0 80.1570096,12.9523336,0 80.1571241,12.9523341,0 80.1573072,12.9522664,0 80.1575362,12.9522674,0 80.1576507,12.9524503,0 80.1576508,12.9525188,0 80.1576966,12.9525646,0 80.1577425,12.9527701,0 80.1577883,12.9528159,0 80.1578343,12.9530214,0 80.1578801,12.9530672,0 80.1578801,12.9531357,0 80.1579718,12.9533414,0 80.1579948,12.9535239,0 80.1580407,12.9535926,0 80.1580407,12.9536838,0 80.1581095,12.9538210,0 80.1581324,12.9539123,0 80.1581325,12.9540264,0 80.1581554,12.9540265,0 80.1581555,12.9542090,0 80.1581784,12.9542091,0 80.1581785,12.9544144,0 80.1582014,12.9544145,0 80.1582473,12.9545287,0 80.1584762,12.9545297,0 80.1586594,12.9544620,0 80.1587967,12.9544626,0 80.1588426,12.9546224,0 80.1588427,12.9547365,0 80.1588656,12.9547366,0 80.1588657,12.9548963,0 80.1589115,12.9549877,0 80.1589116,12.9551246,0 80.1589574,12.9552160,0 80.1589575,12.9553985,0 80.1589804,12.9553986,0 80.1589805,12.9555355,0 80.1590034,12.9555356,0 80.1590035,12.9556497,0 80.1590264,12.9556498,0 80.1590265,12.9557866,0 80.1590494,12.9557867,0 80.1590494,12.9559236,0 80.1590723,12.9559237,0 80.1590724,12.9560606,0 80.1590953,12.9560607,0 80.1590954,12.9561975,0 80.1591183,12.9561976,0 80.1591184,12.9563345,0 80.1591413,12.9563346,0 80.1591413,12.9564487,0 80.1591642,12.9564488,0 80.1591643,12.9565856,0 80.1591872,12.9565857,0 80.1591873,12.9567226,0 80.1592102,12.9567227,0 80.1592103,12.9568596,0 80.1592332,12.9568597,0 80.1592332,12.9569965,0 80.1592561,12.9569966,0 80.1592562,12.9571107,0 80.1592791,12.9571108,0 80.1592792,12.9572477,0 80.1593021,12.9572478,0 80.1593022,12.9573846,0 80.1593250,12.9573847,0 80.1593251,12.9575216,0 80.1593480,12.9575217,0 80.1593481,12.9576586,0 80.1593940,12.9577500,0 80.1593942,12.9582519,0 80.1593714,12.9583431,0 80.1593256,12.9583429,0 80.1592799,12.9584111,0 80.1591883,12.9584335,0 80.1590968,12.9585472,0 80.1589823,12.9585924,0 80.1589137,12.9586833,0 80.1588679,12.9586832,0 80.1587535,12.9588196,0 80.1586619,12.9587964,0 80.1584558,12.9587955,0 80.1584558,12.9587727,0 80.1582497,12.9587719,0 80.1582498,12.9587947,0 80.1580666,12.9587939,0 80.1580666,12.9588167,0 80.1579521,12.9588163,0 80.1577690,12.9588839,0 80.1576545,12.9588835,0 80.1575630,12.9589287,0 80.1574485,12.9589282,0 80.1572653,12.9589959,0 80.1571509,12.9589954,0 80.1570593,12.9590407,0 80.1569448,12.9590402,0 80.1567617,12.9591079,0 80.1566472,12.9591074,0 80.1565557,12.9591527,0 80.1564412,12.9591522,0 80.1562580,12.9592199,0 80.1561436,12.9592194,0 80.1560520,12.9592647,0 80.1559375,12.9592642,0 80.1557544,12.9593319,0 80.1556399,12.9593314,0 80.1555484,12.9593766,0 80.1554339,12.9593762,0 80.1552508,12.9594438,0 80.1551363,12.9594434,0 80.1550447,12.9594886,0 80.1549302,12.9594881,0 80.1547471,12.9595558,0 80.1546326,12.9595554,0 80.1544495,12.9596230,0 80.1543350,12.9596226,0 80.1542435,12.9596678,0 80.1541290,12.9596673,0 80.1539458,12.9597350,0 80.1538314,12.9597345,0 80.1537398,12.9597798,0 80.1536253,12.9597793,0 80.1534422,12.9598470,0 80.1533277,12.9598465,0 80.1532362,12.9598918,0 80.1531217,12.9598913,0 80.1531217,12.9599141,0 80.1529614,12.9599134,0 80.1529614,12.9599363,0 80.1524806,12.9599343,0 80.1524806,12.9599115,0 80.1522745,12.9599106,0 80.1522745,12.9598878,0 80.1521371,12.9598872,0 80.1521371,12.9598644,0 80.1520227,12.9598639,0 80.1520226,12.9598411,0 80.1518853,12.9598406,0 80.1518852,12.9598178,0 80.1517479,12.9598172,0 80.1517479,12.9597944,0 80.1516105,12.9597938,0 80.1516105,12.9597710,0 80.1514731,12.9597704,0 80.1514731,12.9597476,0 80.1513357,12.9597470,0 80.1513357,12.9597242,0 80.1511983,12.9597237,0 80.1511983,12.9597009,0 80.1510380,12.9597002,0 80.1510380,12.9597230,0 80.1507404,12.9598130,0 80.1506947,12.9598128,0 80.1506488,12.9597442,0 80.1505572,12.9597210,0 80.1505343,12.9596753,0 80.1503969,12.9596291,0 80.1503740,12.9595834,0 80.1502366,12.9595372,0 80.1501907,12.9594686,0 80.1501449,12.9594684,0 80.1500533,12.9593996,0 80.1499846,12.9593993,0 80.1498930,12.9593305,0 80.1498243,12.9593302,0 80.1497556,12.9592843,0 80.1495724,12.9592835,0 80.1495724,12.9592607,0 80.1492748,12.9592595,0 80.1492748,12.9592367,0 80.1491603,12.9592362,0 80.1491603,12.9592134,0 80.1490458,12.9592129,0 80.1489541,12.9591213,0 80.1489083,12.9590070,0 80.1488396,12.9589611,0 80.1488395,12.9589155,0 80.1486562,12.9586182,0 80.1485415,12.9583211,0 80.1484728,12.9582524,0 80.1484498,12.9581154,0 80.1481977,12.9576582,0 80.1481977,12.9575897,0 80.1479456,12.9571324,0 80.1479455,12.9570640,0 80.1478539,12.9569267,0 80.1478080,12.9567669,0 80.1478078,12.9565387,0 80.1477849,12.9565386,0 80.1477849,12.9564018,0 80.1478764,12.9563565,0 80.1479450,12.9562656,0 80.1479908,12.9562657,0 80.1480824,12.9561749,0 80.1493185,12.9557922,0 80.1493872,12.9557240,0 80.1494330,12.9557242,0 80.1496618,12.9555427,0 80.1496617,12.9553145,0 80.1496388,12.9552460,0 80.1495930,12.9552230,0 80.1495013,12.9550857,0 80.1485625,12.9550819,0 80.1485625,12.9550591,0 80.1484252,12.9550585,0 80.1484252,12.9550813,0 80.1483107,12.9550808,0 80.1483107,12.9551036,0 80.1481733,12.9551031,0 80.1481733,12.9551259,0 80.1480589,12.9551254,0 80.1480589,12.9551482,0 80.1479215,12.9551705,0 80.1478757,12.9552159,0 80.1477842,12.9552383,0 80.1476697,12.9552379,0 80.1476697,12.9552607,0 80.1471889,12.9552587,0</coordinates></LinearRing></outerBoundaryIs></Polygon></MultiGeometry></Placemark>
<Placemark><name>25</name><ExtendedData><SchemaData schemaUrl="#tambaram_wards"><SimpleData name="id_2">TMB_25</SimpleData><SimpleData name="name">25</SimpleData><SimpleData name="zone">3</SimpleData></SchemaData></ExtendedData><MultiGeometry><Polygon><outerBoundaryIs><LinearRing><coordinates>80.1457184,12.9464470,0 80.1459015,12.9463793,0 80.1459244,12.9463338,0 80.1459931,12.9463113,0 80.1461304,12.9463119,0 80.1461304,12.9462890,0 80.1464739,12.9462905,0 80.1466342,12.9464280,0 80.1466800,12.9464282,0 80.1467258,12.9464968,0 80.1467716,12.9464970,0 80.1468404,12.9465885,0 80.1472525,12.9465902,0 80.1472525,12.9465674,0 80.1474128,12.9465681,0 80.1480538,12.9463882,0 80.1482140,12.9463661,0 80.1482598,12.9463206,0 80.1483285,12.9463209,0 80.1483513,12.9462754,0 80.1484200,12.9462757,0 80.1485802,12.9461395,0 80.1485801,12.9460254,0 80.1486030,12.9460255,0 80.1486029,12.9457746,0 80.1486258,12.9457747,0 80.1486257,12.9455922,0 80.1485798,12.9455007,0 80.1485798,12.9453867,0 80.1485110,12.9452723,0 80.1485110,12.9451811,0 80.1484422,12.9450895,0 80.1484422,12.9450211,0 80.1483047,12.9447924,0 80.1482817,12.9446554,0 80.1482359,12.9445640,0 80.1481900,12.9445410,0 80.1481900,12.9444726,0 80.1480754,12.9442896,0 80.1480524,12.9441070,0 80.1480753,12.9441071,0 80.1480752,12.9439474,0 80.1481210,12.9438563,0 80.1481209,12.9437195,0 80.1481437,12.9436511,0 80.1483269,12.9436519,0 80.1483269,12.9436291,0 80.1485559,12.9436300,0 80.1485558,12.9436072,0 80.1487161,12.9436079,0 80.1488992,12.9435402,0 80.1489908,12.9435406,0 80.1494028,12.9433141,0 80.1495631,12.9432920,0 80.1495631,12.9432692,0 80.1496775,12.9432696,0 80.1496775,12.9432468,0 80.1498836,12.9432477,0 80.1499752,12.9433393,0 80.1500210,12.9433395,0 80.1500898,12.9434538,0 80.1501814,12.9435227,0 80.1502044,12.9436368,0 80.1502731,12.9437284,0 80.1502732,12.9438196,0 80.1503190,12.9438882,0 80.1503191,12.9439795,0 80.1503649,12.9440253,0 80.1503649,12.9440937,0 80.1504795,12.9442539,0 80.1505024,12.9443452,0 80.1505941,12.9444140,0 80.1505941,12.9444597,0 80.1509376,12.9445523,0 80.1511438,12.9447813,0 80.1511896,12.9447815,0 80.1513041,12.9449189,0 80.1516934,12.9449205,0 80.1516934,12.9448976,0 80.1518307,12.9448982,0 80.1519223,12.9448302,0 80.1521054,12.9448081,0 80.1521741,12.9447628,0 80.1523115,12.9447861,0 80.1524260,12.9448551,0 80.1525863,12.9448785,0 80.1526779,12.9449473,0 80.1527466,12.9449248,0 80.1528611,12.9449253,0 80.1529526,12.9448800,0 80.1530671,12.9448805,0 80.1531358,12.9448580,0 80.1533189,12.9447447,0 80.1533876,12.9447450,0 80.1536165,12.9446090,0 80.1537538,12.9445868,0 80.1538454,12.9445187,0 80.1539141,12.9445190,0 80.1539598,12.9444736,0 80.1540285,12.9444739,0 80.1540743,12.9444284,0 80.1541430,12.9444287,0 80.1544175,12.9441333,0 80.1546236,12.9441798,0 80.1551504,12.9444101,0 80.1552191,12.9444560,0 80.1552878,12.9445475,0 80.1553336,12.9445477,0 80.1554711,12.9447079,0 80.1555169,12.9447081,0 80.1555627,12.9447996,0 80.1557002,12.9449142,0 80.1557460,12.9449828,0 80.1557690,12.9450742,0 80.1557691,12.9452567,0 80.1558149,12.9453481,0 80.1558151,12.9456219,0 80.1558380,12.9456220,0 80.1558381,12.9459185,0 80.1558610,12.9459186,0 80.1558612,12.9462152,0 80.1558841,12.9462153,0 80.1558844,12.9467171,0 80.1558615,12.9467170,0 80.1558616,12.9468311,0 80.1558387,12.9469223,0 80.1557930,12.9469677,0 80.1557473,12.9471272,0 80.1555642,12.9473318,0 80.1555184,12.9473316,0 80.1554727,12.9473998,0 80.1554269,12.9473996,0 80.1553354,12.9475133,0 80.1552209,12.9475813,0 80.1551980,12.9476268,0 80.1551981,12.9477637,0 80.1551752,12.9477636,0 80.1551753,12.9479005,0 80.1551524,12.9479004,0 80.1551526,12.9482197,0 80.1551755,12.9482198,0 80.1551757,12.9485620,0 80.1551986,12.9485621,0 80.1551988,12.9488815,0 80.1551759,12.9488814,0 80.1551760,12.9489955,0 80.1551531,12.9490410,0 80.1550386,12.9490405,0 80.1550386,12.9490177,0 80.1547180,12.9490164,0 80.1547180,12.9489936,0 80.1542830,12.9489918,0 80.1541456,12.9488771,0 80.1539853,12.9488765,0 80.1539853,12.9488993,0 80.1538708,12.9489444,0 80.1538479,12.9488987,0 80.1537334,12.9488982,0 80.1536419,12.9489207,0 80.1535732,12.9489888,0 80.1535275,12.9490799,0 80.1534130,12.9490794,0 80.1534130,12.9491022,0 80.1532298,12.9491015,0 80.1532299,12.9491243,0 80.1530695,12.9490324,0 80.1530237,12.9488953,0 80.1529091,12.9488264,0 80.1522681,12.9488238,0 80.1522681,12.9488466,0 80.1521307,12.9488460,0 80.1521307,12.9488688,0 80.1519704,12.9488682,0 80.1518789,12.9489134,0 80.1515812,12.9489122,0 80.1515812,12.9489350,0 80.1513981,12.9489342,0 80.1513751,12.9488885,0 80.1510546,12.9488872,0 80.1508715,12.9490461,0 80.1508487,12.9491145,0 80.1507571,12.9491141,0 80.1505740,12.9491818,0 80.1504595,12.9491813,0 80.1503679,12.9492037,0 80.1502993,12.9492719,0 80.1502306,12.9492944,0 80.1500932,12.9492938,0 80.1500016,12.9493391,0 80.1497498,12.9493380,0 80.1497498,12.9493609,0 80.1496353,12.9493604,0 80.1495438,12.9494056,0 80.1494293,12.9494052,0 80.1494293,12.9494280,0 80.1489485,12.9495400,0 80.1489028,12.9495855,0 80.1486967,12.9496303,0 80.1485823,12.9496982,0 80.1484678,12.9496977,0 80.1484678,12.9497206,0 80.1483076,12.9497199,0 80.1483076,12.9497427,0 80.1479870,12.9497414,0 80.1478955,12.9497638,0 80.1478497,12.9498777,0 80.1478498,12.9499918,0 80.1478727,12.9499918,0 80.1478728,12.9502428,0 80.1478957,12.9502429,0 80.1478959,12.9504710,0 80.1479188,12.9504711,0 80.1479189,12.9507677,0 80.1477816,12.9508812,0 80.1477129,12.9508809,0 80.1476672,12.9509263,0 80.1475985,12.9509260,0 80.1475527,12.9509715,0 80.1474840,12.9509712,0 80.1474383,12.9510166,0 80.1473696,12.9510163,0 80.1473238,12.9510618,0 80.1472551,12.9510615,0 80.1472094,12.9511069,0 80.1470720,12.9511292,0 80.1470491,12.9511747,0 80.1469804,12.9511744,0 80.1469118,12.9512426,0 80.1468202,12.9512650,0 80.1467058,12.9514014,0 80.1466142,12.9514238,0 80.1463624,12.9514228,0 80.1462709,12.9515137,0 80.1461563,12.9514676,0 80.1460188,12.9512389,0 80.1459959,12.9511703,0 80.1459272,12.9511472,0 80.1459043,12.9510787,0 80.1459042,12.9508962,0 80.1457896,12.9508045,0 80.1457438,12.9507359,0 80.1454228,12.9500502,0 80.1453541,12.9499358,0 80.1453540,12.9498674,0 80.1452853,12.9497530,0 80.1452852,12.9496162,0 80.1455599,12.9494576,0 80.1456286,12.9494579,0 80.1456743,12.9494125,0 80.1457430,12.9494127,0 80.1458346,12.9493447,0 80.1459032,12.9493450,0 80.1459948,12.9492769,0 80.1460635,12.9492772,0 80.1461550,12.9492091,0 80.1462237,12.9492094,0 80.1463153,12.9491414,0 80.1463611,12.9491415,0 80.1464068,12.9490733,0 80.1464526,12.9490735,0 80.1464525,12.9489138,0 80.1464296,12.9488225,0 80.1463608,12.9487309,0 80.1463608,12.9486625,0 80.1462920,12.9485710,0 80.1462920,12.9485025,0 80.1462232,12.9484110,0 80.1462232,12.9483425,0 80.1461545,12.9482510,0 80.1461544,12.9481826,0 80.1460857,12.9480682,0 80.1460627,12.9479769,0 80.1460627,12.9478628,0 80.1460398,12.9478627,0 80.1460397,12.9477487,0 80.1459938,12.9476572,0 80.1459938,12.9475432,0 80.1459709,12.9475431,0 80.1459708,12.9474290,0 80.1459479,12.9474289,0 80.1459479,12.9473148,0 80.1459250,12.9473148,0 80.1459249,12.9472007,0 80.1459020,12.9472006,0 80.1459019,12.9470865,0 80.1458790,12.9470864,0 80.1458790,12.9469724,0 80.1458561,12.9469723,0 80.1458560,12.9468582,0 80.1458331,12.9468581,0 80.1458330,12.9467441,0 80.1457872,12.9466526,0 80.1457871,12.9465614,0 80.1457184,12.9464470,0</coordinates></LinearRing></outerBoundaryIs></Polygon></MultiGeometry></Placemark>
<Placemark><name>26</name><ExtendedData><SchemaData schemaUrl="#tambaram_wards"><SimpleData name="id_2">TMB_26</SimpleData><SimpleData name="name">26</SimpleData><SimpleData name="zone">2</SimpleData></SchemaData></ExtendedData><MultiGeometry><Polygon><outerBoundaryIs><LinearRing><coordinates>80.1399277,12.9498906,0 80.1401337,12.9498230,0 80.1401566,12.9497775,0 80.1402482,12.9497550,0 80.1403397,12.9496642,0 80.1404313,12.9496417,0 80.1404541,12.9495962,0 80.1405457,12.9495738,0 80.1405686,12.9495282,0 80.1406601,12.9495058,0 80.1406830,12.9494603,0 80.1407746,12.9494378,0 80.1407975,12.9493923,0 80.1408890,12.9493699,0 80.1409806,12.9492790,0 80.1410721,12.9492566,0 80.1410950,12.9492110,0 80.1411866,12.9491886,0 80.1412781,12.9490977,0 80.1413697,12.9490753,0 80.1413925,12.9490298,0 80.1414841,12.9490073,0 80.1415756,12.9489165,0 80.1416672,12.9488940,0 80.1417587,12.9488032,0 80.1418503,12.9487807,0 80.1418732,12.9487352,0 80.1419877,12.9487129,0 80.1420105,12.9486673,0 80.1421479,12.9486223,0 80.1421707,12.9485767,0 80.1422394,12.9485770,0 80.1423310,12.9485318,0 80.1424912,12.9483499,0 80.1425827,12.9483275,0 80.1426056,12.9482820,0 80.1426972,12.9482595,0 80.1427887,12.9481687,0 80.1428345,12.9481689,0 80.1429489,12.9480325,0 80.1429947,12.9480326,0 80.1430633,12.9479645,0 80.1432007,12.9479422,0 80.1432693,12.9478741,0 80.1433609,12.9478517,0 80.1434524,12.9477608,0 80.1435440,12.9477384,0 80.1436127,12.9476930,0 80.1436584,12.9476248,0 80.1437500,12.9475795,0 80.1437499,12.9474655,0 80.1437728,12.9474656,0 80.1437727,12.9473287,0 80.1437498,12.9472373,0 80.1434518,12.9466886,0 80.1434289,12.9465973,0 80.1435891,12.9465295,0 80.1435891,12.9465067,0 80.1437036,12.9465071,0 80.1437036,12.9464843,0 80.1439096,12.9464852,0 80.1439096,12.9464624,0 80.1444820,12.9464647,0 80.1444820,12.9464419,0 80.1450773,12.9464444,0 80.1450773,12.9464216,0 80.1456726,12.9464240,0 80.1457184,12.9464470,0 80.1457871,12.9465614,0 80.1457872,12.9466526,0 80.1458330,12.9467441,0 80.1458331,12.9468581,0 80.1458560,12.9468582,0 80.1458561,12.9469723,0 80.1458790,12.9469724,0 80.1458790,12.9470864,0 80.1459019,12.9470865,0 80.1459020,12.9472006,0 80.1459249,12.9472007,0 80.1459250,12.9473148,0 80.1459479,12.9473148,0 80.1459479,12.9474289,0 80.1459708,12.9474290,0 80.1459709,12.9475431,0 80.1459938,12.9475432,0 80.1459938,12.9476572,0 80.1460397,12.9477487,0 80.1460398,12.9478627,0 80.1460627,12.9478628,0 80.1460627,12.9479769,0 80.1460857,12.9480682,0 80.1461544,12.9481826,0 80.1461545,12.9482510,0 80.1462232,12.9483425,0 80.1462232,12.9484110,0 80.1462920,12.9485025,0 80.1462920,12.9485710,0 80.1463608,12.9486625,0 80.1463608,12.9487309,0 80.1464296,12.9488225,0 80.1464525,12.9489138,0 80.1464526,12.9490735,0 80.1464068,12.9490733,0 80.1463611,12.9491415,0 80.1463153,12.9491414,0 80.1462237,12.9492094,0 80.1461550,12.9492091,0 80.1460635,12.9492772,0 80.1459948,12.9492769,0 80.1459032,12.9493450,0 80.1458346,12.9493447,0 80.1457430,12.9494127,0 80.1456743,12.9494125,0 80.1456286,12.9494579,0 80.1455599,12.9494576,0 80.1452852,12.9496162,0 80.1452853,12.9497530,0 80.1453540,12.9498674,0 80.1453541,12.9499358,0 80.1454228,12.9500502,0 80.1457438,12.9507359,0 80.1457896,12.9508045,0 80.1459042,12.9508962,0 80.1459043,12.9510787,0 80.1459272,12.9511472,0 80.1459959,12.9511703,0 80.1460188,12.9512389,0 80.1461563,12.9514676,0 80.1462709,12.9515137,0 80.1463168,12.9517648,0 80.1464084,12.9517880,0 80.1465000,12.9518568,0 80.1466832,12.9518576,0 80.1466832,12.9518804,0 80.1467977,12.9518808,0 80.1468205,12.9518353,0 80.1470266,12.9518362,0 80.1470265,12.9517221,0 80.1470952,12.9516996,0 80.1473242,12.9517005,0 80.1473471,12.9516550,0 80.1474615,12.9516326,0 80.1475531,12.9515646,0 80.1476446,12.9515421,0 80.1477591,12.9515426,0 80.1477591,12.9515654,0 80.1478965,12.9515660,0 80.1479652,12.9515207,0 80.1481025,12.9515212,0 80.1481026,12.9515669,0 80.1481713,12.9516128,0 80.1482171,12.9517042,0 80.1482172,12.9518183,0 80.1482401,12.9518184,0 80.1482402,12.9519780,0 80.1482860,12.9519782,0 80.1483776,12.9521155,0 80.1483778,12.9524120,0 80.1483091,12.9524346,0 80.1482405,12.9525255,0 80.1481947,12.9525254,0 80.1481490,12.9525936,0 80.1479658,12.9526841,0 80.1477598,12.9527289,0 80.1477140,12.9527743,0 80.1474393,12.9528416,0 80.1473249,12.9529096,0 80.1471417,12.9529316,0 80.1470960,12.9529771,0 80.1469815,12.9529766,0 80.1467984,12.9530443,0 80.1465466,12.9532714,0 80.1465009,12.9533396,0 80.1465010,12.9535221,0 80.1465239,12.9535222,0 80.1465240,12.9537275,0 80.1465698,12.9537733,0 80.1466387,12.9540474,0 80.1466845,12.9540932,0 80.1466845,12.9541616,0 80.1467533,12.9542531,0 80.1467533,12.9543216,0 80.1468679,12.9544817,0 80.1468679,12.9545502,0 80.1469137,12.9545732,0 80.1469367,12.9546873,0 80.1469825,12.9547103,0 80.1470283,12.9548018,0 80.1470743,12.9550073,0 80.1471201,12.9550303,0 80.1471659,12.9551445,0 80.1471889,12.9552587,0 80.1471202,12.9552812,0 80.1470745,12.9553495,0 80.1470287,12.9553493,0 80.1469829,12.9554175,0 80.1468685,12.9554627,0 80.1467769,12.9555764,0 80.1465939,12.9557125,0 80.1465940,12.9559634,0 80.1466169,12.9559635,0 80.1466170,12.9560776,0 80.1466399,12.9560777,0 80.1466400,12.9563970,0 80.1466629,12.9563971,0 80.1466630,12.9565340,0 80.1465944,12.9565565,0 80.1465028,12.9566702,0 80.1464570,12.9566700,0 80.1463884,12.9567610,0 80.1462968,12.9568062,0 80.1461595,12.9568285,0 80.1461137,12.9568739,0 80.1460450,12.9568736,0 80.1459993,12.9569191,0 80.1458619,12.9569413,0 80.1458161,12.9569868,0 80.1456788,12.9570090,0 80.1455872,12.9570771,0 80.1455185,12.9570768,0 80.1454728,12.9571450,0 80.1453354,12.9571901,0 80.1453126,12.9572356,0 80.1452210,12.9572581,0 80.1451523,12.9572350,0 80.1451065,12.9571663,0 80.1450149,12.9571431,0 80.1449232,12.9570515,0 80.1448774,12.9570513,0 80.1447858,12.9569141,0 80.1447171,12.9568682,0 80.1446941,12.9567768,0 80.1446483,12.9567538,0 80.1446254,12.9566625,0 80.1445795,12.9566395,0 80.1445566,12.9565709,0 80.1445108,12.9565707,0 80.1444421,12.9564564,0 80.1443733,12.9564105,0 80.1443275,12.9562962,0 80.1442588,12.9562503,0 80.1442129,12.9561361,0 80.1441442,12.9560902,0 80.1440983,12.9559759,0 80.1440067,12.9559071,0 80.1438692,12.9556556,0 80.1438005,12.9556097,0 80.1436171,12.9552896,0 80.1435484,12.9552437,0 80.1432734,12.9547863,0 80.1432047,12.9547404,0 80.1429755,12.9543516,0 80.1429068,12.9543057,0 80.1427234,12.9539856,0 80.1426547,12.9539397,0 80.1426317,12.9538483,0 80.1425630,12.9538024,0 80.1423338,12.9534136,0 80.1422651,12.9533677,0 80.1420359,12.9529790,0 80.1419672,12.9529331,0 80.1419672,12.9528874,0 80.1417610,12.9527041,0 80.1416693,12.9525212,0 80.1415548,12.9523839,0 80.1415547,12.9522698,0 80.1416004,12.9521103,0 80.1417148,12.9520423,0 80.1416689,12.9518597,0 80.1416461,12.9518596,0 80.1416460,12.9517455,0 80.1415544,12.9516995,0 80.1414856,12.9516080,0 80.1414398,12.9516078,0 80.1413940,12.9515391,0 80.1413482,12.9515390,0 80.1412795,12.9514474,0 80.1412337,12.9514472,0 80.1411649,12.9513557,0 80.1411191,12.9513555,0 80.1410733,12.9512869,0 80.1410046,12.9512410,0 80.1409130,12.9512178,0 80.1408443,12.9511491,0 80.1407527,12.9511487,0 80.1405464,12.9508056,0 80.1404777,12.9507597,0 80.1402944,12.9504396,0 80.1402256,12.9503937,0 80.1400881,12.9501422,0 80.1400194,12.9500963,0 80.1399736,12.9500277,0 80.1399277,12.9498906,0</coordinates></LinearRing></outerBoundaryIs></Polygon></MultiGeometry></Placemark>
<Placemark><name>27</name><ExtendedData><SchemaData schemaUrl="#tambaram_wards"><SimpleData name="id_2">TMB_27</SimpleData><SimpleData name="name">27</SimpleData><SimpleData name="zone">2</SimpleData></SchemaData></ExtendedData><MultiGeometry><Polygon><outerBoundaryIs><LinearRing><coordinates>80.1357191,12.9572416,0 80.1356503,12.9570132,0 80.1356274,12.9570131,0 80.1356273,12.9568991,0 80.1356044,12.9568990,0 80.1356043,12.9567393,0 80.1355814,12.9567392,0 80.1355813,12.9565567,0 80.1355584,12.9565566,0 80.1355583,12.9563285,0 80.1355354,12.9563284,0 80.1355353,12.9562143,0 80.1354436,12.9559402,0 80.1354436,12.9558489,0 80.1353748,12.9557118,0 80.1353747,12.9556205,0 80.1353289,12.9555519,0 80.1353059,12.9554605,0 80.1353058,12.9552780,0 80.1352371,12.9552093,0 80.1351912,12.9549810,0 80.1351683,12.9549809,0 80.1351682,12.9548212,0 80.1351453,12.9548211,0 80.1351452,12.9547071,0 80.1350994,12.9546841,0 80.1350765,12.9546155,0 80.1350307,12.9546154,0 80.1350306,12.9543644,0 80.1350076,12.9543187,0 80.1350992,12.9542963,0 80.1351907,12.9542282,0 80.1352594,12.9542285,0 80.1353052,12.9541831,0 80.1358546,12.9540484,0 80.1359233,12.9540031,0 80.1361980,12.9539586,0 80.1362667,12.9539133,0 80.1365414,12.9538688,0 80.1366101,12.9538234,0 80.1367932,12.9538014,0 80.1368619,12.9537560,0 80.1371366,12.9537116,0 80.1372053,12.9536662,0 80.1374800,12.9536217,0 80.1375487,12.9535764,0 80.1378234,12.9535319,0 80.1378920,12.9534866,0 80.1380752,12.9534645,0 80.1381439,12.9534192,0 80.1383270,12.9533971,0 80.1383957,12.9533518,0 80.1385788,12.9533297,0 80.1386475,12.9532844,0 80.1388307,12.9532623,0 80.1389909,12.9532173,0 80.1390825,12.9531721,0 80.1391053,12.9531266,0 80.1392427,12.9530815,0 80.1393113,12.9529905,0 80.1393571,12.9529907,0 80.1394029,12.9529225,0 80.1394487,12.9529227,0 80.1395402,12.9528090,0 80.1396089,12.9528321,0 80.1397920,12.9528328,0 80.1397921,12.9528557,0 80.1403416,12.9528579,0 80.1404331,12.9528355,0 80.1405018,12.9527901,0 80.1405934,12.9527905,0 80.1406620,12.9527452,0 80.1409368,12.9527007,0 80.1410970,12.9526557,0 80.1411886,12.9526105,0 80.1412343,12.9525422,0 80.1413259,12.9525198,0 80.1413488,12.9524743,0 80.1414861,12.9524292,0 80.1415548,12.9523839,0 80.1416693,12.9525212,0 80.1417610,12.9527041,0 80.1419672,12.9528874,0 80.1419672,12.9529331,0 80.1420359,12.9529790,0 80.1422651,12.9533677,0 80.1423338,12.9534136,0 80.1425630,12.9538024,0 80.1426317,12.9538483,0 80.1426547,12.9539397,0 80.1427234,12.9539856,0 80.1429068,12.9543057,0 80.1429755,12.9543516,0 80.1432047,12.9547404,0 80.1432734,12.9547863,0 80.1435484,12.9552437,0 80.1436171,12.9552896,0 80.1438005,12.9556097,0 80.1438692,12.9556556,0 80.1440067,12.9559071,0 80.1440983,12.9559759,0 80.1441442,12.9560902,0 80.1442129,12.9561361,0 80.1442588,12.9562503,0 80.1443275,12.9562962,0 80.1443733,12.9564105,0 80.1444421,12.9564564,0 80.1445108,12.9565707,0 80.1445566,12.9565709,0 80.1445795,12.9566395,0 80.1446254,12.9566625,0 80.1446483,12.9567538,0 80.1446941,12.9567768,0 80.1447171,12.9568682,0 80.1447858,12.9569141,0 80.1448774,12.9570513,0 80.1449232,12.9570515,0 80.1450149,12.9571431,0 80.1451065,12.9571663,0 80.1451523,12.9572350,0 80.1452210,12.9572581,0 80.1452440,12.9574406,0 80.1452898,12.9574865,0 80.1453128,12.9576691,0 80.1453816,12.9577606,0 80.1453816,12.9578290,0 80.1454503,12.9578749,0 80.1454503,12.9579206,0 80.1455420,12.9580122,0 80.1455879,12.9581949,0 80.1456337,12.9581951,0 80.1457253,12.9582639,0 80.1458170,12.9584468,0 80.1458857,12.9584927,0 80.1460691,12.9588128,0 80.1461378,12.9588587,0 80.1461836,12.9589730,0 80.1462523,12.9590189,0 80.1463440,12.9592017,0 80.1464128,12.9592477,0 80.1465503,12.9594992,0 80.1466190,12.9595451,0 80.1467565,12.9597966,0 80.1468252,12.9598425,0 80.1468253,12.9599109,0 80.1469170,12.9601166,0 80.1469170,12.9602307,0 80.1469399,12.9602308,0 80.1469400,12.9603448,0 80.1469629,12.9603905,0 80.1469171,12.9603904,0 80.1468256,12.9604812,0 80.1467340,12.9605037,0 80.1466883,12.9605719,0 80.1466425,12.9605717,0 80.1465052,12.9606624,0 80.1464365,12.9606621,0 80.1462076,12.9607980,0 80.1461389,12.9607978,0 80.1458642,12.9609563,0 80.1457956,12.9609560,0 80.1455667,12.9610920,0 80.1454980,12.9610917,0 80.1452691,12.9612276,0 80.1452004,12.9612273,0 80.1449715,12.9613633,0 80.1449029,12.9613630,0 80.1447198,12.9614763,0 80.1446511,12.9614760,0 80.1443764,12.9616345,0 80.1443077,12.9616343,0 80.1440788,12.9617702,0 80.1440101,12.9617699,0 80.1437813,12.9619058,0 80.1437126,12.9619056,0 80.1434837,12.9620415,0 80.1434150,12.9620412,0 80.1431861,12.9621771,0 80.1429343,12.9622673,0 80.1427741,12.9623807,0 80.1427283,12.9623577,0 80.1426366,12.9621292,0 80.1425908,12.9621062,0 80.1424303,12.9617406,0 80.1423845,12.9617176,0 80.1422928,12.9614891,0 80.1422470,12.9614661,0 80.1422011,12.9613290,0 80.1421553,12.9613060,0 80.1420636,12.9610775,0 80.1420178,12.9610545,0 80.1419490,12.9608717,0 80.1419032,12.9608487,0 80.1418573,12.9607116,0 80.1418115,12.9606886,0 80.1417427,12.9605059,0 80.1416969,12.9604829,0 80.1416052,12.9602544,0 80.1415594,12.9602314,0 80.1415135,12.9600943,0 80.1414448,12.9600484,0 80.1413531,12.9599111,0 80.1413302,12.9598882,0 80.1413072,12.9597284,0 80.1412385,12.9596597,0 80.1411926,12.9595227,0 80.1411468,12.9594997,0 80.1411009,12.9593626,0 80.1410551,12.9593396,0 80.1409405,12.9590654,0 80.1408947,12.9590424,0 80.1408259,12.9588596,0 80.1407801,12.9588366,0 80.1407113,12.9586538,0 80.1404822,12.9583563,0 80.1403448,12.9583329,0 80.1403446,12.9580820,0 80.1403217,12.9580819,0 80.1402987,12.9579221,0 80.1402300,12.9578534,0 80.1401841,12.9577391,0 80.1400467,12.9576245,0 80.1400237,12.9575331,0 80.1399779,12.9575101,0 80.1399550,12.9574188,0 80.1399092,12.9573958,0 80.1398633,12.9572587,0 80.1398175,12.9572357,0 80.1397946,12.9571444,0 80.1397488,12.9571214,0 80.1397029,12.9569843,0 80.1396571,12.9569613,0 80.1396341,12.9568700,0 80.1394509,12.9567095,0 80.1394508,12.9566639,0 80.1391759,12.9564118,0 80.1391530,12.9563661,0 80.1389010,12.9560913,0 80.1388094,12.9560910,0 80.1387178,12.9560449,0 80.1386033,12.9560445,0 80.1385117,12.9559985,0 80.1383972,12.9559980,0 80.1383972,12.9559752,0 80.1382827,12.9559747,0 80.1382140,12.9559516,0 80.1380767,12.9560651,0 80.1379623,12.9561103,0 80.1379165,12.9561785,0 80.1377334,12.9562690,0 80.1376877,12.9563373,0 80.1375732,12.9563824,0 80.1375274,12.9564507,0 80.1373672,12.9565641,0 80.1373673,12.9566097,0 80.1372986,12.9566550,0 80.1372986,12.9567006,0 80.1369783,12.9571328,0 80.1369555,12.9572467,0 80.1367267,12.9574967,0 80.1366580,12.9574964,0 80.1364749,12.9576097,0 80.1364062,12.9576323,0 80.1362917,12.9576318,0 80.1362230,12.9575631,0 80.1360856,12.9574713,0 80.1360168,12.9572885,0 80.1359481,12.9572426,0 80.1357191,12.9572416,0</coordinates></LinearRing></outerBoundaryIs></Polygon></MultiGeometry></Placemark>
<Placemark><name>28</name><ExtendedData><SchemaData schemaUrl="#tambaram_wards"><SimpleData name="id_2">TMB_28</SimpleData><SimpleData name="name">28</SimpleData><SimpleData name="zone">2</SimpleData></SchemaData></ExtendedData><MultiGeometry><Polygon><outerBoundaryIs><LinearRing><coordinates>80.1322314,12.9444523,0 80.1323687,12.9442703,0 80.1324602,12.9441795,0 80.1326434,12.9441802,0 80.1326434,12.9442030,0 80.1327579,12.9442035,0 80.1327579,12.9442263,0 80.1328724,12.9442268,0 80.1329640,12.9442728,0 80.1330785,12.9442733,0 80.1330785,12.9442961,0 80.1333304,12.9442971,0 80.1333532,12.9442516,0 80.1338568,12.9440256,0 80.1339255,12.9439802,0 80.1339941,12.9438664,0 80.1340628,12.9438211,0 80.1341314,12.9438214,0 80.1342688,12.9437307,0 80.1343375,12.9437310,0 80.1343832,12.9436855,0 80.1344519,12.9436858,0 80.1345664,12.9437547,0 80.1347038,12.9437553,0 80.1347953,12.9436644,0 80.1348411,12.9436646,0 80.1348869,12.9435964,0 80.1349327,12.9435966,0 80.1350700,12.9434374,0 80.1352073,12.9433924,0 80.1352302,12.9433925,0 80.1353218,12.9434613,0 80.1353219,12.9435069,0 80.1353906,12.9435528,0 80.1353906,12.9435984,0 80.1354593,12.9436444,0 80.1355052,12.9437586,0 80.1355739,12.9438045,0 80.1356656,12.9439874,0 80.1357343,12.9440333,0 80.1357801,12.9441476,0 80.1358489,12.9441935,0 80.1359406,12.9443763,0 80.1360093,12.9444223,0 80.1360551,12.9445365,0 80.1361238,12.9445824,0 80.1361697,12.9446967,0 80.1362384,12.9447426,0 80.1363301,12.9449254,0 80.1363988,12.9449714,0 80.1364447,12.9450856,0 80.1365134,12.9451315,0 80.1366051,12.9453144,0 80.1366738,12.9453603,0 80.1367197,12.9454746,0 80.1367884,12.9455205,0 80.1368342,12.9456347,0 80.1369030,12.9456806,0 80.1369946,12.9458635,0 80.1370634,12.9459094,0 80.1371092,12.9460237,0 80.1371779,12.9460696,0 80.1372696,12.9462524,0 80.1373383,12.9462984,0 80.1373842,12.9464126,0 80.1374529,12.9464585,0 80.1375446,12.9466414,0 80.1376133,12.9466873,0 80.1376592,12.9468016,0 80.1377279,12.9468475,0 80.1377738,12.9469617,0 80.1378425,12.9470076,0 80.1378883,12.9471219,0 80.1379570,12.9471678,0 80.1380487,12.9473507,0 80.1381174,12.9473966,0 80.1381633,12.9475108,0 80.1382320,12.9475567,0 80.1383237,12.9477396,0 80.1383924,12.9477855,0 80.1384383,12.9478998,0 80.1385070,12.9479457,0 80.1385987,12.9481286,0 80.1386674,12.9481745,0 80.1387133,12.9482887,0 80.1387820,12.9483346,0 80.1388737,12.9485175,0 80.1389424,12.9485634,0 80.1389882,12.9486777,0 80.1390570,12.9487236,0 80.1391028,12.9488378,0 80.1391715,12.9488837,0 80.1392632,12.9490666,0 80.1393319,12.9491125,0 80.1393778,12.9492268,0 80.1394465,12.9492727,0 80.1395382,12.9494556,0 80.1396069,12.9495015,0 80.1396528,12.9496157,0 80.1397215,12.9496616,0 80.1397215,12.9497072,0 80.1397902,12.9497532,0 80.1397903,12.9497988,0 80.1399277,12.9498906,0 80.1399736,12.9500277,0 80.1400194,12.9500963,0 80.1400881,12.9501422,0 80.1402256,12.9503937,0 80.1402944,12.9504396,0 80.1404777,12.9507597,0 80.1405464,12.9508056,0 80.1407527,12.9511487,0 80.1408443,12.9511491,0 80.1409130,12.9512178,0 80.1410046,12.9512410,0 80.1410733,12.9512869,0 80.1411191,12.9513555,0 80.1411649,12.9513557,0 80.1412337,12.9514472,0 80.1412795,12.9514474,0 80.1413482,12.9515390,0 80.1413940,12.9515391,0 80.1414398,12.9516078,0 80.1414856,12.9516080,0 80.1415544,12.9516995,0 80.1416460,12.9517455,0 80.1416461,12.9518596,0 80.1416689,12.9518597,0 80.1417148,12.9520423,0 80.1416004,12.9521103,0 80.1415547,12.9522698,0 80.1415548,12.9523839,0 80.1414861,12.9524292,0 80.1413488,12.9524743,0 80.1413259,12.9525198,0 80.1412343,12.9525422,0 80.1411886,12.9526105,0 80.1410970,12.9526557,0 80.1409368,12.9527007,0 80.1406620,12.9527452,0 80.1405934,12.9527905,0 80.1405018,12.9527901,0 80.1404331,12.9528355,0 80.1403416,12.9528579,0 80.1397921,12.9528557,0 80.1397920,12.9528328,0 80.1396089,12.9528321,0 80.1395402,12.9528090,0 80.1394487,12.9529227,0 80.1394029,12.9529225,0 80.1393571,12.9529907,0 80.1393113,12.9529905,0 80.1392427,12.9530815,0 80.1391053,12.9531266,0 80.1390825,12.9531721,0 80.1389909,12.9532173,0 80.1388307,12.9532623,0 80.1386475,12.9532844,0 80.1385788,12.9533297,0 80.1383957,12.9533518,0 80.1383270,12.9533971,0 80.1381439,12.9534192,0 80.1380752,12.9534645,0 80.1378920,12.9534866,0 80.1378234,12.9535319,0 80.1375487,12.9535764,0 80.1374800,12.9536217,0 80.1372053,12.9536662,0 80.1371366,12.9537116,0 80.1368619,12.9537560,0 80.1367932,12.9538014,0 80.1366101,12.9538234,0 80.1365414,12.9538688,0 80.1362667,12.9539133,0 80.1361980,12.9539586,0 80.1359233,12.9540031,0 80.1358546,12.9540484,0 80.1353052,12.9541831,0 80.1352594,12.9542285,0 80.1351907,12.9542282,0 80.1350992,12.9542963,0 80.1350076,12.9543187,0 80.1349389,12.9542728,0 80.1347783,12.9537246,0 80.1347325,12.9536788,0 80.1346866,12.9534733,0 80.1346408,12.9534047,0 80.1345720,12.9533588,0 80.1345262,12.9532445,0 80.1344575,12.9531986,0 80.1344574,12.9531530,0 80.1343887,12.9531071,0 80.1343658,12.9530386,0 80.1342742,12.9530154,0 80.1342055,12.9529695,0 80.1340908,12.9526724,0 80.1340450,12.9525810,0 80.1340449,12.9524669,0 80.1339991,12.9523755,0 80.1339990,12.9522614,0 80.1339302,12.9520786,0 80.1339302,12.9519874,0 80.1338843,12.9519188,0 80.1338843,12.9518503,0 80.1337468,12.9516216,0 80.1337467,12.9515532,0 80.1336551,12.9514159,0 80.1336550,12.9513475,0 80.1334946,12.9510731,0 80.1334945,12.9509134,0 80.1333800,12.9508217,0 80.1333799,12.9507761,0 80.1332196,12.9506385,0 80.1332194,12.9503648,0 80.1331506,12.9501820,0 80.1330590,12.9500904,0 80.1330360,12.9499306,0 80.1330589,12.9499307,0 80.1330587,12.9495885,0 80.1330357,12.9494971,0 80.1329899,12.9494285,0 80.1329899,12.9493601,0 80.1329441,12.9493143,0 80.1329440,12.9492230,0 80.1328982,12.9491544,0 80.1328981,12.9489947,0 80.1328752,12.9489946,0 80.1328749,12.9485840,0 80.1328520,12.9485839,0 80.1328519,12.9483786,0 80.1328290,12.9482872,0 80.1327602,12.9481729,0 80.1327602,12.9480816,0 80.1327143,12.9480358,0 80.1325996,12.9476247,0 80.1325538,12.9475789,0 80.1325538,12.9475105,0 80.1325079,12.9474647,0 80.1324850,12.9473049,0 80.1324162,12.9472133,0 80.1324162,12.9471221,0 80.1323703,12.9470535,0 80.1323703,12.9469850,0 80.1323015,12.9468707,0 80.1323015,12.9467566,0 80.1322786,12.9467565,0 80.1322785,12.9466196,0 80.1322556,12.9466196,0 80.1322555,12.9465055,0 80.1322326,12.9465054,0 80.1322326,12.9463913,0 80.1322097,12.9463912,0 80.1322094,12.9458894,0 80.1322551,12.9458211,0 80.1322550,12.9456614,0 80.1322321,12.9456613,0 80.1322320,12.9455016,0 80.1322549,12.9455017,0 80.1322544,12.9444980,0 80.1322314,12.9444523,0</coordinates></LinearRing></outerBoundaryIs></Polygon></MultiGeometry></Placemark>
<Placemark><name>29</name><ExtendedData><SchemaData schemaUrl="#tambaram_wards"><SimpleData name="id_2">TMB_29</SimpleData><SimpleData name="name">29</SimpleData><SimpleData name="zone">1</SimpleData></SchemaData></ExtendedData><MultiGeometry><Polygon><outerBoundaryIs><LinearRing><coordinates>80.1299938,12.9550508,0 80.1300624,12.9549370,0 80.1302455,12.9548009,0 80.1303142,12.9547099,0 80.1303828,12.9546646,0 80.1305202,12.9546195,0 80.1305430,12.9545740,0 80.1308864,12.9544386,0 80.1309322,12.9543931,0 80.1310237,12.9543707,0 80.1311382,12.9543712,0 80.1311382,12.9543483,0 80.1312756,12.9543489,0 80.1315733,12.9545326,0 80.1316191,12.9545328,0 80.1316879,12.9546244,0 80.1317337,12.9546245,0 80.1318482,12.9547619,0 80.1319398,12.9547851,0 80.1320086,12.9548766,0 80.1320544,12.9548768,0 80.1321460,12.9549684,0 80.1323292,12.9549920,0 80.1323292,12.9549692,0 80.1324437,12.9549697,0 80.1324665,12.9549241,0 80.1326039,12.9548791,0 80.1326725,12.9548337,0 80.1327641,12.9547201,0 80.1327182,12.9546286,0 80.1327182,12.9545374,0 80.1326723,12.9544687,0 80.1326723,12.9544003,0 80.1325806,12.9542630,0 80.1325347,12.9540575,0 80.1324889,12.9540117,0 80.1324430,12.9538062,0 80.1323971,12.9537376,0 80.1323284,12.9536917,0 80.1323055,12.9536004,0 80.1322138,12.9535087,0 80.1321909,12.9534402,0 80.1321222,12.9534399,0 80.1320306,12.9533711,0 80.1319848,12.9533709,0 80.1317786,12.9531419,0 80.1317328,12.9531417,0 80.1316411,12.9530045,0 80.1315724,12.9529586,0 80.1315724,12.9529130,0 80.1315037,12.9528670,0 80.1314578,12.9527528,0 80.1313891,12.9527069,0 80.1313891,12.9526613,0 80.1313204,12.9526154,0 80.1313203,12.9525697,0 80.1312516,12.9525238,0 80.1312516,12.9524782,0 80.1311829,12.9524323,0 80.1311829,12.9523867,0 80.1309767,12.9522033,0 80.1309080,12.9521574,0 80.1309079,12.9521118,0 80.1308163,12.9520886,0 80.1307934,12.9520429,0 80.1306560,12.9520423,0 80.1306560,12.9520195,0 80.1305416,12.9520190,0 80.1304499,12.9519730,0 80.1303584,12.9519726,0 80.1302667,12.9519266,0 80.1301980,12.9518351,0 80.1301980,12.9517667,0 80.1301521,12.9517208,0 80.1301521,12.9516524,0 80.1301063,12.9516066,0 80.1301062,12.9515382,0 80.1300604,12.9514923,0 80.1300375,12.9514010,0 80.1300374,12.9512413,0 80.1300145,12.9512412,0 80.1300144,12.9511043,0 80.1299915,12.9511042,0 80.1299914,12.9509674,0 80.1299456,12.9508759,0 80.1299455,12.9507847,0 80.1298768,12.9506475,0 80.1298767,12.9505791,0 80.1298309,12.9505333,0 80.1297850,12.9503278,0 80.1297392,12.9502820,0 80.1297391,12.9502135,0 80.1296933,12.9501677,0 80.1296474,12.9499622,0 80.1296016,12.9499164,0 80.1295557,12.9496881,0 80.1294640,12.9494824,0 80.1294639,12.9493911,0 80.1293951,12.9492540,0 80.1293721,12.9490714,0 80.1293492,12.9490713,0 80.1293491,12.9488432,0 80.1293262,12.9487746,0 80.1293948,12.9486837,0 80.1293948,12.9486380,0 80.1296465,12.9484794,0 80.1297152,12.9484112,0 80.1298755,12.9484119,0 80.1298755,12.9484347,0 80.1299900,12.9484352,0 80.1301502,12.9484815,0 80.1303106,12.9485734,0 80.1304939,12.9487795,0 80.1305626,12.9488025,0 80.1305626,12.9488482,0 80.1307458,12.9489174,0 80.1309061,12.9489180,0 80.1309061,12.9488952,0 80.1310892,12.9488960,0 80.1311579,12.9488734,0 80.1313639,12.9487374,0 80.1315928,12.9486471,0 80.1316157,12.9486016,0 80.1317988,12.9485339,0 80.1318217,12.9484884,0 80.1320506,12.9483981,0 80.1320734,12.9483525,0 80.1323024,12.9482622,0 80.1323252,12.9482167,0 80.1326686,12.9480813,0 80.1327143,12.9480358,0 80.1327602,12.9480816,0 80.1327602,12.9481729,0 80.1328290,12.9482872,0 80.1328519,12.9483786,0 80.1328520,12.9485839,0 80.1328749,12.9485840,0 80.1328752,12.9489946,0 80.1328981,12.9489947,0 80.1328982,12.9491544,0 80.1329440,12.9492230,0 80.1329441,12.9493143,0 80.1329899,12.9493601,0 80.1329899,12.9494285,0 80.1330357,12.9494971,0 80.1330587,12.9495885,0 80.1330589,12.9499307,0 80.1330360,12.9499306,0 80.1330590,12.9500904,0 80.1331506,12.9501820,0 80.1332194,12.9503648,0 80.1332196,12.9506385,0 80.1333799,12.9507761,0 80.1333800,12.9508217,0 80.1334945,12.9509134,0 80.1334946,12.9510731,0 80.1336550,12.9513475,0 80.1336551,12.9514159,0 80.1337467,12.9515532,0 80.1337468,12.9516216,0 80.1338843,12.9518503,0 80.1338843,12.9519188,0 80.1339302,12.9519874,0 80.1339302,12.9520786,0 80.1339990,12.9522614,0 80.1339991,12.9523755,0 80.1340449,12.9524669,0 80.1340450,12.9525810,0 80.1340908,12.9526724,0 80.1342055,12.9529695,0 80.1342742,12.9530154,0 80.1343658,12.9530386,0 80.1343887,12.9531071,0 80.1344574,12.9531530,0 80.1344575,12.9531986,0 80.1345262,12.9532445,0 80.1345720,12.9533588,0 80.1346408,12.9534047,0 80.1346866,12.9534733,0 80.1347325,12.9536788,0 80.1347783,12.9537246,0 80.1349389,12.9542728,0 80.1350076,12.9543187,0 80.1350306,12.9543644,0 80.1350307,12.9546154,0 80.1350765,12.9546155,0 80.1350994,12.9546841,0 80.1351452,12.9547071,0 80.1351453,12.9548211,0 80.1351682,12.9548212,0 80.1351683,12.9549809,0 80.1351912,12.9549810,0 80.1352371,12.9552093,0 80.1353058,12.9552780,0 80.1353059,12.9554605,0 80.1353289,12.9555519,0 80.1353747,12.9556205,0 80.1353748,12.9557118,0 80.1354436,12.9558489,0 80.1354436,12.9559402,0 80.1355353,12.9562143,0 80.1355354,12.9563284,0 80.1355583,12.9563285,0 80.1355584,12.9565566,0 80.1355813,12.9565567,0 80.1355814,12.9567392,0 80.1356043,12.9567393,0 80.1356044,12.9568990,0 80.1356273,12.9568991,0 80.1356274,12.9570131,0 80.1356503,12.9570132,0 80.1357191,12.9572416,0 80.1355360,12.9573093,0 80.1353986,12.9573087,0 80.1353986,12.9573315,0 80.1352841,12.9573311,0 80.1352842,12.9573539,0 80.1351697,12.9573534,0 80.1351697,12.9573762,0 80.1350552,12.9573758,0 80.1350552,12.9573986,0 80.1349407,12.9573981,0 80.1349408,12.9574209,0 80.1348263,12.9574204,0 80.1348263,12.9574432,0 80.1347118,12.9574428,0 80.1347118,12.9574656,0 80.1345973,12.9574651,0 80.1345974,12.9574879,0 80.1344829,12.9574875,0 80.1343684,12.9575554,0 80.1342997,12.9575551,0 80.1342082,12.9576232,0 80.1341395,12.9576457,0 80.1333155,12.9580301,0 80.1332926,12.9580757,0 80.1331095,12.9581433,0 80.1330637,12.9582116,0 80.1329722,12.9582340,0 80.1327205,12.9585067,0 80.1326747,12.9585065,0 80.1326289,12.9585976,0 80.1325374,12.9586657,0 80.1325374,12.9587113,0 80.1324688,12.9587566,0 80.1323772,12.9587791,0 80.1322398,12.9587785,0 80.1322398,12.9588013,0 80.1321253,12.9588008,0 80.1321254,12.9588236,0 80.1320109,12.9588232,0 80.1318962,12.9585261,0 80.1318504,12.9584803,0 80.1318504,12.9584119,0 80.1317587,12.9582746,0 80.1317586,12.9580693,0 80.1317128,12.9580235,0 80.1316212,12.9580231,0 80.1315525,12.9579772,0 80.1314609,12.9579768,0 80.1314151,12.9579310,0 80.1313235,12.9579307,0 80.1313006,12.9579762,0 80.1312090,12.9579986,0 80.1311404,12.9580440,0 80.1310716,12.9579752,0 80.1310030,12.9579750,0 80.1309342,12.9579290,0 80.1307510,12.9577230,0 80.1306592,12.9574717,0 80.1305905,12.9573801,0 80.1305904,12.9572889,0 80.1303840,12.9567405,0 80.1303840,12.9566721,0 80.1303382,12.9566263,0 80.1302464,12.9562609,0 80.1302006,12.9561923,0 80.1301317,12.9558270,0 80.1301088,12.9558269,0 80.1301086,12.9556216,0 80.1300857,12.9556215,0 80.1300856,12.9554390,0 80.1300627,12.9554389,0 80.1300627,12.9553020,0 80.1300398,12.9553019,0 80.1300397,12.9551879,0 80.1299938,12.9550508,0</coordinates></LinearRing></outerBoundaryIs></Polygon></MultiGeometry></Placemark>
<Placemark><name>30</name><ExtendedData><SchemaData schemaUrl="#tambaram_wards"><SimpleData name="id_2">TMB_30</SimpleData><SimpleData name="name">30</SimpleData><SimpleData name="zone">1</SimpleData></SchemaData></ExtendedData><MultiGeometry><Polygon><outerBoundaryIs><LinearRing><coordinates>80.1192065,12.9494172,0 80.1194812,12.9493499,0 80.1196872,12.9492595,0 80.1197788,12.9492599,0 80.1198474,12.9492145,0 80.1199390,12.9492149,0 80.1200077,12.9491696,0 80.1200993,12.9491700,0 80.1202366,12.9491021,0 80.1203282,12.9491025,0 80.1204655,12.9490346,0 80.1205571,12.9490350,0 80.1206945,12.9489671,0 80.1207860,12.9489675,0 80.1208547,12.9489221,0 80.1209463,12.9489225,0 80.1210836,12.9488547,0 80.1211752,12.9488550,0 80.1213125,12.9487872,0 80.1214728,12.9487650,0 80.1215186,12.9487196,0 80.1215873,12.9487199,0 80.1216788,12.9486518,0 80.1217475,12.9486293,0 80.1218620,12.9486297,0 80.1219077,12.9486071,0 80.1219765,12.9487443,0 80.1220223,12.9487673,0 80.1220224,12.9488357,0 80.1220911,12.9488816,0 80.1220911,12.9489272,0 80.1222743,12.9489280,0 80.1224574,12.9488603,0 80.1225719,12.9488608,0 80.1225719,12.9488380,0 80.1226863,12.9488385,0 80.1227779,12.9487932,0 80.1228924,12.9487937,0 80.1229839,12.9487484,0 80.1230984,12.9487489,0 80.1231900,12.9487037,0 80.1233045,12.9487041,0 80.1233960,12.9486589,0 80.1235105,12.9486594,0 80.1236021,12.9486141,0 80.1236936,12.9486145,0 80.1238081,12.9485922,0 80.1238081,12.9485693,0 80.1239226,12.9485698,0 80.1239226,12.9485470,0 80.1240370,12.9485475,0 80.1241286,12.9485022,0 80.1242431,12.9485027,0 80.1243346,12.9484575,0 80.1244491,12.9484579,0 80.1245407,12.9484127,0 80.1246552,12.9484132,0 80.1248383,12.9483455,0 80.1249528,12.9483459,0 80.1250443,12.9483007,0 80.1251588,12.9483012,0 80.1251588,12.9482784,0 80.1252733,12.9482788,0 80.1253648,12.9482336,0 80.1254793,12.9482341,0 80.1255709,12.9481888,0 80.1256853,12.9481893,0 80.1256853,12.9481665,0 80.1257998,12.9481669,0 80.1258914,12.9481217,0 80.1260059,12.9481222,0 80.1260974,12.9480769,0 80.1262577,12.9480548,0 80.1263263,12.9480094,0 80.1263263,12.9479638,0 80.1264178,12.9478957,0 80.1264178,12.9478501,0 80.1265094,12.9477821,0 80.1265093,12.9477364,0 80.1266009,12.9476684,0 80.1266009,12.9476228,0 80.1266924,12.9475547,0 80.1266924,12.9475091,0 80.1268068,12.9474183,0 80.1268068,12.9473727,0 80.1268983,12.9473046,0 80.1268983,12.9472590,0 80.1270127,12.9471682,0 80.1270127,12.9471226,0 80.1271042,12.9470545,0 80.1271042,12.9470089,0 80.1272186,12.9469181,0 80.1272186,12.9468725,0 80.1273102,12.9468044,0 80.1273101,12.9467588,0 80.1274017,12.9466908,0 80.1274016,12.9466451,0 80.1274932,12.9465771,0 80.1274932,12.9465314,0 80.1276763,12.9463953,0 80.1277678,12.9462816,0 80.1278136,12.9462818,0 80.1280195,12.9460089,0 80.1280881,12.9459636,0 80.1284084,12.9454402,0 80.1284770,12.9453949,0 80.1286143,12.9451445,0 80.1287516,12.9450538,0 80.1288889,12.9450316,0 80.1289347,12.9449862,0 80.1292094,12.9449189,0 80.1292552,12.9448734,0 80.1295986,12.9447836,0 80.1296443,12.9447382,0 80.1298275,12.9447161,0 80.1298275,12.9446933,0 80.1299420,12.9446938,0 80.1300335,12.9446485,0 80.1301480,12.9446490,0 80.1302396,12.9446037,0 80.1303540,12.9446042,0 80.1305372,12.9445365,0 80.1306517,12.9445370,0 80.1307432,12.9444918,0 80.1308577,12.9444922,0 80.1309493,12.9444470,0 80.1310637,12.9444475,0 80.1311553,12.9444022,0 80.1312698,12.9444027,0 80.1312698,12.9443799,0 80.1313842,12.9443803,0 80.1313843,12.9444031,0 80.1314987,12.9444036,0 80.1314987,12.9444264,0 80.1316132,12.9444269,0 80.1316132,12.9444497,0 80.1318422,12.9444507,0 80.1318422,12.9444279,0 80.1320025,12.9444285,0 80.1320024,12.9444057,0 80.1321169,12.9444062,0 80.1322314,12.9444523,0 80.1322544,12.9444980,0 80.1322549,12.9455017,0 80.1322320,12.9455016,0 80.1322321,12.9456613,0 80.1322550,12.9456614,0 80.1322551,12.9458211,0 80.1322094,12.9458894,0 80.1322097,12.9463912,0 80.1322326,12.9463913,0 80.1322326,12.9465054,0 80.1322555,12.9465055,0 80.1322556,12.9466196,0 80.1322785,12.9466196,0 80.1322786,12.9467565,0 80.1323015,12.9467566,0 80.1323015,12.9468707,0 80.1323703,12.9469850,0 80.1323703,12.9470535,0 80.1324162,12.9471221,0 80.1324162,12.9472133,0 80.1324850,12.9473049,0 80.1325079,12.9474647,0 80.1325538,12.9475105,0 80.1325538,12.9475789,0 80.1325996,12.9476247,0 80.1327143,12.9480358,0 80.1326686,12.9480813,0 80.1323252,12.9482167,0 80.1323024,12.9482622,0 80.1320734,12.9483525,0 80.1320506,12.9483981,0 80.1318217,12.9484884,0 80.1317988,12.9485339,0 80.1316157,12.9486016,0 80.1315928,12.9486471,0 80.1313639,12.9487374,0 80.1311579,12.9488734,0 80.1310892,12.9488960,0 80.1309061,12.9488952,0 80.1309061,12.9489180,0 80.1307458,12.9489174,0 80.1305626,12.9488482,0 80.1305626,12.9488025,0 80.1304939,12.9487795,0 80.1303106,12.9485734,0 80.1301502,12.9484815,0 80.1299900,12.9484352,0 80.1298755,12.9484347,0 80.1298755,12.9484119,0 80.1297152,12.9484112,0 80.1296465,12.9484794,0 80.1293948,12.9486380,0 80.1293948,12.9486837,0 80.1293262,12.9487746,0 80.1293491,12.9488432,0 80.1293492,12.9490713,0 80.1293721,12.9490714,0 80.1293951,12.9492540,0 80.1294639,12.9493911,0 80.1294640,12.9494824,0 80.1295557,12.9496881,0 80.1296016,12.9499164,0 80.1296474,12.9499622,0 80.1296933,12.9501677,0 80.1297391,12.9502135,0 80.1297392,12.9502820,0 80.1297850,12.9503278,0 80.1298309,12.9505333,0 80.1298767,12.9505791,0 80.1298768,12.9506475,0 80.1299455,12.9507847,0 80.1299456,12.9508759,0 80.1299914,12.9509674,0 80.1299915,12.9511042,0 80.1300144,12.9511043,0 80.1300145,12.9512412,0 80.1300374,12.9512413,0 80.1300375,12.9514010,0 80.1300604,12.9514923,0 80.1301062,12.9515382,0 80.1301063,12.9516066,0 80.1301521,12.9516524,0 80.1301521,12.9517208,0 80.1301980,12.9517667,0 80.1301980,12.9518351,0 80.1302667,12.9519266,0 80.1303584,12.9519726,0 80.1304499,12.9519730,0 80.1305416,12.9520190,0 80.1306560,12.9520195,0 80.1306560,12.9520423,0 80.1307934,12.9520429,0 80.1308163,12.9520886,0 80.1309079,12.9521118,0 80.1309080,12.9521574,0 80.1309767,12.9522033,0 80.1311829,12.9523867,0 80.1311829,12.9524323,0 80.1312516,12.9524782,0 80.1312516,12.9525238,0 80.1313203,12.9525697,0 80.1313204,12.9526154,0 80.1313891,12.9526613,0 80.1313891,12.9527069,0 80.1314578,12.9527528,0 80.1315037,12.9528670,0 80.1315724,12.9529130,0 80.1315724,12.9529586,0 80.1316411,12.9530045,0 80.1317328,12.9531417,0 80.1317786,12.9531419,0 80.1319848,12.9533709,0 80.1320306,12.9533711,0 80.1321222,12.9534399,0 80.1321909,12.9534402,0 80.1322138,12.9535087,0 80.1323055,12.9536004,0 80.1323284,12.9536917,0 80.1323971,12.9537376,0 80.1324430,12.9538062,0 80.1324889,12.9540117,0 80.1325347,12.9540575,0 80.1325806,12.9542630,0 80.1326723,12.9544003,0 80.1326723,12.9544687,0 80.1327182,12.9545374,0 80.1327182,12.9546286,0 80.1327641,12.9547201,0 80.1326725,12.9548337,0 80.1326039,12.9548791,0 80.1324665,12.9549241,0 80.1324437,12.9549697,0 80.1323292,12.9549692,0 80.1323292,12.9549920,0 80.1321460,12.9549684,0 80.1320544,12.9548768,0 80.1320086,12.9548766,0 80.1319398,12.9547851,0 80.1318482,12.9547619,0 80.1317337,12.9546245,0 80.1316879,12.9546244,0 80.1316191,12.9545328,0 80.1315733,12.9545326,0 80.1312756,12.9543489,0 80.1311382,12.9543483,0 80.1311382,12.9543712,0 80.1310237,12.9543707,0 80.1309322,12.9543931,0 80.1308864,12.9544386,0 80.1305430,12.9545740,0 80.1305202,12.9546195,0 80.1303828,12.9546646,0 80.1303142,12.9547099,0 80.1302455,12.9548009,0 80.1300624,12.9549370,0 80.1299938,12.9550508,0 80.1299022,12.9550276,0 80.1294443,12.9550257,0 80.1294443,12.9550485,0 80.1293298,12.9550481,0 80.1292383,12.9550705,0 80.1291696,12.9551158,0 80.1288949,12.9551603,0 80.1288262,12.9552057,0 80.1286431,12.9552277,0 80.1285286,12.9552957,0 80.1284599,12.9552954,0 80.1284371,12.9553409,0 80.1282539,12.9554086,0 80.1282311,12.9554541,0 80.1281624,12.9554767,0 80.1281624,12.9555451,0 80.1281166,12.9555677,0 80.1280709,12.9557044,0 80.1277506,12.9559997,0 80.1276361,12.9560220,0 80.1276132,12.9560675,0 80.1275217,12.9560900,0 80.1274071,12.9559526,0 80.1272926,12.9559065,0 80.1266511,12.9552423,0 80.1266053,12.9551737,0 80.1265823,12.9550823,0 80.1265365,12.9550593,0 80.1264448,12.9548080,0 80.1263760,12.9547165,0 80.1263760,12.9545568,0 80.1263988,12.9545569,0 80.1263988,12.9544200,0 80.1264217,12.9544201,0 80.1264216,12.9543060,0 80.1264673,12.9542378,0 80.1264673,12.9541466,0 80.1265816,12.9538733,0 80.1265816,12.9537820,0 80.1266273,12.9537138,0 80.1266273,12.9536225,0 80.1266730,12.9535543,0 80.1266730,12.9534630,0 80.1267187,12.9533948,0 80.1267643,12.9531212,0 80.1267872,12.9531213,0 80.1267871,12.9529616,0 80.1268100,12.9529617,0 80.1268099,12.9527336,0 80.1267870,12.9527335,0 80.1267869,12.9526194,0 80.1267640,12.9525281,0 80.1266723,12.9523224,0 80.1266723,12.9522540,0 80.1266264,12.9522082,0 80.1266264,12.9521397,0 80.1265118,12.9519567,0 80.1265118,12.9519111,0 80.1263514,12.9517964,0 80.1262827,12.9517049,0 80.1262369,12.9517047,0 80.1261682,12.9516131,0 80.1259849,12.9515211,0 80.1259620,12.9514754,0 80.1258704,12.9514522,0 80.1258246,12.9513836,0 80.1257330,12.9513604,0 80.1257101,12.9513147,0 80.1254582,12.9512224,0 80.1254581,12.9511996,0 80.1253208,12.9511990,0 80.1253208,12.9511762,0 80.1251605,12.9511755,0 80.1251605,12.9511527,0 80.1248170,12.9511513,0 80.1248170,12.9511285,0 80.1246567,12.9511278,0 80.1245880,12.9510819,0 80.1244964,12.9510815,0 80.1240842,12.9509202,0 80.1239926,12.9509198,0 80.1239239,12.9508739,0 80.1238552,12.9508736,0 80.1235575,12.9506899,0 80.1234201,12.9506437,0 80.1233971,12.9505979,0 80.1232597,12.9505518,0 80.1231910,12.9504830,0 80.1231223,12.9504828,0 80.1230078,12.9504138,0 80.1228933,12.9504134,0 80.1228933,12.9503906,0 80.1227788,12.9503901,0 80.1227788,12.9503673,0 80.1226643,12.9503668,0 80.1226643,12.9503440,0 80.1225269,12.9503434,0 80.1225269,12.9503206,0 80.1223896,12.9503200,0 80.1222979,12.9502740,0 80.1221835,12.9502736,0 80.1219087,12.9501812,0 80.1217942,12.9501807,0 80.1216110,12.9501115,0 80.1214278,12.9501108,0 80.1214278,12.9500879,0 80.1211759,12.9500869,0 80.1211759,12.9500641,0 80.1209012,12.9500630,0 80.1209011,12.9500401,0 80.1206493,12.9500391,0 80.1206493,12.9500163,0 80.1204203,12.9500153,0 80.1204203,12.9499925,0 80.1201456,12.9499914,0 80.1201455,12.9499686,0 80.1199853,12.9499679,0 80.1198937,12.9499219,0 80.1198021,12.9499215,0 80.1196647,12.9498525,0 80.1195502,12.9498293,0 80.1195043,12.9497606,0 80.1194127,12.9497374,0 80.1193669,12.9496688,0 80.1193211,12.9496686,0 80.1192065,12.9494856,0 80.1192065,12.9494172,0</coordinates></LinearRing></outerBoundaryIs></Polygon></MultiGeometry></Placemark>
<Placemark><name>31</name><ExtendedData><SchemaData schemaUrl="#tambaram_wards"><SimpleData name="id_2">TMB_31</SimpleData><SimpleData name="name">31</SimpleData><SimpleData name="zone">1</SimpleData></SchemaData></ExtendedData><MultiGeometry><Polygon><outerBoundaryIs><LinearRing><coordinates>80.1015313,12.9503480,0 80.1016227,12.9501202,0 80.1018515,12.9499158,0 80.1024466,12.9495533,0 80.1024695,12.9495078,0 80.1025611,12.9494853,0 80.1026068,12.9494171,0 80.1035452,12.9488278,0 80.1035681,12.9487823,0 80.1036597,12.9487599,0 80.1040258,12.9484876,0 80.1040716,12.9484878,0 80.1041174,12.9484196,0 80.1043005,12.9483291,0 80.1043234,12.9482836,0 80.1046896,12.9481710,0 80.1048041,12.9481715,0 80.1048957,12.9481262,0 80.1050102,12.9481267,0 80.1050101,12.9481039,0 80.1051246,12.9481044,0 80.1052162,12.9480591,0 80.1053307,12.9480596,0 80.1053307,12.9480368,0 80.1054451,12.9480373,0 80.1054451,12.9480144,0 80.1055825,12.9480150,0 80.1057198,12.9479700,0 80.1058113,12.9477878,0 80.1058800,12.9476969,0 80.1059028,12.9475373,0 80.1059943,12.9474464,0 80.1060400,12.9473097,0 80.1061315,12.9472188,0 80.1061544,12.9471277,0 80.1062230,12.9470823,0 80.1064062,12.9470603,0 80.1064062,12.9470375,0 80.1065436,12.9470380,0 80.1065435,12.9470152,0 80.1066580,12.9470157,0 80.1066580,12.9469929,0 80.1067725,12.9469934,0 80.1067725,12.9469706,0 80.1068870,12.9469710,0 80.1068869,12.9469482,0 80.1070930,12.9469491,0 80.1070930,12.9469719,0 80.1072533,12.9469725,0 80.1072533,12.9469954,0 80.1074136,12.9469960,0 80.1074136,12.9470188,0 80.1075281,12.9470193,0 80.1075968,12.9470652,0 80.1077800,12.9470660,0 80.1077799,12.9470432,0 80.1079173,12.9470437,0 80.1079173,12.9470209,0 80.1080318,12.9470214,0 80.1080318,12.9469986,0 80.1081692,12.9469991,0 80.1081691,12.9469763,0 80.1082836,12.9469768,0 80.1082836,12.9469540,0 80.1084210,12.9469546,0 80.1084210,12.9469317,0 80.1085355,12.9469322,0 80.1085354,12.9469094,0 80.1086499,12.9469099,0 80.1086499,12.9468871,0 80.1087644,12.9468875,0 80.1087644,12.9468647,0 80.1088789,12.9468652,0 80.1088788,12.9468424,0 80.1089933,12.9468429,0 80.1089933,12.9468200,0 80.1091078,12.9468205,0 80.1091078,12.9467977,0 80.1092223,12.9467982,0 80.1092222,12.9467754,0 80.1093596,12.9467759,0 80.1093596,12.9467531,0 80.1094741,12.9467536,0 80.1094741,12.9467308,0 80.1096801,12.9467316,0 80.1096801,12.9467088,0 80.1098862,12.9467097,0 80.1098862,12.9466869,0 80.1100693,12.9466876,0 80.1100693,12.9466648,0 80.1103899,12.9466661,0 80.1104357,12.9467119,0 80.1110310,12.9467144,0 80.1110768,12.9468058,0 80.1111227,12.9468288,0 80.1111456,12.9468974,0 80.1111914,12.9469204,0 80.1113288,12.9469209,0 80.1113288,12.9469437,0 80.1115806,12.9469448,0 80.1115807,12.9469676,0 80.1118325,12.9469686,0 80.1118325,12.9469915,0 80.1124049,12.9469938,0 80.1124507,12.9469484,0 80.1125194,12.9469487,0 80.1126109,12.9468806,0 80.1126796,12.9468581,0 80.1128628,12.9468588,0 80.1128628,12.9468360,0 80.1130459,12.9468368,0 80.1130459,12.9468140,0 80.1131604,12.9468144,0 80.1131604,12.9467916,0 80.1133207,12.9467923,0 80.1133206,12.9467695,0 80.1136183,12.9467707,0 80.1136183,12.9467935,0 80.1138015,12.9467943,0 80.1138015,12.9468171,0 80.1139847,12.9468178,0 80.1139847,12.9468407,0 80.1141449,12.9468413,0 80.1141450,12.9468641,0 80.1143281,12.9468649,0 80.1143281,12.9468877,0 80.1145113,12.9468885,0 80.1145113,12.9469113,0 80.1147174,12.9469121,0 80.1147174,12.9469349,0 80.1148777,12.9469356,0 80.1148777,12.9469584,0 80.1149922,12.9469589,0 80.1150609,12.9470960,0 80.1151067,12.9471190,0 80.1151297,12.9472104,0 80.1152672,12.9473706,0 80.1152901,12.9474620,0 80.1153359,12.9474850,0 80.1153818,12.9476220,0 80.1154276,12.9476907,0 80.1154963,12.9477366,0 80.1155193,12.9478279,0 80.1155651,12.9478509,0 80.1156110,12.9479880,0 80.1156339,12.9479881,0 80.1156339,12.9481021,0 80.1155653,12.9481703,0 80.1155653,12.9482159,0 80.1154966,12.9482613,0 80.1154509,12.9483751,0 80.1153822,12.9484205,0 80.1153823,12.9484661,0 80.1153136,12.9485114,0 80.1153136,12.9485571,0 80.1152450,12.9486024,0 80.1152450,12.9486480,0 80.1151535,12.9487389,0 80.1151535,12.9488302,0 80.1152223,12.9489673,0 80.1152453,12.9490815,0 80.1154743,12.9492193,0 80.1154972,12.9492650,0 80.1157720,12.9493802,0 80.1157720,12.9493574,0 80.1159094,12.9493580,0 80.1159094,12.9493352,0 80.1161613,12.9493362,0 80.1162300,12.9493593,0 80.1162987,12.9494964,0 80.1163217,12.9495878,0 80.1163219,12.9499300,0 80.1163448,12.9499301,0 80.1163448,12.9500441,0 80.1164136,12.9501813,0 80.1164823,12.9501588,0 80.1166426,12.9501594,0 80.1167112,12.9501369,0 80.1168028,12.9500460,0 80.1169859,12.9500240,0 80.1170317,12.9500470,0 80.1171004,12.9499788,0 80.1172148,12.9499793,0 80.1172148,12.9499565,0 80.1173522,12.9499570,0 80.1173522,12.9499342,0 80.1175125,12.9499349,0 80.1175811,12.9498896,0 80.1176727,12.9498899,0 80.1178101,12.9498221,0 80.1179016,12.9498224,0 80.1180390,12.9497546,0 80.1181306,12.9497550,0 80.1182679,12.9496871,0 80.1183595,12.9496875,0 80.1184968,12.9496196,0 80.1185884,12.9496200,0 80.1187257,12.9495521,0 80.1188173,12.9495525,0 80.1189547,12.9494846,0 80.1190462,12.9494850,0 80.1190920,12.9494395,0 80.1192065,12.9494172,0 80.1192065,12.9494856,0 80.1193211,12.9496686,0 80.1193669,12.9496688,0 80.1194127,12.9497374,0 80.1195043,12.9497606,0 80.1195502,12.9498293,0 80.1196647,12.9498525,0 80.1198021,12.9499215,0 80.1198937,12.9499219,0 80.1199853,12.9499679,0 80.1201455,12.9499686,0 80.1201456,12.9499914,0 80.1204203,12.9499925,0 80.1204203,12.9500153,0 80.1206493,12.9500163,0 80.1206493,12.9500391,0 80.1209011,12.9500401,0 80.1209012,12.9500630,0 80.1211759,12.9500641,0 80.1211759,12.9500869,0 80.1214278,12.9500879,0 80.1214278,12.9501108,0 80.1216110,12.9501115,0 80.1217942,12.9501807,0 80.1219087,12.9501812,0 80.1221835,12.9502736,0 80.1222979,12.9502740,0 80.1223896,12.9503200,0 80.1225269,12.9503206,0 80.1225269,12.9503434,0 80.1226643,12.9503440,0 80.1226643,12.9503668,0 80.1227788,12.9503673,0 80.1227788,12.9503901,0 80.1228933,12.9503906,0 80.1228933,12.9504134,0 80.1230078,12.9504138,0 80.1231223,12.9504828,0 80.1231910,12.9504830,0 80.1232597,12.9505518,0 80.1233971,12.9505979,0 80.1234201,12.9506437,0 80.1235575,12.9506899,0 80.1238552,12.9508736,0 80.1239239,12.9508739,0 80.1239926,12.9509198,0 80.1240842,12.9509202,0 80.1244964,12.9510815,0 80.1245880,12.9510819,0 80.1246567,12.9511278,0 80.1248170,12.9511285,0 80.1248170,12.9511513,0 80.1251605,12.9511527,0 80.1251605,12.9511755,0 80.1253208,12.9511762,0 80.1253208,12.9511990,0 80.1254581,12.9511996,0 80.1254582,12.9512224,0 80.1257101,12.9513147,0 80.1257330,12.9513604,0 80.1258246,12.9513836,0 80.1258704,12.9514522,0 80.1259620,12.9514754,0 80.1259849,12.9515211,0 80.1261682,12.9516131,0 80.1262369,12.9517047,0 80.1262827,12.9517049,0 80.1263514,12.9517964,0 80.1265118,12.9519111,0 80.1265118,12.9519567,0 80.1266264,12.9521397,0 80.1266264,12.9522082,0 80.1266723,12.9522540,0 80.1266723,12.9523224,0 80.1267640,12.9525281,0 80.1267869,12.9526194,0 80.1267870,12.9527335,0 80.1268099,12.9527336,0 80.1268100,12.9529617,0 80.1267871,12.9529616,0 80.1267872,12.9531213,0 80.1267643,12.9531212,0 80.1267187,12.9533948,0 80.1266730,12.9534630,0 80.1266730,12.9535543,0 80.1266273,12.9536225,0 80.1266273,12.9537138,0 80.1265816,12.9537820,0 80.1265816,12.9538733,0 80.1264673,12.9541466,0 80.1264673,12.9542378,0 80.1264216,12.9543060,0 80.1264217,12.9544201,0 80.1263988,12.9544200,0 80.1263988,12.9545569,0 80.1263760,12.9545568,0 80.1263760,12.9547165,0 80.1264448,12.9548080,0 80.1265365,12.9550593,0 80.1265823,12.9550823,0 80.1266053,12.9551737,0 80.1266511,12.9552423,0 80.1272926,12.9559065,0 80.1274071,12.9559526,0 80.1275217,12.9560900,0 80.1276132,12.9560675,0 80.1276361,12.9560220,0 80.1277506,12.9559997,0 80.1280709,12.9557044,0 80.1281166,12.9555677,0 80.1281624,12.9555451,0 80.1281624,12.9554767,0 80.1282311,12.9554541,0 80.1282539,12.9554086,0 80.1284371,12.9553409,0 80.1284599,12.9552954,0 80.1285286,12.9552957,0 80.1286431,12.9552277,0 80.1288262,12.9552057,0 80.1288949,12.9551603,0 80.1291696,12.9551158,0 80.1292383,12.9550705,0 80.1293298,12.9550481,0 80.1294443,12.9550485,0 80.1294443,12.9550257,0 80.1299022,12.9550276,0 80.1299938,12.9550508,0 80.1300397,12.9551879,0 80.1300398,12.9553019,0 80.1300627,12.9553020,0 80.1300627,12.9554389,0 80.1300856,12.9554390,0 80.1300857,12.9556215,0 80.1301086,12.9556216,0 80.1301088,12.9558269,0 80.1301317,12.9558270,0 80.1302006,12.9561923,0 80.1302464,12.9562609,0 80.1303382,12.9566263,0 80.1303840,12.9566721,0 80.1303840,12.9567405,0 80.1305904,12.9572889,0 80.1305905,12.9573801,0 80.1306592,12.9574717,0 80.1307510,12.9577230,0 80.1309342,12.9579290,0 80.1310030,12.9579750,0 80.1310716,12.9579752,0 80.1311404,12.9580440,0 80.1312090,12.9579986,0 80.1313006,12.9579762,0 80.1313235,12.9579307,0 80.1314151,12.9579310,0 80.1314609,12.9579768,0 80.1315525,12.9579772,0 80.1316212,12.9580231,0 80.1317128,12.9580235,0 80.1317586,12.9580693,0 80.1317587,12.9582746,0 80.1318504,12.9584119,0 80.1318504,12.9584803,0 80.1318962,12.9585261,0 80.1320109,12.9588232,0 80.1319422,12.9588913,0 80.1319423,12.9589370,0 80.1318507,12.9590050,0 80.1318507,12.9590506,0 80.1317592,12.9590959,0 80.1316677,12.9592096,0 80.1316219,12.9592094,0 80.1313701,12.9593680,0 80.1312327,12.9593903,0 80.1311870,12.9594357,0 80.1306833,12.9595705,0 80.1305460,12.9596612,0 80.1303400,12.9597288,0 80.1301798,12.9598650,0 80.1300425,12.9599100,0 80.1300196,12.9599556,0 80.1299509,12.9599553,0 80.1298822,12.9600234,0 80.1297907,12.9600687,0 80.1297220,12.9600684,0 80.1296762,12.9601138,0 80.1295618,12.9601134,0 80.1285545,12.9603830,0 80.1284400,12.9603825,0 80.1284400,12.9604053,0 80.1282568,12.9604045,0 80.1282569,12.9604274,0 80.1281195,12.9604268,0 80.1281195,12.9604496,0 80.1279592,12.9604489,0 80.1279592,12.9604717,0 80.1278219,12.9604712,0 80.1278219,12.9604940,0 80.1276387,12.9604932,0 80.1276387,12.9605160,0 80.1274784,12.9605154,0 80.1274785,12.9605382,0 80.1273411,12.9605376,0 80.1273411,12.9605604,0 80.1271579,12.9605597,0 80.1271579,12.9605825,0 80.1270206,12.9605819,0 80.1270206,12.9606047,0 80.1268603,12.9606041,0 80.1268603,12.9606269,0 80.1267230,12.9606491,0 80.1266314,12.9607628,0 80.1265399,12.9607624,0 80.1265169,12.9607167,0 80.1261735,12.9607153,0 80.1261048,12.9607835,0 80.1258530,12.9608737,0 80.1256471,12.9610097,0 80.1255784,12.9610094,0 80.1252350,12.9611449,0 80.1251434,12.9611445,0 80.1249374,12.9612349,0 80.1245024,12.9613472,0 80.1244567,12.9613926,0 80.1241591,12.9614826,0 80.1241362,12.9615281,0 80.1240446,12.9615506,0 80.1240218,12.9615961,0 80.1239302,12.9616185,0 80.1239073,12.9616641,0 80.1235869,12.9617996,0 80.1232894,12.9620721,0 80.1231979,12.9622086,0 80.1230147,12.9622079,0 80.1230147,12.9622307,0 80.1228773,12.9622301,0 80.1228774,12.9622529,0 80.1227171,12.9622523,0 80.1227171,12.9622751,0 80.1224195,12.9623423,0 80.1222822,12.9625014,0 80.1222364,12.9625012,0 80.1220534,12.9627058,0 80.1220076,12.9627056,0 80.1219618,12.9627738,0 80.1218702,12.9627963,0 80.1218474,12.9628418,0 80.1217558,12.9628642,0 80.1217329,12.9629098,0 80.1215040,12.9630001,0 80.1208862,12.9636363,0 80.1208404,12.9636361,0 80.1207718,12.9637270,0 80.1207260,12.9637269,0 80.1204285,12.9639309,0 80.1203598,12.9639307,0 80.1202911,12.9639988,0 80.1202454,12.9640899,0 80.1200852,12.9641805,0 80.1200852,12.9642489,0 80.1199936,12.9642713,0 80.1194902,12.9647939,0 80.1194216,12.9648393,0 80.1193300,12.9648617,0 80.1193071,12.9649072,0 80.1192155,12.9649297,0 80.1191927,12.9649752,0 80.1190096,12.9650429,0 80.1189638,12.9651111,0 80.1189180,12.9651110,0 80.1187350,12.9653155,0 80.1186892,12.9653153,0 80.1186434,12.9653836,0 80.1185976,12.9653834,0 80.1185519,12.9654516,0 80.1185061,12.9654514,0 80.1184145,12.9655195,0 80.1183458,12.9655192,0 80.1182772,12.9655646,0 80.1181856,12.9655870,0 80.1178651,12.9656997,0 80.1178423,12.9657453,0 80.1177507,12.9657677,0 80.1177278,12.9658132,0 80.1176363,12.9658357,0 80.1175676,12.9658810,0 80.1175218,12.9659492,0 80.1174760,12.9659491,0 80.1174074,12.9660400,0 80.1173616,12.9660398,0 80.1172701,12.9661535,0 80.1172243,12.9661533,0 80.1169955,12.9664033,0 80.1169497,12.9664031,0 80.1169039,12.9664714,0 80.1168582,12.9664712,0 80.1168124,12.9665394,0 80.1167437,12.9665848,0 80.1166522,12.9666072,0 80.1166293,12.9666527,0 80.1164919,12.9666750,0 80.1164462,12.9667204,0 80.1162859,12.9667654,0 80.1160570,12.9667644,0 80.1160570,12.9667873,0 80.1159425,12.9667868,0 80.1159425,12.9668096,0 80.1156220,12.9669451,0 80.1155992,12.9669907,0 80.1155076,12.9670359,0 80.1154389,12.9670356,0 80.1153016,12.9671263,0 80.1152329,12.9671260,0 80.1151643,12.9671714,0 80.1150727,12.9671938,0 80.1148208,12.9671928,0 80.1148208,12.9672156,0 80.1146606,12.9672149,0 80.1145461,12.9672829,0 80.1144774,12.9672826,0 80.1142715,12.9675099,0 80.1141342,12.9676006,0 80.1139510,12.9675542,0 80.1139052,12.9675084,0 80.1137907,12.9674851,0 80.1136075,12.9673931,0 80.1136075,12.9675071,0 80.1135846,12.9675070,0 80.1135846,12.9673930,0 80.1133556,12.9673236,0 80.1133097,12.9672778,0 80.1128976,12.9672761,0 80.1128289,12.9672530,0 80.1126686,12.9672523,0 80.1126229,12.9672978,0 80.1126228,12.9672293,0 80.1125770,12.9672291,0 80.1124166,12.9669319,0 80.1122563,12.9669084,0 80.1121647,12.9668624,0 80.1121648,12.9669765,0 80.1121419,12.9669764,0 80.1121418,12.9668395,0 80.1120960,12.9668393,0 80.1120502,12.9667707,0 80.1120044,12.9667705,0 80.1119585,12.9667019,0 80.1118669,12.9666559,0 80.1118670,12.9667699,0 80.1118441,12.9667699,0 80.1118440,12.9666102,0 80.1117753,12.9665871,0 80.1117066,12.9664955,0 80.1116150,12.9664723,0 80.1115462,12.9664264,0 80.1115004,12.9663578,0 80.1113859,12.9663117,0 80.1113631,12.9664029,0 80.1113630,12.9662888,0 80.1113172,12.9662202,0 80.1112714,12.9662200,0 80.1112026,12.9661285,0 80.1111339,12.9661282,0 80.1110881,12.9660595,0 80.1110423,12.9660594,0 80.1108590,12.9658533,0 80.1108132,12.9658531,0 80.1107445,12.9657616,0 80.1106987,12.9657614,0 80.1106070,12.9656469,0 80.1104925,12.9656008,0 80.1104467,12.9655322,0 80.1104467,12.9654638,0 80.1103551,12.9654406,0 80.1102634,12.9653490,0 80.1102635,12.9654630,0 80.1102406,12.9654629,0 80.1102405,12.9653489,0 80.1100573,12.9652340,0 80.1100115,12.9651654,0 80.1099657,12.9651652,0 80.1099428,12.9652336,0 80.1099428,12.9651195,0 80.1098741,12.9650964,0 80.1098282,12.9650278,0 80.1097824,12.9650276,0 80.1097825,12.9651873,0 80.1097596,12.9651872,0 80.1097595,12.9650047,0 80.1095076,12.9648440,0 80.1094846,12.9647982,0 80.1094389,12.9648209,0 80.1094389,12.9648893,0 80.1093702,12.9648890,0 80.1093472,12.9647520,0 80.1091869,12.9647058,0 80.1091641,12.9648425,0 80.1090954,12.9648423,0 80.1091182,12.9646827,0 80.1090038,12.9646822,0 80.1090037,12.9646594,0 80.1088435,12.9646587,0 80.1088206,12.9646358,0 80.1088206,12.9647499,0 80.1087977,12.9646585,0 80.1085458,12.9645891,0 80.1085229,12.9645433,0 80.1084313,12.9645430,0 80.1083397,12.9644970,0 80.1083397,12.9646110,0 80.1083168,12.9646109,0 80.1083168,12.9644969,0 80.1080649,12.9644274,0 80.1078815,12.9641072,0 80.1078357,12.9640842,0 80.1076294,12.9636271,0 80.1076064,12.9635586,0 80.1075606,12.9635584,0 80.1075607,12.9637181,0 80.1075378,12.9637180,0 80.1075377,12.9634215,0 80.1074689,12.9632843,0 80.1074460,12.9631930,0 80.1074459,12.9630789,0 80.1074000,12.9629190,0 80.1073542,12.9628732,0 80.1073541,12.9627820,0 80.1073083,12.9627133,0 80.1072853,12.9625307,0 80.1072395,12.9625077,0 80.1072394,12.9623937,0 80.1071936,12.9623479,0 80.1071936,12.9622794,0 80.1071477,12.9622336,0 80.1071248,12.9620738,0 80.1070789,12.9620280,0 80.1070789,12.9619596,0 80.1070102,12.9619593,0 80.1068270,12.9618445,0 80.1067354,12.9618441,0 80.1067125,12.9617756,0 80.1065522,12.9617293,0 80.1065063,12.9616835,0 80.1064147,12.9616831,0 80.1063918,12.9616374,0 80.1062316,12.9616823,0 80.1061859,12.9618190,0 80.1061172,12.9618643,0 80.1060715,12.9620010,0 80.1060028,12.9620692,0 80.1059113,12.9620916,0 80.1056594,12.9620906,0 80.1055678,12.9620446,0 80.1055678,12.9619990,0 80.1054533,12.9619529,0 80.1054532,12.9618616,0 80.1054074,12.9617930,0 80.1053387,12.9617471,0 80.1052699,12.9616099,0 80.1051554,12.9615638,0 80.1051783,12.9615183,0 80.1050866,12.9614495,0 80.1050637,12.9613809,0 80.1050636,12.9612441,0 80.1050407,12.9612440,0 80.1050407,12.9611299,0 80.1050178,12.9611298,0 80.1050177,12.9609473,0 80.1049948,12.9609472,0 80.1049949,12.9611982,0 80.1049720,12.9611524,0 80.1049717,12.9606506,0 80.1048800,12.9605133,0 80.1048800,12.9603992,0 80.1048342,12.9603762,0 80.1048112,12.9602393,0 80.1047424,12.9601477,0 80.1047424,12.9600793,0 80.1046966,12.9600335,0 80.1046968,12.9603529,0 80.1046739,12.9603528,0 80.1046736,12.9598737,0 80.1046048,12.9597594,0 80.1046048,12.9596681,0 80.1045360,12.9595310,0 80.1045131,12.9594396,0 80.1045133,12.9598730,0 80.1044904,12.9598729,0 80.1044901,12.9593483,0 80.1044214,12.9592339,0 80.1043984,12.9591426,0 80.1043983,12.9590285,0 80.1043067,12.9588913,0 80.1043066,12.9588000,0 80.1042608,12.9587314,0 80.1042608,12.9586629,0 80.1042149,12.9586171,0 80.1042152,12.9590734,0 80.1041923,12.9590733,0 80.1041920,12.9585030,0 80.1041461,12.9584343,0 80.1041231,12.9582518,0 80.1041002,12.9582517,0 80.1041002,12.9581148,0 80.1040772,12.9580234,0 80.1040085,12.9580003,0 80.1039627,12.9579089,0 80.1039626,12.9577720,0 80.1039397,12.9577719,0 80.1039396,12.9576579,0 80.1038938,12.9576121,0 80.1038937,12.9574752,0 80.1038708,12.9574751,0 80.1038707,12.9573382,0 80.1038478,12.9573381,0 80.1038478,12.9572012,0 80.1038019,12.9571554,0 80.1038019,12.9570414,0 80.1037790,12.9570413,0 80.1037789,12.9569044,0 80.1037560,12.9569043,0 80.1037559,12.9567674,0 80.1037330,12.9567673,0 80.1037329,12.9565392,0 80.1037558,12.9565393,0 80.1037556,12.9562427,0 80.1037327,12.9562426,0 80.1037328,12.9563567,0 80.1037099,12.9563566,0 80.1037098,12.9561513,0 80.1036639,12.9560827,0 80.1035952,12.9560368,0 80.1035723,12.9559682,0 80.1034807,12.9558994,0 80.1034806,12.9558538,0 80.1033890,12.9557850,0 80.1033890,12.9557394,0 80.1033203,12.9556934,0 80.1033202,12.9556478,0 80.1032515,12.9556019,0 80.1032057,12.9554877,0 80.1031141,12.9554188,0 80.1031140,12.9553732,0 80.1030453,12.9553273,0 80.1030224,12.9552588,0 80.1028620,12.9551212,0 80.1028390,12.9549843,0 80.1028161,12.9549842,0 80.1028161,12.9548701,0 80.1027931,12.9547788,0 80.1027473,12.9547330,0 80.1027014,12.9544590,0 80.1026555,12.9543904,0 80.1026326,12.9542991,0 80.1026320,12.9533409,0 80.1026549,12.9533410,0 80.1026548,12.9532041,0 80.1025632,12.9531581,0 80.1023343,12.9531572,0 80.1023342,12.9531344,0 80.1018992,12.9531326,0 80.1018992,12.9531554,0 80.1017619,12.9531548,0 80.1016702,12.9530860,0 80.1016473,12.9529490,0 80.1016244,12.9529490,0 80.1016242,12.9526068,0 80.1016012,12.9525154,0 80.1015554,12.9524468,0 80.1015324,12.9522642,0 80.1014636,12.9521727,0 80.1014636,12.9521042,0 80.1013719,12.9519670,0 80.1013719,12.9518985,0 80.1013031,12.9518070,0 80.1012343,12.9515102,0 80.1011885,12.9514415,0 80.1011655,12.9513502,0 80.1011654,12.9511221,0 80.1013713,12.9509632,0 80.1014171,12.9509406,0 80.1014858,12.9508496,0 80.1015315,12.9508498,0 80.1016002,12.9507817,0 80.1016231,12.9507133,0 80.1016230,12.9505993,0 80.1016001,12.9505992,0 80.1016000,12.9504851,0 80.1015542,12.9504621,0 80.1015313,12.9503480,0</coordinates></LinearRing></outerBoundaryIs></Polygon></MultiGeometry></Placemark>
<Placemark><name>32</name><ExtendedData><SchemaData schemaUrl="#tambaram_wards"><SimpleData name="id_2">TMB_32</SimpleData><SimpleData name="name">32</SimpleData><SimpleData name="zone">4</SimpleData></SchemaData></ExtendedData><MultiGeometry><Polygon><outerBoundaryIs><LinearRing><coordinates>80.0990791,12.9463913,0 80.0991019,12.9462773,0 80.0991477,12.9462547,0 80.0991934,12.9461636,0 80.0991933,12.9460496,0 80.0992391,12.9459813,0 80.0992390,12.9458673,0 80.0989411,12.9454098,0 80.0989411,12.9453185,0 80.0988723,12.9452726,0 80.0988723,12.9452270,0 80.0988036,12.9451811,0 80.0988036,12.9451355,0 80.0987349,12.9450896,0 80.0987348,12.9450439,0 80.0986661,12.9449980,0 80.0986661,12.9449524,0 80.0985974,12.9449065,0 80.0985973,12.9448609,0 80.0984599,12.9447690,0 80.0984599,12.9447006,0 80.0983682,12.9445634,0 80.0983681,12.9444493,0 80.0983453,12.9444492,0 80.0983452,12.9443351,0 80.0982993,12.9442209,0 80.0983909,12.9441756,0 80.0984138,12.9441301,0 80.0985053,12.9441077,0 80.0985740,12.9440395,0 80.0986427,12.9440398,0 80.0986884,12.9439944,0 80.0987571,12.9439947,0 80.0990775,12.9437907,0 80.0991691,12.9437682,0 80.0991920,12.9437227,0 80.0992836,12.9437003,0 80.0995124,12.9435187,0 80.0995582,12.9435189,0 80.0996040,12.9434507,0 80.1014349,12.9422720,0 80.1014807,12.9422037,0 80.1023504,12.9416598,0 80.1024420,12.9415461,0 80.1025335,12.9415237,0 80.1025564,12.9414782,0 80.1026480,12.9414557,0 80.1026708,12.9414102,0 80.1027624,12.9413878,0 80.1028311,12.9413424,0 80.1029683,12.9411833,0 80.1030828,12.9411382,0 80.1031286,12.9410699,0 80.1032430,12.9410248,0 80.1032888,12.9409565,0 80.1034032,12.9409114,0 80.1034490,12.9408431,0 80.1035634,12.9407980,0 80.1036092,12.9407297,0 80.1037236,12.9406846,0 80.1037694,12.9406163,0 80.1038838,12.9405712,0 80.1039296,12.9405029,0 80.1040440,12.9404578,0 80.1040898,12.9403895,0 80.1042042,12.9403444,0 80.1042500,12.9402761,0 80.1043645,12.9402310,0 80.1044102,12.9401627,0 80.1045247,12.9401176,0 80.1045704,12.9400493,0 80.1046162,12.9400495,0 80.1046620,12.9399812,0 80.1047077,12.9399814,0 80.1047535,12.9399132,0 80.1047993,12.9399134,0 80.1048450,12.9398451,0 80.1048908,12.9398453,0 80.1049366,12.9397771,0 80.1049824,12.9397773,0 80.1050281,12.9397090,0 80.1050739,12.9397092,0 80.1051197,12.9396409,0 80.1051655,12.9396411,0 80.1052341,12.9395502,0 80.1052799,12.9395504,0 80.1053485,12.9394594,0 80.1053943,12.9394596,0 80.1056231,12.9392096,0 80.1056689,12.9392098,0 80.1057376,12.9391416,0 80.1059895,12.9391883,0 80.1059895,12.9392111,0 80.1061040,12.9392116,0 80.1061040,12.9392344,0 80.1062413,12.9392350,0 80.1062413,12.9392121,0 80.1064016,12.9392128,0 80.1064016,12.9391900,0 80.1065619,12.9391907,0 80.1065619,12.9391678,0 80.1067221,12.9391685,0 80.1067221,12.9391457,0 80.1068824,12.9391464,0 80.1068824,12.9391235,0 80.1070655,12.9391243,0 80.1070655,12.9391015,0 80.1072258,12.9391021,0 80.1072258,12.9390793,0 80.1073861,12.9390800,0 80.1073860,12.9390572,0 80.1075692,12.9390579,0 80.1075692,12.9390351,0 80.1077066,12.9390357,0 80.1077066,12.9390129,0 80.1078897,12.9390136,0 80.1078897,12.9389908,0 80.1080500,12.9389915,0 80.1080500,12.9389687,0 80.1082103,12.9389693,0 80.1082102,12.9389465,0 80.1083705,12.9389472,0 80.1083705,12.9389244,0 80.1085308,12.9389250,0 80.1085308,12.9389022,0 80.1087139,12.9389030,0 80.1087139,12.9388802,0 80.1088742,12.9388808,0 80.1088742,12.9388580,0 80.1090344,12.9388587,0 80.1090344,12.9388359,0 80.1091947,12.9388365,0 80.1091947,12.9388137,0 80.1093779,12.9388145,0 80.1093778,12.9387917,0 80.1095381,12.9387923,0 80.1095381,12.9387695,0 80.1097213,12.9387703,0 80.1097213,12.9387475,0 80.1099044,12.9387482,0 80.1099044,12.9387254,0 80.1100876,12.9387262,0 80.1100876,12.9387033,0 80.1102707,12.9387041,0 80.1102707,12.9386813,0 80.1104539,12.9386820,0 80.1104539,12.9386592,0 80.1106371,12.9386600,0 80.1106370,12.9386372,0 80.1108202,12.9386379,0 80.1108202,12.9386151,0 80.1113010,12.9386171,0 80.1113010,12.9386399,0 80.1114842,12.9386407,0 80.1115529,12.9386866,0 80.1116216,12.9386869,0 80.1116674,12.9387327,0 80.1118048,12.9387332,0 80.1118048,12.9387561,0 80.1119651,12.9387567,0 80.1119651,12.9387795,0 80.1120796,12.9387800,0 80.1121712,12.9388944,0 80.1122170,12.9388946,0 80.1122629,12.9389633,0 80.1123086,12.9389635,0 80.1124003,12.9390551,0 80.1125606,12.9390557,0 80.1125606,12.9390786,0 80.1129727,12.9390803,0 80.1131329,12.9390353,0 80.1131787,12.9389899,0 80.1132703,12.9389902,0 80.1133389,12.9389221,0 80.1134305,12.9388768,0 80.1134304,12.9387628,0 80.1134533,12.9387629,0 80.1134530,12.9382382,0 80.1134301,12.9382381,0 80.1134300,12.9380328,0 80.1134071,12.9380327,0 80.1134070,12.9378730,0 80.1133841,12.9378729,0 80.1133840,12.9377132,0 80.1133611,12.9377131,0 80.1133611,12.9375762,0 80.1133382,12.9375761,0 80.1133380,12.9373708,0 80.1133151,12.9373707,0 80.1133150,12.9372111,0 80.1132922,12.9372110,0 80.1132921,12.9370513,0 80.1132692,12.9370512,0 80.1132690,12.9368231,0 80.1132461,12.9368230,0 80.1132460,12.9365948,0 80.1132689,12.9365949,0 80.1132688,12.9364809,0 80.1132917,12.9363897,0 80.1133603,12.9363672,0 80.1133832,12.9363217,0 80.1137495,12.9361635,0 80.1139326,12.9361414,0 80.1140013,12.9360961,0 80.1140700,12.9360964,0 80.1141615,12.9360283,0 80.1142302,12.9360286,0 80.1143218,12.9359833,0 80.1143905,12.9360064,0 80.1144134,12.9360522,0 80.1145508,12.9360984,0 80.1145508,12.9361212,0 80.1149171,12.9361227,0 80.1149171,12.9360999,0 80.1151003,12.9361006,0 80.1151003,12.9360778,0 80.1152148,12.9360783,0 80.1152147,12.9360555,0 80.1153292,12.9360559,0 80.1153292,12.9360331,0 80.1160848,12.9360362,0 80.1160848,12.9360591,0 80.1171609,12.9360635,0 80.1171609,12.9360407,0 80.1175043,12.9360421,0 80.1175043,12.9360193,0 80.1178249,12.9360206,0 80.1178249,12.9359978,0 80.1181683,12.9359992,0 80.1181683,12.9359764,0 80.1185117,12.9359778,0 80.1185117,12.9359550,0 80.1187636,12.9359561,0 80.1187636,12.9359333,0 80.1190612,12.9359345,0 80.1190612,12.9359573,0 80.1191986,12.9359579,0 80.1192673,12.9360038,0 80.1193818,12.9360042,0 80.1194276,12.9360272,0 80.1194505,12.9360730,0 80.1194507,12.9363239,0 80.1194736,12.9363240,0 80.1194738,12.9367802,0 80.1194967,12.9367803,0 80.1194971,12.9373735,0 80.1195200,12.9373736,0 80.1195203,12.9379439,0 80.1195432,12.9379440,0 80.1195433,12.9381265,0 80.1199105,12.9394967,0 80.1199105,12.9396108,0 80.1199335,12.9397021,0 80.1199793,12.9397708,0 80.1200022,12.9398621,0 80.1200023,12.9399762,0 80.1200941,12.9402503,0 80.1201171,12.9404101,0 80.1202087,12.9405473,0 80.1202088,12.9406158,0 80.1203004,12.9407530,0 80.1203005,12.9408215,0 80.1203921,12.9409587,0 80.1203922,12.9410271,0 80.1204838,12.9411644,0 80.1204839,12.9412328,0 80.1205755,12.9413701,0 80.1205756,12.9414385,0 80.1206672,12.9415758,0 80.1206673,12.9416442,0 80.1207589,12.9417815,0 80.1207590,12.9418499,0 80.1208506,12.9419872,0 80.1208507,12.9420556,0 80.1209424,12.9421928,0 80.1209424,12.9422613,0 80.1210111,12.9423528,0 80.1210112,12.9424213,0 80.1211028,12.9425585,0 80.1211029,12.9426269,0 80.1211945,12.9427642,0 80.1211946,12.9428326,0 80.1212862,12.9429699,0 80.1212863,12.9430383,0 80.1213780,12.9431756,0 80.1213780,12.9432440,0 80.1214697,12.9433813,0 80.1214697,12.9434497,0 80.1215843,12.9436327,0 80.1215843,12.9437011,0 80.1216531,12.9437927,0 80.1216531,12.9438611,0 80.1217448,12.9439983,0 80.1217448,12.9440668,0 80.1218365,12.9442040,0 80.1218365,12.9442725,0 80.1219282,12.9444097,0 80.1219282,12.9444782,0 80.1220199,12.9446154,0 80.1220199,12.9446838,0 80.1221116,12.9448211,0 80.1221116,12.9448895,0 80.1222033,12.9450268,0 80.1222033,12.9450952,0 80.1222950,12.9452325,0 80.1222950,12.9453009,0 80.1223867,12.9454382,0 80.1223867,12.9455066,0 80.1224784,12.9456439,0 80.1224784,12.9457123,0 80.1225701,12.9458496,0 80.1225702,12.9459180,0 80.1226618,12.9460552,0 80.1226619,12.9461237,0 80.1227306,12.9462152,0 80.1227306,12.9462837,0 80.1227994,12.9463752,0 80.1227994,12.9464436,0 80.1228682,12.9465352,0 80.1228682,12.9466036,0 80.1229369,12.9466951,0 80.1229370,12.9467636,0 80.1230057,12.9468551,0 80.1230058,12.9469235,0 80.1230745,12.9470151,0 80.1230745,12.9470835,0 80.1231433,12.9471750,0 80.1231433,12.9472435,0 80.1232350,12.9473807,0 80.1232350,12.9474492,0 80.1233038,12.9475407,0 80.1233038,12.9476091,0 80.1233726,12.9477007,0 80.1233726,12.9477691,0 80.1234413,12.9478606,0 80.1234414,12.9479291,0 80.1235101,12.9480206,0 80.1235102,12.9480891,0 80.1235789,12.9481806,0 80.1235789,12.9482490,0 80.1236477,12.9483406,0 80.1236706,12.9484319,0 80.1236707,12.9485460,0 80.1236936,12.9486145,0 80.1236021,12.9486141,0 80.1235105,12.9486594,0 80.1233960,12.9486589,0 80.1233045,12.9487041,0 80.1231900,12.9487037,0 80.1230984,12.9487489,0 80.1229839,12.9487484,0 80.1228924,12.9487937,0 80.1227779,12.9487932,0 80.1226863,12.9488385,0 80.1225719,12.9488380,0 80.1225719,12.9488608,0 80.1224574,12.9488603,0 80.1222743,12.9489280,0 80.1220911,12.9489272,0 80.1220911,12.9488816,0 80.1220224,12.9488357,0 80.1220223,12.9487673,0 80.1219765,12.9487443,0 80.1219077,12.9486071,0 80.1218620,12.9486297,0 80.1217475,12.9486293,0 80.1216788,12.9486518,0 80.1215873,12.9487199,0 80.1215186,12.9487196,0 80.1214728,12.9487650,0 80.1213125,12.9487872,0 80.1211752,12.9488550,0 80.1210836,12.9488547,0 80.1209463,12.9489225,0 80.1208547,12.9489221,0 80.1207860,12.9489675,0 80.1206945,12.9489671,0 80.1205571,12.9490350,0 80.1204655,12.9490346,0 80.1203282,12.9491025,0 80.1202366,12.9491021,0 80.1200993,12.9491700,0 80.1200077,12.9491696,0 80.1199390,12.9492149,0 80.1198474,12.9492145,0 80.1197788,12.9492599,0 80.1196872,12.9492595,0 80.1194812,12.9493499,0 80.1192065,12.9494172,0 80.1190920,12.9494395,0 80.1190462,12.9494850,0 80.1189547,12.9494846,0 80.1188173,12.9495525,0 80.1187257,12.9495521,0 80.1185884,12.9496200,0 80.1184968,12.9496196,0 80.1183595,12.9496875,0 80.1182679,12.9496871,0 80.1181306,12.9497550,0 80.1180390,12.9497546,0 80.1179016,12.9498224,0 80.1178101,12.9498221,0 80.1176727,12.9498899,0 80.1175811,12.9498896,0 80.1175125,12.9499349,0 80.1173522,12.9499342,0 80.1173522,12.9499570,0 80.1172148,12.9499565,0 80.1172148,12.9499793,0 80.1171004,12.9499788,0 80.1170317,12.9500470,0 80.1169859,12.9500240,0 80.1168028,12.9500460,0 80.1167112,12.9501369,0 80.1166426,12.9501594,0 80.1164823,12.9501588,0 80.1164136,12.9501813,0 80.1163448,12.9500441,0 80.1163448,12.9499301,0 80.1163219,12.9499300,0 80.1163217,12.9495878,0 80.1162987,12.9494964,0 80.1162300,12.9493593,0 80.1161613,12.9493362,0 80.1159094,12.9493352,0 80.1159094,12.9493580,0 80.1157720,12.9493574,0 80.1157720,12.9493802,0 80.1154972,12.9492650,0 80.1154743,12.9492193,0 80.1152453,12.9490815,0 80.1152223,12.9489673,0 80.1151535,12.9488302,0 80.1151535,12.9487389,0 80.1152450,12.9486480,0 80.1152450,12.9486024,0 80.1153136,12.9485571,0 80.1153136,12.9485114,0 80.1153823,12.9484661,0 80.1153822,12.9484205,0 80.1154509,12.9483751,0 80.1154966,12.9482613,0 80.1155653,12.9482159,0 80.1155653,12.9481703,0 80.1156339,12.9481021,0 80.1156339,12.9479881,0 80.1156110,12.9479880,0 80.1155651,12.9478509,0 80.1155193,12.9478279,0 80.1154963,12.9477366,0 80.1154276,12.9476907,0 80.1153818,12.9476220,0 80.1153359,12.9474850,0 80.1152901,12.9474620,0 80.1152672,12.9473706,0 80.1151297,12.9472104,0 80.1151067,12.9471190,0 80.1150609,12.9470960,0 80.1149922,12.9469589,0 80.1148777,12.9469584,0 80.1148777,12.9469356,0 80.1147174,12.9469349,0 80.1147174,12.9469121,0 80.1145113,12.9469113,0 80.1145113,12.9468885,0 80.1143281,12.9468877,0 80.1143281,12.9468649,0 80.1141450,12.9468641,0 80.1141449,12.9468413,0 80.1139847,12.9468407,0 80.1139847,12.9468178,0 80.1138015,12.9468171,0 80.1138015,12.9467943,0 80.1136183,12.9467935,0 80.1136183,12.9467707,0 80.1133206,12.9467695,0 80.1133207,12.9467923,0 80.1131604,12.9467916,0 80.1131604,12.9468144,0 80.1130459,12.9468140,0 80.1130459,12.9468368,0 80.1128628,12.9468360,0 80.1128628,12.9468588,0 80.1126796,12.9468581,0 80.1126109,12.9468806,0 80.1125194,12.9469487,0 80.1124507,12.9469484,0 80.1124049,12.9469938,0 80.1118325,12.9469915,0 80.1118325,12.9469686,0 80.1115807,12.9469676,0 80.1115806,12.9469448,0 80.1113288,12.9469437,0 80.1113288,12.9469209,0 80.1111914,12.9469204,0 80.1111456,12.9468974,0 80.1111227,12.9468288,0 80.1110768,12.9468058,0 80.1110310,12.9467144,0 80.1104357,12.9467119,0 80.1103899,12.9466661,0 80.1100693,12.9466648,0 80.1100693,12.9466876,0 80.1098862,12.9466869,0 80.1098862,12.9467097,0 80.1096801,12.9467088,0 80.1096801,12.9467316,0 80.1094741,12.9467308,0 80.1094741,12.9467536,0 80.1093596,12.9467531,0 80.1093596,12.9467759,0 80.1092222,12.9467754,0 80.1092223,12.9467982,0 80.1091078,12.9467977,0 80.1091078,12.9468205,0 80.1089933,12.9468200,0 80.1089933,12.9468429,0 80.1088788,12.9468424,0 80.1088789,12.9468652,0 80.1087644,12.9468647,0 80.1087644,12.9468875,0 80.1086499,12.9468871,0 80.1086499,12.9469099,0 80.1085354,12.9469094,0 80.1085355,12.9469322,0 80.1084210,12.9469317,0 80.1084210,12.9469546,0 80.1082836,12.9469540,0 80.1082836,12.9469768,0 80.1081691,12.9469763,0 80.1081692,12.9469991,0 80.1080318,12.9469986,0 80.1080318,12.9470214,0 80.1079173,12.9470209,0 80.1079173,12.9470437,0 80.1077799,12.9470432,0 80.1077800,12.9470660,0 80.1075968,12.9470652,0 80.1075281,12.9470193,0 80.1074136,12.9470188,0 80.1074136,12.9469960,0 80.1072533,12.9469954,0 80.1072533,12.9469725,0 80.1070930,12.9469719,0 80.1070930,12.9469491,0 80.1068869,12.9469482,0 80.1068870,12.9469710,0 80.1067725,12.9469706,0 80.1067725,12.9469934,0 80.1066580,12.9469929,0 80.1066580,12.9470157,0 80.1065435,12.9470152,0 80.1065436,12.9470380,0 80.1064062,12.9470375,0 80.1064062,12.9470603,0 80.1062230,12.9470823,0 80.1061544,12.9471277,0 80.1061315,12.9472188,0 80.1060400,12.9473097,0 80.1059943,12.9474464,0 80.1059028,12.9475373,0 80.1058800,12.9476969,0 80.1058113,12.9477878,0 80.1057198,12.9479700,0 80.1055825,12.9480150,0 80.1054451,12.9480144,0 80.1054451,12.9480373,0 80.1053307,12.9480368,0 80.1053307,12.9480596,0 80.1052162,12.9480591,0 80.1051246,12.9481044,0 80.1050101,12.9481039,0 80.1050102,12.9481267,0 80.1048957,12.9481262,0 80.1048041,12.9481715,0 80.1046896,12.9481710,0 80.1043234,12.9482836,0 80.1043005,12.9483291,0 80.1041174,12.9484196,0 80.1040716,12.9484878,0 80.1040258,12.9484876,0 80.1036597,12.9487599,0 80.1035681,12.9487823,0 80.1035452,12.9488278,0 80.1026068,12.9494171,0 80.1025611,12.9494853,0 80.1024695,12.9495078,0 80.1024466,12.9495533,0 80.1018515,12.9499158,0 80.1016227,12.9501202,0 80.1015313,12.9503480,0 80.1013024,12.9504839,0 80.1012337,12.9505520,0 80.1010506,12.9505741,0 80.1010048,12.9505511,0 80.1009131,12.9504367,0 80.1008443,12.9502082,0 80.1007985,12.9501852,0 80.1007526,12.9500938,0 80.1007526,12.9500026,0 80.1007068,12.9499796,0 80.1006609,12.9498881,0 80.1006609,12.9497969,0 80.1006151,12.9497739,0 80.1005463,12.9495683,0 80.1004775,12.9494767,0 80.1004775,12.9493627,0 80.1004546,12.9493626,0 80.1004544,12.9490432,0 80.1004315,12.9490431,0 80.1004313,12.9487237,0 80.1004084,12.9487236,0 80.1004083,12.9484955,0 80.1003395,12.9484496,0 80.1003395,12.9484040,0 80.1002708,12.9483581,0 80.1002708,12.9483124,0 80.1002021,12.9482665,0 80.1002020,12.9482209,0 80.1001333,12.9481750,0 80.1001333,12.9481294,0 80.1000646,12.9480835,0 80.1000645,12.9480150,0 80.0999958,12.9479919,0 80.0999958,12.9479235,0 80.0999271,12.9479004,0 80.0999271,12.9478320,0 80.0998584,12.9478089,0 80.0998583,12.9477404,0 80.0997896,12.9477173,0 80.0997896,12.9476489,0 80.0997209,12.9476258,0 80.0996750,12.9475116,0 80.0996063,12.9474656,0 80.0995375,12.9472600,0 80.0994916,12.9471686,0 80.0994459,12.9471684,0 80.0990791,12.9463913,0</coordinates></LinearRing></outerBoundaryIs></Polygon></MultiGeometry></Placemark>
<Placemark><name>33</name><ExtendedData><SchemaData schemaUrl="#tambaram_wards"><SimpleData name="id_2">TMB_33</SimpleData><SimpleData name="name">33</SimpleData><SimpleData name="zone">4</SimpleData></SchemaData></ExtendedData><MultiGeometry><Polygon><outerBoundaryIs><LinearRing><coordinates>80.1212557,12.9298526,0 80.1212785,12.9297159,0 80.1213242,12.9296248,0 80.1213700,12.9296022,0 80.1213700,12.9295337,0 80.1215073,12.9293746,0 80.1215072,12.9293290,0 80.1217590,12.9291019,0 80.1217589,12.9290563,0 80.1220107,12.9288292,0 80.1220106,12.9287836,0 80.1221479,12.9286929,0 80.1222395,12.9285792,0 80.1222853,12.9285794,0 80.1223998,12.9287167,0 80.1224456,12.9287169,0 80.1226747,12.9289688,0 80.1227205,12.9289690,0 80.1228809,12.9291522,0 80.1229267,12.9291523,0 80.1230412,12.9292897,0 80.1230870,12.9292899,0 80.1232245,12.9294501,0 80.1232703,12.9294503,0 80.1233849,12.9295877,0 80.1234307,12.9295879,0 80.1235681,12.9297481,0 80.1236139,12.9297483,0 80.1237514,12.9299086,0 80.1237972,12.9299088,0 80.1239117,12.9300461,0 80.1239575,12.9300463,0 80.1240950,12.9302065,0 80.1241408,12.9302067,0 80.1242783,12.9303670,0 80.1243241,12.9303672,0 80.1244386,12.9305045,0 80.1244844,12.9305047,0 80.1246219,12.9306650,0 80.1246677,12.9306652,0 80.1248051,12.9308254,0 80.1248509,12.9308256,0 80.1249655,12.9309629,0 80.1250113,12.9309631,0 80.1251488,12.9311234,0 80.1251945,12.9311236,0 80.1253091,12.9312609,0 80.1253549,12.9312611,0 80.1254924,12.9314214,0 80.1255382,12.9314216,0 80.1256756,12.9315818,0 80.1257214,12.9315820,0 80.1258360,12.9317194,0 80.1258818,12.9317195,0 80.1260192,12.9318798,0 80.1260650,12.9318800,0 80.1262025,12.9320402,0 80.1262483,12.9320404,0 80.1263400,12.9321549,0 80.1263857,12.9321551,0 80.1264774,12.9322695,0 80.1265232,12.9322697,0 80.1265919,12.9323612,0 80.1266377,12.9323614,0 80.1267523,12.9324988,0 80.1267981,12.9324989,0 80.1268439,12.9325676,0 80.1268897,12.9325678,0 80.1269355,12.9326364,0 80.1269813,12.9326366,0 80.1270501,12.9327281,0 80.1270959,12.9327283,0 80.1271875,12.9328427,0 80.1272333,12.9328429,0 80.1273020,12.9329345,0 80.1273478,12.9329347,0 80.1274166,12.9330262,0 80.1274624,12.9330264,0 80.1275311,12.9331179,0 80.1275769,12.9331181,0 80.1276456,12.9332096,0 80.1276914,12.9332098,0 80.1277602,12.9333014,0 80.1278060,12.9333015,0 80.1278976,12.9334160,0 80.1279434,12.9334162,0 80.1280122,12.9335077,0 80.1280579,12.9335079,0 80.1281267,12.9335994,0 80.1281725,12.9335996,0 80.1282412,12.9336912,0 80.1282870,12.9336913,0 80.1283558,12.9337829,0 80.1284016,12.9337831,0 80.1284703,12.9338746,0 80.1285161,12.9338748,0 80.1286077,12.9339892,0 80.1286535,12.9339894,0 80.1287223,12.9340810,0 80.1287681,12.9340811,0 80.1288368,12.9341727,0 80.1289513,12.9341960,0 80.1289971,12.9342418,0 80.1291345,12.9342652,0 80.1291574,12.9342881,0 80.1292033,12.9344936,0 80.1295700,12.9350654,0 80.1296387,12.9351113,0 80.1299596,12.9356373,0 80.1300283,12.9356832,0 80.1303491,12.9362092,0 80.1304179,12.9362551,0 80.1307387,12.9367811,0 80.1308074,12.9368271,0 80.1308533,12.9369413,0 80.1308991,12.9369643,0 80.1308992,12.9371240,0 80.1308763,12.9372151,0 80.1309451,12.9372839,0 80.1309680,12.9373752,0 80.1311055,12.9375355,0 80.1311284,12.9376268,0 80.1312659,12.9377871,0 80.1312889,12.9378784,0 80.1314034,12.9379701,0 80.1314950,12.9380161,0 80.1316324,12.9380395,0 80.1319074,12.9384969,0 80.1319761,12.9385428,0 80.1322970,12.9390688,0 80.1323657,12.9391147,0 80.1326865,12.9396407,0 80.1327553,12.9396866,0 80.1330761,12.9402127,0 80.1331448,12.9402586,0 80.1332365,12.9404414,0 80.1333052,12.9404874,0 80.1333282,12.9405787,0 80.1334198,12.9406703,0 80.1334198,12.9407159,0 80.1334886,12.9407619,0 80.1334886,12.9408075,0 80.1335573,12.9408534,0 80.1335803,12.9409447,0 80.1338094,12.9412422,0 80.1338094,12.9412879,0 80.1338781,12.9413338,0 80.1342448,12.9419284,0 80.1343135,12.9419743,0 80.1346344,12.9425003,0 80.1347031,12.9425462,0 80.1348406,12.9427977,0 80.1349322,12.9427981,0 80.1350238,12.9428441,0 80.1351842,12.9431185,0 80.1352072,12.9432099,0 80.1352073,12.9433924,0 80.1350700,12.9434374,0 80.1349327,12.9435966,0 80.1348869,12.9435964,0 80.1348411,12.9436646,0 80.1347953,12.9436644,0 80.1347038,12.9437553,0 80.1345664,12.9437547,0 80.1344519,12.9436858,0 80.1343832,12.9436855,0 80.1343375,12.9437310,0 80.1342688,12.9437307,0 80.1341314,12.9438214,0 80.1340628,12.9438211,0 80.1339941,12.9438664,0 80.1339255,12.9439802,0 80.1338568,12.9440256,0 80.1333532,12.9442516,0 80.1333304,12.9442971,0 80.1330785,12.9442961,0 80.1330785,12.9442733,0 80.1329640,12.9442728,0 80.1328724,12.9442268,0 80.1327579,12.9442263,0 80.1327579,12.9442035,0 80.1326434,12.9442030,0 80.1326434,12.9441802,0 80.1324602,12.9441795,0 80.1323687,12.9442703,0 80.1322314,12.9444523,0 80.1321169,12.9444062,0 80.1320024,12.9444057,0 80.1320025,12.9444285,0 80.1318422,12.9444279,0 80.1318422,12.9444507,0 80.1316132,12.9444497,0 80.1316132,12.9444269,0 80.1314987,12.9444264,0 80.1314987,12.9444036,0 80.1313843,12.9444031,0 80.1313842,12.9443803,0 80.1312698,12.9443799,0 80.1312698,12.9444027,0 80.1311553,12.9444022,0 80.1310637,12.9444475,0 80.1309493,12.9444470,0 80.1308577,12.9444922,0 80.1307432,12.9444918,0 80.1306517,12.9445370,0 80.1305372,12.9445365,0 80.1303540,12.9446042,0 80.1302396,12.9446037,0 80.1301480,12.9446490,0 80.1300335,12.9446485,0 80.1299420,12.9446938,0 80.1298275,12.9446933,0 80.1298275,12.9447161,0 80.1296443,12.9447382,0 80.1295986,12.9447836,0 80.1292552,12.9448734,0 80.1292094,12.9449189,0 80.1289347,12.9449862,0 80.1288889,12.9450316,0 80.1287516,12.9450538,0 80.1286143,12.9451445,0 80.1284770,12.9453949,0 80.1284084,12.9454402,0 80.1280881,12.9459636,0 80.1280195,12.9460089,0 80.1278136,12.9462818,0 80.1277678,12.9462816,0 80.1276763,12.9463953,0 80.1274932,12.9465314,0 80.1274932,12.9465771,0 80.1274016,12.9466451,0 80.1274017,12.9466908,0 80.1273101,12.9467588,0 80.1273102,12.9468044,0 80.1272186,12.9468725,0 80.1272186,12.9469181,0 80.1271042,12.9470089,0 80.1271042,12.9470545,0 80.1270127,12.9471226,0 80.1270127,12.9471682,0 80.1268983,12.9472590,0 80.1268983,12.9473046,0 80.1268068,12.9473727,0 80.1268068,12.9474183,0 80.1266924,12.9475091,0 80.1266924,12.9475547,0 80.1266009,12.9476228,0 80.1266009,12.9476684,0 80.1265093,12.9477364,0 80.1265094,12.9477821,0 80.1264178,12.9478501,0 80.1264178,12.9478957,0 80.1263263,12.9479638,0 80.1263263,12.9480094,0 80.1262577,12.9480548,0 80.1260974,12.9480769,0 80.1260059,12.9481222,0 80.1258914,12.9481217,0 80.1257998,12.9481669,0 80.1256853,12.9481665,0 80.1256853,12.9481893,0 80.1255709,12.9481888,0 80.1254793,12.9482341,0 80.1253648,12.9482336,0 80.1252733,12.9482788,0 80.1251588,12.9482784,0 80.1251588,12.9483012,0 80.1250443,12.9483007,0 80.1249528,12.9483459,0 80.1248383,12.9483455,0 80.1246552,12.9484132,0 80.1245407,12.9484127,0 80.1244491,12.9484579,0 80.1243346,12.9484575,0 80.1242431,12.9485027,0 80.1241286,12.9485022,0 80.1240370,12.9485475,0 80.1239226,12.9485470,0 80.1239226,12.9485698,0 80.1238081,12.9485693,0 80.1238081,12.9485922,0 80.1236936,12.9486145,0 80.1236707,12.9485460,0 80.1236706,12.9484319,0 80.1236477,12.9483406,0 80.1235789,12.9482490,0 80.1235789,12.9481806,0 80.1235102,12.9480891,0 80.1235101,12.9480206,0 80.1234414,12.9479291,0 80.1234413,12.9478606,0 80.1233726,12.9477691,0 80.1233726,12.9477007,0 80.1233038,12.9476091,0 80.1233038,12.9475407,0 80.1232350,12.9474492,0 80.1232350,12.9473807,0 80.1231433,12.9472435,0 80.1231433,12.9471750,0 80.1230745,12.9470835,0 80.1230745,12.9470151,0 80.1230058,12.9469235,0 80.1230057,12.9468551,0 80.1229370,12.9467636,0 80.1229369,12.9466951,0 80.1228682,12.9466036,0 80.1228682,12.9465352,0 80.1227994,12.9464436,0 80.1227994,12.9463752,0 80.1227306,12.9462837,0 80.1227306,12.9462152,0 80.1226619,12.9461237,0 80.1226618,12.9460552,0 80.1225702,12.9459180,0 80.1225701,12.9458496,0 80.1224784,12.9457123,0 80.1224784,12.9456439,0 80.1223867,12.9455066,0 80.1223867,12.9454382,0 80.1222950,12.9453009,0 80.1222950,12.9452325,0 80.1222033,12.9450952,0 80.1222033,12.9450268,0 80.1221116,12.9448895,0 80.1221116,12.9448211,0 80.1220199,12.9446838,0 80.1220199,12.9446154,0 80.1219282,12.9444782,0 80.1219282,12.9444097,0 80.1218365,12.9442725,0 80.1218365,12.9442040,0 80.1217448,12.9440668,0 80.1217448,12.9439983,0 80.1216531,12.9438611,0 80.1216531,12.9437927,0 80.1215843,12.9437011,0 80.1215843,12.9436327,0 80.1214697,12.9434497,0 80.1214697,12.9433813,0 80.1213780,12.9432440,0 80.1213780,12.9431756,0 80.1212863,12.9430383,0 80.1212862,12.9429699,0 80.1211946,12.9428326,0 80.1211945,12.9427642,0 80.1211029,12.9426269,0 80.1211028,12.9425585,0 80.1210112,12.9424213,0 80.1210111,12.9423528,0 80.1209424,12.9422613,0 80.1209424,12.9421928,0 80.1208507,12.9420556,0 80.1208506,12.9419872,0 80.1207590,12.9418499,0 80.1207589,12.9417815,0 80.1206673,12.9416442,0 80.1206672,12.9415758,0 80.1205756,12.9414385,0 80.1205755,12.9413701,0 80.1204839,12.9412328,0 80.1204838,12.9411644,0 80.1203922,12.9410271,0 80.1203921,12.9409587,0 80.1203005,12.9408215,0 80.1203004,12.9407530,0 80.1202088,12.9406158,0 80.1202087,12.9405473,0 80.1201171,12.9404101,0 80.1200941,12.9402503,0 80.1200023,12.9399762,0 80.1200022,12.9398621,0 80.1199793,12.9397708,0 80.1199335,12.9397021,0 80.1199105,12.9396108,0 80.1199105,12.9394967,0 80.1195433,12.9381265,0 80.1195432,12.9379440,0 80.1195203,12.9379439,0 80.1195200,12.9373736,0 80.1194971,12.9373735,0 80.1194967,12.9367803,0 80.1194738,12.9367802,0 80.1194736,12.9363240,0 80.1194507,12.9363239,0 80.1194505,12.9360730,0 80.1194276,12.9360272,0 80.1195192,12.9359820,0 80.1195420,12.9359365,0 80.1198854,12.9358010,0 80.1199312,12.9357556,0 80.1200685,12.9357561,0 80.1200685,12.9357333,0 80.1201830,12.9357338,0 80.1201830,12.9357110,0 80.1209157,12.9357140,0 80.1209157,12.9356912,0 80.1210530,12.9356918,0 80.1210530,12.9356690,0 80.1211904,12.9356695,0 80.1212362,12.9356469,0 80.1212590,12.9355557,0 80.1212589,12.9354417,0 80.1213047,12.9353734,0 80.1213045,12.9349856,0 80.1212816,12.9349855,0 80.1212815,12.9348258,0 80.1212586,12.9348257,0 80.1212585,12.9346661,0 80.1212356,12.9346660,0 80.1212355,12.9345063,0 80.1212126,12.9345062,0 80.1212125,12.9343465,0 80.1211896,12.9343464,0 80.1211895,12.9341867,0 80.1211666,12.9341866,0 80.1211665,12.9340269,0 80.1211436,12.9340268,0 80.1211435,12.9338672,0 80.1211207,12.9338671,0 80.1211206,12.9337074,0 80.1210977,12.9337073,0 80.1210976,12.9335476,0 80.1210747,12.9335475,0 80.1210746,12.9333878,0 80.1210517,12.9333877,0 80.1210516,12.9332280,0 80.1210287,12.9332279,0 80.1210286,12.9330682,0 80.1210057,12.9330681,0 80.1210055,12.9327031,0 80.1210284,12.9327032,0 80.1210283,12.9325436,0 80.1212343,12.9323619,0 80.1213487,12.9323168,0 80.1213716,12.9322712,0 80.1217836,12.9320904,0 80.1218523,12.9320679,0 80.1223100,12.9318189,0 80.1224245,12.9317965,0 80.1224931,12.9316827,0 80.1225618,12.9316374,0 80.1225618,12.9315918,0 80.1226304,12.9315464,0 80.1226304,12.9314324,0 80.1225616,12.9313180,0 80.1225386,12.9312039,0 80.1224928,12.9311809,0 80.1224699,12.9310895,0 80.1214161,12.9300586,0 80.1213702,12.9299444,0 80.1212557,12.9298526,0</coordinates></LinearRing></outerBoundaryIs></Polygon></MultiGeometry></Placemark>
<Placemark><name>34</name><ExtendedData><SchemaData schemaUrl="#tambaram_wards"><SimpleData name="id_2">TMB_34</SimpleData><SimpleData name="name">34</SimpleData><SimpleData name="zone">3</SimpleData></SchemaData></ExtendedData><MultiGeometry><Polygon><outerBoundaryIs><LinearRing><coordinates>80.1291574,12.9342881,0 80.1292032,12.9342426,0 80.1293405,12.9342204,0 80.1293634,12.9341977,0 80.1295008,12.9341982,0 80.1295008,12.9341754,0 80.1297298,12.9341764,0 80.1297297,12.9341535,0 80.1299587,12.9341545,0 80.1299587,12.9341317,0 80.1301876,12.9341326,0 80.1301876,12.9341098,0 80.1304166,12.9341108,0 80.1304166,12.9340879,0 80.1306455,12.9340889,0 80.1306455,12.9340661,0 80.1307829,12.9340666,0 80.1308516,12.9340897,0 80.1309432,12.9341586,0 80.1311264,12.9341365,0 80.1311951,12.9340912,0 80.1318361,12.9339569,0 80.1320421,12.9338893,0 80.1321336,12.9337985,0 80.1322252,12.9337760,0 80.1322709,12.9337078,0 80.1324541,12.9336401,0 80.1325227,12.9335948,0 80.1325456,12.9334808,0 80.1327973,12.9333450,0 80.1328660,12.9332540,0 80.1329118,12.9332542,0 80.1329804,12.9331860,0 80.1331178,12.9331638,0 80.1331864,12.9330956,0 80.1332780,12.9330732,0 80.1333695,12.9329823,0 80.1334153,12.9329825,0 80.1337814,12.9325962,0 80.1338043,12.9325507,0 80.1338958,12.9324826,0 80.1339416,12.9324144,0 80.1339644,12.9323232,0 80.1340560,12.9322324,0 80.1340788,12.9321412,0 80.1341703,12.9320503,0 80.1341703,12.9320047,0 80.1342390,12.9319594,0 80.1342847,12.9318455,0 80.1343534,12.9318002,0 80.1344448,12.9316180,0 80.1345135,12.9315727,0 80.1345592,12.9314588,0 80.1346279,12.9314135,0 80.1347651,12.9311631,0 80.1348338,12.9311178,0 80.1348795,12.9310039,0 80.1349482,12.9309586,0 80.1349939,12.9308447,0 80.1350397,12.9308221,0 80.1350625,12.9307537,0 80.1350625,12.9306168,0 80.1350854,12.9306169,0 80.1350851,12.9302519,0 80.1351080,12.9301608,0 80.1355430,12.9301626,0 80.1356346,12.9302086,0 80.1357491,12.9302091,0 80.1358407,12.9302779,0 80.1358637,12.9303692,0 80.1359095,12.9303922,0 80.1359095,12.9304606,0 80.1360241,12.9306208,0 80.1360241,12.9306892,0 80.1361158,12.9308493,0 80.1362761,12.9309640,0 80.1368028,12.9309662,0 80.1368715,12.9310121,0 80.1369402,12.9310124,0 80.1369860,12.9310582,0 80.1370547,12.9310585,0 80.1371463,12.9311045,0 80.1374212,12.9314022,0 80.1374212,12.9314478,0 80.1375816,12.9315854,0 80.1375816,12.9316310,0 80.1376732,12.9316998,0 80.1377191,12.9317684,0 80.1376962,12.9317911,0 80.1376963,12.9319052,0 80.1376734,12.9319051,0 80.1376735,12.9320876,0 80.1376506,12.9320875,0 80.1376508,12.9324297,0 80.1376737,12.9324298,0 80.1376737,12.9325439,0 80.1376966,12.9325440,0 80.1376967,12.9326808,0 80.1377197,12.9327722,0 80.1379031,12.9332520,0 80.1379031,12.9333204,0 80.1379719,12.9334120,0 80.1379719,12.9334804,0 80.1380407,12.9335719,0 80.1380407,12.9336404,0 80.1380865,12.9336862,0 80.1381095,12.9338232,0 80.1381324,12.9338233,0 80.1381325,12.9339601,0 80.1381783,12.9340516,0 80.1381784,12.9342569,0 80.1382013,12.9342570,0 80.1382014,12.9343710,0 80.1382473,12.9344625,0 80.1382473,12.9345537,0 80.1383161,12.9346453,0 80.1384535,12.9347143,0 80.1385451,12.9347375,0 80.1386824,12.9347380,0 80.1388198,12.9346702,0 80.1389114,12.9346705,0 80.1389800,12.9346252,0 80.1392546,12.9343298,0 80.1393003,12.9342159,0 80.1398038,12.9337389,0 80.1399182,12.9337166,0 80.1399411,12.9336710,0 80.1400098,12.9336713,0 80.1400556,12.9336259,0 80.1401242,12.9336262,0 80.1401700,12.9335807,0 80.1403074,12.9335813,0 80.1403074,12.9335585,0 80.1404676,12.9335591,0 80.1405592,12.9335139,0 80.1406737,12.9335144,0 80.1406737,12.9334916,0 80.1407882,12.9334920,0 80.1407881,12.9334692,0 80.1409255,12.9334698,0 80.1409255,12.9334470,0 80.1410629,12.9334475,0 80.1410629,12.9334247,0 80.1411773,12.9334252,0 80.1411773,12.9334024,0 80.1413147,12.9334030,0 80.1413147,12.9333801,0 80.1414292,12.9333806,0 80.1414292,12.9333578,0 80.1419558,12.9333600,0 80.1420245,12.9333831,0 80.1421391,12.9335432,0 80.1421391,12.9336117,0 80.1421849,12.9336575,0 80.1422079,12.9337945,0 80.1422308,12.9337946,0 80.1422308,12.9339086,0 80.1422537,12.9339087,0 80.1422538,12.9340456,0 80.1422767,12.9340457,0 80.1422768,12.9341597,0 80.1422997,12.9341598,0 80.1422998,12.9342967,0 80.1423227,12.9342968,0 80.1423227,12.9344337,0 80.1423456,12.9344338,0 80.1423457,12.9345478,0 80.1423686,12.9345479,0 80.1423687,12.9346848,0 80.1425749,12.9350050,0 80.1425750,12.9350507,0 80.1426437,12.9350966,0 80.1426437,12.9351422,0 80.1427353,12.9352110,0 80.1428040,12.9352341,0 80.1428498,12.9351887,0 80.1429185,12.9351890,0 80.1429642,12.9351435,0 80.1430329,12.9351438,0 80.1430787,12.9350984,0 80.1431474,12.9350986,0 80.1432389,12.9350306,0 80.1433763,12.9350083,0 80.1433763,12.9349855,0 80.1434908,12.9349860,0 80.1434908,12.9349632,0 80.1436510,12.9349639,0 80.1436510,12.9349410,0 80.1437884,12.9349416,0 80.1437884,12.9349188,0 80.1439486,12.9349195,0 80.1439486,12.9348966,0 80.1440860,12.9348972,0 80.1440860,12.9348744,0 80.1446126,12.9348766,0 80.1446813,12.9348997,0 80.1448188,12.9351055,0 80.1448875,12.9351515,0 80.1449334,12.9353113,0 80.1449792,12.9353343,0 80.1450022,12.9354257,0 80.1450480,12.9354943,0 80.1450252,12.9356083,0 80.1448422,12.9359269,0 80.1448422,12.9359953,0 80.1447965,12.9360408,0 80.1447965,12.9361092,0 80.1447507,12.9361318,0 80.1447508,12.9362003,0 80.1446593,12.9363368,0 80.1446593,12.9364052,0 80.1445907,12.9364962,0 80.1445678,12.9365645,0 80.1444305,12.9366096,0 80.1444076,12.9366551,0 80.1443389,12.9366548,0 80.1442931,12.9367002,0 80.1439955,12.9367675,0 80.1439040,12.9369040,0 80.1437209,12.9370629,0 80.1436752,12.9370855,0 80.1435836,12.9371992,0 80.1434921,12.9372216,0 80.1434463,12.9372899,0 80.1433777,12.9373352,0 80.1431716,12.9374028,0 80.1430572,12.9374708,0 80.1428969,12.9374929,0 80.1428512,12.9375384,0 80.1427596,12.9375608,0 80.1424848,12.9375596,0 80.1424849,12.9375825,0 80.1423475,12.9375819,0 80.1423475,12.9376047,0 80.1421872,12.9376040,0 80.1421185,12.9375809,0 80.1420728,12.9377176,0 80.1420041,12.9377630,0 80.1419813,12.9378998,0 80.1419356,12.9379452,0 80.1419128,12.9381276,0 80.1418899,12.9381275,0 80.1418900,12.9383328,0 80.1418671,12.9383327,0 80.1418672,12.9385608,0 80.1418443,12.9385608,0 80.1418445,12.9389029,0 80.1418216,12.9389028,0 80.1418217,12.9390397,0 80.1417989,12.9391309,0 80.1417302,12.9391762,0 80.1416386,12.9391758,0 80.1415929,12.9392213,0 80.1415242,12.9392210,0 80.1415013,12.9392665,0 80.1414097,12.9392890,0 80.1413640,12.9393572,0 80.1412495,12.9394024,0 80.1412038,12.9394706,0 80.1411580,12.9394704,0 80.1411122,12.9395387,0 80.1409978,12.9395838,0 80.1409520,12.9396521,0 80.1408376,12.9396972,0 80.1407918,12.9397655,0 80.1407460,12.9397653,0 80.1407003,12.9398335,0 80.1405858,12.9398787,0 80.1405401,12.9399469,0 80.1404256,12.9399921,0 80.1404027,12.9400376,0 80.1403341,12.9400601,0 80.1402884,12.9402196,0 80.1402426,12.9402651,0 80.1400594,12.9402187,0 80.1400137,12.9403097,0 80.1399221,12.9403778,0 80.1398764,12.9404689,0 80.1397390,12.9404683,0 80.1396475,12.9405135,0 80.1396017,12.9405818,0 80.1393727,12.9405808,0 80.1393499,12.9407176,0 80.1392126,12.9408083,0 80.1391669,12.9408766,0 80.1391211,12.9408764,0 80.1390753,12.9409446,0 80.1389609,12.9409898,0 80.1389151,12.9410580,0 80.1388693,12.9410578,0 80.1388236,12.9411261,0 80.1387091,12.9411712,0 80.1386634,12.9412395,0 80.1386176,12.9412393,0 80.1385260,12.9413530,0 80.1384802,12.9413528,0 80.1383430,12.9415119,0 80.1383201,12.9415802,0 80.1382743,12.9416029,0 80.1382744,12.9416713,0 80.1382286,12.9417624,0 80.1381600,12.9418305,0 80.1381600,12.9418990,0 80.1381142,12.9419216,0 80.1380457,12.9421266,0 80.1379999,12.9421492,0 80.1379771,12.9422404,0 80.1379084,12.9423085,0 80.1379084,12.9423770,0 80.1378398,12.9424679,0 80.1378399,12.9425364,0 80.1377712,12.9425589,0 80.1377025,12.9426499,0 80.1376567,12.9426497,0 80.1375652,12.9427634,0 80.1374966,12.9428087,0 80.1373363,12.9428537,0 80.1372906,12.9428991,0 80.1372219,12.9428988,0 80.1371303,12.9429669,0 80.1370616,12.9429666,0 80.1369701,12.9430347,0 80.1368098,12.9430568,0 80.1366954,12.9431248,0 80.1366038,12.9431472,0 80.1362833,12.9431459,0 80.1362833,12.9431231,0 80.1358024,12.9431211,0 80.1357338,12.9431664,0 80.1355735,12.9431886,0 80.1355278,12.9432340,0 80.1354133,12.9432564,0 80.1353904,12.9433019,0 80.1352988,12.9433243,0 80.1352302,12.9433925,0 80.1352073,12.9433924,0 80.1352072,12.9432099,0 80.1351842,12.9431185,0 80.1350238,12.9428441,0 80.1349322,12.9427981,0 80.1348406,12.9427977,0 80.1347031,12.9425462,0 80.1346344,12.9425003,0 80.1343135,12.9419743,0 80.1342448,12.9419284,0 80.1338781,12.9413338,0 80.1338094,12.9412879,0 80.1338094,12.9412422,0 80.1335803,12.9409447,0 80.1335573,12.9408534,0 80.1334886,12.9408075,0 80.1334886,12.9407619,0 80.1334198,12.9407159,0 80.1334198,12.9406703,0 80.1333282,12.9405787,0 80.1333052,12.9404874,0 80.1332365,12.9404414,0 80.1331448,12.9402586,0 80.1330761,12.9402127,0 80.1327553,12.9396866,0 80.1326865,12.9396407,0 80.1323657,12.9391147,0 80.1322970,12.9390688,0 80.1319761,12.9385428,0 80.1319074,12.9384969,0 80.1316324,12.9380395,0 80.1314950,12.9380161,0 80.1314034,12.9379701,0 80.1312889,12.9378784,0 80.1312659,12.9377871,0 80.1311284,12.9376268,0 80.1311055,12.9375355,0 80.1309680,12.9373752,0 80.1309451,12.9372839,0 80.1308763,12.9372151,0 80.1308992,12.9371240,0 80.1308991,12.9369643,0 80.1308533,12.9369413,0 80.1308074,12.9368271,0 80.1307387,12.9367811,0 80.1304179,12.9362551,0 80.1303491,12.9362092,0 80.1300283,12.9356832,0 80.1299596,12.9356373,0 80.1296387,12.9351113,0 80.1295700,12.9350654,0 80.1292033,12.9344936,0 80.1291574,12.9342881,0</coordinates></LinearRing></outerBoundaryIs></Polygon></MultiGeometry></Placemark>
<Placemark><name>35</name><ExtendedData><SchemaData schemaUrl="#tambaram_wards"><SimpleData name="id_2">TMB_35</SimpleData><SimpleData name="name">35</SimpleData><SimpleData name="zone">3</SimpleData></SchemaData></ExtendedData><MultiGeometry><Polygon><outerBoundaryIs><LinearRing><coordinates>80.1352302,12.9433925,0 80.1352988,12.9433243,0 80.1353904,12.9433019,0 80.1354133,12.9432564,0 80.1355278,12.9432340,0 80.1355735,12.9431886,0 80.1357338,12.9431664,0 80.1358024,12.9431211,0 80.1362833,12.9431231,0 80.1362833,12.9431459,0 80.1366038,12.9431472,0 80.1366954,12.9431248,0 80.1368098,12.9430568,0 80.1369701,12.9430347,0 80.1370616,12.9429666,0 80.1371303,12.9429669,0 80.1372219,12.9428988,0 80.1372906,12.9428991,0 80.1373363,12.9428537,0 80.1374966,12.9428087,0 80.1375652,12.9427634,0 80.1376567,12.9426497,0 80.1377025,12.9426499,0 80.1377712,12.9425589,0 80.1378399,12.9425364,0 80.1378398,12.9424679,0 80.1379084,12.9423770,0 80.1379084,12.9423085,0 80.1379771,12.9422404,0 80.1379999,12.9421492,0 80.1380457,12.9421266,0 80.1381142,12.9419216,0 80.1381600,12.9418990,0 80.1381600,12.9418305,0 80.1382286,12.9417624,0 80.1382744,12.9416713,0 80.1382743,12.9416029,0 80.1383201,12.9415802,0 80.1383430,12.9415119,0 80.1384802,12.9413528,0 80.1385260,12.9413530,0 80.1386176,12.9412393,0 80.1386634,12.9412395,0 80.1387091,12.9411712,0 80.1388236,12.9411261,0 80.1388693,12.9410578,0 80.1389151,12.9410580,0 80.1389609,12.9409898,0 80.1390753,12.9409446,0 80.1391211,12.9408764,0 80.1391669,12.9408766,0 80.1392126,12.9408083,0 80.1393499,12.9407176,0 80.1393727,12.9405808,0 80.1396017,12.9405818,0 80.1396475,12.9405135,0 80.1397390,12.9404683,0 80.1398764,12.9404689,0 80.1399221,12.9403778,0 80.1400137,12.9403097,0 80.1400594,12.9402187,0 80.1402426,12.9402651,0 80.1402884,12.9402196,0 80.1403341,12.9400601,0 80.1404027,12.9400376,0 80.1404256,12.9399921,0 80.1405401,12.9399469,0 80.1405858,12.9398787,0 80.1407003,12.9398335,0 80.1407460,12.9397653,0 80.1407918,12.9397655,0 80.1408376,12.9396972,0 80.1409520,12.9396521,0 80.1409978,12.9395838,0 80.1411122,12.9395387,0 80.1411580,12.9394704,0 80.1412038,12.9394706,0 80.1412495,12.9394024,0 80.1413640,12.9393572,0 80.1414097,12.9392890,0 80.1415013,12.9392665,0 80.1415242,12.9392210,0 80.1415929,12.9392213,0 80.1416386,12.9391758,0 80.1417302,12.9391762,0 80.1417989,12.9391309,0 80.1418447,12.9391995,0 80.1419592,12.9392456,0 80.1420738,12.9394058,0 80.1421196,12.9394288,0 80.1422114,12.9397485,0 80.1423260,12.9400227,0 80.1423261,12.9401140,0 80.1424407,12.9403882,0 80.1424408,12.9404795,0 80.1425095,12.9406166,0 80.1425096,12.9407079,0 80.1425783,12.9408450,0 80.1426013,12.9409364,0 80.1426014,12.9411417,0 80.1426243,12.9411418,0 80.1426244,12.9412786,0 80.1426473,12.9412787,0 80.1426474,12.9414156,0 80.1426703,12.9414157,0 80.1426704,12.9415754,0 80.1426933,12.9415755,0 80.1426933,12.9416896,0 80.1426018,12.9418032,0 80.1425560,12.9418031,0 80.1425103,12.9418713,0 80.1424416,12.9419166,0 80.1422356,12.9419842,0 80.1421898,12.9420297,0 80.1420067,12.9420517,0 80.1419380,12.9420971,0 80.1418693,12.9420968,0 80.1417777,12.9421420,0 80.1417549,12.9421876,0 80.1416862,12.9421873,0 80.1416176,12.9422782,0 80.1415718,12.9422780,0 80.1415721,12.9427799,0 80.1415950,12.9428485,0 80.1416637,12.9429400,0 80.1416638,12.9430084,0 80.1417096,12.9430542,0 80.1417096,12.9431227,0 80.1417554,12.9431685,0 80.1417785,12.9433511,0 80.1418013,12.9433512,0 80.1418014,12.9434881,0 80.1418243,12.9434881,0 80.1418244,12.9436706,0 80.1418932,12.9438534,0 80.1418933,12.9439447,0 80.1420079,12.9441048,0 80.1420079,12.9441733,0 80.1420996,12.9443105,0 80.1420996,12.9443562,0 80.1423515,12.9444941,0 80.1423744,12.9445398,0 80.1424431,12.9445629,0 80.1424890,12.9446315,0 80.1424890,12.9446999,0 80.1425577,12.9447687,0 80.1425578,12.9448371,0 80.1426265,12.9449286,0 80.1426266,12.9450199,0 80.1427183,12.9452256,0 80.1427183,12.9453168,0 80.1427871,12.9454540,0 80.1427872,12.9455452,0 80.1428559,12.9456824,0 80.1428560,12.9457736,0 80.1429477,12.9459793,0 80.1429477,12.9460706,0 80.1430165,12.9462077,0 80.1430395,12.9462991,0 80.1430395,12.9464360,0 80.1431083,12.9465503,0 80.1431770,12.9465734,0 80.1433831,12.9465743,0 80.1434289,12.9465973,0 80.1434518,12.9466886,0 80.1437498,12.9472373,0 80.1437727,12.9473287,0 80.1437728,12.9474656,0 80.1437499,12.9474655,0 80.1437500,12.9475795,0 80.1436584,12.9476248,0 80.1436127,12.9476930,0 80.1435440,12.9477384,0 80.1434524,12.9477608,0 80.1433609,12.9478517,0 80.1432693,12.9478741,0 80.1432007,12.9479422,0 80.1430633,12.9479645,0 80.1429947,12.9480326,0 80.1429489,12.9480325,0 80.1428345,12.9481689,0 80.1427887,12.9481687,0 80.1426972,12.9482595,0 80.1426056,12.9482820,0 80.1425827,12.9483275,0 80.1424912,12.9483499,0 80.1423310,12.9485318,0 80.1422394,12.9485770,0 80.1421707,12.9485767,0 80.1421479,12.9486223,0 80.1420105,12.9486673,0 80.1419877,12.9487129,0 80.1418732,12.9487352,0 80.1418503,12.9487807,0 80.1417587,12.9488032,0 80.1416672,12.9488940,0 80.1415756,12.9489165,0 80.1414841,12.9490073,0 80.1413925,12.9490298,0 80.1413697,12.9490753,0 80.1412781,12.9490977,0 80.1411866,12.9491886,0 80.1410950,12.9492110,0 80.1410721,12.9492566,0 80.1409806,12.9492790,0 80.1408890,12.9493699,0 80.1407975,12.9493923,0 80.1407746,12.9494378,0 80.1406830,12.9494603,0 80.1406601,12.9495058,0 80.1405686,12.9495282,0 80.1405457,12.9495738,0 80.1404541,12.9495962,0 80.1404313,12.9496417,0 80.1403397,12.9496642,0 80.1402482,12.9497550,0 80.1401566,12.9497775,0 80.1401337,12.9498230,0 80.1399277,12.9498906,0 80.1397903,12.9497988,0 80.1397902,12.9497532,0 80.1397215,12.9497072,0 80.1397215,12.9496616,0 80.1396528,12.9496157,0 80.1396069,12.9495015,0 80.1395382,12.9494556,0 80.1394465,12.9492727,0 80.1393778,12.9492268,0 80.1393319,12.9491125,0 80.1392632,12.9490666,0 80.1391715,12.9488837,0 80.1391028,12.9488378,0 80.1390570,12.9487236,0 80.1389882,12.9486777,0 80.1389424,12.9485634,0 80.1388737,12.9485175,0 80.1387820,12.9483346,0 80.1387133,12.9482887,0 80.1386674,12.9481745,0 80.1385987,12.9481286,0 80.1385070,12.9479457,0 80.1384383,12.9478998,0 80.1383924,12.9477855,0 80.1383237,12.9477396,0 80.1382320,12.9475567,0 80.1381633,12.9475108,0 80.1381174,12.9473966,0 80.1380487,12.9473507,0 80.1379570,12.9471678,0 80.1378883,12.9471219,0 80.1378425,12.9470076,0 80.1377738,12.9469617,0 80.1377279,12.9468475,0 80.1376592,12.9468016,0 80.1376133,12.9466873,0 80.1375446,12.9466414,0 80.1374529,12.9464585,0 80.1373842,12.9464126,0 80.1373383,12.9462984,0 80.1372696,12.9462524,0 80.1371779,12.9460696,0 80.1371092,12.9460237,0 80.1370634,12.9459094,0 80.1369946,12.9458635,0 80.1369030,12.9456806,0 80.1368342,12.9456347,0 80.1367884,12.9455205,0 80.1367197,12.9454746,0 80.1366738,12.9453603,0 80.1366051,12.9453144,0 80.1365134,12.9451315,0 80.1364447,12.9450856,0 80.1363988,12.9449714,0 80.1363301,12.9449254,0 80.1362384,12.9447426,0 80.1361697,12.9446967,0 80.1361238,12.9445824,0 80.1360551,12.9445365,0 80.1360093,12.9444223,0 80.1359406,12.9443763,0 80.1358489,12.9441935,0 80.1357801,12.9441476,0 80.1357343,12.9440333,0 80.1356656,12.9439874,0 80.1355739,12.9438045,0 80.1355052,12.9437586,0 80.1354593,12.9436444,0 80.1353906,12.9435984,0 80.1353906,12.9435528,0 80.1353219,12.9435069,0 80.1353218,12.9434613,0 80.1352302,12.9433925,0</coordinates></LinearRing></outerBoundaryIs></Polygon></MultiGeometry></Placemark>
<Placemark><name>36</name><ExtendedData><SchemaData schemaUrl="#tambaram_wards"><SimpleData name="id_2">TMB_36</SimpleData><SimpleData name="name">36</SimpleData><SimpleData name="zone">3</SimpleData></SchemaData></ExtendedData><MultiGeometry><Polygon><outerBoundaryIs><LinearRing><coordinates>80.1426933,12.9416896,0 80.1427162,12.9417125,0 80.1428765,12.9417131,0 80.1428765,12.9417359,0 80.1433344,12.9417378,0 80.1433344,12.9417150,0 80.1434489,12.9417155,0 80.1434489,12.9416927,0 80.1435863,12.9416932,0 80.1435863,12.9416704,0 80.1437007,12.9416709,0 80.1437007,12.9416481,0 80.1438381,12.9416487,0 80.1438381,12.9416258,0 80.1439526,12.9416263,0 80.1439526,12.9416035,0 80.1440670,12.9416040,0 80.1440670,12.9415812,0 80.1442044,12.9415817,0 80.1442044,12.9415589,0 80.1443189,12.9415594,0 80.1443189,12.9415366,0 80.1444562,12.9415371,0 80.1444562,12.9415143,0 80.1445707,12.9415148,0 80.1445707,12.9414920,0 80.1447081,12.9414926,0 80.1447080,12.9414698,0 80.1448225,12.9414702,0 80.1448225,12.9414474,0 80.1449370,12.9414479,0 80.1449370,12.9414251,0 80.1450744,12.9414256,0 80.1450743,12.9414028,0 80.1451888,12.9414033,0 80.1451888,12.9413805,0 80.1453262,12.9413811,0 80.1453262,12.9413582,0 80.1454407,12.9413587,0 80.1454406,12.9413359,0 80.1455780,12.9413365,0 80.1455780,12.9413137,0 80.1456925,12.9413141,0 80.1456925,12.9412913,0 80.1458299,12.9412919,0 80.1458298,12.9412691,0 80.1459443,12.9412695,0 80.1459443,12.9412467,0 80.1460588,12.9412472,0 80.1460588,12.9412244,0 80.1461733,12.9412249,0 80.1461732,12.9412021,0 80.1462877,12.9412025,0 80.1462877,12.9411797,0 80.1467685,12.9411817,0 80.1467685,12.9412045,0 80.1469288,12.9412052,0 80.1469747,12.9413879,0 80.1469976,12.9413880,0 80.1469977,12.9415020,0 80.1470435,12.9415935,0 80.1470436,12.9416847,0 80.1470894,12.9417305,0 80.1471353,12.9419360,0 80.1471811,12.9419818,0 80.1472041,12.9421188,0 80.1472499,12.9421646,0 80.1472500,12.9422331,0 80.1473645,12.9424160,0 80.1474334,12.9426901,0 80.1474792,12.9427131,0 80.1475021,12.9428044,0 80.1475480,12.9428274,0 80.1475709,12.9429188,0 80.1476854,12.9430105,0 80.1476855,12.9430561,0 80.1478229,12.9431707,0 80.1478229,12.9432164,0 80.1479375,12.9433081,0 80.1480063,12.9434909,0 80.1480750,12.9435368,0 80.1480750,12.9435824,0 80.1481437,12.9436511,0 80.1481209,12.9437195,0 80.1481210,12.9438563,0 80.1480752,12.9439474,0 80.1480753,12.9441071,0 80.1480524,12.9441070,0 80.1480754,12.9442896,0 80.1481900,12.9444726,0 80.1481900,12.9445410,0 80.1482359,12.9445640,0 80.1482817,12.9446554,0 80.1483047,12.9447924,0 80.1484422,12.9450211,0 80.1484422,12.9450895,0 80.1485110,12.9451811,0 80.1485110,12.9452723,0 80.1485798,12.9453867,0 80.1485798,12.9455007,0 80.1486257,12.9455922,0 80.1486258,12.9457747,0 80.1486029,12.9457746,0 80.1486030,12.9460255,0 80.1485801,12.9460254,0 80.1485802,12.9461395,0 80.1484200,12.9462757,0 80.1483513,12.9462754,0 80.1483285,12.9463209,0 80.1482598,12.9463206,0 80.1482140,12.9463661,0 80.1480538,12.9463882,0 80.1474128,12.9465681,0 80.1472525,12.9465674,0 80.1472525,12.9465902,0 80.1468404,12.9465885,0 80.1467716,12.9464970,0 80.1467258,12.9464968,0 80.1466800,12.9464282,0 80.1466342,12.9464280,0 80.1464739,12.9462905,0 80.1461304,12.9462890,0 80.1461304,12.9463119,0 80.1459931,12.9463113,0 80.1459244,12.9463338,0 80.1459015,12.9463793,0 80.1457184,12.9464470,0 80.1456726,12.9464240,0 80.1450773,12.9464216,0 80.1450773,12.9464444,0 80.1444820,12.9464419,0 80.1444820,12.9464647,0 80.1439096,12.9464624,0 80.1439096,12.9464852,0 80.1437036,12.9464843,0 80.1437036,12.9465071,0 80.1435891,12.9465067,0 80.1435891,12.9465295,0 80.1434289,12.9465973,0 80.1433831,12.9465743,0 80.1431770,12.9465734,0 80.1431083,12.9465503,0 80.1430395,12.9464360,0 80.1430395,12.9462991,0 80.1430165,12.9462077,0 80.1429477,12.9460706,0 80.1429477,12.9459793,0 80.1428560,12.9457736,0 80.1428559,12.9456824,0 80.1427872,12.9455452,0 80.1427871,12.9454540,0 80.1427183,12.9453168,0 80.1427183,12.9452256,0 80.1426266,12.9450199,0 80.1426265,12.9449286,0 80.1425578,12.9448371,0 80.1425577,12.9447687,0 80.1424890,12.9446999,0 80.1424890,12.9446315,0 80.1424431,12.9445629,0 80.1423744,12.9445398,0 80.1423515,12.9444941,0 80.1420996,12.9443562,0 80.1420996,12.9443105,0 80.1420079,12.9441733,0 80.1420079,12.9441048,0 80.1418933,12.9439447,0 80.1418932,12.9438534,0 80.1418244,12.9436706,0 80.1418243,12.9434881,0 80.1418014,12.9434881,0 80.1418013,12.9433512,0 80.1417785,12.9433511,0 80.1417554,12.9431685,0 80.1417096,12.9431227,0 80.1417096,12.9430542,0 80.1416638,12.9430084,0 80.1416637,12.9429400,0 80.1415950,12.9428485,0 80.1415721,12.9427799,0 80.1415718,12.9422780,0 80.1416176,12.9422782,0 80.1416862,12.9421873,0 80.1417549,12.9421876,0 80.1417777,12.9421420,0 80.1418693,12.9420968,0 80.1419380,12.9420971,0 80.1420067,12.9420517,0 80.1421898,12.9420297,0 80.1422356,12.9419842,0 80.1424416,12.9419166,0 80.1425103,12.9418713,0 80.1425560,12.9418031,0 80.1426018,12.9418032,0 80.1426933,12.9416896,0</coordinates></LinearRing></outerBoundaryIs></Polygon></MultiGeometry></Placemark>
<Placemark><name>37</name><ExtendedData><SchemaData schemaUrl="#tambaram_wards"><SimpleData name="id_2">TMB_37</SimpleData><SimpleData name="name">37</SimpleData><SimpleData name="zone">3</SimpleData></SchemaData></ExtendedData><MultiGeometry><Polygon><outerBoundaryIs><LinearRing><coordinates>80.1417989,12.9391309,0 80.1418217,12.9390397,0 80.1418216,12.9389028,0 80.1418445,12.9389029,0 80.1418443,12.9385608,0 80.1418672,12.9385608,0 80.1418671,12.9383327,0 80.1418900,12.9383328,0 80.1418899,12.9381275,0 80.1419128,12.9381276,0 80.1419356,12.9379452,0 80.1419813,12.9378998,0 80.1420041,12.9377630,0 80.1420728,12.9377176,0 80.1421185,12.9375809,0 80.1421872,12.9376040,0 80.1423475,12.9376047,0 80.1423475,12.9375819,0 80.1424849,12.9375825,0 80.1424848,12.9375596,0 80.1427596,12.9375608,0 80.1428512,12.9375384,0 80.1428969,12.9374929,0 80.1430572,12.9374708,0 80.1431716,12.9374028,0 80.1433777,12.9373352,0 80.1434463,12.9372899,0 80.1434921,12.9372216,0 80.1435836,12.9371992,0 80.1436752,12.9370855,0 80.1437209,12.9370629,0 80.1439040,12.9369040,0 80.1439955,12.9367675,0 80.1442931,12.9367002,0 80.1443389,12.9366548,0 80.1444076,12.9366551,0 80.1444305,12.9366096,0 80.1445678,12.9365645,0 80.1445907,12.9364962,0 80.1446593,12.9364052,0 80.1446593,12.9363368,0 80.1447508,12.9362003,0 80.1447507,12.9361318,0 80.1447965,12.9361092,0 80.1447965,12.9360408,0 80.1448422,12.9359953,0 80.1448422,12.9359269,0 80.1450252,12.9356083,0 80.1450480,12.9354943,0 80.1451625,12.9354948,0 80.1451625,12.9354720,0 80.1452769,12.9354724,0 80.1452769,12.9354496,0 80.1466049,12.9354551,0 80.1466049,12.9354779,0 80.1467881,12.9354787,0 80.1467881,12.9355015,0 80.1469484,12.9355022,0 80.1470400,12.9355482,0 80.1472232,12.9355489,0 80.1472919,12.9355948,0 80.1473835,12.9355952,0 80.1474293,12.9356410,0 80.1474980,12.9356413,0 80.1475438,12.9356871,0 80.1476812,12.9357105,0 80.1478644,12.9358025,0 80.1478873,12.9358482,0 80.1479789,12.9358714,0 80.1480706,12.9359859,0 80.1481164,12.9359860,0 80.1482538,12.9361463,0 80.1485515,12.9361475,0 80.1485515,12.9361703,0 80.1486889,12.9361709,0 80.1486889,12.9361937,0 80.1490094,12.9361950,0 80.1490094,12.9361722,0 80.1491468,12.9361728,0 80.1491468,12.9361500,0 80.1493528,12.9361508,0 80.1493528,12.9361280,0 80.1495589,12.9361289,0 80.1495589,12.9361061,0 80.1497420,12.9361068,0 80.1497420,12.9360840,0 80.1499252,12.9360848,0 80.1499252,12.9360619,0 80.1501084,12.9360627,0 80.1501083,12.9360399,0 80.1507036,12.9360423,0 80.1507037,12.9361564,0 80.1507266,12.9361565,0 80.1507267,12.9363618,0 80.1507496,12.9363619,0 80.1507497,12.9364988,0 80.1507726,12.9364989,0 80.1507727,12.9366358,0 80.1508185,12.9367272,0 80.1508186,12.9368413,0 80.1508644,12.9369099,0 80.1508645,12.9370011,0 80.1509103,12.9370698,0 80.1509104,12.9372066,0 80.1509562,12.9372981,0 80.1509563,12.9374349,0 80.1509792,12.9374350,0 80.1509794,12.9378000,0 80.1510023,12.9378001,0 80.1510025,12.9381195,0 80.1510254,12.9381196,0 80.1510255,12.9382793,0 80.1510484,12.9382794,0 80.1510485,12.9384391,0 80.1510714,12.9384392,0 80.1510715,12.9386217,0 80.1510944,12.9386218,0 80.1510945,12.9387815,0 80.1511174,12.9387815,0 80.1511175,12.9389640,0 80.1511633,12.9390555,0 80.1511634,12.9391924,0 80.1511863,12.9391925,0 80.1511864,12.9393293,0 80.1512093,12.9393294,0 80.1512095,12.9396944,0 80.1512324,12.9397401,0 80.1511637,12.9397627,0 80.1510722,12.9398764,0 80.1510264,12.9398762,0 80.1509807,12.9399444,0 80.1509349,12.9399442,0 80.1508663,12.9400352,0 80.1507976,12.9400349,0 80.1507060,12.9400802,0 80.1506831,12.9401257,0 80.1505916,12.9401709,0 80.1504771,12.9401705,0 80.1503856,12.9403070,0 80.1502711,12.9402837,0 80.1502711,12.9402609,0 80.1501108,12.9402602,0 80.1499964,12.9403966,0 80.1497446,12.9403956,0 80.1497446,12.9404184,0 80.1495385,12.9404175,0 80.1494698,12.9403716,0 80.1493553,12.9403711,0 80.1493553,12.9403483,0 80.1491721,12.9403476,0 80.1491034,12.9403245,0 80.1489890,12.9404152,0 80.1488516,12.9404375,0 80.1488516,12.9404603,0 80.1487372,12.9404598,0 80.1487143,12.9405282,0 80.1485999,12.9406190,0 80.1485541,12.9406872,0 80.1484626,12.9407096,0 80.1483481,12.9407092,0 80.1482565,12.9407544,0 80.1481420,12.9407539,0 80.1479589,12.9408216,0 80.1478444,12.9408211,0 80.1476613,12.9408888,0 80.1475468,12.9408884,0 80.1474553,12.9409336,0 80.1473637,12.9409332,0 80.1472035,12.9410466,0 80.1471119,12.9410691,0 80.1470661,12.9411373,0 80.1469288,12.9412052,0 80.1467685,12.9412045,0 80.1467685,12.9411817,0 80.1462877,12.9411797,0 80.1462877,12.9412025,0 80.1461732,12.9412021,0 80.1461733,12.9412249,0 80.1460588,12.9412244,0 80.1460588,12.9412472,0 80.1459443,12.9412467,0 80.1459443,12.9412695,0 80.1458298,12.9412691,0 80.1458299,12.9412919,0 80.1456925,12.9412913,0 80.1456925,12.9413141,0 80.1455780,12.9413137,0 80.1455780,12.9413365,0 80.1454406,12.9413359,0 80.1454407,12.9413587,0 80.1453262,12.9413582,0 80.1453262,12.9413811,0 80.1451888,12.9413805,0 80.1451888,12.9414033,0 80.1450743,12.9414028,0 80.1450744,12.9414256,0 80.1449370,12.9414251,0 80.1449370,12.9414479,0 80.1448225,12.9414474,0 80.1448225,12.9414702,0 80.1447080,12.9414698,0 80.1447081,12.9414926,0 80.1445707,12.9414920,0 80.1445707,12.9415148,0 80.1444562,12.9415143,0 80.1444562,12.9415371,0 80.1443189,12.9415366,0 80.1443189,12.9415594,0 80.1442044,12.9415589,0 80.1442044,12.9415817,0 80.1440670,12.9415812,0 80.1440670,12.9416040,0 80.1439526,12.9416035,0 80.1439526,12.9416263,0 80.1438381,12.9416258,0 80.1438381,12.9416487,0 80.1437007,12.9416481,0 80.1437007,12.9416709,0 80.1435863,12.9416704,0 80.1435863,12.9416932,0 80.1434489,12.9416927,0 80.1434489,12.9417155,0 80.1433344,12.9417150,0 80.1433344,12.9417378,0 80.1428765,12.9417359,0 80.1428765,12.9417131,0 80.1427162,12.9417125,0 80.1426933,12.9416896,0 80.1426933,12.9415755,0 80.1426704,12.9415754,0 80.1426703,12.9414157,0 80.1426474,12.9414156,0 80.1426473,12.9412787,0 80.1426244,12.9412786,0 80.1426243,12.9411418,0 80.1426014,12.9411417,0 80.1426013,12.9409364,0 80.1425783,12.9408450,0 80.1425096,12.9407079,0 80.1425095,12.9406166,0 80.1424408,12.9404795,0 80.1424407,12.9403882,0 80.1423261,12.9401140,0 80.1423260,12.9400227,0 80.1422114,12.9397485,0 80.1421196,12.9394288,0 80.1420738,12.9394058,0 80.1419592,12.9392456,0 80.1418447,12.9391995,0 80.1417989,12.9391309,0</coordinates></LinearRing></outerBoundaryIs></Polygon></MultiGeometry></Placemark>
<Placemark><name>38</name><ExtendedData><SchemaData schemaUrl="#tambaram_wards"><SimpleData name="id_2">TMB_38</SimpleData><SimpleData name="name">38</SimpleData><SimpleData name="zone">3</SimpleData></SchemaData></ExtendedData><MultiGeometry><Polygon><outerBoundaryIs><LinearRing><coordinates>80.1469288,12.9412052,0 80.1470661,12.9411373,0 80.1471119,12.9410691,0 80.1472035,12.9410466,0 80.1473637,12.9409332,0 80.1474553,12.9409336,0 80.1475468,12.9408884,0 80.1476613,12.9408888,0 80.1478444,12.9408211,0 80.1479589,12.9408216,0 80.1481420,12.9407539,0 80.1482565,12.9407544,0 80.1483481,12.9407092,0 80.1484626,12.9407096,0 80.1485541,12.9406872,0 80.1485999,12.9406190,0 80.1487143,12.9405282,0 80.1487372,12.9404598,0 80.1488516,12.9404603,0 80.1488516,12.9404375,0 80.1489890,12.9404152,0 80.1491034,12.9403245,0 80.1491721,12.9403476,0 80.1493553,12.9403483,0 80.1493553,12.9403711,0 80.1494698,12.9403716,0 80.1495385,12.9404175,0 80.1497446,12.9404184,0 80.1497446,12.9403956,0 80.1499964,12.9403966,0 80.1501108,12.9402602,0 80.1502711,12.9402609,0 80.1502711,12.9402837,0 80.1503856,12.9403070,0 80.1504771,12.9401705,0 80.1505916,12.9401709,0 80.1506831,12.9401257,0 80.1507060,12.9400802,0 80.1507976,12.9400349,0 80.1508663,12.9400352,0 80.1509349,12.9399442,0 80.1509807,12.9399444,0 80.1510264,12.9398762,0 80.1510722,12.9398764,0 80.1511637,12.9397627,0 80.1512324,12.9397401,0 80.1512095,12.9396944,0 80.1512093,12.9393294,0 80.1511864,12.9393293,0 80.1511863,12.9391925,0 80.1511634,12.9391924,0 80.1511633,12.9390555,0 80.1511175,12.9389640,0 80.1511174,12.9387815,0 80.1510945,12.9387815,0 80.1510944,12.9386218,0 80.1510715,12.9386217,0 80.1510714,12.9384392,0 80.1510485,12.9384391,0 80.1510484,12.9382794,0 80.1510255,12.9382793,0 80.1510254,12.9381196,0 80.1510025,12.9381195,0 80.1510023,12.9378001,0 80.1509794,12.9378000,0 80.1509792,12.9374350,0 80.1509563,12.9374349,0 80.1509562,12.9372981,0 80.1509104,12.9372066,0 80.1509103,12.9370698,0 80.1508645,12.9370011,0 80.1508644,12.9369099,0 80.1508186,12.9368413,0 80.1508185,12.9367272,0 80.1507727,12.9366358,0 80.1507726,12.9364989,0 80.1507497,12.9364988,0 80.1507496,12.9363619,0 80.1507267,12.9363618,0 80.1507266,12.9361565,0 80.1507037,12.9361564,0 80.1507036,12.9360423,0 80.1507723,12.9360198,0 80.1508868,12.9360203,0 80.1508868,12.9359975,0 80.1510929,12.9359983,0 80.1510928,12.9359755,0 80.1514821,12.9359771,0 80.1514821,12.9359543,0 80.1516423,12.9359550,0 80.1516881,12.9359324,0 80.1517568,12.9359783,0 80.1521232,12.9360482,0 80.1521232,12.9360710,0 80.1522377,12.9360715,0 80.1522377,12.9360943,0 80.1524209,12.9360951,0 80.1524209,12.9361179,0 80.1526041,12.9361186,0 80.1526041,12.9361414,0 80.1528330,12.9361424,0 80.1529017,12.9360742,0 80.1529933,12.9360518,0 80.1530161,12.9360063,0 80.1532222,12.9359387,0 80.1532679,12.9358933,0 80.1533824,12.9358937,0 80.1534511,12.9359396,0 80.1535656,12.9359401,0 80.1535656,12.9359629,0 80.1537488,12.9359637,0 80.1538404,12.9360097,0 80.1540693,12.9360106,0 80.1540693,12.9359878,0 80.1542983,12.9359888,0 80.1542983,12.9360116,0 80.1544357,12.9360121,0 80.1544357,12.9360350,0 80.1545731,12.9360355,0 80.1547563,12.9361047,0 80.1548937,12.9361053,0 80.1548937,12.9361281,0 80.1550311,12.9361287,0 80.1550540,12.9361744,0 80.1550540,12.9362884,0 80.1550770,12.9363798,0 80.1550541,12.9364709,0 80.1550084,12.9364936,0 80.1548483,12.9368579,0 80.1547339,12.9370171,0 80.1547340,12.9370856,0 80.1546882,12.9371310,0 80.1546654,12.9372678,0 80.1546196,12.9373132,0 80.1546197,12.9373816,0 80.1545739,12.9374499,0 80.1545740,12.9375411,0 80.1544596,12.9377004,0 80.1542994,12.9378138,0 80.1542765,12.9379049,0 80.1542079,12.9379503,0 80.1542079,12.9380187,0 80.1541392,12.9380868,0 80.1541394,12.9382693,0 80.1541623,12.9382694,0 80.1542311,12.9385663,0 80.1542769,12.9386121,0 80.1542770,12.9387262,0 80.1543458,12.9389089,0 80.1543459,12.9390230,0 80.1543917,12.9390688,0 80.1543917,12.9391373,0 80.1544375,12.9391831,0 80.1544376,12.9392515,0 80.1544834,12.9392973,0 80.1545979,12.9393434,0 80.1546437,12.9394120,0 80.1546895,12.9394122,0 80.1547354,12.9394809,0 80.1550102,12.9395961,0 80.1550331,12.9396418,0 80.1553537,12.9397800,0 80.1553767,12.9398257,0 80.1556973,12.9399639,0 80.1557660,12.9400098,0 80.1559722,12.9401932,0 80.1559722,12.9402388,0 80.1560409,12.9402847,0 80.1560409,12.9403303,0 80.1561097,12.9403762,0 80.1561555,12.9404677,0 80.1561555,12.9405133,0 80.1560869,12.9405586,0 80.1560411,12.9406497,0 80.1560183,12.9407637,0 80.1559267,12.9408317,0 80.1559268,12.9408773,0 80.1558581,12.9409227,0 80.1558581,12.9409683,0 80.1557208,12.9410590,0 80.1556292,12.9410586,0 80.1555835,12.9411040,0 80.1554690,12.9411036,0 80.1553774,12.9411488,0 80.1552172,12.9411482,0 80.1552172,12.9411710,0 80.1550569,12.9411703,0 80.1550569,12.9411931,0 80.1548966,12.9411925,0 80.1548966,12.9412153,0 80.1547822,12.9412148,0 80.1547822,12.9412376,0 80.1545761,12.9412368,0 80.1545761,12.9412596,0 80.1544159,12.9412589,0 80.1544159,12.9412817,0 80.1542785,12.9412812,0 80.1542785,12.9413040,0 80.1541640,12.9413035,0 80.1541640,12.9413263,0 80.1540267,12.9413257,0 80.1539351,12.9413710,0 80.1537977,12.9413704,0 80.1537977,12.9413932,0 80.1536833,12.9413928,0 80.1536833,12.9414156,0 80.1535688,12.9414151,0 80.1535688,12.9414379,0 80.1534543,12.9414374,0 80.1534543,12.9414602,0 80.1533170,12.9414597,0 80.1533170,12.9414825,0 80.1532025,12.9414820,0 80.1532025,12.9415048,0 80.1530880,12.9415044,0 80.1530880,12.9415272,0 80.1529736,12.9415267,0 80.1529736,12.9415495,0 80.1528362,12.9415489,0 80.1528362,12.9415718,0 80.1527217,12.9415713,0 80.1527217,12.9415941,0 80.1526073,12.9415936,0 80.1525386,12.9416846,0 80.1524929,12.9417072,0 80.1523327,12.9418434,0 80.1523556,12.9418891,0 80.1523786,12.9420717,0 80.1524244,12.9421176,0 80.1524474,12.9422317,0 80.1526307,12.9424378,0 80.1526764,12.9424380,0 80.1531117,12.9428960,0 80.1531575,12.9428962,0 80.1534095,12.9431710,0 80.1535241,12.9432171,0 80.1535699,12.9432857,0 80.1536157,12.9432859,0 80.1536615,12.9433545,0 80.1537760,12.9434006,0 80.1538219,12.9434693,0 80.1539364,12.9435154,0 80.1539822,12.9435840,0 80.1540738,12.9436072,0 80.1540967,12.9436529,0 80.1542341,12.9437447,0 80.1542800,12.9438133,0 80.1544175,12.9441333,0 80.1541430,12.9444287,0 80.1540743,12.9444284,0 80.1540285,12.9444739,0 80.1539598,12.9444736,0 80.1539141,12.9445190,0 80.1538454,12.9445187,0 80.1537538,12.9445868,0 80.1536165,12.9446090,0 80.1533876,12.9447450,0 80.1533189,12.9447447,0 80.1531358,12.9448580,0 80.1530671,12.9448805,0 80.1529526,12.9448800,0 80.1528611,12.9449253,0 80.1527466,12.9449248,0 80.1526779,12.9449473,0 80.1525863,12.9448785,0 80.1524260,12.9448551,0 80.1523115,12.9447861,0 80.1521741,12.9447628,0 80.1521054,12.9448081,0 80.1519223,12.9448302,0 80.1518307,12.9448982,0 80.1516934,12.9448976,0 80.1516934,12.9449205,0 80.1513041,12.9449189,0 80.1511896,12.9447815,0 80.1511438,12.9447813,0 80.1509376,12.9445523,0 80.1505941,12.9444597,0 80.1505941,12.9444140,0 80.1505024,12.9443452,0 80.1504795,12.9442539,0 80.1503649,12.9440937,0 80.1503649,12.9440253,0 80.1503191,12.9439795,0 80.1503190,12.9438882,0 80.1502732,12.9438196,0 80.1502731,12.9437284,0 80.1502044,12.9436368,0 80.1501814,12.9435227,0 80.1500898,12.9434538,0 80.1500210,12.9433395,0 80.1499752,12.9433393,0 80.1498836,12.9432477,0 80.1496775,12.9432468,0 80.1496775,12.9432696,0 80.1495631,12.9432692,0 80.1495631,12.9432920,0 80.1494028,12.9433141,0 80.1489908,12.9435406,0 80.1488992,12.9435402,0 80.1487161,12.9436079,0 80.1485558,12.9436072,0 80.1485559,12.9436300,0 80.1483269,12.9436291,0 80.1483269,12.9436519,0 80.1481437,12.9436511,0 80.1480750,12.9435824,0 80.1480750,12.9435368,0 80.1480063,12.9434909,0 80.1479375,12.9433081,0 80.1478229,12.9432164,0 80.1478229,12.9431707,0 80.1476855,12.9430561,0 80.1476854,12.9430105,0 80.1475709,12.9429188,0 80.1475480,12.9428274,0 80.1475021,12.9428044,0 80.1474792,12.9427131,0 80.1474334,12.9426901,0 80.1473645,12.9424160,0 80.1472500,12.9422331,0 80.1472499,12.9421646,0 80.1472041,12.9421188,0 80.1471811,12.9419818,0 80.1471353,12.9419360,0 80.1470894,12.9417305,0 80.1470436,12.9416847,0 80.1470435,12.9415935,0 80.1469977,12.9415020,0 80.1469976,12.9413880,0 80.1469747,12.9413879,0 80.1469288,12.9412052,0</coordinates></LinearRing></outerBoundaryIs></Polygon></MultiGeometry></Placemark>
<Placemark><name>39</name><ExtendedData><SchemaData schemaUrl="#tambaram_wards"><SimpleData name="id_2">TMB_39</SimpleData><SimpleData name="name">39</SimpleData><SimpleData name="zone">3</SimpleData></SchemaData></ExtendedData><MultiGeometry><Polygon><outerBoundaryIs><LinearRing><coordinates>80.1516881,12.9359324,0 80.1517110,12.9358412,0 80.1517108,12.9356359,0 80.1517337,12.9356360,0 80.1517336,12.9354307,0 80.1517565,12.9354308,0 80.1517561,12.9347920,0 80.1517332,12.9347919,0 80.1517331,12.9344954,0 80.1517101,12.9344040,0 80.1516643,12.9343354,0 80.1516642,12.9342669,0 80.1516184,12.9342211,0 80.1515266,12.9338786,0 80.1514808,12.9338328,0 80.1513890,12.9334902,0 80.1513432,12.9334444,0 80.1512514,12.9331018,0 80.1512056,12.9330560,0 80.1511368,12.9327820,0 80.1510909,12.9327362,0 80.1509992,12.9323936,0 80.1509533,12.9323478,0 80.1508616,12.9320052,0 80.1508157,12.9319594,0 80.1507010,12.9315483,0 80.1506552,12.9315025,0 80.1505633,12.9310459,0 80.1505404,12.9310458,0 80.1505404,12.9309317,0 80.1504257,12.9305662,0 80.1504256,12.9304522,0 80.1503109,12.9300867,0 80.1503109,12.9299726,0 80.1502191,12.9296985,0 80.1502190,12.9295616,0 80.1501961,12.9295615,0 80.1501960,12.9293334,0 80.1502189,12.9293335,0 80.1502188,12.9291510,0 80.1502645,12.9290828,0 80.1502874,12.9289916,0 80.1504248,12.9289922,0 80.1504934,12.9289468,0 80.1506308,12.9289474,0 80.1506308,12.9289246,0 80.1510658,12.9289264,0 80.1510658,12.9289036,0 80.1530578,12.9289118,0 80.1530578,12.9289346,0 80.1531952,12.9289352,0 80.1532639,12.9289811,0 80.1533326,12.9289814,0 80.1533784,12.9290272,0 80.1535158,12.9290506,0 80.1538364,12.9292344,0 80.1539051,12.9292347,0 80.1540196,12.9293036,0 80.1541112,12.9293040,0 80.1541570,12.9293498,0 80.1543173,12.9293504,0 80.1543173,12.9293276,0 80.1544776,12.9293283,0 80.1544776,12.9293055,0 80.1545920,12.9293059,0 80.1545920,12.9292831,0 80.1547294,12.9292837,0 80.1547294,12.9292609,0 80.1550270,12.9292621,0 80.1550270,12.9292393,0 80.1553018,12.9292404,0 80.1553018,12.9292176,0 80.1554391,12.9292182,0 80.1555078,12.9291957,0 80.1555764,12.9290591,0 80.1555764,12.9289678,0 80.1556221,12.9289224,0 80.1556220,12.9286486,0 80.1555991,12.9286485,0 80.1555990,12.9284889,0 80.1555761,12.9284888,0 80.1555758,12.9280325,0 80.1556216,12.9279414,0 80.1556214,12.9276905,0 80.1555985,12.9276904,0 80.1555984,12.9274623,0 80.1555755,12.9274622,0 80.1555754,12.9273481,0 80.1555525,12.9273480,0 80.1555525,12.9272340,0 80.1555296,12.9272339,0 80.1555295,12.9271198,0 80.1555066,12.9271197,0 80.1555065,12.9270057,0 80.1554836,12.9270056,0 80.1554836,12.9268915,0 80.1554607,12.9268914,0 80.1554606,12.9267773,0 80.1554377,12.9267773,0 80.1554376,12.9266632,0 80.1554147,12.9266631,0 80.1554147,12.9265490,0 80.1553918,12.9265489,0 80.1553917,12.9264349,0 80.1553688,12.9264348,0 80.1553688,12.9263207,0 80.1553229,12.9262293,0 80.1553228,12.9261152,0 80.1552540,12.9259324,0 80.1552540,12.9258184,0 80.1552081,12.9257269,0 80.1552081,12.9256129,0 80.1551622,12.9255214,0 80.1551622,12.9254074,0 80.1551163,12.9253159,0 80.1551163,12.9252247,0 80.1550704,12.9251789,0 80.1550704,12.9250876,0 80.1550246,12.9250646,0 80.1550016,12.9249276,0 80.1549329,12.9248361,0 80.1549328,12.9247677,0 80.1548641,12.9246761,0 80.1548640,12.9246077,0 80.1548182,12.9245391,0 80.1549098,12.9245166,0 80.1549555,12.9244484,0 80.1550700,12.9244032,0 80.1551157,12.9243350,0 80.1552302,12.9242898,0 80.1552988,12.9241989,0 80.1554819,12.9241084,0 80.1554819,12.9240399,0 80.1555277,12.9239945,0 80.1555733,12.9237894,0 80.1556420,12.9237897,0 80.1556878,12.9237442,0 80.1557565,12.9237445,0 80.1558022,12.9236991,0 80.1559167,12.9236996,0 80.1559854,12.9236542,0 80.1560770,12.9236318,0 80.1562830,12.9236326,0 80.1562830,12.9236098,0 80.1566722,12.9236114,0 80.1566722,12.9235886,0 80.1572217,12.9235909,0 80.1574049,12.9236601,0 80.1574965,12.9236605,0 80.1575424,12.9237063,0 80.1576340,12.9237295,0 80.1576341,12.9239576,0 80.1576570,12.9239577,0 80.1576572,12.9244139,0 80.1576344,12.9245051,0 80.1575886,12.9245505,0 80.1575430,12.9247328,0 80.1573599,12.9248690,0 80.1573141,12.9249372,0 80.1572225,12.9249596,0 80.1571768,12.9250279,0 80.1571311,12.9251646,0 80.1570624,12.9252099,0 80.1569938,12.9253921,0 80.1570396,12.9254151,0 80.1570398,12.9256433,0 80.1569711,12.9257570,0 80.1569712,12.9258255,0 80.1569254,12.9258709,0 80.1569026,12.9259849,0 80.1568339,12.9260530,0 80.1568340,12.9261899,0 80.1568111,12.9261898,0 80.1568112,12.9263039,0 80.1567655,12.9263949,0 80.1567655,12.9265090,0 80.1571090,12.9266473,0 80.1571091,12.9266701,0 80.1574525,12.9266715,0 80.1574983,12.9266945,0 80.1576816,12.9269006,0 80.1576816,12.9269462,0 80.1577503,12.9269921,0 80.1578879,12.9273349,0 80.1580713,12.9276550,0 80.1580713,12.9277234,0 80.1582088,12.9279521,0 80.1583006,12.9283175,0 80.1583694,12.9284547,0 80.1583924,12.9286373,0 80.1584611,12.9287516,0 80.1584612,12.9288200,0 80.1585070,12.9288659,0 80.1585300,12.9290028,0 80.1585758,12.9290486,0 80.1585758,12.9291171,0 80.1586445,12.9291174,0 80.1588507,12.9292551,0 80.1590110,12.9293014,0 80.1591256,12.9295072,0 80.1591714,12.9295302,0 80.1591714,12.9295986,0 80.1592402,12.9296901,0 80.1592402,12.9297814,0 80.1593089,12.9298501,0 80.1593777,12.9300329,0 80.1595610,12.9301249,0 80.1596984,12.9302167,0 80.1597671,12.9302170,0 80.1598358,12.9302629,0 80.1599504,12.9304459,0 80.1599504,12.9305143,0 80.1599962,12.9305601,0 80.1599963,12.9306514,0 80.1600421,12.9306972,0 80.1600422,12.9308341,0 80.1600651,12.9308342,0 80.1600652,12.9309710,0 80.1600881,12.9309711,0 80.1600881,12.9310852,0 80.1601110,12.9310853,0 80.1601111,12.9312222,0 80.1601340,12.9312223,0 80.1601341,12.9313591,0 80.1601570,12.9313592,0 80.1601571,12.9314961,0 80.1601800,12.9314962,0 80.1601800,12.9316331,0 80.1602029,12.9316332,0 80.1602030,12.9317472,0 80.1602259,12.9317473,0 80.1602260,12.9318842,0 80.1602489,12.9318843,0 80.1602490,12.9320212,0 80.1602718,12.9320213,0 80.1602719,12.9321581,0 80.1602948,12.9321582,0 80.1602949,12.9322723,0 80.1603407,12.9323637,0 80.1603408,12.9324778,0 80.1603638,12.9325691,0 80.1604096,12.9325921,0 80.1604096,12.9326834,0 80.1604783,12.9327293,0 80.1604784,12.9327749,0 80.1606616,12.9329126,0 80.1607533,12.9330270,0 80.1608678,12.9330731,0 80.1609136,12.9331417,0 80.1609594,12.9331419,0 80.1610052,12.9332105,0 80.1611197,12.9332566,0 80.1611656,12.9333253,0 80.1612801,12.9333714,0 80.1613259,12.9334400,0 80.1613717,12.9334402,0 80.1614175,12.9335088,0 80.1615320,12.9335549,0 80.1615779,12.9336235,0 80.1616237,12.9336237,0 80.1616695,12.9336923,0 80.1617840,12.9337384,0 80.1618298,12.9338071,0 80.1619443,12.9338532,0 80.1619902,12.9339218,0 80.1620360,12.9339220,0 80.1621047,12.9340135,0 80.1621505,12.9340137,0 80.1621963,12.9340823,0 80.1622421,12.9340825,0 80.1623109,12.9341740,0 80.1623566,12.9341742,0 80.1624254,12.9342658,0 80.1624712,12.9342660,0 80.1625170,12.9343346,0 80.1625628,12.9343348,0 80.1626315,12.9344263,0 80.1626773,12.9344265,0 80.1627232,12.9344951,0 80.1627690,12.9344953,0 80.1628377,12.9345868,0 80.1628835,12.9345870,0 80.1629522,12.9346786,0 80.1629980,12.9346788,0 80.1630439,12.9347474,0 80.1630897,12.9347476,0 80.1631584,12.9348391,0 80.1632042,12.9348393,0 80.1632729,12.9349308,0 80.1633187,12.9349310,0 80.1633646,12.9349996,0 80.1634104,12.9349998,0 80.1634791,12.9350914,0 80.1635249,12.9350916,0 80.1635936,12.9351831,0 80.1636394,12.9351833,0 80.1636853,12.9352519,0 80.1637310,12.9352521,0 80.1637998,12.9353436,0 80.1638456,12.9353438,0 80.1638914,12.9354124,0 80.1639372,12.9354126,0 80.1640059,12.9355042,0 80.1640517,12.9355044,0 80.1641205,12.9355959,0 80.1641663,12.9355961,0 80.1642121,12.9356647,0 80.1642579,12.9356649,0 80.1643495,12.9357793,0 80.1643953,12.9357795,0 80.1647161,12.9361230,0 80.1647619,12.9361232,0 80.1648535,12.9362377,0 80.1648993,12.9362379,0 80.1649680,12.9363066,0 80.1651054,12.9363071,0 80.1651054,12.9362843,0 80.1652428,12.9362849,0 80.1652428,12.9362621,0 80.1653802,12.9362627,0 80.1654717,12.9362174,0 80.1655633,12.9362178,0 80.1661814,12.9359922,0 80.1666393,12.9359941,0 80.1668225,12.9360633,0 80.1669141,12.9360637,0 80.1670057,12.9361325,0 80.1670515,12.9361327,0 80.1671431,12.9362471,0 80.1671889,12.9362701,0 80.1671890,12.9363614,0 80.1672348,12.9364300,0 80.1672349,12.9364984,0 80.1672807,12.9365442,0 80.1673037,12.9366584,0 80.1667314,12.9369298,0 80.1666627,12.9369523,0 80.1664796,12.9370884,0 80.1644196,12.9380837,0 80.1643509,12.9381062,0 80.1641678,12.9382423,0 80.1634353,12.9385815,0 80.1633667,12.9386268,0 80.1632522,12.9386264,0 80.1632293,12.9386491,0 80.1632293,12.9385806,0 80.1631834,12.9385120,0 80.1631834,12.9384208,0 80.1631376,12.9383749,0 80.1631375,12.9383065,0 80.1630688,12.9381922,0 80.1630458,12.9380096,0 80.1629999,12.9379409,0 80.1629999,12.9378497,0 80.1629541,12.9377811,0 80.1629311,12.9375985,0 80.1628852,12.9375298,0 80.1628622,12.9373472,0 80.1628164,12.9372786,0 80.1627017,12.9368675,0 80.1626559,12.9368445,0 80.1626100,12.9367075,0 80.1625642,12.9366388,0 80.1624725,12.9365928,0 80.1623810,12.9365924,0 80.1622893,12.9365464,0 80.1620833,12.9365456,0 80.1619917,12.9365680,0 80.1619459,12.9366135,0 80.1617399,12.9366811,0 80.1617171,12.9367266,0 80.1616255,12.9367490,0 80.1616026,12.9367945,0 80.1615110,12.9368170,0 80.1614195,12.9369079,0 80.1612821,12.9369301,0 80.1612364,12.9369755,0 80.1611677,12.9369752,0 80.1610990,12.9370206,0 80.1610074,12.9370202,0 80.1605496,12.9371552,0 80.1604351,12.9371547,0 80.1603436,12.9372000,0 80.1602291,12.9371995,0 80.1602291,12.9372223,0 80.1601146,12.9372218,0 80.1601146,12.9372446,0 80.1600002,12.9372442,0 80.1600002,12.9372670,0 80.1598857,12.9372665,0 80.1598857,12.9372893,0 80.1597025,12.9372886,0 80.1597025,12.9373114,0 80.1593820,12.9373101,0 80.1592904,12.9372869,0 80.1591988,12.9371952,0 80.1591987,12.9371268,0 80.1591529,12.9371038,0 80.1591300,12.9369896,0 80.1590612,12.9368981,0 80.1590612,12.9368297,0 80.1589924,12.9367610,0 80.1589924,12.9367153,0 80.1589237,12.9366694,0 80.1588549,12.9365551,0 80.1584428,12.9365534,0 80.1582597,12.9366211,0 80.1581223,12.9366205,0 80.1581223,12.9366433,0 80.1579849,12.9366427,0 80.1578934,12.9366880,0 80.1577331,12.9366873,0 80.1577331,12.9367101,0 80.1575729,12.9367095,0 80.1575729,12.9367323,0 80.1574126,12.9367316,0 80.1574126,12.9367544,0 80.1572523,12.9367538,0 80.1572523,12.9367766,0 80.1570921,12.9367759,0 80.1570921,12.9367987,0 80.1569547,12.9367982,0 80.1569547,12.9368210,0 80.1567945,12.9368203,0 80.1567945,12.9368431,0 80.1566113,12.9368424,0 80.1566113,12.9368652,0 80.1563366,12.9368640,0 80.1563366,12.9368869,0 80.1560160,12.9368855,0 80.1559015,12.9368166,0 80.1558099,12.9368162,0 80.1557641,12.9367704,0 80.1556954,12.9367702,0 80.1556496,12.9367243,0 80.1555809,12.9367241,0 80.1555122,12.9366553,0 80.1553977,12.9366092,0 80.1553518,12.9365406,0 80.1552602,12.9365174,0 80.1552373,12.9364717,0 80.1550770,12.9363798,0 80.1550540,12.9362884,0 80.1550540,12.9361744,0 80.1550311,12.9361287,0 80.1548937,12.9361281,0 80.1548937,12.9361053,0 80.1547563,12.9361047,0 80.1545731,12.9360355,0 80.1544357,12.9360350,0 80.1544357,12.9360121,0 80.1542983,12.9360116,0 80.1542983,12.9359888,0 80.1540693,12.9359878,0 80.1540693,12.9360106,0 80.1538404,12.9360097,0 80.1537488,12.9359637,0 80.1535656,12.9359629,0 80.1535656,12.9359401,0 80.1534511,12.9359396,0 80.1533824,12.9358937,0 80.1532679,12.9358933,0 80.1532222,12.9359387,0 80.1530161,12.9360063,0 80.1529933,12.9360518,0 80.1529017,12.9360742,0 80.1528330,12.9361424,0 80.1526041,12.9361414,0 80.1526041,12.9361186,0 80.1524209,12.9361179,0 80.1524209,12.9360951,0 80.1522377,12.9360943,0 80.1522377,12.9360715,0 80.1521232,12.9360710,0 80.1521232,12.9360482,0 80.1517568,12.9359783,0 80.1516881,12.9359324,0</coordinates></LinearRing></outerBoundaryIs></Polygon></MultiGeometry></Placemark>
<Placemark><name>40</name><ExtendedData><SchemaData schemaUrl="#tambaram_wards"><SimpleData name="id_2">TMB_40</SimpleData><SimpleData name="name">40</SimpleData><SimpleData name="zone">3</SimpleData></SchemaData></ExtendedData><MultiGeometry><Polygon><outerBoundaryIs><LinearRing><coordinates>80.1576340,12.9237295,0 80.1577255,12.9236614,0 80.1578400,12.9236391,0 80.1578628,12.9235935,0 80.1580918,12.9235489,0 80.1581375,12.9235034,0 80.1583207,12.9235042,0 80.1583207,12.9234814,0 80.1585039,12.9234821,0 80.1585038,12.9234593,0 80.1587099,12.9234602,0 80.1587099,12.9234373,0 80.1589160,12.9234382,0 80.1589159,12.9234154,0 80.1590991,12.9234161,0 80.1590991,12.9233933,0 80.1593052,12.9233942,0 80.1593052,12.9233714,0 80.1595112,12.9233722,0 80.1595112,12.9233494,0 80.1596944,12.9233502,0 80.1596944,12.9233273,0 80.1599004,12.9233282,0 80.1599004,12.9233054,0 80.1601065,12.9233062,0 80.1601065,12.9232834,0 80.1602209,12.9232839,0 80.1602209,12.9232611,0 80.1603354,12.9232616,0 80.1604727,12.9231937,0 80.1606559,12.9231716,0 80.1608619,12.9230812,0 80.1609535,12.9230816,0 80.1615029,12.9228786,0 80.1615945,12.9228789,0 80.1621439,12.9226759,0 80.1622354,12.9226763,0 80.1626475,12.9225183,0 80.1627162,12.9225186,0 80.1628764,12.9224052,0 80.1629679,12.9223827,0 80.1630366,12.9223374,0 80.1631052,12.9222464,0 80.1631280,12.9220640,0 80.1631509,12.9220641,0 80.1631508,12.9218816,0 80.1631737,12.9218817,0 80.1631736,12.9216536,0 80.1631507,12.9216535,0 80.1631499,12.9202619,0 80.1631270,12.9202619,0 80.1631268,12.9200109,0 80.1631726,12.9199883,0 80.1631497,12.9199426,0 80.1631496,12.9197829,0 80.1631267,12.9197828,0 80.1631266,12.9196459,0 80.1631037,12.9196458,0 80.1631037,12.9195318,0 80.1630807,12.9194404,0 80.1631265,12.9193722,0 80.1631262,12.9188703,0 80.1631033,12.9188702,0 80.1631028,12.9180718,0 80.1631257,12.9180719,0 80.1631256,12.9179350,0 80.1631485,12.9179351,0 80.1631484,12.9178210,0 80.1632170,12.9176388,0 80.1632169,12.9175019,0 80.1632627,12.9175021,0 80.1632855,12.9173425,0 80.1633313,12.9172971,0 80.1633313,12.9172058,0 80.1633770,12.9171376,0 80.1633770,12.9170691,0 80.1634227,12.9170237,0 80.1634227,12.9169553,0 80.1634685,12.9169098,0 80.1634684,12.9168414,0 80.1635142,12.9167960,0 80.1635141,12.9167275,0 80.1635599,12.9166821,0 80.1635827,12.9165453,0 80.1636285,12.9164999,0 80.1636285,12.9164314,0 80.1636971,12.9163177,0 80.1636970,12.9162264,0 80.1637428,12.9161810,0 80.1637427,12.9160669,0 80.1637656,12.9160670,0 80.1637654,12.9157248,0 80.1637425,12.9157247,0 80.1637424,12.9155879,0 80.1637195,12.9155878,0 80.1637195,12.9154509,0 80.1636966,12.9154508,0 80.1636965,12.9153139,0 80.1636735,12.9152454,0 80.1637422,12.9151772,0 80.1637422,12.9151316,0 80.1639253,12.9151095,0 80.1639253,12.9150867,0 80.1640398,12.9150872,0 80.1640398,12.9150644,0 80.1641772,12.9150650,0 80.1641771,12.9150421,0 80.1643145,12.9150427,0 80.1643145,12.9150199,0 80.1644519,12.9150205,0 80.1644519,12.9149977,0 80.1645892,12.9149982,0 80.1645892,12.9149754,0 80.1647266,12.9149760,0 80.1647266,12.9149532,0 80.1648640,12.9149537,0 80.1648640,12.9149309,0 80.1650013,12.9149315,0 80.1650013,12.9149087,0 80.1651387,12.9149092,0 80.1651387,12.9148864,0 80.1652761,12.9148870,0 80.1653676,12.9148646,0 80.1654363,12.9147736,0 80.1655279,12.9147740,0 80.1655507,12.9147284,0 80.1657110,12.9146835,0 80.1658025,12.9146154,0 80.1658712,12.9146157,0 80.1659627,12.9145476,0 80.1660543,12.9145480,0 80.1660772,12.9145025,0 80.1663290,12.9144351,0 80.1663977,12.9144582,0 80.1663977,12.9145038,0 80.1664664,12.9145269,0 80.1665352,12.9146641,0 80.1666955,12.9146647,0 80.1666955,12.9146419,0 80.1675884,12.9146456,0 80.1675884,12.9146684,0 80.1677029,12.9146689,0 80.1677945,12.9146465,0 80.1678860,12.9145556,0 80.1680921,12.9145564,0 80.1680921,12.9145793,0 80.1682295,12.9145798,0 80.1683211,12.9146258,0 80.1683669,12.9146945,0 80.1683899,12.9147858,0 80.1683900,12.9149227,0 80.1684128,12.9149228,0 80.1684129,12.9150596,0 80.1684358,12.9150597,0 80.1684359,12.9151966,0 80.1684588,12.9151967,0 80.1684589,12.9153336,0 80.1684818,12.9153337,0 80.1684819,12.9154705,0 80.1685048,12.9155619,0 80.1685964,12.9156307,0 80.1689631,12.9162253,0 80.1690318,12.9162713,0 80.1691235,12.9164541,0 80.1691693,12.9164771,0 80.1693757,12.9169342,0 80.1694215,12.9170029,0 80.1694216,12.9171625,0 80.1693987,12.9171625,0 80.1693988,12.9174134,0 80.1693760,12.9175045,0 80.1694218,12.9175732,0 80.1694219,12.9177100,0 80.1694907,12.9178244,0 80.1694907,12.9179613,0 80.1695595,12.9180756,0 80.1695596,12.9182125,0 80.1696283,12.9183268,0 80.1696284,12.9184637,0 80.1696972,12.9185781,0 80.1696972,12.9187149,0 80.1697660,12.9188293,0 80.1697661,12.9189662,0 80.1698348,12.9190805,0 80.1698578,12.9191718,0 80.1698579,12.9193315,0 80.1698121,12.9193542,0 80.1697892,12.9194225,0 80.1696748,12.9194448,0 80.1696748,12.9194676,0 80.1695603,12.9194672,0 80.1695374,12.9195127,0 80.1694459,12.9195351,0 80.1693314,12.9195347,0 80.1693085,12.9195802,0 80.1692169,12.9195798,0 80.1690796,12.9196477,0 80.1689880,12.9196473,0 80.1687820,12.9197377,0 80.1686904,12.9197373,0 80.1685989,12.9197826,0 80.1686218,12.9198739,0 80.1686219,12.9200108,0 80.1686906,12.9201251,0 80.1687136,12.9202165,0 80.1687137,12.9203534,0 80.1688053,12.9204450,0 80.1688741,12.9206734,0 80.1688970,12.9206735,0 80.1688971,12.9207876,0 80.1688742,12.9207875,0 80.1688743,12.9209471,0 80.1689430,12.9210615,0 80.1689660,12.9211528,0 80.1689661,12.9212897,0 80.1690348,12.9214041,0 80.1690578,12.9215867,0 80.1691037,12.9216553,0 80.1691266,12.9217466,0 80.1691267,12.9218835,0 80.1691496,12.9219292,0 80.1693099,12.9219299,0 80.1693099,12.9219071,0 80.1694473,12.9219076,0 80.1695847,12.9220223,0 80.1696076,12.9221136,0 80.1696078,12.9223417,0 80.1696307,12.9223418,0 80.1696308,12.9225928,0 80.1696537,12.9225929,0 80.1696539,12.9228210,0 80.1696768,12.9228211,0 80.1696769,12.9230492,0 80.1696998,12.9230493,0 80.1696999,12.9232774,0 80.1697228,12.9232775,0 80.1697229,12.9235056,0 80.1697458,12.9235057,0 80.1697460,12.9237567,0 80.1697689,12.9237568,0 80.1697690,12.9239849,0 80.1697919,12.9239850,0 80.1697920,12.9242131,0 80.1698149,12.9242132,0 80.1698151,12.9244413,0 80.1698380,12.9244414,0 80.1698381,12.9246695,0 80.1698610,12.9246696,0 80.1698611,12.9248978,0 80.1698840,12.9248979,0 80.1698842,12.9251488,0 80.1699071,12.9251489,0 80.1699072,12.9253770,0 80.1699301,12.9253771,0 80.1699302,12.9256052,0 80.1699531,12.9256053,0 80.1699533,12.9258335,0 80.1699762,12.9258336,0 80.1699763,12.9260617,0 80.1699992,12.9260618,0 80.1699993,12.9262443,0 80.1699079,12.9265176,0 80.1699079,12.9266317,0 80.1697480,12.9271785,0 80.1697481,12.9272926,0 80.1696109,12.9277483,0 80.1696110,12.9278623,0 80.1694511,12.9284092,0 80.1694511,12.9285232,0 80.1692912,12.9290701,0 80.1692912,12.9291841,0 80.1691541,12.9296398,0 80.1691542,12.9297539,0 80.1690171,12.9302096,0 80.1690171,12.9303008,0 80.1687428,12.9310525,0 80.1687429,12.9311209,0 80.1686971,12.9311664,0 80.1683543,12.9322600,0 80.1683314,12.9322599,0 80.1683315,12.9324652,0 80.1683086,12.9324651,0 80.1683087,12.9326476,0 80.1682858,12.9326475,0 80.1682859,12.9328300,0 80.1682630,12.9328299,0 80.1682632,12.9330352,0 80.1682403,12.9330351,0 80.1682404,12.9332176,0 80.1682175,12.9332175,0 80.1682176,12.9334228,0 80.1681947,12.9334227,0 80.1681948,12.9336052,0 80.1681719,12.9336051,0 80.1681720,12.9338104,0 80.1681491,12.9338103,0 80.1681492,12.9339928,0 80.1681264,12.9339928,0 80.1681265,12.9341753,0 80.1681036,12.9341752,0 80.1681037,12.9343805,0 80.1680808,12.9343804,0 80.1680809,12.9345629,0 80.1680580,12.9345628,0 80.1680581,12.9347681,0 80.1680352,12.9347680,0 80.1680353,12.9349505,0 80.1680124,12.9349504,0 80.1680126,12.9351557,0 80.1679897,12.9351556,0 80.1679898,12.9353381,0 80.1679669,12.9353380,0 80.1679670,12.9355205,0 80.1679441,12.9355204,0 80.1679442,12.9357257,0 80.1679213,12.9357256,0 80.1679214,12.9359081,0 80.1678985,12.9359081,0 80.1678986,12.9361134,0 80.1678757,12.9361133,0 80.1678758,12.9362958,0 80.1678072,12.9364095,0 80.1677385,12.9364093,0 80.1677386,12.9364549,0 80.1673723,12.9366131,0 80.1673037,12.9366584,0 80.1672807,12.9365442,0 80.1672349,12.9364984,0 80.1672348,12.9364300,0 80.1671890,12.9363614,0 80.1671889,12.9362701,0 80.1671431,12.9362471,0 80.1670515,12.9361327,0 80.1670057,12.9361325,0 80.1669141,12.9360637,0 80.1668225,12.9360633,0 80.1666393,12.9359941,0 80.1661814,12.9359922,0 80.1655633,12.9362178,0 80.1654717,12.9362174,0 80.1653802,12.9362627,0 80.1652428,12.9362621,0 80.1652428,12.9362849,0 80.1651054,12.9362843,0 80.1651054,12.9363071,0 80.1649680,12.9363066,0 80.1648993,12.9362379,0 80.1648535,12.9362377,0 80.1647619,12.9361232,0 80.1647161,12.9361230,0 80.1643953,12.9357795,0 80.1643495,12.9357793,0 80.1642579,12.9356649,0 80.1642121,12.9356647,0 80.1641663,12.9355961,0 80.1641205,12.9355959,0 80.1640517,12.9355044,0 80.1640059,12.9355042,0 80.1639372,12.9354126,0 80.1638914,12.9354124,0 80.1638456,12.9353438,0 80.1637998,12.9353436,0 80.1637310,12.9352521,0 80.1636853,12.9352519,0 80.1636394,12.9351833,0 80.1635936,12.9351831,0 80.1635249,12.9350916,0 80.1634791,12.9350914,0 80.1634104,12.9349998,0 80.1633646,12.9349996,0 80.1633187,12.9349310,0 80.1632729,12.9349308,0 80.1632042,12.9348393,0 80.1631584,12.9348391,0 80.1630897,12.9347476,0 80.1630439,12.9347474,0 80.1629980,12.9346788,0 80.1629522,12.9346786,0 80.1628835,12.9345870,0 80.1628377,12.9345868,0 80.1627690,12.9344953,0 80.1627232,12.9344951,0 80.1626773,12.9344265,0 80.1626315,12.9344263,0 80.1625628,12.9343348,0 80.1625170,12.9343346,0 80.1624712,12.9342660,0 80.1624254,12.9342658,0 80.1623566,12.9341742,0 80.1623109,12.9341740,0 80.1622421,12.9340825,0 80.1621963,12.9340823,0 80.1621505,12.9340137,0 80.1621047,12.9340135,0 80.1620360,12.9339220,0 80.1619902,12.9339218,0 80.1619443,12.9338532,0 80.1618298,12.9338071,0 80.1617840,12.9337384,0 80.1616695,12.9336923,0 80.1616237,12.9336237,0 80.1615779,12.9336235,0 80.1615320,12.9335549,0 80.1614175,12.9335088,0 80.1613717,12.9334402,0 80.1613259,12.9334400,0 80.1612801,12.9333714,0 80.1611656,12.9333253,0 80.1611197,12.9332566,0 80.1610052,12.9332105,0 80.1609594,12.9331419,0 80.1609136,12.9331417,0 80.1608678,12.9330731,0 80.1607533,12.9330270,0 80.1606616,12.9329126,0 80.1604784,12.9327749,0 80.1604783,12.9327293,0 80.1604096,12.9326834,0 80.1604096,12.9325921,0 80.1603638,12.9325691,0 80.1603408,12.9324778,0 80.1603407,12.9323637,0 80.1602949,12.9322723,0 80.1602948,12.9321582,0 80.1602719,12.9321581,0 80.1602718,12.9320213,0 80.1602490,12.9320212,0 80.1602489,12.9318843,0 80.1602260,12.9318842,0 80.1602259,12.9317473,0 80.1602030,12.9317472,0 80.1602029,12.9316332,0 80.1601800,12.9316331,0 80.1601800,12.9314962,0 80.1601571,12.9314961,0 80.1601570,12.9313592,0 80.1601341,12.9313591,0 80.1601340,12.9312223,0 80.1601111,12.9312222,0 80.1601110,12.9310853,0 80.1600881,12.9310852,0 80.1600881,12.9309711,0 80.1600652,12.9309710,0 80.1600651,12.9308342,0 80.1600422,12.9308341,0 80.1600421,12.9306972,0 80.1599963,12.9306514,0 80.1599962,12.9305601,0 80.1599504,12.9305143,0 80.1599504,12.9304459,0 80.1598358,12.9302629,0 80.1597671,12.9302170,0 80.1596984,12.9302167,0 80.1595610,12.9301249,0 80.1593777,12.9300329,0 80.1593089,12.9298501,0 80.1592402,12.9297814,0 80.1592402,12.9296901,0 80.1591714,12.9295986,0 80.1591714,12.9295302,0 80.1591256,12.9295072,0 80.1590110,12.9293014,0 80.1588507,12.9292551,0 80.1586445,12.9291174,0 80.1585758,12.9291171,0 80.1585758,12.9290486,0 80.1585300,12.9290028,0 80.1585070,12.9288659,0 80.1584612,12.9288200,0 80.1584611,12.9287516,0 80.1583924,12.9286373,0 80.1583694,12.9284547,0 80.1583006,12.9283175,0 80.1582088,12.9279521,0 80.1580713,12.9277234,0 80.1580713,12.9276550,0 80.1578879,12.9273349,0 80.1577503,12.9269921,0 80.1576816,12.9269462,0 80.1576816,12.9269006,0 80.1574983,12.9266945,0 80.1574525,12.9266715,0 80.1571091,12.9266701,0 80.1571090,12.9266473,0 80.1567655,12.9265090,0 80.1567655,12.9263949,0 80.1568112,12.9263039,0 80.1568111,12.9261898,0 80.1568340,12.9261899,0 80.1568339,12.9260530,0 80.1569026,12.9259849,0 80.1569254,12.9258709,0 80.1569712,12.9258255,0 80.1569711,12.9257570,0 80.1570398,12.9256433,0 80.1570396,12.9254151,0 80.1569938,12.9253921,0 80.1570624,12.9252099,0 80.1571311,12.9251646,0 80.1571768,12.9250279,0 80.1572225,12.9249596,0 80.1573141,12.9249372,0 80.1573599,12.9248690,0 80.1575430,12.9247328,0 80.1575886,12.9245505,0 80.1576344,12.9245051,0 80.1576572,12.9244139,0 80.1576570,12.9239577,0 80.1576341,12.9239576,0 80.1576340,12.9237295,0</coordinates></LinearRing></outerBoundaryIs></Polygon></MultiGeometry></Placemark>
<Placemark><name>41</name><ExtendedData><SchemaData schemaUrl="#tambaram_wards"><SimpleData name="id_2">TMB_41</SimpleData><SimpleData name="name">41</SimpleData><SimpleData name="zone">3</SimpleData></SchemaData></ExtendedData><MultiGeometry><Polygon><outerBoundaryIs><LinearRing><coordinates>80.1546747,12.9141360,0 80.1547433,12.9139538,0 80.1547891,12.9139312,0 80.1548348,12.9137945,0 80.1548806,12.9137719,0 80.1549263,12.9136352,0 80.1549721,12.9136126,0 80.1549949,12.9135214,0 80.1550407,12.9134988,0 80.1550864,12.9133621,0 80.1551322,12.9133395,0 80.1551550,12.9132483,0 80.1552008,12.9132257,0 80.1552465,12.9130890,0 80.1552923,12.9130664,0 80.1553609,12.9128842,0 80.1554067,12.9128616,0 80.1554753,12.9126793,0 80.1555210,12.9126567,0 80.1555896,12.9124745,0 80.1556354,12.9124519,0 80.1557040,12.9122697,0 80.1557498,12.9122470,0 80.1558412,12.9120193,0 80.1558870,12.9119967,0 80.1559556,12.9118145,0 80.1560013,12.9117918,0 80.1560699,12.9116096,0 80.1561157,12.9115870,0 80.1561843,12.9114048,0 80.1562301,12.9113822,0 80.1563215,12.9111544,0 80.1563673,12.9111318,0 80.1564359,12.9109496,0 80.1564817,12.9109269,0 80.1565502,12.9107447,0 80.1566646,12.9106083,0 80.1567791,12.9106088,0 80.1568707,12.9106548,0 80.1569852,12.9106553,0 80.1569852,12.9106781,0 80.1570997,12.9106786,0 80.1571913,12.9106105,0 80.1572828,12.9106109,0 80.1572829,12.9106565,0 80.1573516,12.9107252,0 80.1574203,12.9107255,0 80.1574431,12.9106800,0 80.1575118,12.9106803,0 80.1576034,12.9107263,0 80.1576264,12.9107720,0 80.1576951,12.9107723,0 80.1577408,12.9106812,0 80.1578324,12.9106816,0 80.1579698,12.9107506,0 80.1580385,12.9107509,0 80.1581301,12.9107969,0 80.1582218,12.9109113,0 80.1583362,12.9109118,0 80.1583362,12.9109346,0 80.1584736,12.9109352,0 80.1584736,12.9109580,0 80.1586110,12.9109586,0 80.1586110,12.9109814,0 80.1587255,12.9109818,0 80.1587255,12.9110047,0 80.1588629,12.9110052,0 80.1588629,12.9110280,0 80.1589774,12.9110285,0 80.1589774,12.9110513,0 80.1591148,12.9110519,0 80.1591148,12.9110747,0 80.1592293,12.9110752,0 80.1592293,12.9110980,0 80.1593667,12.9110985,0 80.1593667,12.9111214,0 80.1594812,12.9111218,0 80.1594812,12.9111446,0 80.1596185,12.9111452,0 80.1596186,12.9111680,0 80.1597559,12.9111686,0 80.1597560,12.9111914,0 80.1598704,12.9111919,0 80.1598704,12.9112147,0 80.1600078,12.9112153,0 80.1600078,12.9112381,0 80.1601223,12.9112385,0 80.1601223,12.9112614,0 80.1602597,12.9112619,0 80.1602597,12.9112847,0 80.1603742,12.9112852,0 80.1603742,12.9113080,0 80.1605116,12.9113086,0 80.1605116,12.9113314,0 80.1606261,12.9113319,0 80.1606261,12.9113547,0 80.1610153,12.9113563,0 80.1610153,12.9113791,0 80.1617938,12.9113823,0 80.1617938,12.9114051,0 80.1623891,12.9114076,0 80.1623891,12.9114304,0 80.1626410,12.9114314,0 80.1626410,12.9114543,0 80.1627784,12.9114548,0 80.1628013,12.9115005,0 80.1628014,12.9116374,0 80.1628472,12.9116832,0 80.1628702,12.9118658,0 80.1628931,12.9118659,0 80.1628932,12.9120256,0 80.1629390,12.9120714,0 80.1629620,12.9122540,0 80.1629849,12.9122541,0 80.1629850,12.9123682,0 80.1630079,12.9123683,0 80.1630080,12.9125051,0 80.1630538,12.9125510,0 80.1630768,12.9127336,0 80.1630997,12.9127336,0 80.1630998,12.9128933,0 80.1631456,12.9129391,0 80.1631686,12.9131217,0 80.1631915,12.9131218,0 80.1631916,12.9132359,0 80.1632145,12.9132360,0 80.1632145,12.9133729,0 80.1632833,12.9134872,0 80.1632833,12.9135785,0 80.1633292,12.9136471,0 80.1633292,12.9137383,0 80.1633751,12.9138070,0 80.1633751,12.9138982,0 80.1634209,12.9139668,0 80.1634439,12.9140582,0 80.1634440,12.9141722,0 80.1634898,12.9142181,0 80.1634898,12.9143321,0 80.1635357,12.9143551,0 80.1635357,12.9144920,0 80.1635815,12.9145150,0 80.1635816,12.9146519,0 80.1636274,12.9146749,0 80.1636275,12.9147661,0 80.1636733,12.9148348,0 80.1636734,12.9149260,0 80.1637192,12.9149946,0 80.1637422,12.9151316,0 80.1637422,12.9151772,0 80.1636735,12.9152454,0 80.1636965,12.9153139,0 80.1636966,12.9154508,0 80.1637195,12.9154509,0 80.1637195,12.9155878,0 80.1637424,12.9155879,0 80.1637425,12.9157247,0 80.1637654,12.9157248,0 80.1637656,12.9160670,0 80.1637427,12.9160669,0 80.1637428,12.9161810,0 80.1636970,12.9162264,0 80.1636971,12.9163177,0 80.1636285,12.9164314,0 80.1636285,12.9164999,0 80.1635827,12.9165453,0 80.1635599,12.9166821,0 80.1635141,12.9167275,0 80.1635142,12.9167960,0 80.1634684,12.9168414,0 80.1634685,12.9169098,0 80.1634227,12.9169553,0 80.1634227,12.9170237,0 80.1633770,12.9170691,0 80.1633770,12.9171376,0 80.1633313,12.9172058,0 80.1633313,12.9172971,0 80.1632855,12.9173425,0 80.1632627,12.9175021,0 80.1632169,12.9175019,0 80.1632170,12.9176388,0 80.1631484,12.9178210,0 80.1631485,12.9179351,0 80.1631256,12.9179350,0 80.1631257,12.9180719,0 80.1631028,12.9180718,0 80.1631033,12.9188702,0 80.1631262,12.9188703,0 80.1631265,12.9193722,0 80.1630807,12.9194404,0 80.1631037,12.9195318,0 80.1631037,12.9196458,0 80.1631266,12.9196459,0 80.1631267,12.9197828,0 80.1631496,12.9197829,0 80.1631497,12.9199426,0 80.1631726,12.9199883,0 80.1631268,12.9200109,0 80.1631270,12.9202619,0 80.1631499,12.9202619,0 80.1631507,12.9216535,0 80.1631736,12.9216536,0 80.1631737,12.9218817,0 80.1631508,12.9218816,0 80.1631509,12.9220641,0 80.1631280,12.9220640,0 80.1631052,12.9222464,0 80.1630366,12.9223374,0 80.1629679,12.9223827,0 80.1628764,12.9224052,0 80.1627162,12.9225186,0 80.1626475,12.9225183,0 80.1622354,12.9226763,0 80.1621439,12.9226759,0 80.1615945,12.9228789,0 80.1615029,12.9228786,0 80.1609535,12.9230816,0 80.1608619,12.9230812,0 80.1606559,12.9231716,0 80.1604727,12.9231937,0 80.1603354,12.9232616,0 80.1602209,12.9232611,0 80.1602209,12.9232839,0 80.1601065,12.9232834,0 80.1601065,12.9233062,0 80.1599004,12.9233054,0 80.1599004,12.9233282,0 80.1596944,12.9233273,0 80.1596944,12.9233502,0 80.1595112,12.9233494,0 80.1595112,12.9233722,0 80.1593052,12.9233714,0 80.1593052,12.9233942,0 80.1590991,12.9233933,0 80.1590991,12.9234161,0 80.1589159,12.9234154,0 80.1589160,12.9234382,0 80.1587099,12.9234373,0 80.1587099,12.9234602,0 80.1585038,12.9234593,0 80.1585039,12.9234821,0 80.1583207,12.9234814,0 80.1583207,12.9235042,0 80.1581375,12.9235034,0 80.1580918,12.9235489,0 80.1578628,12.9235935,0 80.1578400,12.9236391,0 80.1577255,12.9236614,0 80.1576340,12.9237295,0 80.1575424,12.9237063,0 80.1574965,12.9236605,0 80.1574049,12.9236601,0 80.1572217,12.9235909,0 80.1566722,12.9235886,0 80.1566722,12.9236114,0 80.1562830,12.9236098,0 80.1562830,12.9236326,0 80.1560770,12.9236318,0 80.1559854,12.9236542,0 80.1559167,12.9236996,0 80.1558022,12.9236991,0 80.1557565,12.9237445,0 80.1556878,12.9237442,0 80.1556420,12.9237897,0 80.1555733,12.9237894,0 80.1555046,12.9237435,0 80.1554588,12.9236749,0 80.1553672,12.9236517,0 80.1553443,12.9236059,0 80.1552527,12.9235828,0 80.1552298,12.9235370,0 80.1550007,12.9234677,0 80.1549091,12.9234216,0 80.1548862,12.9233759,0 80.1547946,12.9233527,0 80.1546343,12.9232152,0 80.1546113,12.9230326,0 80.1545884,12.9230325,0 80.1545883,12.9228500,0 80.1545654,12.9228499,0 80.1545650,12.9222340,0 80.1546565,12.9221431,0 80.1546565,12.9220290,0 80.1546335,12.9219833,0 80.1544961,12.9218231,0 80.1544960,12.9217090,0 80.1545418,12.9216636,0 80.1545417,12.9215495,0 80.1545646,12.9215496,0 80.1545645,12.9213671,0 80.1545873,12.9212760,0 80.1546560,12.9211850,0 80.1547933,12.9211399,0 80.1548162,12.9210944,0 80.1548849,12.9210947,0 80.1549764,12.9210266,0 80.1553427,12.9209369,0 80.1554114,12.9208915,0 80.1555030,12.9208919,0 80.1555716,12.9208466,0 80.1556403,12.9208469,0 80.1556861,12.9207786,0 80.1557319,12.9207788,0 80.1558005,12.9206878,0 80.1558463,12.9206880,0 80.1558920,12.9206198,0 80.1559378,12.9206200,0 80.1560065,12.9205518,0 80.1560064,12.9203921,0 80.1559835,12.9203920,0 80.1559834,12.9202323,0 80.1559605,12.9202323,0 80.1559604,12.9200498,0 80.1559375,12.9200497,0 80.1559374,12.9198672,0 80.1559145,12.9198671,0 80.1559143,12.9195705,0 80.1559372,12.9195706,0 80.1559370,12.9191828,0 80.1559827,12.9190917,0 80.1559827,12.9189777,0 80.1560513,12.9188867,0 80.1560741,12.9188184,0 80.1561428,12.9187730,0 80.1562344,12.9187506,0 80.1562572,12.9187050,0 80.1563488,12.9186826,0 80.1564175,12.9186373,0 80.1564631,12.9184093,0 80.1564860,12.9184094,0 80.1564859,12.9182041,0 80.1565088,12.9182042,0 80.1565087,12.9179305,0 80.1565544,12.9179078,0 80.1565544,12.9178394,0 80.1564856,12.9177479,0 80.1564627,12.9176565,0 80.1564626,12.9175425,0 80.1564397,12.9175424,0 80.1564396,12.9172686,0 80.1564167,12.9172685,0 80.1564165,12.9170176,0 80.1563936,12.9170175,0 80.1563935,12.9167666,0 80.1563706,12.9167665,0 80.1563704,12.9164927,0 80.1563475,12.9164926,0 80.1563474,12.9162417,0 80.1563245,12.9162416,0 80.1563243,12.9159678,0 80.1562785,12.9158764,0 80.1562784,12.9157623,0 80.1562097,12.9156252,0 80.1562096,12.9155339,0 80.1561409,12.9154880,0 80.1561409,12.9154424,0 80.1560721,12.9153965,0 80.1560721,12.9153509,0 80.1559805,12.9152820,0 80.1559346,12.9151906,0 80.1558659,12.9151447,0 80.1557972,12.9151444,0 80.1557514,12.9150986,0 80.1556140,12.9150752,0 80.1555682,12.9150294,0 80.1554995,12.9150291,0 80.1554766,12.9149834,0 80.1553850,12.9149602,0 80.1552934,12.9148686,0 80.1552476,12.9148684,0 80.1551559,12.9147083,0 80.1551101,12.9146853,0 80.1550871,12.9145940,0 80.1550413,12.9145710,0 80.1550184,12.9144796,0 80.1549726,12.9144566,0 80.1549496,12.9143653,0 80.1549038,12.9142967,0 80.1546748,12.9141588,0 80.1546747,12.9141360,0</coordinates></LinearRing></outerBoundaryIs></Polygon></MultiGeometry></Placemark>
<Placemark><name>42</name><ExtendedData><SchemaData schemaUrl="#tambaram_wards"><SimpleData name="id_2">TMB_42</SimpleData><SimpleData name="name">42</SimpleData><SimpleData name="zone">3</SimpleData></SchemaData></ExtendedData><MultiGeometry><Polygon><outerBoundaryIs><LinearRing><coordinates>80.1498061,12.9282368,0 80.1498290,12.9281685,0 80.1498289,12.9280316,0 80.1498518,12.9280317,0 80.1498517,12.9279176,0 80.1498746,12.9279177,0 80.1498744,12.9275755,0 80.1498515,12.9275754,0 80.1498515,12.9274386,0 80.1498286,12.9274385,0 80.1498285,12.9273016,0 80.1498056,12.9273015,0 80.1498055,12.9271418,0 80.1497597,12.9270960,0 80.1497596,12.9270276,0 80.1497138,12.9269817,0 80.1497138,12.9269133,0 80.1496451,12.9268674,0 80.1496450,12.9268218,0 80.1495763,12.9267530,0 80.1494389,12.9267525,0 80.1494389,12.9267297,0 80.1491413,12.9267284,0 80.1489581,12.9267961,0 80.1488437,12.9267956,0 80.1486606,12.9269090,0 80.1485461,12.9269085,0 80.1485461,12.9269313,0 80.1484316,12.9269308,0 80.1484316,12.9269536,0 80.1482942,12.9269531,0 80.1482027,12.9269983,0 80.1480882,12.9269978,0 80.1480882,12.9270206,0 80.1479737,12.9270202,0 80.1478822,12.9270426,0 80.1478820,12.9267689,0 80.1478591,12.9267688,0 80.1478590,12.9265863,0 80.1478361,12.9265862,0 80.1478360,12.9264037,0 80.1478131,12.9264036,0 80.1478130,12.9262211,0 80.1477901,12.9262210,0 80.1477900,12.9260157,0 80.1477671,12.9260156,0 80.1477670,12.9258331,0 80.1477441,12.9258330,0 80.1477440,12.9256505,0 80.1477211,12.9256504,0 80.1477210,12.9254679,0 80.1476981,12.9254678,0 80.1476980,12.9252853,0 80.1476751,12.9252852,0 80.1476750,12.9250799,0 80.1476521,12.9250798,0 80.1476519,12.9248973,0 80.1476291,12.9248972,0 80.1476289,12.9246235,0 80.1479265,12.9245334,0 80.1479265,12.9245106,0 80.1480410,12.9245111,0 80.1480409,12.9244883,0 80.1481554,12.9244888,0 80.1482470,12.9244435,0 80.1483615,12.9244440,0 80.1484530,12.9244215,0 80.1485217,12.9243762,0 80.1485904,12.9243765,0 80.1486590,12.9243083,0 80.1486589,12.9241258,0 80.1486360,12.9241257,0 80.1486360,12.9240117,0 80.1486131,12.9240116,0 80.1486130,12.9238975,0 80.1485671,12.9237376,0 80.1485213,12.9236690,0 80.1483380,12.9235086,0 80.1482921,12.9233487,0 80.1482005,12.9232114,0 80.1482004,12.9231430,0 80.1481546,12.9230972,0 80.1481545,12.9228919,0 80.1482002,12.9227780,0 80.1482689,12.9227555,0 80.1490703,12.9227588,0 80.1490703,12.9227816,0 80.1499403,12.9227852,0 80.1499403,12.9228080,0 80.1508333,12.9228117,0 80.1508333,12.9228345,0 80.1517262,12.9228382,0 80.1518634,12.9223825,0 80.1518862,12.9223826,0 80.1518862,12.9222685,0 80.1519090,12.9221774,0 80.1520006,12.9220865,0 80.1520005,12.9220409,0 80.1520692,12.9219956,0 80.1520691,12.9218815,0 80.1520462,12.9218814,0 80.1520461,12.9216076,0 80.1520690,12.9216077,0 80.1520689,12.9214937,0 80.1521146,12.9214026,0 80.1521145,12.9211517,0 80.1521374,12.9211518,0 80.1521372,12.9208780,0 80.1521601,12.9208781,0 80.1521600,12.9206044,0 80.1521829,12.9206045,0 80.1521827,12.9203079,0 80.1522056,12.9203080,0 80.1522054,12.9200114,0 80.1522283,12.9200115,0 80.1522280,12.9195553,0 80.1522509,12.9195554,0 80.1522506,12.9189394,0 80.1522735,12.9189395,0 80.1522733,12.9185745,0 80.1522962,12.9185746,0 80.1522958,12.9180499,0 80.1523187,12.9180500,0 80.1523186,12.9178903,0 80.1522958,12.9178903,0 80.1522956,12.9176849,0 80.1522727,12.9176848,0 80.1522726,12.9174795,0 80.1522497,12.9174794,0 80.1522496,12.9172741,0 80.1522267,12.9172740,0 80.1522266,12.9170915,0 80.1522037,12.9170914,0 80.1522036,12.9168861,0 80.1521807,12.9168860,0 80.1521806,12.9166807,0 80.1521577,12.9166806,0 80.1521575,12.9164753,0 80.1521347,12.9164752,0 80.1521345,12.9162927,0 80.1521116,12.9162926,0 80.1521115,12.9160645,0 80.1521344,12.9160646,0 80.1521343,12.9159277,0 80.1521572,12.9159278,0 80.1521572,12.9158138,0 80.1522258,12.9156772,0 80.1522944,12.9156318,0 80.1523860,12.9156094,0 80.1524089,12.9155639,0 80.1525462,12.9155188,0 80.1525691,12.9154733,0 80.1527064,12.9154282,0 80.1527293,12.9153827,0 80.1528667,12.9153376,0 80.1528895,12.9152921,0 80.1530269,12.9152470,0 80.1530497,12.9152015,0 80.1531413,12.9151791,0 80.1531642,12.9151335,0 80.1533015,12.9150885,0 80.1533244,12.9150430,0 80.1534618,12.9149979,0 80.1534846,12.9149524,0 80.1536220,12.9149073,0 80.1536448,12.9148618,0 80.1537822,12.9148167,0 80.1538051,12.9147712,0 80.1539424,12.9147261,0 80.1539653,12.9146806,0 80.1541026,12.9146355,0 80.1541255,12.9145900,0 80.1542629,12.9145450,0 80.1542857,12.9144994,0 80.1543773,12.9144770,0 80.1545146,12.9143407,0 80.1545604,12.9143181,0 80.1545832,12.9142269,0 80.1546747,12.9141360,0 80.1546748,12.9141588,0 80.1549038,12.9142967,0 80.1549496,12.9143653,0 80.1549726,12.9144566,0 80.1550184,12.9144796,0 80.1550413,12.9145710,0 80.1550871,12.9145940,0 80.1551101,12.9146853,0 80.1551559,12.9147083,0 80.1552476,12.9148684,0 80.1552934,12.9148686,0 80.1553850,12.9149602,0 80.1554766,12.9149834,0 80.1554995,12.9150291,0 80.1555682,12.9150294,0 80.1556140,12.9150752,0 80.1557514,12.9150986,0 80.1557972,12.9151444,0 80.1558659,12.9151447,0 80.1559346,12.9151906,0 80.1559805,12.9152820,0 80.1560721,12.9153509,0 80.1560721,12.9153965,0 80.1561409,12.9154424,0 80.1561409,12.9154880,0 80.1562096,12.9155339,0 80.1562097,12.9156252,0 80.1562784,12.9157623,0 80.1562785,12.9158764,0 80.1563243,12.9159678,0 80.1563245,12.9162416,0 80.1563474,12.9162417,0 80.1563475,12.9164926,0 80.1563704,12.9164927,0 80.1563706,12.9167665,0 80.1563935,12.9167666,0 80.1563936,12.9170175,0 80.1564165,12.9170176,0 80.1564167,12.9172685,0 80.1564396,12.9172686,0 80.1564397,12.9175424,0 80.1564626,12.9175425,0 80.1564627,12.9176565,0 80.1564856,12.9177479,0 80.1565544,12.9178394,0 80.1565544,12.9179078,0 80.1565087,12.9179305,0 80.1565088,12.9182042,0 80.1564859,12.9182041,0 80.1564860,12.9184094,0 80.1564631,12.9184093,0 80.1564175,12.9186373,0 80.1563488,12.9186826,0 80.1562572,12.9187050,0 80.1562344,12.9187506,0 80.1561428,12.9187730,0 80.1560741,12.9188184,0 80.1560513,12.9188867,0 80.1559827,12.9189777,0 80.1559827,12.9190917,0 80.1559370,12.9191828,0 80.1559372,12.9195706,0 80.1559143,12.9195705,0 80.1559145,12.9198671,0 80.1559374,12.9198672,0 80.1559375,12.9200497,0 80.1559604,12.9200498,0 80.1559605,12.9202323,0 80.1559834,12.9202323,0 80.1559835,12.9203920,0 80.1560064,12.9203921,0 80.1560065,12.9205518,0 80.1559378,12.9206200,0 80.1558920,12.9206198,0 80.1558463,12.9206880,0 80.1558005,12.9206878,0 80.1557319,12.9207788,0 80.1556861,12.9207786,0 80.1556403,12.9208469,0 80.1555716,12.9208466,0 80.1555030,12.9208919,0 80.1554114,12.9208915,0 80.1553427,12.9209369,0 80.1549764,12.9210266,0 80.1548849,12.9210947,0 80.1548162,12.9210944,0 80.1547933,12.9211399,0 80.1546560,12.9211850,0 80.1545873,12.9212760,0 80.1545645,12.9213671,0 80.1545646,12.9215496,0 80.1545417,12.9215495,0 80.1545418,12.9216636,0 80.1544960,12.9217090,0 80.1544961,12.9218231,0 80.1546335,12.9219833,0 80.1546565,12.9220290,0 80.1546565,12.9221431,0 80.1545650,12.9222340,0 80.1545654,12.9228499,0 80.1545883,12.9228500,0 80.1545884,12.9230325,0 80.1546113,12.9230326,0 80.1546343,12.9232152,0 80.1547946,12.9233527,0 80.1548862,12.9233759,0 80.1549091,12.9234216,0 80.1550007,12.9234677,0 80.1552298,12.9235370,0 80.1552527,12.9235828,0 80.1553443,12.9236059,0 80.1553672,12.9236517,0 80.1554588,12.9236749,0 80.1555046,12.9237435,0 80.1555733,12.9237894,0 80.1555277,12.9239945,0 80.1554819,12.9240399,0 80.1554819,12.9241084,0 80.1552988,12.9241989,0 80.1552302,12.9242898,0 80.1551157,12.9243350,0 80.1550700,12.9244032,0 80.1549555,12.9244484,0 80.1549098,12.9245166,0 80.1548182,12.9245391,0 80.1548640,12.9246077,0 80.1548641,12.9246761,0 80.1549328,12.9247677,0 80.1549329,12.9248361,0 80.1550016,12.9249276,0 80.1550246,12.9250646,0 80.1550704,12.9250876,0 80.1550704,12.9251789,0 80.1551163,12.9252247,0 80.1551163,12.9253159,0 80.1551622,12.9254074,0 80.1551622,12.9255214,0 80.1552081,12.9256129,0 80.1552081,12.9257269,0 80.1552540,12.9258184,0 80.1552540,12.9259324,0 80.1553228,12.9261152,0 80.1553229,12.9262293,0 80.1553688,12.9263207,0 80.1553688,12.9264348,0 80.1553917,12.9264349,0 80.1553918,12.9265489,0 80.1554147,12.9265490,0 80.1554147,12.9266631,0 80.1554376,12.9266632,0 80.1554377,12.9267773,0 80.1554606,12.9267773,0 80.1554607,12.9268914,0 80.1554836,12.9268915,0 80.1554836,12.9270056,0 80.1555065,12.9270057,0 80.1555066,12.9271197,0 80.1555295,12.9271198,0 80.1555296,12.9272339,0 80.1555525,12.9272340,0 80.1555525,12.9273480,0 80.1555754,12.9273481,0 80.1555755,12.9274622,0 80.1555984,12.9274623,0 80.1555985,12.9276904,0 80.1556214,12.9276905,0 80.1556216,12.9279414,0 80.1555758,12.9280325,0 80.1555761,12.9284888,0 80.1555990,12.9284889,0 80.1555991,12.9286485,0 80.1556220,12.9286486,0 80.1556221,12.9289224,0 80.1555764,12.9289678,0 80.1555764,12.9290591,0 80.1555078,12.9291957,0 80.1554391,12.9292182,0 80.1553018,12.9292176,0 80.1553018,12.9292404,0 80.1550270,12.9292393,0 80.1550270,12.9292621,0 80.1547294,12.9292609,0 80.1547294,12.9292837,0 80.1545920,12.9292831,0 80.1545920,12.9293059,0 80.1544776,12.9293055,0 80.1544776,12.9293283,0 80.1543173,12.9293276,0 80.1543173,12.9293504,0 80.1541570,12.9293498,0 80.1541112,12.9293040,0 80.1540196,12.9293036,0 80.1539051,12.9292347,0 80.1538364,12.9292344,0 80.1535158,12.9290506,0 80.1533784,12.9290272,0 80.1533326,12.9289814,0 80.1532639,12.9289811,0 80.1531952,12.9289352,0 80.1530578,12.9289346,0 80.1530578,12.9289118,0 80.1510658,12.9289036,0 80.1510658,12.9289264,0 80.1506308,12.9289246,0 80.1506308,12.9289474,0 80.1504934,12.9289468,0 80.1504248,12.9289922,0 80.1502874,12.9289916,0 80.1502187,12.9289457,0 80.1501728,12.9287858,0 80.1501270,12.9287628,0 80.1501040,12.9286715,0 80.1500582,12.9286028,0 80.1499666,12.9285340,0 80.1499436,12.9284427,0 80.1498978,12.9284197,0 80.1498519,12.9282826,0 80.1498061,12.9282368,0</coordinates></LinearRing></outerBoundaryIs></Polygon></MultiGeometry></Placemark>
<Placemark><name>43</name><ExtendedData><SchemaData schemaUrl="#tambaram_wards"><SimpleData name="id_2">TMB_43</SimpleData><SimpleData name="name">43</SimpleData><SimpleData name="zone">3</SimpleData></SchemaData></ExtendedData><MultiGeometry><Polygon><outerBoundaryIs><LinearRing><coordinates>80.1377191,12.9317684,0 80.1381540,12.9316790,0 80.1381540,12.9316562,0 80.1382914,12.9316567,0 80.1383830,12.9316115,0 80.1384974,12.9316120,0 80.1385890,12.9315667,0 80.1387493,12.9315674,0 80.1387493,12.9315446,0 80.1388637,12.9315450,0 80.1389553,12.9314998,0 80.1390698,12.9315003,0 80.1390698,12.9314774,0 80.1392071,12.9314780,0 80.1392071,12.9314552,0 80.1393216,12.9314557,0 80.1393903,12.9314103,0 80.1395277,12.9314109,0 80.1395276,12.9313881,0 80.1396650,12.9313887,0 80.1396650,12.9313658,0 80.1397795,12.9313663,0 80.1398481,12.9313210,0 80.1399855,12.9313215,0 80.1399855,12.9312987,0 80.1401000,12.9312992,0 80.1401000,12.9312764,0 80.1402831,12.9312771,0 80.1402831,12.9312543,0 80.1404892,12.9312552,0 80.1404892,12.9312324,0 80.1406724,12.9312331,0 80.1406723,12.9312103,0 80.1408555,12.9312111,0 80.1408555,12.9311883,0 80.1410387,12.9311890,0 80.1410387,12.9311662,0 80.1412447,12.9311671,0 80.1412447,12.9311442,0 80.1414279,12.9311450,0 80.1414279,12.9311222,0 80.1416110,12.9311229,0 80.1417026,12.9310777,0 80.1418629,12.9310784,0 80.1418857,12.9310328,0 80.1419773,12.9310332,0 80.1420460,12.9309651,0 80.1421375,12.9309426,0 80.1422290,12.9307377,0 80.1422748,12.9307151,0 80.1423205,12.9305784,0 80.1424120,12.9305103,0 80.1425494,12.9304881,0 80.1425952,12.9304426,0 80.1426867,12.9304430,0 80.1427325,12.9303976,0 80.1428928,12.9303982,0 80.1428928,12.9303754,0 80.1430530,12.9303761,0 80.1430530,12.9303533,0 80.1432133,12.9303539,0 80.1432133,12.9303311,0 80.1433965,12.9303319,0 80.1433964,12.9303091,0 80.1435796,12.9303098,0 80.1435796,12.9302870,0 80.1437628,12.9302878,0 80.1437628,12.9302650,0 80.1439230,12.9302656,0 80.1439230,12.9302428,0 80.1441062,12.9302436,0 80.1441062,12.9302208,0 80.1442893,12.9302215,0 80.1442893,12.9301987,0 80.1444496,12.9301994,0 80.1444496,12.9301765,0 80.1446328,12.9301773,0 80.1446327,12.9301545,0 80.1448159,12.9301552,0 80.1448159,12.9301324,0 80.1449762,12.9301331,0 80.1449762,12.9301103,0 80.1451593,12.9301110,0 80.1451593,12.9300882,0 80.1453196,12.9300889,0 80.1453196,12.9300661,0 80.1455027,12.9300668,0 80.1455027,12.9300440,0 80.1456859,12.9300448,0 80.1456859,12.9300220,0 80.1458462,12.9300226,0 80.1458461,12.9299998,0 80.1460293,12.9300006,0 80.1460293,12.9299778,0 80.1461896,12.9299784,0 80.1461896,12.9299556,0 80.1463727,12.9299564,0 80.1463727,12.9299336,0 80.1465559,12.9299343,0 80.1465559,12.9299115,0 80.1467161,12.9299122,0 80.1467161,12.9298893,0 80.1468993,12.9298901,0 80.1468993,12.9298673,0 80.1470825,12.9298680,0 80.1470824,12.9298452,0 80.1472427,12.9298459,0 80.1472427,12.9298231,0 80.1474259,12.9298238,0 80.1474259,12.9298010,0 80.1475861,12.9298017,0 80.1476777,12.9297793,0 80.1477235,12.9297338,0 80.1477922,12.9297341,0 80.1478150,12.9296886,0 80.1479982,12.9296209,0 80.1480668,12.9295756,0 80.1480668,12.9295071,0 80.1481125,12.9294617,0 80.1481125,12.9293932,0 80.1481583,12.9293478,0 80.1481582,12.9292566,0 80.1482040,12.9291883,0 80.1482039,12.9290514,0 80.1482268,12.9290515,0 80.1482267,12.9288918,0 80.1482496,12.9288919,0 80.1482495,12.9287779,0 80.1483411,12.9287326,0 80.1483868,12.9286644,0 80.1484326,12.9286646,0 80.1484784,12.9285963,0 80.1485699,12.9285739,0 80.1485928,12.9285284,0 80.1488217,12.9284837,0 80.1488904,12.9284383,0 80.1489820,12.9284387,0 80.1490507,12.9283934,0 80.1491422,12.9283937,0 80.1491880,12.9283483,0 80.1493712,12.9283263,0 80.1493711,12.9283034,0 80.1496230,12.9283045,0 80.1498061,12.9282368,0 80.1498519,12.9282826,0 80.1498978,12.9284197,0 80.1499436,12.9284427,0 80.1499666,12.9285340,0 80.1500582,12.9286028,0 80.1501040,12.9286715,0 80.1501270,12.9287628,0 80.1501728,12.9287858,0 80.1502187,12.9289457,0 80.1502874,12.9289916,0 80.1502645,12.9290828,0 80.1502188,12.9291510,0 80.1502189,12.9293335,0 80.1501960,12.9293334,0 80.1501961,12.9295615,0 80.1502190,12.9295616,0 80.1502191,12.9296985,0 80.1503109,12.9299726,0 80.1503109,12.9300867,0 80.1504256,12.9304522,0 80.1504257,12.9305662,0 80.1505404,12.9309317,0 80.1505404,12.9310458,0 80.1505633,12.9310459,0 80.1506552,12.9315025,0 80.1507010,12.9315483,0 80.1508157,12.9319594,0 80.1508616,12.9320052,0 80.1509533,12.9323478,0 80.1509992,12.9323936,0 80.1510909,12.9327362,0 80.1511368,12.9327820,0 80.1512056,12.9330560,0 80.1512514,12.9331018,0 80.1513432,12.9334444,0 80.1513890,12.9334902,0 80.1514808,12.9338328,0 80.1515266,12.9338786,0 80.1516184,12.9342211,0 80.1516642,12.9342669,0 80.1516643,12.9343354,0 80.1517101,12.9344040,0 80.1517331,12.9344954,0 80.1517332,12.9347919,0 80.1517561,12.9347920,0 80.1517565,12.9354308,0 80.1517336,12.9354307,0 80.1517337,12.9356360,0 80.1517108,12.9356359,0 80.1517110,12.9358412,0 80.1516881,12.9359324,0 80.1516423,12.9359550,0 80.1514821,12.9359543,0 80.1514821,12.9359771,0 80.1510928,12.9359755,0 80.1510929,12.9359983,0 80.1508868,12.9359975,0 80.1508868,12.9360203,0 80.1507723,12.9360198,0 80.1507036,12.9360423,0 80.1501083,12.9360399,0 80.1501084,12.9360627,0 80.1499252,12.9360619,0 80.1499252,12.9360848,0 80.1497420,12.9360840,0 80.1497420,12.9361068,0 80.1495589,12.9361061,0 80.1495589,12.9361289,0 80.1493528,12.9361280,0 80.1493528,12.9361508,0 80.1491468,12.9361500,0 80.1491468,12.9361728,0 80.1490094,12.9361722,0 80.1490094,12.9361950,0 80.1486889,12.9361937,0 80.1486889,12.9361709,0 80.1485515,12.9361703,0 80.1485515,12.9361475,0 80.1482538,12.9361463,0 80.1481164,12.9359860,0 80.1480706,12.9359859,0 80.1479789,12.9358714,0 80.1478873,12.9358482,0 80.1478644,12.9358025,0 80.1476812,12.9357105,0 80.1475438,12.9356871,0 80.1474980,12.9356413,0 80.1474293,12.9356410,0 80.1473835,12.9355952,0 80.1472919,12.9355948,0 80.1472232,12.9355489,0 80.1470400,12.9355482,0 80.1469484,12.9355022,0 80.1467881,12.9355015,0 80.1467881,12.9354787,0 80.1466049,12.9354779,0 80.1466049,12.9354551,0 80.1452769,12.9354496,0 80.1452769,12.9354724,0 80.1451625,12.9354720,0 80.1451625,12.9354948,0 80.1450480,12.9354943,0 80.1450022,12.9354257,0 80.1449792,12.9353343,0 80.1449334,12.9353113,0 80.1448875,12.9351515,0 80.1448188,12.9351055,0 80.1446813,12.9348997,0 80.1446126,12.9348766,0 80.1440860,12.9348744,0 80.1440860,12.9348972,0 80.1439486,12.9348966,0 80.1439486,12.9349195,0 80.1437884,12.9349188,0 80.1437884,12.9349416,0 80.1436510,12.9349410,0 80.1436510,12.9349639,0 80.1434908,12.9349632,0 80.1434908,12.9349860,0 80.1433763,12.9349855,0 80.1433763,12.9350083,0 80.1432389,12.9350306,0 80.1431474,12.9350986,0 80.1430787,12.9350984,0 80.1430329,12.9351438,0 80.1429642,12.9351435,0 80.1429185,12.9351890,0 80.1428498,12.9351887,0 80.1428040,12.9352341,0 80.1427353,12.9352110,0 80.1426437,12.9351422,0 80.1426437,12.9350966,0 80.1425750,12.9350507,0 80.1425749,12.9350050,0 80.1423687,12.9346848,0 80.1423686,12.9345479,0 80.1423457,12.9345478,0 80.1423456,12.9344338,0 80.1423227,12.9344337,0 80.1423227,12.9342968,0 80.1422998,12.9342967,0 80.1422997,12.9341598,0 80.1422768,12.9341597,0 80.1422767,12.9340457,0 80.1422538,12.9340456,0 80.1422537,12.9339087,0 80.1422308,12.9339086,0 80.1422308,12.9337946,0 80.1422079,12.9337945,0 80.1421849,12.9336575,0 80.1421391,12.9336117,0 80.1421391,12.9335432,0 80.1420245,12.9333831,0 80.1419558,12.9333600,0 80.1414292,12.9333578,0 80.1414292,12.9333806,0 80.1413147,12.9333801,0 80.1413147,12.9334030,0 80.1411773,12.9334024,0 80.1411773,12.9334252,0 80.1410629,12.9334247,0 80.1410629,12.9334475,0 80.1409255,12.9334470,0 80.1409255,12.9334698,0 80.1407881,12.9334692,0 80.1407882,12.9334920,0 80.1406737,12.9334916,0 80.1406737,12.9335144,0 80.1405592,12.9335139,0 80.1404676,12.9335591,0 80.1403074,12.9335585,0 80.1403074,12.9335813,0 80.1401700,12.9335807,0 80.1401242,12.9336262,0 80.1400556,12.9336259,0 80.1400098,12.9336713,0 80.1399411,12.9336710,0 80.1399182,12.9337166,0 80.1398038,12.9337389,0 80.1393003,12.9342159,0 80.1392546,12.9343298,0 80.1389800,12.9346252,0 80.1389114,12.9346705,0 80.1388198,12.9346702,0 80.1386824,12.9347380,0 80.1385451,12.9347375,0 80.1384535,12.9347143,0 80.1383161,12.9346453,0 80.1382473,12.9345537,0 80.1382473,12.9344625,0 80.1382014,12.9343710,0 80.1382013,12.9342570,0 80.1381784,12.9342569,0 80.1381783,12.9340516,0 80.1381325,12.9339601,0 80.1381324,12.9338233,0 80.1381095,12.9338232,0 80.1380865,12.9336862,0 80.1380407,12.9336404,0 80.1380407,12.9335719,0 80.1379719,12.9334804,0 80.1379719,12.9334120,0 80.1379031,12.9333204,0 80.1379031,12.9332520,0 80.1377197,12.9327722,0 80.1376967,12.9326808,0 80.1376966,12.9325440,0 80.1376737,12.9325439,0 80.1376737,12.9324298,0 80.1376508,12.9324297,0 80.1376506,12.9320875,0 80.1376735,12.9320876,0 80.1376734,12.9319051,0 80.1376963,12.9319052,0 80.1376962,12.9317911,0 80.1377191,12.9317684,0</coordinates></LinearRing></outerBoundaryIs></Polygon></MultiGeometry></Placemark>
<Placemark><name>44</name><ExtendedData><SchemaData schemaUrl="#tambaram_wards"><SimpleData name="id_2">TMB_44</SimpleData><SimpleData name="name">44</SimpleData><SimpleData name="zone">3</SimpleData></SchemaData></ExtendedData><MultiGeometry><Polygon><outerBoundaryIs><LinearRing><coordinates>80.1351080,12.9301608,0 80.1351537,12.9299557,0 80.1350849,12.9298185,0 80.1350848,12.9297044,0 80.1351534,12.9295907,0 80.1351533,12.9292941,0 80.1351762,12.9292942,0 80.1351757,12.9284958,0 80.1352901,12.9283137,0 80.1353129,12.9282454,0 80.1354274,12.9282230,0 80.1356105,12.9281097,0 80.1356792,12.9281100,0 80.1359538,12.9279515,0 80.1360225,12.9279518,0 80.1361141,12.9278837,0 80.1362057,12.9278841,0 80.1362743,12.9278387,0 80.1363659,12.9278391,0 80.1364346,12.9277938,0 80.1365262,12.9277941,0 80.1365948,12.9277488,0 80.1366864,12.9277492,0 80.1367551,12.9277038,0 80.1369382,12.9276818,0 80.1373044,12.9274095,0 80.1373960,12.9273643,0 80.1375104,12.9273648,0 80.1376707,12.9274111,0 80.1377623,12.9273430,0 80.1378080,12.9272519,0 80.1378079,12.9271151,0 80.1378994,12.9269558,0 80.1381055,12.9268882,0 80.1381054,12.9268654,0 80.1382199,12.9268658,0 80.1382886,12.9269346,0 80.1384260,12.9269579,0 80.1384260,12.9269351,0 80.1385863,12.9269358,0 80.1386321,12.9268903,0 80.1388152,12.9268911,0 80.1389068,12.9268687,0 80.1389755,12.9269374,0 80.1393648,12.9269390,0 80.1393648,12.9269162,0 80.1396853,12.9269175,0 80.1397082,12.9268720,0 80.1397997,12.9268495,0 80.1398226,12.9268040,0 80.1400057,12.9267363,0 80.1403263,12.9267377,0 80.1404179,12.9268293,0 80.1406240,12.9268301,0 80.1406240,12.9268529,0 80.1408072,12.9268537,0 80.1408301,12.9268766,0 80.1409446,12.9268771,0 80.1410362,12.9269231,0 80.1411278,12.9269235,0 80.1414026,12.9270387,0 80.1415628,12.9270393,0 80.1415628,12.9270165,0 80.1420437,12.9270185,0 80.1420666,12.9270642,0 80.1421582,12.9270874,0 80.1422956,12.9272020,0 80.1425246,12.9272486,0 80.1425933,12.9272945,0 80.1427765,12.9273181,0 80.1428452,12.9273640,0 80.1431429,12.9273652,0 80.1431429,12.9273880,0 80.1432574,12.9273885,0 80.1433490,12.9275258,0 80.1434406,12.9275946,0 80.1436009,12.9275952,0 80.1436009,12.9276181,0 80.1437612,12.9276187,0 80.1437612,12.9276415,0 80.1439215,12.9276422,0 80.1439215,12.9276650,0 80.1440818,12.9276657,0 80.1440818,12.9276885,0 80.1442192,12.9276890,0 80.1442192,12.9277119,0 80.1443795,12.9277125,0 80.1443795,12.9277353,0 80.1445168,12.9277359,0 80.1445169,12.9277587,0 80.1446542,12.9277593,0 80.1446542,12.9277821,0 80.1448145,12.9277828,0 80.1448145,12.9278056,0 80.1449748,12.9278062,0 80.1449748,12.9278290,0 80.1451122,12.9278296,0 80.1451122,12.9278524,0 80.1452725,12.9278531,0 80.1454557,12.9279223,0 80.1455015,12.9279909,0 80.1456160,12.9280142,0 80.1456160,12.9279914,0 80.1457305,12.9279918,0 80.1457305,12.9279690,0 80.1458450,12.9279695,0 80.1458449,12.9279467,0 80.1459594,12.9279472,0 80.1459594,12.9279244,0 80.1460739,12.9279248,0 80.1460739,12.9279020,0 80.1461884,12.9279025,0 80.1461883,12.9278797,0 80.1463257,12.9278802,0 80.1464173,12.9278350,0 80.1464859,12.9277440,0 80.1464859,12.9276984,0 80.1465545,12.9276303,0 80.1467606,12.9275855,0 80.1468063,12.9275400,0 80.1468750,12.9275403,0 80.1469666,12.9274723,0 80.1470124,12.9274725,0 80.1470581,12.9274042,0 80.1472413,12.9273822,0 80.1473557,12.9273142,0 80.1474244,12.9273145,0 80.1476533,12.9271785,0 80.1477220,12.9271788,0 80.1478822,12.9270426,0 80.1479737,12.9270202,0 80.1480882,12.9270206,0 80.1480882,12.9269978,0 80.1482027,12.9269983,0 80.1482942,12.9269531,0 80.1484316,12.9269536,0 80.1484316,12.9269308,0 80.1485461,12.9269313,0 80.1485461,12.9269085,0 80.1486606,12.9269090,0 80.1488437,12.9267956,0 80.1489581,12.9267961,0 80.1491413,12.9267284,0 80.1494389,12.9267297,0 80.1494389,12.9267525,0 80.1495763,12.9267530,0 80.1496450,12.9268218,0 80.1496451,12.9268674,0 80.1497138,12.9269133,0 80.1497138,12.9269817,0 80.1497596,12.9270276,0 80.1497597,12.9270960,0 80.1498055,12.9271418,0 80.1498056,12.9273015,0 80.1498285,12.9273016,0 80.1498286,12.9274385,0 80.1498515,12.9274386,0 80.1498515,12.9275754,0 80.1498744,12.9275755,0 80.1498746,12.9279177,0 80.1498517,12.9279176,0 80.1498518,12.9280317,0 80.1498289,12.9280316,0 80.1498290,12.9281685,0 80.1498061,12.9282368,0 80.1496230,12.9283045,0 80.1493711,12.9283034,0 80.1493712,12.9283263,0 80.1491880,12.9283483,0 80.1491422,12.9283937,0 80.1490507,12.9283934,0 80.1489820,12.9284387,0 80.1488904,12.9284383,0 80.1488217,12.9284837,0 80.1485928,12.9285284,0 80.1485699,12.9285739,0 80.1484784,12.9285963,0 80.1484326,12.9286646,0 80.1483868,12.9286644,0 80.1483411,12.9287326,0 80.1482495,12.9287779,0 80.1482496,12.9288919,0 80.1482267,12.9288918,0 80.1482268,12.9290515,0 80.1482039,12.9290514,0 80.1482040,12.9291883,0 80.1481582,12.9292566,0 80.1481583,12.9293478,0 80.1481125,12.9293932,0 80.1481125,12.9294617,0 80.1480668,12.9295071,0 80.1480668,12.9295756,0 80.1479982,12.9296209,0 80.1478150,12.9296886,0 80.1477922,12.9297341,0 80.1477235,12.9297338,0 80.1476777,12.9297793,0 80.1475861,12.9298017,0 80.1474259,12.9298010,0 80.1474259,12.9298238,0 80.1472427,12.9298231,0 80.1472427,12.9298459,0 80.1470824,12.9298452,0 80.1470825,12.9298680,0 80.1468993,12.9298673,0 80.1468993,12.9298901,0 80.1467161,12.9298893,0 80.1467161,12.9299122,0 80.1465559,12.9299115,0 80.1465559,12.9299343,0 80.1463727,12.9299336,0 80.1463727,12.9299564,0 80.1461896,12.9299556,0 80.1461896,12.9299784,0 80.1460293,12.9299778,0 80.1460293,12.9300006,0 80.1458461,12.9299998,0 80.1458462,12.9300226,0 80.1456859,12.9300220,0 80.1456859,12.9300448,0 80.1455027,12.9300440,0 80.1455027,12.9300668,0 80.1453196,12.9300661,0 80.1453196,12.9300889,0 80.1451593,12.9300882,0 80.1451593,12.9301110,0 80.1449762,12.9301103,0 80.1449762,12.9301331,0 80.1448159,12.9301324,0 80.1448159,12.9301552,0 80.1446327,12.9301545,0 80.1446328,12.9301773,0 80.1444496,12.9301765,0 80.1444496,12.9301994,0 80.1442893,12.9301987,0 80.1442893,12.9302215,0 80.1441062,12.9302208,0 80.1441062,12.9302436,0 80.1439230,12.9302428,0 80.1439230,12.9302656,0 80.1437628,12.9302650,0 80.1437628,12.9302878,0 80.1435796,12.9302870,0 80.1435796,12.9303098,0 80.1433964,12.9303091,0 80.1433965,12.9303319,0 80.1432133,12.9303311,0 80.1432133,12.9303539,0 80.1430530,12.9303533,0 80.1430530,12.9303761,0 80.1428928,12.9303754,0 80.1428928,12.9303982,0 80.1427325,12.9303976,0 80.1426867,12.9304430,0 80.1425952,12.9304426,0 80.1425494,12.9304881,0 80.1424120,12.9305103,0 80.1423205,12.9305784,0 80.1422748,12.9307151,0 80.1422290,12.9307377,0 80.1421375,12.9309426,0 80.1420460,12.9309651,0 80.1419773,12.9310332,0 80.1418857,12.9310328,0 80.1418629,12.9310784,0 80.1417026,12.9310777,0 80.1416110,12.9311229,0 80.1414279,12.9311222,0 80.1414279,12.9311450,0 80.1412447,12.9311442,0 80.1412447,12.9311671,0 80.1410387,12.9311662,0 80.1410387,12.9311890,0 80.1408555,12.9311883,0 80.1408555,12.9312111,0 80.1406723,12.9312103,0 80.1406724,12.9312331,0 80.1404892,12.9312324,0 80.1404892,12.9312552,0 80.1402831,12.9312543,0 80.1402831,12.9312771,0 80.1401000,12.9312764,0 80.1401000,12.9312992,0 80.1399855,12.9312987,0 80.1399855,12.9313215,0 80.1398481,12.9313210,0 80.1397795,12.9313663,0 80.1396650,12.9313658,0 80.1396650,12.9313887,0 80.1395276,12.9313881,0 80.1395277,12.9314109,0 80.1393903,12.9314103,0 80.1393216,12.9314557,0 80.1392071,12.9314552,0 80.1392071,12.9314780,0 80.1390698,12.9314774,0 80.1390698,12.9315003,0 80.1389553,12.9314998,0 80.1388637,12.9315450,0 80.1387493,12.9315446,0 80.1387493,12.9315674,0 80.1385890,12.9315667,0 80.1384974,12.9316120,0 80.1383830,12.9316115,0 80.1382914,12.9316567,0 80.1381540,12.9316562,0 80.1381540,12.9316790,0 80.1377191,12.9317684,0 80.1376732,12.9316998,0 80.1375816,12.9316310,0 80.1375816,12.9315854,0 80.1374212,12.9314478,0 80.1374212,12.9314022,0 80.1371463,12.9311045,0 80.1370547,12.9310585,0 80.1369860,12.9310582,0 80.1369402,12.9310124,0 80.1368715,12.9310121,0 80.1368028,12.9309662,0 80.1362761,12.9309640,0 80.1361158,12.9308493,0 80.1360241,12.9306892,0 80.1360241,12.9306208,0 80.1359095,12.9304606,0 80.1359095,12.9303922,0 80.1358637,12.9303692,0 80.1358407,12.9302779,0 80.1357491,12.9302091,0 80.1356346,12.9302086,0 80.1355430,12.9301626,0 80.1351080,12.9301608,0</coordinates></LinearRing></outerBoundaryIs></Polygon></MultiGeometry></Placemark>
<Placemark><name>45</name><ExtendedData><SchemaData schemaUrl="#tambaram_wards"><SimpleData name="id_2">TMB_45</SimpleData><SimpleData name="name">45</SimpleData><SimpleData name="zone">5</SimpleData></SchemaData></ExtendedData><MultiGeometry><Polygon><outerBoundaryIs><LinearRing><coordinates>80.1350577,12.9224500,0 80.1350573,12.9218797,0 80.1350802,12.9218798,0 80.1350800,12.9215148,0 80.1351029,12.9215149,0 80.1351028,12.9213095,0 80.1351257,12.9213096,0 80.1351256,12.9211500,0 80.1351485,12.9211500,0 80.1351484,12.9209904,0 80.1352170,12.9208081,0 80.1352167,12.9203519,0 80.1351938,12.9203518,0 80.1351936,12.9199868,0 80.1351707,12.9199867,0 80.1351705,12.9196445,0 80.1351476,12.9196444,0 80.1351474,12.9193479,0 80.1351932,12.9193024,0 80.1351932,12.9192340,0 80.1352618,12.9191886,0 80.1352847,12.9190975,0 80.1354677,12.9188701,0 80.1354906,12.9187790,0 80.1355821,12.9186881,0 80.1356507,12.9184831,0 80.1357193,12.9183921,0 80.1357193,12.9183237,0 80.1357650,12.9182326,0 80.1358337,12.9182557,0 80.1358795,12.9183243,0 80.1359253,12.9183245,0 80.1359711,12.9183931,0 80.1360169,12.9183933,0 80.1360857,12.9184849,0 80.1361315,12.9184851,0 80.1362231,12.9185995,0 80.1362689,12.9185997,0 80.1363147,12.9186683,0 80.1364063,12.9186915,0 80.1364751,12.9187374,0 80.1365209,12.9188060,0 80.1365667,12.9188062,0 80.1366125,12.9188749,0 80.1366583,12.9188750,0 80.1367041,12.9189437,0 80.1369560,12.9189903,0 80.1371163,12.9190366,0 80.1371850,12.9190825,0 80.1372767,12.9192198,0 80.1372768,12.9193110,0 80.1373226,12.9193340,0 80.1373226,12.9194253,0 80.1373685,12.9194939,0 80.1373685,12.9196308,0 80.1373914,12.9196309,0 80.1373915,12.9197449,0 80.1374144,12.9197450,0 80.1374145,12.9198819,0 80.1374374,12.9198820,0 80.1374374,12.9199961,0 80.1374603,12.9199962,0 80.1374604,12.9201330,0 80.1374833,12.9201331,0 80.1374834,12.9202472,0 80.1375292,12.9203386,0 80.1375522,12.9204984,0 80.1377126,12.9207728,0 80.1377813,12.9207959,0 80.1378958,12.9207964,0 80.1379874,12.9208424,0 80.1388117,12.9208458,0 80.1388117,12.9208686,0 80.1389720,12.9208693,0 80.1390178,12.9209379,0 80.1390408,12.9210521,0 80.1390866,12.9210751,0 80.1390866,12.9211435,0 80.1391325,12.9212349,0 80.1391783,12.9212579,0 80.1391783,12.9213264,0 80.1392470,12.9213951,0 80.1392700,12.9214864,0 80.1393387,12.9215095,0 80.1394761,12.9215101,0 80.1394761,12.9215329,0 80.1398195,12.9215343,0 80.1399111,12.9215119,0 80.1399569,12.9214665,0 80.1400255,12.9214667,0 80.1401171,12.9214215,0 80.1401629,12.9213533,0 80.1402087,12.9213534,0 80.1402544,12.9212168,0 80.1403001,12.9211941,0 80.1403230,12.9211030,0 80.1403687,12.9210347,0 80.1405289,12.9208985,0 80.1405975,12.9207619,0 80.1405975,12.9206479,0 80.1406432,12.9205796,0 80.1406661,12.9204885,0 80.1406660,12.9203744,0 80.1406888,12.9202832,0 80.1407346,12.9202150,0 80.1408033,12.9202153,0 80.1408490,12.9201698,0 80.1409864,12.9201476,0 80.1410322,12.9201022,0 80.1411467,12.9201026,0 80.1411466,12.9200798,0 80.1414443,12.9200811,0 80.1414443,12.9200582,0 80.1415588,12.9200587,0 80.1416274,12.9200362,0 80.1417648,12.9199455,0 80.1418334,12.9199458,0 80.1418563,12.9198318,0 80.1419020,12.9197864,0 80.1419020,12.9197179,0 80.1419478,12.9196725,0 80.1419706,12.9194901,0 80.1419935,12.9194902,0 80.1419934,12.9193761,0 80.1423595,12.9190355,0 80.1424511,12.9189674,0 80.1425425,12.9187168,0 80.1425882,12.9186258,0 80.1428630,12.9186269,0 80.1428630,12.9186497,0 80.1431378,12.9186509,0 80.1431378,12.9186281,0 80.1432751,12.9186286,0 80.1432751,12.9186058,0 80.1434354,12.9186065,0 80.1434354,12.9185837,0 80.1435957,12.9185843,0 80.1435956,12.9185615,0 80.1437559,12.9185622,0 80.1437559,12.9185394,0 80.1438933,12.9185399,0 80.1438933,12.9185171,0 80.1440535,12.9185178,0 80.1440535,12.9184950,0 80.1442138,12.9184956,0 80.1442138,12.9184728,0 80.1443741,12.9184735,0 80.1443740,12.9184507,0 80.1445343,12.9184513,0 80.1445343,12.9184285,0 80.1449235,12.9184301,0 80.1449694,12.9184759,0 80.1450609,12.9184763,0 80.1451755,12.9185452,0 80.1451755,12.9187049,0 80.1451527,12.9187048,0 80.1451527,12.9188189,0 80.1451298,12.9188188,0 80.1451299,12.9189557,0 80.1448325,12.9194335,0 80.1447868,12.9194561,0 80.1447639,12.9195473,0 80.1447181,12.9195699,0 80.1446953,12.9196610,0 80.1446495,12.9196837,0 80.1445581,12.9199342,0 80.1445352,12.9199341,0 80.1445353,12.9200710,0 80.1445124,12.9200709,0 80.1445127,12.9206868,0 80.1444898,12.9206868,0 80.1444899,12.9208921,0 80.1445128,12.9208922,0 80.1445130,12.9211431,0 80.1445588,12.9212345,0 80.1445589,12.9213942,0 80.1445818,12.9213943,0 80.1445819,12.9215084,0 80.1446277,12.9215998,0 80.1446278,12.9216911,0 80.1446736,12.9217825,0 80.1447194,12.9218055,0 80.1447653,12.9219654,0 80.1448111,12.9219884,0 80.1448341,12.9221254,0 80.1448799,12.9221712,0 80.1449029,12.9223081,0 80.1449258,12.9223082,0 80.1449259,12.9224451,0 80.1449488,12.9224452,0 80.1449489,12.9227190,0 80.1449260,12.9227189,0 80.1449261,12.9228785,0 80.1449032,12.9228785,0 80.1449033,12.9229925,0 80.1448347,12.9231747,0 80.1448348,12.9232660,0 80.1447662,12.9234026,0 80.1447663,12.9236079,0 80.1447892,12.9236992,0 80.1450644,12.9244532,0 80.1450645,12.9245444,0 80.1451333,12.9246816,0 80.1451333,12.9247956,0 80.1451562,12.9247957,0 80.1451563,12.9249098,0 80.1451792,12.9249099,0 80.1451792,12.9250240,0 80.1452021,12.9250241,0 80.1452022,12.9251609,0 80.1452481,12.9252524,0 80.1452481,12.9253436,0 80.1452939,12.9253894,0 80.1453169,12.9255264,0 80.1453628,12.9256178,0 80.1455918,12.9257557,0 80.1456605,12.9257559,0 80.1457521,12.9258248,0 80.1464849,12.9259875,0 80.1465307,12.9260333,0 80.1465994,12.9260336,0 80.1467597,12.9261483,0 80.1468513,12.9261715,0 80.1469431,12.9264912,0 80.1469889,12.9265370,0 80.1469891,12.9267652,0 80.1470119,12.9267653,0 80.1470121,12.9269706,0 80.1470350,12.9269707,0 80.1470352,12.9273585,0 80.1470581,12.9274042,0 80.1470124,12.9274725,0 80.1469666,12.9274723,0 80.1468750,12.9275403,0 80.1468063,12.9275400,0 80.1467606,12.9275855,0 80.1465545,12.9276303,0 80.1464859,12.9276984,0 80.1464859,12.9277440,0 80.1464173,12.9278350,0 80.1463257,12.9278802,0 80.1461883,12.9278797,0 80.1461884,12.9279025,0 80.1460739,12.9279020,0 80.1460739,12.9279248,0 80.1459594,12.9279244,0 80.1459594,12.9279472,0 80.1458449,12.9279467,0 80.1458450,12.9279695,0 80.1457305,12.9279690,0 80.1457305,12.9279918,0 80.1456160,12.9279914,0 80.1456160,12.9280142,0 80.1455015,12.9279909,0 80.1454557,12.9279223,0 80.1452725,12.9278531,0 80.1451122,12.9278524,0 80.1451122,12.9278296,0 80.1449748,12.9278290,0 80.1449748,12.9278062,0 80.1448145,12.9278056,0 80.1448145,12.9277828,0 80.1446542,12.9277821,0 80.1446542,12.9277593,0 80.1445169,12.9277587,0 80.1445168,12.9277359,0 80.1443795,12.9277353,0 80.1443795,12.9277125,0 80.1442192,12.9277119,0 80.1442192,12.9276890,0 80.1440818,12.9276885,0 80.1440818,12.9276657,0 80.1439215,12.9276650,0 80.1439215,12.9276422,0 80.1437612,12.9276415,0 80.1437612,12.9276187,0 80.1436009,12.9276181,0 80.1436009,12.9275952,0 80.1434406,12.9275946,0 80.1433490,12.9275258,0 80.1432574,12.9273885,0 80.1431429,12.9273880,0 80.1431429,12.9273652,0 80.1428452,12.9273640,0 80.1427765,12.9273181,0 80.1425933,12.9272945,0 80.1425246,12.9272486,0 80.1422956,12.9272020,0 80.1421582,12.9270874,0 80.1420666,12.9270642,0 80.1420437,12.9270185,0 80.1415628,12.9270165,0 80.1415628,12.9270393,0 80.1414026,12.9270387,0 80.1411278,12.9269235,0 80.1410362,12.9269231,0 80.1409446,12.9268771,0 80.1408301,12.9268766,0 80.1408072,12.9268537,0 80.1408071,12.9266712,0 80.1407842,12.9266711,0 80.1407841,12.9265570,0 80.1406924,12.9262829,0 80.1406923,12.9261689,0 80.1406235,12.9259861,0 80.1406234,12.9258720,0 80.1405546,12.9256892,0 80.1405546,12.9255752,0 80.1404628,12.9253010,0 80.1404628,12.9251870,0 80.1403940,12.9250042,0 80.1403939,12.9248901,0 80.1403021,12.9246160,0 80.1403021,12.9245019,0 80.1402333,12.9243192,0 80.1402332,12.9242051,0 80.1401644,12.9240223,0 80.1401644,12.9239082,0 80.1401185,12.9238168,0 80.1401184,12.9237027,0 80.1400955,12.9237027,0 80.1400954,12.9234745,0 80.1400266,12.9232917,0 80.1400266,12.9232005,0 80.1399807,12.9231319,0 80.1399807,12.9230178,0 80.1399578,12.9230177,0 80.1399577,12.9228808,0 80.1399347,12.9227895,0 80.1398889,12.9227665,0 80.1398889,12.9226981,0 80.1397972,12.9225608,0 80.1397972,12.9225152,0 80.1396140,12.9224460,0 80.1394995,12.9224455,0 80.1394995,12.9224227,0 80.1387668,12.9224197,0 80.1386295,12.9225104,0 80.1385608,12.9225101,0 80.1385150,12.9225555,0 80.1384464,12.9225552,0 80.1384006,12.9226007,0 80.1383319,12.9226004,0 80.1382403,12.9226456,0 80.1382175,12.9226912,0 80.1381259,12.9227136,0 80.1381030,12.9227591,0 80.1374390,12.9227564,0 80.1374391,12.9227792,0 80.1360882,12.9227736,0 80.1360882,12.9227964,0 80.1359737,12.9227959,0 80.1359737,12.9228188,0 80.1357906,12.9228180,0 80.1357906,12.9228408,0 80.1356303,12.9228402,0 80.1356303,12.9228630,0 80.1354929,12.9228624,0 80.1354014,12.9228848,0 80.1352639,12.9226790,0 80.1352639,12.9226333,0 80.1350577,12.9224500,0</coordinates></LinearRing></outerBoundaryIs></Polygon></MultiGeometry></Placemark>
<Placemark><name>46</name><ExtendedData><SchemaData schemaUrl="#tambaram_wards"><SimpleData name="id_2">TMB_46</SimpleData><SimpleData name="name">46</SimpleData><SimpleData name="zone">5</SimpleData></SchemaData></ExtendedData><MultiGeometry><Polygon><outerBoundaryIs><LinearRing><coordinates>80.1299292,12.9228850,0 80.1299750,12.9228624,0 80.1301123,12.9226805,0 80.1302954,12.9225444,0 80.1303640,12.9224534,0 80.1304556,12.9224766,0 80.1304785,12.9225223,0 80.1307075,12.9225917,0 80.1307991,12.9226605,0 80.1314631,12.9226633,0 80.1314631,12.9226404,0 80.1319897,12.9226426,0 80.1319897,12.9226198,0 80.1325392,12.9226221,0 80.1325392,12.9225993,0 80.1331574,12.9226018,0 80.1331574,12.9225790,0 80.1338901,12.9225820,0 80.1338900,12.9225592,0 80.1345082,12.9225618,0 80.1345082,12.9225390,0 80.1346685,12.9225396,0 80.1346685,12.9225168,0 80.1347830,12.9225173,0 80.1348745,12.9224720,0 80.1350348,12.9224727,0 80.1350577,12.9224500,0 80.1352639,12.9226333,0 80.1352639,12.9226790,0 80.1354014,12.9228848,0 80.1354929,12.9228624,0 80.1356303,12.9228630,0 80.1356303,12.9228402,0 80.1357906,12.9228408,0 80.1357906,12.9228180,0 80.1359737,12.9228188,0 80.1359737,12.9227959,0 80.1360882,12.9227964,0 80.1360882,12.9227736,0 80.1374391,12.9227792,0 80.1374390,12.9227564,0 80.1381030,12.9227591,0 80.1381259,12.9227136,0 80.1382175,12.9226912,0 80.1382403,12.9226456,0 80.1383319,12.9226004,0 80.1384006,12.9226007,0 80.1384464,12.9225552,0 80.1385150,12.9225555,0 80.1385608,12.9225101,0 80.1386295,12.9225104,0 80.1387668,12.9224197,0 80.1394995,12.9224227,0 80.1394995,12.9224455,0 80.1396140,12.9224460,0 80.1397972,12.9225152,0 80.1397972,12.9225608,0 80.1398889,12.9226981,0 80.1398889,12.9227665,0 80.1399347,12.9227895,0 80.1399577,12.9228808,0 80.1399578,12.9230177,0 80.1399807,12.9230178,0 80.1399807,12.9231319,0 80.1400266,12.9232005,0 80.1400266,12.9232917,0 80.1400954,12.9234745,0 80.1400955,12.9237027,0 80.1401184,12.9237027,0 80.1401185,12.9238168,0 80.1401644,12.9239082,0 80.1401644,12.9240223,0 80.1402332,12.9242051,0 80.1402333,12.9243192,0 80.1403021,12.9245019,0 80.1403021,12.9246160,0 80.1403939,12.9248901,0 80.1403940,12.9250042,0 80.1404628,12.9251870,0 80.1404628,12.9253010,0 80.1405546,12.9255752,0 80.1405546,12.9256892,0 80.1406234,12.9258720,0 80.1406235,12.9259861,0 80.1406923,12.9261689,0 80.1406924,12.9262829,0 80.1407841,12.9265570,0 80.1407842,12.9266711,0 80.1408071,12.9266712,0 80.1408072,12.9268537,0 80.1406240,12.9268529,0 80.1406240,12.9268301,0 80.1404179,12.9268293,0 80.1403263,12.9267377,0 80.1400057,12.9267363,0 80.1398226,12.9268040,0 80.1397997,12.9268495,0 80.1397082,12.9268720,0 80.1396853,12.9269175,0 80.1393648,12.9269162,0 80.1393648,12.9269390,0 80.1389755,12.9269374,0 80.1389068,12.9268687,0 80.1388152,12.9268911,0 80.1386321,12.9268903,0 80.1385863,12.9269358,0 80.1384260,12.9269351,0 80.1384260,12.9269579,0 80.1382886,12.9269346,0 80.1382199,12.9268658,0 80.1381054,12.9268654,0 80.1381055,12.9268882,0 80.1378994,12.9269558,0 80.1378079,12.9271151,0 80.1378080,12.9272519,0 80.1377623,12.9273430,0 80.1376707,12.9274111,0 80.1375104,12.9273648,0 80.1373960,12.9273643,0 80.1373044,12.9274095,0 80.1369382,12.9276818,0 80.1367551,12.9277038,0 80.1366864,12.9277492,0 80.1365948,12.9277488,0 80.1365262,12.9277941,0 80.1364346,12.9277938,0 80.1363659,12.9278391,0 80.1362743,12.9278387,0 80.1362057,12.9278841,0 80.1361141,12.9278837,0 80.1360225,12.9279518,0 80.1359538,12.9279515,0 80.1356792,12.9281100,0 80.1356105,12.9281097,0 80.1354274,12.9282230,0 80.1353129,12.9282454,0 80.1352900,12.9281769,0 80.1351068,12.9280620,0 80.1350381,12.9280846,0 80.1348549,12.9280838,0 80.1348549,12.9281066,0 80.1346718,12.9281059,0 80.1346718,12.9281287,0 80.1344886,12.9281279,0 80.1344886,12.9281507,0 80.1342825,12.9281499,0 80.1342826,12.9281727,0 80.1340994,12.9281719,0 80.1340994,12.9281947,0 80.1339162,12.9281940,0 80.1339162,12.9282168,0 80.1337331,12.9282160,0 80.1337331,12.9282389,0 80.1335499,12.9282381,0 80.1335499,12.9282609,0 80.1333439,12.9282601,0 80.1333439,12.9282829,0 80.1331607,12.9282821,0 80.1331607,12.9283049,0 80.1329776,12.9283042,0 80.1329776,12.9283270,0 80.1327944,12.9283262,0 80.1327944,12.9283490,0 80.1326112,12.9283483,0 80.1326113,12.9283711,0 80.1324052,12.9283702,0 80.1323594,12.9284157,0 80.1322678,12.9284153,0 80.1321992,12.9284606,0 80.1321305,12.9284604,0 80.1320847,12.9285058,0 80.1320160,12.9285055,0 80.1319245,12.9285508,0 80.1318100,12.9285047,0 80.1317412,12.9284131,0 80.1316954,12.9284129,0 80.1315809,12.9282528,0 80.1315351,12.9282298,0 80.1314433,12.9279785,0 80.1313975,12.9279327,0 80.1313057,12.9274760,0 80.1312828,12.9274759,0 80.1312827,12.9273619,0 80.1311680,12.9269964,0 80.1311679,12.9268823,0 80.1310532,12.9265169,0 80.1310532,12.9264028,0 80.1309614,12.9261287,0 80.1309614,12.9260146,0 80.1308467,12.9256491,0 80.1308466,12.9255351,0 80.1308008,12.9254436,0 80.1308007,12.9253524,0 80.1307549,12.9252838,0 80.1307548,12.9252153,0 80.1306861,12.9251238,0 80.1306861,12.9250553,0 80.1306402,12.9249639,0 80.1305944,12.9249409,0 80.1305715,12.9248496,0 80.1304569,12.9247578,0 80.1304340,12.9246665,0 80.1303882,12.9246435,0 80.1303423,12.9245064,0 80.1302965,12.9244834,0 80.1302277,12.9242550,0 80.1301818,12.9241864,0 80.1301818,12.9240951,0 80.1301130,12.9239580,0 80.1300441,12.9235927,0 80.1299983,12.9235241,0 80.1299982,12.9234100,0 80.1299753,12.9234099,0 80.1299752,12.9232046,0 80.1299523,12.9232045,0 80.1299522,12.9229992,0 80.1299293,12.9229991,0 80.1299292,12.9228850,0</coordinates></LinearRing></outerBoundaryIs></Polygon></MultiGeometry></Placemark>
<Placemark><name>47</name><ExtendedData><SchemaData schemaUrl="#tambaram_wards"><SimpleData name="id_2">TMB_47</SimpleData><SimpleData name="name">47</SimpleData><SimpleData name="zone">5</SimpleData></SchemaData></ExtendedData><MultiGeometry><Polygon><outerBoundaryIs><LinearRing><coordinates>80.1319245,12.9285508,0 80.1320160,12.9285055,0 80.1320847,12.9285058,0 80.1321305,12.9284604,0 80.1321992,12.9284606,0 80.1322678,12.9284153,0 80.1323594,12.9284157,0 80.1324052,12.9283702,0 80.1326113,12.9283711,0 80.1326112,12.9283483,0 80.1327944,12.9283490,0 80.1327944,12.9283262,0 80.1329776,12.9283270,0 80.1329776,12.9283042,0 80.1331607,12.9283049,0 80.1331607,12.9282821,0 80.1333439,12.9282829,0 80.1333439,12.9282601,0 80.1335499,12.9282609,0 80.1335499,12.9282381,0 80.1337331,12.9282389,0 80.1337331,12.9282160,0 80.1339162,12.9282168,0 80.1339162,12.9281940,0 80.1340994,12.9281947,0 80.1340994,12.9281719,0 80.1342826,12.9281727,0 80.1342825,12.9281499,0 80.1344886,12.9281507,0 80.1344886,12.9281279,0 80.1346718,12.9281287,0 80.1346718,12.9281059,0 80.1348549,12.9281066,0 80.1348549,12.9280838,0 80.1350381,12.9280846,0 80.1351068,12.9280620,0 80.1352900,12.9281769,0 80.1353129,12.9282454,0 80.1352901,12.9283137,0 80.1351757,12.9284958,0 80.1351762,12.9292942,0 80.1351533,12.9292941,0 80.1351534,12.9295907,0 80.1350848,12.9297044,0 80.1350849,12.9298185,0 80.1351537,12.9299557,0 80.1351080,12.9301608,0 80.1350851,12.9302519,0 80.1350854,12.9306169,0 80.1350625,12.9306168,0 80.1350625,12.9307537,0 80.1350397,12.9308221,0 80.1349939,12.9308447,0 80.1349482,12.9309586,0 80.1348795,12.9310039,0 80.1348338,12.9311178,0 80.1347651,12.9311631,0 80.1346279,12.9314135,0 80.1345592,12.9314588,0 80.1345135,12.9315727,0 80.1344448,12.9316180,0 80.1343534,12.9318002,0 80.1342847,12.9318455,0 80.1342390,12.9319594,0 80.1341703,12.9320047,0 80.1341703,12.9320503,0 80.1340788,12.9321412,0 80.1340560,12.9322324,0 80.1339644,12.9323232,0 80.1339416,12.9324144,0 80.1338958,12.9324826,0 80.1338043,12.9325507,0 80.1337814,12.9325962,0 80.1334153,12.9329825,0 80.1333695,12.9329823,0 80.1332780,12.9330732,0 80.1331864,12.9330956,0 80.1331178,12.9331638,0 80.1329804,12.9331860,0 80.1329118,12.9332542,0 80.1328660,12.9332540,0 80.1327973,12.9333450,0 80.1325456,12.9334808,0 80.1325227,12.9335948,0 80.1324541,12.9336401,0 80.1322709,12.9337078,0 80.1322252,12.9337760,0 80.1321336,12.9337985,0 80.1320421,12.9338893,0 80.1318361,12.9339569,0 80.1311951,12.9340912,0 80.1311264,12.9341365,0 80.1309432,12.9341586,0 80.1308516,12.9340897,0 80.1307829,12.9340666,0 80.1306455,12.9340661,0 80.1306455,12.9340889,0 80.1304166,12.9340879,0 80.1304166,12.9341108,0 80.1301876,12.9341098,0 80.1301876,12.9341326,0 80.1299587,12.9341317,0 80.1299587,12.9341545,0 80.1297297,12.9341535,0 80.1297298,12.9341764,0 80.1295008,12.9341754,0 80.1295008,12.9341982,0 80.1293634,12.9341977,0 80.1293633,12.9339695,0 80.1293174,12.9338781,0 80.1291800,12.9337635,0 80.1291800,12.9337178,0 80.1290196,12.9335803,0 80.1290196,12.9335347,0 80.1288822,12.9334201,0 80.1288821,12.9333744,0 80.1287218,12.9332369,0 80.1287217,12.9331913,0 80.1286072,12.9330995,0 80.1285843,12.9330082,0 80.1285842,12.9328257,0 80.1285613,12.9328256,0 80.1285612,12.9326887,0 80.1284696,12.9326884,0 80.1284009,12.9326424,0 80.1283322,12.9326422,0 80.1282864,12.9325963,0 80.1281948,12.9325960,0 80.1281261,12.9325501,0 80.1281261,12.9325044,0 80.1279886,12.9323898,0 80.1279886,12.9323442,0 80.1278970,12.9322754,0 80.1278511,12.9321611,0 80.1277824,12.9321152,0 80.1277594,12.9319554,0 80.1277136,12.9318868,0 80.1276447,12.9315215,0 80.1275988,12.9314529,0 80.1275299,12.9310876,0 80.1274841,12.9310190,0 80.1274152,12.9306537,0 80.1273694,12.9305851,0 80.1273464,12.9304025,0 80.1273235,12.9304024,0 80.1273232,12.9298777,0 80.1274834,12.9298099,0 80.1275063,12.9297644,0 80.1291774,12.9293379,0 80.1291774,12.9293150,0 80.1294979,12.9293164,0 80.1294980,12.9293392,0 80.1296811,12.9293399,0 80.1297498,12.9293630,0 80.1297499,12.9294315,0 80.1297957,12.9294545,0 80.1298874,12.9297058,0 80.1299562,12.9297973,0 80.1300248,12.9297976,0 80.1300707,12.9298434,0 80.1302309,12.9298441,0 80.1302309,12.9298669,0 80.1307347,12.9298690,0 80.1307346,12.9298462,0 80.1310781,12.9298476,0 80.1310781,12.9298248,0 80.1314215,12.9298262,0 80.1314215,12.9298034,0 80.1315589,12.9298039,0 80.1316275,12.9297586,0 80.1317191,12.9297590,0 80.1318107,12.9296909,0 80.1319022,12.9296685,0 80.1319251,12.9296001,0 80.1319250,12.9294861,0 80.1319479,12.9294862,0 80.1319475,12.9288018,0 80.1319246,12.9288017,0 80.1319245,12.9285508,0</coordinates></LinearRing></outerBoundaryIs></Polygon></MultiGeometry></Placemark>
<Placemark><name>48</name><ExtendedData><SchemaData schemaUrl="#tambaram_wards"><SimpleData name="id_2">TMB_48</SimpleData><SimpleData name="name">48</SimpleData><SimpleData name="zone">5</SimpleData></SchemaData></ExtendedData><MultiGeometry><Polygon><outerBoundaryIs><LinearRing><coordinates>80.1163524,12.9238783,0 80.1164897,12.9237877,0 80.1165355,12.9237194,0 80.1170391,12.9236074,0 80.1171078,12.9235621,0 80.1174741,12.9234952,0 80.1175428,12.9234498,0 80.1176343,12.9234274,0 80.1177946,12.9234281,0 80.1177946,12.9234052,0 80.1180236,12.9234062,0 80.1180235,12.9233834,0 80.1182525,12.9233843,0 80.1182525,12.9233615,0 80.1184586,12.9233624,0 80.1184585,12.9233395,0 80.1186875,12.9233405,0 80.1186875,12.9233177,0 80.1189165,12.9233186,0 80.1189164,12.9232958,0 80.1191225,12.9232967,0 80.1191225,12.9232738,0 80.1193515,12.9232748,0 80.1193514,12.9232520,0 80.1195804,12.9232529,0 80.1195804,12.9232301,0 80.1197865,12.9232310,0 80.1197864,12.9232082,0 80.1200154,12.9232091,0 80.1200154,12.9231863,0 80.1202444,12.9231872,0 80.1202443,12.9231644,0 80.1204504,12.9231653,0 80.1204504,12.9231425,0 80.1208854,12.9231443,0 80.1208854,12.9231214,0 80.1213204,12.9231232,0 80.1213204,12.9231004,0 80.1217554,12.9231022,0 80.1217554,12.9230794,0 80.1221905,12.9230812,0 80.1221904,12.9230584,0 80.1226255,12.9230602,0 80.1226255,12.9230374,0 80.1230834,12.9230393,0 80.1230834,12.9230165,0 80.1235184,12.9230183,0 80.1235184,12.9229954,0 80.1239534,12.9229972,0 80.1239534,12.9229744,0 80.1243884,12.9229762,0 80.1243884,12.9229534,0 80.1248234,12.9229552,0 80.1248234,12.9229324,0 80.1252584,12.9229342,0 80.1252584,12.9229114,0 80.1256935,12.9229132,0 80.1256934,12.9228904,0 80.1261285,12.9228922,0 80.1261285,12.9228693,0 80.1265635,12.9228711,0 80.1265635,12.9228483,0 80.1268611,12.9228496,0 80.1268611,12.9228267,0 80.1270214,12.9228274,0 80.1271816,12.9227824,0 80.1273189,12.9226918,0 80.1273876,12.9226692,0 80.1274563,12.9226695,0 80.1275021,12.9227153,0 80.1275937,12.9227385,0 80.1277082,12.9227390,0 80.1277082,12.9227618,0 80.1278227,12.9227623,0 80.1278227,12.9227851,0 80.1283264,12.9227872,0 80.1283264,12.9227644,0 80.1287843,12.9227663,0 80.1287843,12.9227434,0 80.1294712,12.9227463,0 80.1294712,12.9227691,0 80.1295857,12.9227696,0 80.1296773,12.9227928,0 80.1297460,12.9228387,0 80.1298376,12.9228390,0 80.1299292,12.9228850,0 80.1299293,12.9229991,0 80.1299522,12.9229992,0 80.1299523,12.9232045,0 80.1299752,12.9232046,0 80.1299753,12.9234099,0 80.1299982,12.9234100,0 80.1299983,12.9235241,0 80.1300441,12.9235927,0 80.1301130,12.9239580,0 80.1301818,12.9240951,0 80.1301818,12.9241864,0 80.1302277,12.9242550,0 80.1302965,12.9244834,0 80.1303423,12.9245064,0 80.1303882,12.9246435,0 80.1304340,12.9246665,0 80.1304569,12.9247578,0 80.1305715,12.9248496,0 80.1305944,12.9249409,0 80.1306402,12.9249639,0 80.1306861,12.9250553,0 80.1306861,12.9251238,0 80.1307548,12.9252153,0 80.1307549,12.9252838,0 80.1308007,12.9253524,0 80.1308008,12.9254436,0 80.1308466,12.9255351,0 80.1308467,12.9256491,0 80.1309614,12.9260146,0 80.1309614,12.9261287,0 80.1310532,12.9264028,0 80.1310532,12.9265169,0 80.1311679,12.9268823,0 80.1311680,12.9269964,0 80.1312827,12.9273619,0 80.1312828,12.9274759,0 80.1313057,12.9274760,0 80.1313975,12.9279327,0 80.1314433,12.9279785,0 80.1315351,12.9282298,0 80.1315809,12.9282528,0 80.1316954,12.9284129,0 80.1317412,12.9284131,0 80.1318100,12.9285047,0 80.1319245,12.9285508,0 80.1319246,12.9288017,0 80.1319475,12.9288018,0 80.1319479,12.9294862,0 80.1319250,12.9294861,0 80.1319251,12.9296001,0 80.1319022,12.9296685,0 80.1318107,12.9296909,0 80.1317191,12.9297590,0 80.1316275,12.9297586,0 80.1315589,12.9298039,0 80.1314215,12.9298034,0 80.1314215,12.9298262,0 80.1310781,12.9298248,0 80.1310781,12.9298476,0 80.1307346,12.9298462,0 80.1307347,12.9298690,0 80.1302309,12.9298669,0 80.1302309,12.9298441,0 80.1300707,12.9298434,0 80.1300248,12.9297976,0 80.1299562,12.9297973,0 80.1298874,12.9297058,0 80.1297957,12.9294545,0 80.1297499,12.9294315,0 80.1297498,12.9293630,0 80.1296811,12.9293399,0 80.1294980,12.9293392,0 80.1294979,12.9293164,0 80.1291774,12.9293150,0 80.1291774,12.9293379,0 80.1275063,12.9297644,0 80.1274834,12.9298099,0 80.1273232,12.9298777,0 80.1273235,12.9304024,0 80.1273464,12.9304025,0 80.1273694,12.9305851,0 80.1274152,12.9306537,0 80.1274841,12.9310190,0 80.1275299,12.9310876,0 80.1275988,12.9314529,0 80.1276447,12.9315215,0 80.1277136,12.9318868,0 80.1277594,12.9319554,0 80.1277824,12.9321152,0 80.1278511,12.9321611,0 80.1278970,12.9322754,0 80.1279886,12.9323442,0 80.1279886,12.9323898,0 80.1281261,12.9325044,0 80.1281261,12.9325501,0 80.1281948,12.9325960,0 80.1282864,12.9325963,0 80.1283322,12.9326422,0 80.1284009,12.9326424,0 80.1284696,12.9326884,0 80.1285612,12.9326887,0 80.1285613,12.9328256,0 80.1285842,12.9328257,0 80.1285843,12.9330082,0 80.1286072,12.9330995,0 80.1287217,12.9331913,0 80.1287218,12.9332369,0 80.1288821,12.9333744,0 80.1288822,12.9334201,0 80.1290196,12.9335347,0 80.1290196,12.9335803,0 80.1291800,12.9337178,0 80.1291800,12.9337635,0 80.1293174,12.9338781,0 80.1293633,12.9339695,0 80.1293634,12.9341977,0 80.1293405,12.9342204,0 80.1292032,12.9342426,0 80.1291574,12.9342881,0 80.1291345,12.9342652,0 80.1289971,12.9342418,0 80.1289513,12.9341960,0 80.1288368,12.9341727,0 80.1287681,12.9340811,0 80.1287223,12.9340810,0 80.1286535,12.9339894,0 80.1286077,12.9339892,0 80.1285161,12.9338748,0 80.1284703,12.9338746,0 80.1284016,12.9337831,0 80.1283558,12.9337829,0 80.1282870,12.9336913,0 80.1282412,12.9336912,0 80.1281725,12.9335996,0 80.1281267,12.9335994,0 80.1280579,12.9335079,0 80.1280122,12.9335077,0 80.1279434,12.9334162,0 80.1278976,12.9334160,0 80.1278060,12.9333015,0 80.1277602,12.9333014,0 80.1276914,12.9332098,0 80.1276456,12.9332096,0 80.1275769,12.9331181,0 80.1275311,12.9331179,0 80.1274624,12.9330264,0 80.1274166,12.9330262,0 80.1273478,12.9329347,0 80.1273020,12.9329345,0 80.1272333,12.9328429,0 80.1271875,12.9328427,0 80.1270959,12.9327283,0 80.1270501,12.9327281,0 80.1269813,12.9326366,0 80.1269355,12.9326364,0 80.1268897,12.9325678,0 80.1268439,12.9325676,0 80.1267981,12.9324989,0 80.1267523,12.9324988,0 80.1266377,12.9323614,0 80.1265919,12.9323612,0 80.1265232,12.9322697,0 80.1264774,12.9322695,0 80.1263857,12.9321551,0 80.1263400,12.9321549,0 80.1262483,12.9320404,0 80.1262025,12.9320402,0 80.1260650,12.9318800,0 80.1260192,12.9318798,0 80.1258818,12.9317195,0 80.1258360,12.9317194,0 80.1257214,12.9315820,0 80.1256756,12.9315818,0 80.1255382,12.9314216,0 80.1254924,12.9314214,0 80.1253549,12.9312611,0 80.1253091,12.9312609,0 80.1251945,12.9311236,0 80.1251488,12.9311234,0 80.1250113,12.9309631,0 80.1249655,12.9309629,0 80.1248509,12.9308256,0 80.1248051,12.9308254,0 80.1246677,12.9306652,0 80.1246219,12.9306650,0 80.1244844,12.9305047,0 80.1244386,12.9305045,0 80.1243241,12.9303672,0 80.1242783,12.9303670,0 80.1241408,12.9302067,0 80.1240950,12.9302065,0 80.1239575,12.9300463,0 80.1239117,12.9300461,0 80.1237972,12.9299088,0 80.1237514,12.9299086,0 80.1236139,12.9297483,0 80.1235681,12.9297481,0 80.1234307,12.9295879,0 80.1233849,12.9295877,0 80.1232703,12.9294503,0 80.1232245,12.9294501,0 80.1230870,12.9292899,0 80.1230412,12.9292897,0 80.1229267,12.9291523,0 80.1228809,12.9291522,0 80.1227205,12.9289690,0 80.1226747,12.9289688,0 80.1224456,12.9287169,0 80.1223998,12.9287167,0 80.1222853,12.9285794,0 80.1222395,12.9285792,0 80.1222165,12.9285107,0 80.1220562,12.9283731,0 80.1220104,12.9283501,0 80.1217125,12.9280295,0 80.1216667,12.9280293,0 80.1213689,12.9277087,0 80.1213231,12.9277085,0 80.1210253,12.9273879,0 80.1209795,12.9273878,0 80.1206129,12.9269984,0 80.1205900,12.9268843,0 80.1205213,12.9268612,0 80.1204754,12.9267925,0 80.1203609,12.9267693,0 80.1202693,12.9267233,0 80.1201089,12.9265401,0 80.1200402,12.9265398,0 80.1199944,12.9264940,0 80.1198799,12.9264935,0 80.1198570,12.9264250,0 80.1197654,12.9263562,0 80.1197425,12.9262876,0 80.1196967,12.9262875,0 80.1196508,12.9262188,0 80.1195363,12.9261727,0 80.1194905,12.9261041,0 80.1193760,12.9260580,0 80.1193301,12.9259894,0 80.1190782,12.9258515,0 80.1190324,12.9257828,0 80.1189179,12.9257367,0 80.1188720,12.9256681,0 80.1186888,12.9255761,0 80.1186430,12.9255075,0 80.1185285,12.9254614,0 80.1184826,12.9253928,0 80.1183681,12.9253467,0 80.1183223,12.9252780,0 80.1181391,12.9251860,0 80.1180933,12.9251174,0 80.1179787,12.9250713,0 80.1179329,12.9250027,0 80.1177497,12.9249107,0 80.1177039,12.9248420,0 80.1175206,12.9247500,0 80.1174748,12.9246814,0 80.1173603,12.9246353,0 80.1173145,12.9245667,0 80.1171312,12.9244747,0 80.1170854,12.9244061,0 80.1169709,12.9243600,0 80.1169251,12.9242913,0 80.1167418,12.9241993,0 80.1166960,12.9241307,0 80.1164441,12.9239928,0 80.1163524,12.9238783,0</coordinates></LinearRing></outerBoundaryIs></Polygon></MultiGeometry></Placemark>
<Placemark><name>49</name><ExtendedData><SchemaData schemaUrl="#tambaram_wards"><SimpleData name="id_2">TMB_49</SimpleData><SimpleData name="name">49</SimpleData><SimpleData name="zone">4</SimpleData></SchemaData></ExtendedData><MultiGeometry><Polygon><outerBoundaryIs><LinearRing><coordinates>80.1108779,12.9197495,0 80.1110382,12.9198414,0 80.1110382,12.9198642,0 80.1111527,12.9198647,0 80.1112442,12.9197966,0 80.1113129,12.9197741,0 80.1114274,12.9198202,0 80.1114961,12.9199117,0 80.1115419,12.9199119,0 80.1116336,12.9200264,0 80.1116794,12.9200266,0 80.1117481,12.9201181,0 80.1117939,12.9201183,0 80.1118856,12.9202327,0 80.1119314,12.9202329,0 80.1120230,12.9203474,0 80.1120688,12.9203475,0 80.1121604,12.9204620,0 80.1122062,12.9204622,0 80.1122979,12.9205766,0 80.1123437,12.9205768,0 80.1124124,12.9206683,0 80.1124582,12.9206685,0 80.1125499,12.9207830,0 80.1125957,12.9207832,0 80.1126873,12.9208976,0 80.1127331,12.9208978,0 80.1128248,12.9210122,0 80.1128705,12.9210124,0 80.1129622,12.9211269,0 80.1130080,12.9211270,0 80.1130767,12.9212186,0 80.1131225,12.9212188,0 80.1132371,12.9213561,0 80.1132829,12.9213563,0 80.1133516,12.9214478,0 80.1133974,12.9214480,0 80.1135807,12.9216541,0 80.1137410,12.9217460,0 80.1138785,12.9219063,0 80.1139701,12.9219295,0 80.1140388,12.9220210,0 80.1140846,12.9220212,0 80.1141763,12.9221356,0 80.1142221,12.9221358,0 80.1142908,12.9222273,0 80.1143366,12.9222275,0 80.1144053,12.9223191,0 80.1144511,12.9223192,0 80.1145199,12.9224108,0 80.1145657,12.9224110,0 80.1146344,12.9225025,0 80.1146802,12.9225027,0 80.1147489,12.9225942,0 80.1147947,12.9225944,0 80.1148635,12.9226860,0 80.1149093,12.9226861,0 80.1149780,12.9227777,0 80.1150238,12.9227779,0 80.1150926,12.9228694,0 80.1151383,12.9228696,0 80.1152071,12.9229611,0 80.1152529,12.9229613,0 80.1153216,12.9230528,0 80.1153674,12.9230530,0 80.1154362,12.9231446,0 80.1154819,12.9231448,0 80.1155507,12.9232363,0 80.1155965,12.9232365,0 80.1156652,12.9233280,0 80.1157110,12.9233282,0 80.1157798,12.9234197,0 80.1158255,12.9234199,0 80.1158714,12.9234885,0 80.1159172,12.9234887,0 80.1159859,12.9235803,0 80.1160317,12.9235805,0 80.1161234,12.9236949,0 80.1161691,12.9236951,0 80.1163295,12.9238782,0 80.1163524,12.9238783,0 80.1164441,12.9239928,0 80.1166960,12.9241307,0 80.1167418,12.9241993,0 80.1169251,12.9242913,0 80.1169709,12.9243600,0 80.1170854,12.9244061,0 80.1171312,12.9244747,0 80.1173145,12.9245667,0 80.1173603,12.9246353,0 80.1174748,12.9246814,0 80.1175206,12.9247500,0 80.1177039,12.9248420,0 80.1177497,12.9249107,0 80.1179329,12.9250027,0 80.1179787,12.9250713,0 80.1180933,12.9251174,0 80.1181391,12.9251860,0 80.1183223,12.9252780,0 80.1183681,12.9253467,0 80.1184826,12.9253928,0 80.1185285,12.9254614,0 80.1186430,12.9255075,0 80.1186888,12.9255761,0 80.1188720,12.9256681,0 80.1189179,12.9257367,0 80.1190324,12.9257828,0 80.1190782,12.9258515,0 80.1193301,12.9259894,0 80.1193760,12.9260580,0 80.1194905,12.9261041,0 80.1195363,12.9261727,0 80.1196508,12.9262188,0 80.1196967,12.9262875,0 80.1197425,12.9262876,0 80.1197654,12.9263562,0 80.1198570,12.9264250,0 80.1198799,12.9264935,0 80.1199944,12.9264940,0 80.1200402,12.9265398,0 80.1201089,12.9265401,0 80.1202693,12.9267233,0 80.1203609,12.9267693,0 80.1204754,12.9267925,0 80.1205213,12.9268612,0 80.1205900,12.9268843,0 80.1206129,12.9269984,0 80.1209795,12.9273878,0 80.1210253,12.9273879,0 80.1213231,12.9277085,0 80.1213689,12.9277087,0 80.1216667,12.9280293,0 80.1217125,12.9280295,0 80.1220104,12.9283501,0 80.1220562,12.9283731,0 80.1222165,12.9285107,0 80.1222395,12.9285792,0 80.1221479,12.9286929,0 80.1220106,12.9287836,0 80.1220107,12.9288292,0 80.1217589,12.9290563,0 80.1217590,12.9291019,0 80.1215072,12.9293290,0 80.1215073,12.9293746,0 80.1213700,12.9295337,0 80.1213700,12.9296022,0 80.1213242,12.9296248,0 80.1212785,12.9297159,0 80.1212557,12.9298526,0 80.1211412,12.9298522,0 80.1210496,12.9298746,0 80.1209810,12.9299199,0 80.1207978,12.9299192,0 80.1207978,12.9299420,0 80.1206604,12.9299414,0 80.1206604,12.9299642,0 80.1205460,12.9299638,0 80.1205460,12.9299866,0 80.1204315,12.9299861,0 80.1204315,12.9300089,0 80.1202026,12.9300080,0 80.1202026,12.9300308,0 80.1199736,12.9300298,0 80.1199736,12.9300526,0 80.1197447,12.9300517,0 80.1197447,12.9300745,0 80.1195157,12.9300736,0 80.1195157,12.9300964,0 80.1193554,12.9300957,0 80.1193555,12.9301185,0 80.1192181,12.9301180,0 80.1192181,12.9301408,0 80.1191036,12.9301403,0 80.1191036,12.9301631,0 80.1189663,12.9301625,0 80.1189663,12.9301854,0 80.1188518,12.9301849,0 80.1188518,12.9302077,0 80.1187144,12.9302071,0 80.1187144,12.9302299,0 80.1186000,12.9302295,0 80.1186000,12.9302523,0 80.1184626,12.9302517,0 80.1184626,12.9302745,0 80.1183252,12.9302740,0 80.1182565,12.9302281,0 80.1181878,12.9302278,0 80.1180046,12.9301130,0 80.1179130,12.9301354,0 80.1177071,12.9303627,0 80.1176384,12.9304080,0 80.1175469,12.9304304,0 80.1174095,12.9304299,0 80.1174095,12.9304527,0 80.1172721,12.9304521,0 80.1172721,12.9304749,0 80.1171348,12.9304744,0 80.1171348,12.9304972,0 80.1170203,12.9304967,0 80.1170203,12.9305195,0 80.1168142,12.9305187,0 80.1168142,12.9305415,0 80.1164250,12.9305399,0 80.1164250,12.9305171,0 80.1162647,12.9305164,0 80.1162647,12.9304936,0 80.1161502,12.9304931,0 80.1161502,12.9304703,0 80.1156694,12.9304683,0 80.1156694,12.9304911,0 80.1155549,12.9304906,0 80.1155321,12.9306046,0 80.1154863,12.9306501,0 80.1154864,12.9307413,0 80.1154406,12.9308095,0 80.1154412,12.9317677,0 80.1154183,12.9317676,0 80.1154184,12.9319729,0 80.1153498,12.9321095,0 80.1153499,12.9322007,0 80.1152355,12.9323828,0 80.1150066,12.9324274,0 80.1149379,12.9324728,0 80.1148234,12.9324723,0 80.1148234,12.9324951,0 80.1147089,12.9324946,0 80.1146403,12.9325400,0 80.1145487,12.9325396,0 80.1145029,12.9325850,0 80.1144342,12.9325848,0 80.1143656,12.9327214,0 80.1143657,12.9328582,0 80.1143428,12.9328581,0 80.1143430,12.9331547,0 80.1143659,12.9331548,0 80.1143660,12.9333145,0 80.1143889,12.9333146,0 80.1143889,12.9334286,0 80.1144118,12.9334287,0 80.1144119,12.9335428,0 80.1144807,12.9337256,0 80.1144808,12.9339081,0 80.1145037,12.9339082,0 80.1145038,12.9340222,0 80.1144809,12.9340221,0 80.1144810,12.9341590,0 80.1144581,12.9342274,0 80.1143437,12.9343866,0 80.1143209,12.9345233,0 80.1142980,12.9345233,0 80.1142981,12.9346373,0 80.1142524,12.9347968,0 80.1142066,12.9348422,0 80.1142066,12.9349107,0 80.1141609,12.9349561,0 80.1141609,12.9350246,0 80.1141152,12.9350700,0 80.1141152,12.9351384,0 80.1139320,12.9351377,0 80.1139320,12.9351605,0 80.1136802,12.9351594,0 80.1136802,12.9351823,0 80.1134741,12.9351814,0 80.1134741,12.9352042,0 80.1132910,12.9352035,0 80.1132910,12.9352263,0 80.1128789,12.9352246,0 80.1128788,12.9352018,0 80.1127415,12.9352012,0 80.1126728,12.9351553,0 80.1125581,12.9348583,0 80.1125352,12.9348582,0 80.1125351,12.9347441,0 80.1125122,12.9347440,0 80.1125122,12.9346299,0 80.1124893,12.9346298,0 80.1124892,12.9344702,0 80.1124663,12.9344701,0 80.1124662,12.9342876,0 80.1124433,12.9342875,0 80.1124432,12.9341278,0 80.1124203,12.9341277,0 80.1124202,12.9338767,0 80.1123973,12.9338767,0 80.1123971,12.9335345,0 80.1124199,12.9335346,0 80.1124198,12.9332836,0 80.1124427,12.9332837,0 80.1124426,12.9331240,0 80.1124655,12.9331241,0 80.1124654,12.9329416,0 80.1124883,12.9329417,0 80.1124880,12.9323942,0 80.1124651,12.9323941,0 80.1124650,12.9322801,0 80.1124421,12.9322800,0 80.1124420,12.9321659,0 80.1124191,12.9321658,0 80.1124191,12.9320518,0 80.1123962,12.9320517,0 80.1123961,12.9318692,0 80.1123732,12.9318691,0 80.1123731,12.9316409,0 80.1123502,12.9316408,0 80.1123500,12.9314127,0 80.1123271,12.9314126,0 80.1123270,12.9312073,0 80.1123041,12.9312072,0 80.1123040,12.9310019,0 80.1122811,12.9310018,0 80.1122810,12.9307965,0 80.1122581,12.9307964,0 80.1122578,12.9303402,0 80.1122349,12.9303401,0 80.1122347,12.9299979,0 80.1122805,12.9299296,0 80.1122804,12.9298384,0 80.1123262,12.9297929,0 80.1123261,12.9297245,0 80.1123719,12.9296791,0 80.1123719,12.9296106,0 80.1124405,12.9295197,0 80.1124405,12.9294512,0 80.1123947,12.9294282,0 80.1123488,12.9292683,0 80.1122113,12.9290625,0 80.1121424,12.9288341,0 80.1119821,12.9287193,0 80.1119363,12.9286507,0 80.1118905,12.9286505,0 80.1118217,12.9285590,0 80.1116385,12.9284898,0 80.1116156,12.9284441,0 80.1112950,12.9283059,0 80.1112721,12.9282602,0 80.1109972,12.9281450,0 80.1109743,12.9280992,0 80.1106537,12.9279610,0 80.1106308,12.9279153,0 80.1103101,12.9277771,0 80.1102185,12.9276855,0 80.1101727,12.9276853,0 80.1101269,12.9276167,0 80.1099895,12.9275477,0 80.1099665,12.9274791,0 80.1098978,12.9274560,0 80.1098978,12.9273420,0 80.1098519,12.9272505,0 80.1098518,12.9270680,0 80.1098289,12.9270680,0 80.1098284,12.9262239,0 80.1098055,12.9262238,0 80.1098051,12.9255850,0 80.1097823,12.9255850,0 80.1097821,12.9253796,0 80.1097592,12.9253795,0 80.1097591,12.9251742,0 80.1097820,12.9251287,0 80.1101482,12.9249705,0 80.1102627,12.9249026,0 80.1105374,12.9248581,0 80.1106060,12.9247899,0 80.1106747,12.9247902,0 80.1106976,12.9247447,0 80.1108350,12.9246996,0 80.1108578,12.9245628,0 80.1108807,12.9245629,0 80.1108804,12.9241067,0 80.1108575,12.9241066,0 80.1108574,12.9239469,0 80.1108345,12.9239468,0 80.1108344,12.9238099,0 80.1108115,12.9238098,0 80.1108115,12.9236730,0 80.1107886,12.9236729,0 80.1107885,12.9235132,0 80.1107656,12.9235131,0 80.1107655,12.9233762,0 80.1107426,12.9233761,0 80.1107425,12.9232164,0 80.1107196,12.9232163,0 80.1107195,12.9230795,0 80.1106966,12.9230794,0 80.1106965,12.9229425,0 80.1106737,12.9229424,0 80.1106736,12.9227827,0 80.1106507,12.9227826,0 80.1106506,12.9226457,0 80.1106277,12.9226456,0 80.1106276,12.9224860,0 80.1106047,12.9224859,0 80.1106046,12.9223490,0 80.1105817,12.9223489,0 80.1105816,12.9222120,0 80.1105358,12.9221434,0 80.1105358,12.9220750,0 80.1104900,12.9220520,0 80.1104899,12.9219379,0 80.1104211,12.9218235,0 80.1103525,12.9218233,0 80.1102608,12.9217088,0 80.1101463,12.9216855,0 80.1101463,12.9216399,0 80.1100547,12.9215711,0 80.1100089,12.9215709,0 80.1099630,12.9215023,0 80.1099172,12.9215021,0 80.1098256,12.9213876,0 80.1096652,12.9212501,0 80.1096652,12.9212045,0 80.1095736,12.9211357,0 80.1095277,12.9209758,0 80.1094819,12.9209528,0 80.1094589,12.9208614,0 80.1094589,12.9207474,0 80.1094360,12.9207473,0 80.1094359,12.9206332,0 80.1097563,12.9203380,0 80.1098250,12.9203383,0 80.1099623,12.9202476,0 80.1100310,12.9202479,0 80.1101683,12.9201572,0 80.1102370,12.9201575,0 80.1104201,12.9200442,0 80.1104888,12.9200445,0 80.1106261,12.9199538,0 80.1106948,12.9199541,0 80.1107863,12.9198860,0 80.1107863,12.9198404,0 80.1108779,12.9197495,0</coordinates></LinearRing></outerBoundaryIs></Polygon></MultiGeometry></Placemark>
<Placemark><name>50</name><ExtendedData><SchemaData schemaUrl="#tambaram_wards"><SimpleData name="id_2">TMB_50</SimpleData><SimpleData name="name">50</SimpleData><SimpleData name="zone">4</SimpleData></SchemaData></ExtendedData><MultiGeometry><Polygon><outerBoundaryIs><LinearRing><coordinates>80.1143218,12.9359833,0 80.1143216,12.9357552,0 80.1142987,12.9357551,0 80.1142986,12.9355042,0 80.1142756,12.9354128,0 80.1142298,12.9353898,0 80.1141839,12.9352300,0 80.1141152,12.9351384,0 80.1141152,12.9350700,0 80.1141609,12.9350246,0 80.1141609,12.9349561,0 80.1142066,12.9349107,0 80.1142066,12.9348422,0 80.1142524,12.9347968,0 80.1142981,12.9346373,0 80.1142980,12.9345233,0 80.1143209,12.9345233,0 80.1143437,12.9343866,0 80.1144581,12.9342274,0 80.1144810,12.9341590,0 80.1144809,12.9340221,0 80.1145038,12.9340222,0 80.1145037,12.9339082,0 80.1144808,12.9339081,0 80.1144807,12.9337256,0 80.1144119,12.9335428,0 80.1144118,12.9334287,0 80.1143889,12.9334286,0 80.1143889,12.9333146,0 80.1143660,12.9333145,0 80.1143659,12.9331548,0 80.1143430,12.9331547,0 80.1143428,12.9328581,0 80.1143657,12.9328582,0 80.1143656,12.9327214,0 80.1144342,12.9325848,0 80.1145029,12.9325850,0 80.1145487,12.9325396,0 80.1146403,12.9325400,0 80.1147089,12.9324946,0 80.1148234,12.9324951,0 80.1148234,12.9324723,0 80.1149379,12.9324728,0 80.1150066,12.9324274,0 80.1152355,12.9323828,0 80.1153499,12.9322007,0 80.1153498,12.9321095,0 80.1154184,12.9319729,0 80.1154183,12.9317676,0 80.1154412,12.9317677,0 80.1154406,12.9308095,0 80.1154864,12.9307413,0 80.1154863,12.9306501,0 80.1155321,12.9306046,0 80.1155549,12.9304906,0 80.1156694,12.9304911,0 80.1156694,12.9304683,0 80.1161502,12.9304703,0 80.1161502,12.9304931,0 80.1162647,12.9304936,0 80.1162647,12.9305164,0 80.1164250,12.9305171,0 80.1164250,12.9305399,0 80.1168142,12.9305415,0 80.1168142,12.9305187,0 80.1170203,12.9305195,0 80.1170203,12.9304967,0 80.1171348,12.9304972,0 80.1171348,12.9304744,0 80.1172721,12.9304749,0 80.1172721,12.9304521,0 80.1174095,12.9304527,0 80.1174095,12.9304299,0 80.1175469,12.9304304,0 80.1176384,12.9304080,0 80.1177071,12.9303627,0 80.1179130,12.9301354,0 80.1180046,12.9301130,0 80.1181878,12.9302278,0 80.1182565,12.9302281,0 80.1183252,12.9302740,0 80.1184626,12.9302745,0 80.1184626,12.9302517,0 80.1186000,12.9302523,0 80.1186000,12.9302295,0 80.1187144,12.9302299,0 80.1187144,12.9302071,0 80.1188518,12.9302077,0 80.1188518,12.9301849,0 80.1189663,12.9301854,0 80.1189663,12.9301625,0 80.1191036,12.9301631,0 80.1191036,12.9301403,0 80.1192181,12.9301408,0 80.1192181,12.9301180,0 80.1193555,12.9301185,0 80.1193554,12.9300957,0 80.1195157,12.9300964,0 80.1195157,12.9300736,0 80.1197447,12.9300745,0 80.1197447,12.9300517,0 80.1199736,12.9300526,0 80.1199736,12.9300298,0 80.1202026,12.9300308,0 80.1202026,12.9300080,0 80.1204315,12.9300089,0 80.1204315,12.9299861,0 80.1205460,12.9299866,0 80.1205460,12.9299638,0 80.1206604,12.9299642,0 80.1206604,12.9299414,0 80.1207978,12.9299420,0 80.1207978,12.9299192,0 80.1209810,12.9299199,0 80.1210496,12.9298746,0 80.1211412,12.9298522,0 80.1212557,12.9298526,0 80.1213702,12.9299444,0 80.1214161,12.9300586,0 80.1224699,12.9310895,0 80.1224928,12.9311809,0 80.1225386,12.9312039,0 80.1225616,12.9313180,0 80.1226304,12.9314324,0 80.1226304,12.9315464,0 80.1225618,12.9315918,0 80.1225618,12.9316374,0 80.1224931,12.9316827,0 80.1224245,12.9317965,0 80.1223100,12.9318189,0 80.1218523,12.9320679,0 80.1217836,12.9320904,0 80.1213716,12.9322712,0 80.1213487,12.9323168,0 80.1212343,12.9323619,0 80.1210283,12.9325436,0 80.1210284,12.9327032,0 80.1210055,12.9327031,0 80.1210057,12.9330681,0 80.1210286,12.9330682,0 80.1210287,12.9332279,0 80.1210516,12.9332280,0 80.1210517,12.9333877,0 80.1210746,12.9333878,0 80.1210747,12.9335475,0 80.1210976,12.9335476,0 80.1210977,12.9337073,0 80.1211206,12.9337074,0 80.1211207,12.9338671,0 80.1211435,12.9338672,0 80.1211436,12.9340268,0 80.1211665,12.9340269,0 80.1211666,12.9341866,0 80.1211895,12.9341867,0 80.1211896,12.9343464,0 80.1212125,12.9343465,0 80.1212126,12.9345062,0 80.1212355,12.9345063,0 80.1212356,12.9346660,0 80.1212585,12.9346661,0 80.1212586,12.9348257,0 80.1212815,12.9348258,0 80.1212816,12.9349855,0 80.1213045,12.9349856,0 80.1213047,12.9353734,0 80.1212589,12.9354417,0 80.1212590,12.9355557,0 80.1212362,12.9356469,0 80.1211904,12.9356695,0 80.1210530,12.9356690,0 80.1210530,12.9356918,0 80.1209157,12.9356912,0 80.1209157,12.9357140,0 80.1201830,12.9357110,0 80.1201830,12.9357338,0 80.1200685,12.9357333,0 80.1200685,12.9357561,0 80.1199312,12.9357556,0 80.1198854,12.9358010,0 80.1195420,12.9359365,0 80.1195192,12.9359820,0 80.1194276,12.9360272,0 80.1193818,12.9360042,0 80.1192673,12.9360038,0 80.1191986,12.9359579,0 80.1190612,12.9359573,0 80.1190612,12.9359345,0 80.1187636,12.9359333,0 80.1187636,12.9359561,0 80.1185117,12.9359550,0 80.1185117,12.9359778,0 80.1181683,12.9359764,0 80.1181683,12.9359992,0 80.1178249,12.9359978,0 80.1178249,12.9360206,0 80.1175043,12.9360193,0 80.1175043,12.9360421,0 80.1171609,12.9360407,0 80.1171609,12.9360635,0 80.1160848,12.9360591,0 80.1160848,12.9360362,0 80.1153292,12.9360331,0 80.1153292,12.9360559,0 80.1152147,12.9360555,0 80.1152148,12.9360783,0 80.1151003,12.9360778,0 80.1151003,12.9361006,0 80.1149171,12.9360999,0 80.1149171,12.9361227,0 80.1145508,12.9361212,0 80.1145508,12.9360984,0 80.1144134,12.9360522,0 80.1143905,12.9360064,0 80.1143218,12.9359833,0</coordinates></LinearRing></outerBoundaryIs></Polygon></MultiGeometry></Placemark>
<Placemark><name>51</name><ExtendedData><SchemaData schemaUrl="#tambaram_wards"><SimpleData name="id_2">TMB_51</SimpleData><SimpleData name="name">51</SimpleData><SimpleData name="zone">4</SimpleData></SchemaData></ExtendedData><MultiGeometry><Polygon><outerBoundaryIs><LinearRing><coordinates>80.1057376,12.9391416,0 80.1057373,12.9386169,0 80.1058516,12.9383437,0 80.1058515,12.9382068,0 80.1060117,12.9380934,0 80.1060117,12.9380021,0 80.1059658,12.9379563,0 80.1059658,12.9378651,0 80.1060116,12.9378425,0 80.1061715,12.9372728,0 80.1062401,12.9371362,0 80.1062401,12.9370450,0 80.1062858,12.9369767,0 80.1062858,12.9368855,0 80.1063544,12.9367489,0 80.1063543,12.9366576,0 80.1064001,12.9365894,0 80.1064000,12.9364981,0 80.1064686,12.9363615,0 80.1064686,12.9362703,0 80.1065372,12.9361337,0 80.1065371,12.9360424,0 80.1065829,12.9359742,0 80.1065828,12.9358829,0 80.1066514,12.9357464,0 80.1066514,12.9356551,0 80.1066971,12.9355869,0 80.1066971,12.9354956,0 80.1067657,12.9353590,0 80.1067656,12.9352678,0 80.1068342,12.9351312,0 80.1068342,12.9350399,0 80.1068799,12.9349717,0 80.1068799,12.9348804,0 80.1069485,12.9347438,0 80.1069484,12.9346526,0 80.1069942,12.9345843,0 80.1069941,12.9344931,0 80.1070628,12.9343565,0 80.1070627,12.9342652,0 80.1071313,12.9341287,0 80.1071313,12.9340374,0 80.1071770,12.9339692,0 80.1071770,12.9338779,0 80.1072456,12.9337413,0 80.1072455,12.9336501,0 80.1072913,12.9335818,0 80.1072912,12.9334906,0 80.1073598,12.9333540,0 80.1073598,12.9332627,0 80.1074055,12.9331945,0 80.1074055,12.9331032,0 80.1074512,12.9330350,0 80.1074512,12.9329437,0 80.1074969,12.9328755,0 80.1075197,12.9326931,0 80.1075655,12.9326248,0 80.1075654,12.9325336,0 80.1076112,12.9324653,0 80.1076339,12.9322829,0 80.1076797,12.9322147,0 80.1077025,12.9320323,0 80.1077482,12.9319640,0 80.1077482,12.9318728,0 80.1077939,12.9318045,0 80.1077939,12.9316905,0 80.1078168,12.9316906,0 80.1078167,12.9315537,0 80.1078396,12.9315538,0 80.1078395,12.9313713,0 80.1078624,12.9313714,0 80.1078621,12.9309607,0 80.1078163,12.9309149,0 80.1078163,12.9308465,0 80.1077475,12.9307550,0 80.1077475,12.9306637,0 80.1077017,12.9306179,0 80.1077016,12.9305267,0 80.1076558,12.9304808,0 80.1076557,12.9303668,0 80.1076099,12.9302753,0 80.1076098,12.9300928,0 80.1075869,12.9300927,0 80.1075868,12.9299102,0 80.1075639,12.9299101,0 80.1075638,12.9297505,0 80.1075409,12.9297504,0 80.1075408,12.9295907,0 80.1075179,12.9295906,0 80.1075178,12.9294537,0 80.1074490,12.9293394,0 80.1074490,12.9292481,0 80.1073802,12.9291338,0 80.1073115,12.9290879,0 80.1072199,12.9290647,0 80.1071970,12.9290189,0 80.1069222,12.9289266,0 80.1068306,12.9288577,0 80.1067619,12.9288575,0 80.1067161,12.9288117,0 80.1066474,12.9288114,0 80.1066016,12.9287656,0 80.1065329,12.9287653,0 80.1062809,12.9286045,0 80.1061893,12.9285814,0 80.1061435,12.9285127,0 80.1060977,12.9285125,0 80.1060519,12.9284439,0 80.1060061,12.9284437,0 80.1059373,12.9283522,0 80.1058915,12.9283520,0 80.1056395,12.9280772,0 80.1054792,12.9280765,0 80.1054792,12.9280537,0 80.1053419,12.9280532,0 80.1053418,12.9280304,0 80.1052274,12.9280299,0 80.1050671,12.9279836,0 80.1050899,12.9279381,0 80.1050898,12.9277784,0 80.1051127,12.9277785,0 80.1051126,12.9275960,0 80.1051355,12.9275961,0 80.1051354,12.9273679,0 80.1051583,12.9273680,0 80.1051582,12.9272540,0 80.1052040,12.9271629,0 80.1052039,12.9270717,0 80.1052497,12.9270034,0 80.1052496,12.9268665,0 80.1052724,12.9267982,0 80.1053639,12.9266617,0 80.1053868,12.9265934,0 80.1053864,12.9259774,0 80.1054093,12.9259775,0 80.1054092,12.9258178,0 80.1054549,12.9256583,0 80.1055465,12.9256587,0 80.1055923,12.9256133,0 80.1057068,12.9256137,0 80.1057525,12.9255683,0 80.1060272,12.9255010,0 80.1060730,12.9254556,0 80.1061417,12.9254559,0 80.1062561,12.9253879,0 80.1065080,12.9254574,0 80.1065081,12.9254802,0 80.1070347,12.9254824,0 80.1070347,12.9254595,0 80.1071491,12.9254600,0 80.1071491,12.9254372,0 80.1072865,12.9254378,0 80.1072865,12.9254150,0 80.1074010,12.9254154,0 80.1074009,12.9253926,0 80.1075383,12.9253932,0 80.1075383,12.9253704,0 80.1076528,12.9253708,0 80.1076528,12.9253480,0 80.1077673,12.9253485,0 80.1077672,12.9253257,0 80.1079046,12.9253263,0 80.1079046,12.9253034,0 80.1080191,12.9253039,0 80.1080191,12.9252811,0 80.1081565,12.9252817,0 80.1081564,12.9252589,0 80.1082709,12.9252593,0 80.1082709,12.9252365,0 80.1084083,12.9252371,0 80.1084083,12.9252143,0 80.1085228,12.9252148,0 80.1085227,12.9251919,0 80.1086601,12.9251925,0 80.1086601,12.9251697,0 80.1087746,12.9251702,0 80.1087746,12.9251474,0 80.1089119,12.9251479,0 80.1089119,12.9251251,0 80.1090264,12.9251256,0 80.1090264,12.9251028,0 80.1095530,12.9251049,0 80.1096446,12.9251509,0 80.1097591,12.9251742,0 80.1097592,12.9253795,0 80.1097821,12.9253796,0 80.1097823,12.9255850,0 80.1098051,12.9255850,0 80.1098055,12.9262238,0 80.1098284,12.9262239,0 80.1098289,12.9270680,0 80.1098518,12.9270680,0 80.1098519,12.9272505,0 80.1098978,12.9273420,0 80.1098978,12.9274560,0 80.1099665,12.9274791,0 80.1099895,12.9275477,0 80.1101269,12.9276167,0 80.1101727,12.9276853,0 80.1102185,12.9276855,0 80.1103101,12.9277771,0 80.1106308,12.9279153,0 80.1106537,12.9279610,0 80.1109743,12.9280992,0 80.1109972,12.9281450,0 80.1112721,12.9282602,0 80.1112950,12.9283059,0 80.1116156,12.9284441,0 80.1116385,12.9284898,0 80.1118217,12.9285590,0 80.1118905,12.9286505,0 80.1119363,12.9286507,0 80.1119821,12.9287193,0 80.1121424,12.9288341,0 80.1122113,12.9290625,0 80.1123488,12.9292683,0 80.1123947,12.9294282,0 80.1124405,12.9294512,0 80.1124405,12.9295197,0 80.1123719,12.9296106,0 80.1123719,12.9296791,0 80.1123261,12.9297245,0 80.1123262,12.9297929,0 80.1122804,12.9298384,0 80.1122805,12.9299296,0 80.1122347,12.9299979,0 80.1122349,12.9303401,0 80.1122578,12.9303402,0 80.1122581,12.9307964,0 80.1122810,12.9307965,0 80.1122811,12.9310018,0 80.1123040,12.9310019,0 80.1123041,12.9312072,0 80.1123270,12.9312073,0 80.1123271,12.9314126,0 80.1123500,12.9314127,0 80.1123502,12.9316408,0 80.1123731,12.9316409,0 80.1123732,12.9318691,0 80.1123961,12.9318692,0 80.1123962,12.9320517,0 80.1124191,12.9320518,0 80.1124191,12.9321658,0 80.1124420,12.9321659,0 80.1124421,12.9322800,0 80.1124650,12.9322801,0 80.1124651,12.9323941,0 80.1124880,12.9323942,0 80.1124883,12.9329417,0 80.1124654,12.9329416,0 80.1124655,12.9331241,0 80.1124426,12.9331240,0 80.1124427,12.9332837,0 80.1124198,12.9332836,0 80.1124199,12.9335346,0 80.1123971,12.9335345,0 80.1123973,12.9338767,0 80.1124202,12.9338767,0 80.1124203,12.9341277,0 80.1124432,12.9341278,0 80.1124433,12.9342875,0 80.1124662,12.9342876,0 80.1124663,12.9344701,0 80.1124892,12.9344702,0 80.1124893,12.9346298,0 80.1125122,12.9346299,0 80.1125122,12.9347440,0 80.1125351,12.9347441,0 80.1125352,12.9348582,0 80.1125581,12.9348583,0 80.1126728,12.9351553,0 80.1127415,12.9352012,0 80.1128788,12.9352018,0 80.1128789,12.9352246,0 80.1132910,12.9352263,0 80.1132910,12.9352035,0 80.1134741,12.9352042,0 80.1134741,12.9351814,0 80.1136802,12.9351823,0 80.1136802,12.9351594,0 80.1139320,12.9351605,0 80.1139320,12.9351377,0 80.1141152,12.9351384,0 80.1141839,12.9352300,0 80.1142298,12.9353898,0 80.1142756,12.9354128,0 80.1142986,12.9355042,0 80.1142987,12.9357551,0 80.1143216,12.9357552,0 80.1143218,12.9359833,0 80.1142302,12.9360286,0 80.1141615,12.9360283,0 80.1140700,12.9360964,0 80.1140013,12.9360961,0 80.1139326,12.9361414,0 80.1137495,12.9361635,0 80.1133832,12.9363217,0 80.1133603,12.9363672,0 80.1132917,12.9363897,0 80.1132688,12.9364809,0 80.1132689,12.9365949,0 80.1132460,12.9365948,0 80.1132461,12.9368230,0 80.1132690,12.9368231,0 80.1132692,12.9370512,0 80.1132921,12.9370513,0 80.1132922,12.9372110,0 80.1133150,12.9372111,0 80.1133151,12.9373707,0 80.1133380,12.9373708,0 80.1133382,12.9375761,0 80.1133611,12.9375762,0 80.1133611,12.9377131,0 80.1133840,12.9377132,0 80.1133841,12.9378729,0 80.1134070,12.9378730,0 80.1134071,12.9380327,0 80.1134300,12.9380328,0 80.1134301,12.9382381,0 80.1134530,12.9382382,0 80.1134533,12.9387629,0 80.1134304,12.9387628,0 80.1134305,12.9388768,0 80.1133389,12.9389221,0 80.1132703,12.9389902,0 80.1131787,12.9389899,0 80.1131329,12.9390353,0 80.1129727,12.9390803,0 80.1125606,12.9390786,0 80.1125606,12.9390557,0 80.1124003,12.9390551,0 80.1123086,12.9389635,0 80.1122629,12.9389633,0 80.1122170,12.9388946,0 80.1121712,12.9388944,0 80.1120796,12.9387800,0 80.1119651,12.9387795,0 80.1119651,12.9387567,0 80.1118048,12.9387561,0 80.1118048,12.9387332,0 80.1116674,12.9387327,0 80.1116216,12.9386869,0 80.1115529,12.9386866,0 80.1114842,12.9386407,0 80.1113010,12.9386399,0 80.1113010,12.9386171,0 80.1108202,12.9386151,0 80.1108202,12.9386379,0 80.1106370,12.9386372,0 80.1106371,12.9386600,0 80.1104539,12.9386592,0 80.1104539,12.9386820,0 80.1102707,12.9386813,0 80.1102707,12.9387041,0 80.1100876,12.9387033,0 80.1100876,12.9387262,0 80.1099044,12.9387254,0 80.1099044,12.9387482,0 80.1097213,12.9387475,0 80.1097213,12.9387703,0 80.1095381,12.9387695,0 80.1095381,12.9387923,0 80.1093778,12.9387917,0 80.1093779,12.9388145,0 80.1091947,12.9388137,0 80.1091947,12.9388365,0 80.1090344,12.9388359,0 80.1090344,12.9388587,0 80.1088742,12.9388580,0 80.1088742,12.9388808,0 80.1087139,12.9388802,0 80.1087139,12.9389030,0 80.1085308,12.9389022,0 80.1085308,12.9389250,0 80.1083705,12.9389244,0 80.1083705,12.9389472,0 80.1082102,12.9389465,0 80.1082103,12.9389693,0 80.1080500,12.9389687,0 80.1080500,12.9389915,0 80.1078897,12.9389908,0 80.1078897,12.9390136,0 80.1077066,12.9390129,0 80.1077066,12.9390357,0 80.1075692,12.9390351,0 80.1075692,12.9390579,0 80.1073860,12.9390572,0 80.1073861,12.9390800,0 80.1072258,12.9390793,0 80.1072258,12.9391021,0 80.1070655,12.9391015,0 80.1070655,12.9391243,0 80.1068824,12.9391235,0 80.1068824,12.9391464,0 80.1067221,12.9391457,0 80.1067221,12.9391685,0 80.1065619,12.9391678,0 80.1065619,12.9391907,0 80.1064016,12.9391900,0 80.1064016,12.9392128,0 80.1062413,12.9392121,0 80.1062413,12.9392350,0 80.1061040,12.9392344,0 80.1061040,12.9392116,0 80.1059895,12.9392111,0 80.1059895,12.9391883,0 80.1057376,12.9391416,0</coordinates></LinearRing></outerBoundaryIs></Polygon></MultiGeometry></Placemark>
<Placemark><name>52</name><ExtendedData><SchemaData schemaUrl="#tambaram_wards"><SimpleData name="id_2">TMB_52</SimpleData><SimpleData name="name">52</SimpleData><SimpleData name="zone">4</SimpleData></SchemaData></ExtendedData><MultiGeometry><Polygon><outerBoundaryIs><LinearRing><coordinates>80.0945624,12.9359702,0 80.0946769,12.9359250,0 80.0946769,12.9359022,0 80.0948372,12.9359029,0 80.0948371,12.9358801,0 80.0949974,12.9358807,0 80.0951805,12.9358130,0 80.0952950,12.9358135,0 80.0954782,12.9357458,0 80.0955926,12.9357463,0 80.0956842,12.9357011,0 80.0957987,12.9357015,0 80.0959818,12.9356339,0 80.0960963,12.9356343,0 80.0962794,12.9355666,0 80.0963939,12.9355671,0 80.0965770,12.9354994,0 80.0966915,12.9354999,0 80.0967831,12.9354547,0 80.0968975,12.9354551,0 80.0970807,12.9353875,0 80.0971951,12.9353879,0 80.0973783,12.9353202,0 80.0974928,12.9353207,0 80.0976759,12.9352530,0 80.0977904,12.9352535,0 80.0978819,12.9352083,0 80.0979964,12.9352087,0 80.0981795,12.9351411,0 80.0982940,12.9351415,0 80.0984771,12.9350738,0 80.0985916,12.9350743,0 80.0987748,12.9350066,0 80.0989350,12.9349845,0 80.0991868,12.9348258,0 80.0992555,12.9348033,0 80.0993239,12.9344614,0 80.0993468,12.9344615,0 80.0993466,12.9340053,0 80.0993695,12.9340053,0 80.0993691,12.9334350,0 80.0993920,12.9334351,0 80.0993919,12.9332298,0 80.0994148,12.9332299,0 80.0994147,12.9330474,0 80.0994376,12.9330475,0 80.0994375,12.9328422,0 80.0994604,12.9328423,0 80.0994603,12.9326598,0 80.0994832,12.9326599,0 80.0994830,12.9324546,0 80.0995059,12.9324547,0 80.0995058,12.9322494,0 80.0995287,12.9322495,0 80.0995286,12.9320670,0 80.0995515,12.9320670,0 80.0995514,12.9318617,0 80.0995743,12.9318618,0 80.0995742,12.9316793,0 80.0995971,12.9316794,0 80.0995969,12.9314741,0 80.0996198,12.9314742,0 80.0996197,12.9312689,0 80.0996426,12.9312690,0 80.0996425,12.9310865,0 80.0996654,12.9310866,0 80.0996653,12.9308813,0 80.0996882,12.9308814,0 80.0996881,12.9306761,0 80.0997110,12.9306761,0 80.0997109,12.9304936,0 80.0997337,12.9304937,0 80.0997336,12.9302884,0 80.0997565,12.9302885,0 80.0997564,12.9301060,0 80.0997793,12.9301061,0 80.0997792,12.9299008,0 80.0998021,12.9299009,0 80.0998020,12.9296956,0 80.0998249,12.9296957,0 80.0998248,12.9295132,0 80.0998477,12.9295133,0 80.0998475,12.9293080,0 80.0998704,12.9292168,0 80.0999161,12.9291714,0 80.0999161,12.9290801,0 80.1000076,12.9289436,0 80.1000076,12.9288752,0 80.1000533,12.9288526,0 80.1000762,12.9287614,0 80.1001677,12.9286705,0 80.1001677,12.9286249,0 80.1002363,12.9285796,0 80.1002363,12.9285340,0 80.1005567,12.9282387,0 80.1006025,12.9282161,0 80.1007398,12.9280570,0 80.1006939,12.9279883,0 80.1006023,12.9279195,0 80.1006023,12.9278739,0 80.1005336,12.9278280,0 80.1005335,12.9277824,0 80.1004419,12.9277136,0 80.1003961,12.9276449,0 80.1003731,12.9275536,0 80.1003273,12.9275306,0 80.1002355,12.9271880,0 80.1001897,12.9271194,0 80.1001896,12.9269825,0 80.1001667,12.9269824,0 80.1001665,12.9265718,0 80.1001894,12.9265719,0 80.1001893,12.9263894,0 80.1002122,12.9263895,0 80.1002120,12.9261842,0 80.1002349,12.9261843,0 80.1002347,12.9258421,0 80.1003034,12.9258196,0 80.1003262,12.9256600,0 80.1003033,12.9256599,0 80.1003032,12.9254317,0 80.1003260,12.9253406,0 80.1003718,12.9252952,0 80.1003946,12.9251127,0 80.1004174,12.9250444,0 80.1009212,12.9250465,0 80.1009899,12.9250924,0 80.1010586,12.9250927,0 80.1011044,12.9251385,0 80.1011731,12.9251388,0 80.1012189,12.9251846,0 80.1012876,12.9251849,0 80.1013334,12.9252307,0 80.1014021,12.9252310,0 80.1014479,12.9252768,0 80.1015166,12.9252771,0 80.1015624,12.9253229,0 80.1017685,12.9253694,0 80.1018143,12.9254152,0 80.1018830,12.9254155,0 80.1020433,12.9255302,0 80.1021349,12.9255534,0 80.1021808,12.9256676,0 80.1022266,12.9256906,0 80.1022267,12.9257819,0 80.1022725,12.9258277,0 80.1022725,12.9258961,0 80.1023183,12.9259419,0 80.1023184,12.9260560,0 80.1023413,12.9260561,0 80.1023414,12.9261702,0 80.1023643,12.9261703,0 80.1023643,12.9262843,0 80.1023872,12.9262844,0 80.1023873,12.9264213,0 80.1024331,12.9264899,0 80.1024332,12.9265583,0 80.1024790,12.9266042,0 80.1025020,12.9267868,0 80.1025478,12.9268554,0 80.1025479,12.9270151,0 80.1025708,12.9270152,0 80.1025709,12.9271977,0 80.1026627,12.9274718,0 80.1026627,12.9275859,0 80.1026856,12.9275859,0 80.1026857,12.9277228,0 80.1027086,12.9277229,0 80.1027087,12.9278370,0 80.1027316,12.9279055,0 80.1028461,12.9279060,0 80.1028461,12.9279288,0 80.1030293,12.9279296,0 80.1030293,12.9279524,0 80.1032354,12.9279532,0 80.1032354,12.9279760,0 80.1034185,12.9279768,0 80.1034186,12.9279996,0 80.1038994,12.9280016,0 80.1038994,12.9279788,0 80.1041512,12.9279798,0 80.1041512,12.9279570,0 80.1045404,12.9279586,0 80.1045405,12.9279814,0 80.1050671,12.9279836,0 80.1052274,12.9280299,0 80.1053418,12.9280304,0 80.1053419,12.9280532,0 80.1054792,12.9280537,0 80.1054792,12.9280765,0 80.1056395,12.9280772,0 80.1058915,12.9283520,0 80.1059373,12.9283522,0 80.1060061,12.9284437,0 80.1060519,12.9284439,0 80.1060977,12.9285125,0 80.1061435,12.9285127,0 80.1061893,12.9285814,0 80.1062809,12.9286045,0 80.1065329,12.9287653,0 80.1066016,12.9287656,0 80.1066474,12.9288114,0 80.1067161,12.9288117,0 80.1067619,12.9288575,0 80.1068306,12.9288577,0 80.1069222,12.9289266,0 80.1071970,12.9290189,0 80.1072199,12.9290647,0 80.1073115,12.9290879,0 80.1073802,12.9291338,0 80.1074490,12.9292481,0 80.1074490,12.9293394,0 80.1075178,12.9294537,0 80.1075179,12.9295906,0 80.1075408,12.9295907,0 80.1075409,12.9297504,0 80.1075638,12.9297505,0 80.1075639,12.9299101,0 80.1075868,12.9299102,0 80.1075869,12.9300927,0 80.1076098,12.9300928,0 80.1076099,12.9302753,0 80.1076557,12.9303668,0 80.1076558,12.9304808,0 80.1077016,12.9305267,0 80.1077017,12.9306179,0 80.1077475,12.9306637,0 80.1077475,12.9307550,0 80.1078163,12.9308465,0 80.1078163,12.9309149,0 80.1078621,12.9309607,0 80.1078624,12.9313714,0 80.1078395,12.9313713,0 80.1078396,12.9315538,0 80.1078167,12.9315537,0 80.1078168,12.9316906,0 80.1077939,12.9316905,0 80.1077939,12.9318045,0 80.1077482,12.9318728,0 80.1077482,12.9319640,0 80.1077025,12.9320323,0 80.1076797,12.9322147,0 80.1076339,12.9322829,0 80.1076112,12.9324653,0 80.1075654,12.9325336,0 80.1075655,12.9326248,0 80.1075197,12.9326931,0 80.1074969,12.9328755,0 80.1074512,12.9329437,0 80.1074512,12.9330350,0 80.1074055,12.9331032,0 80.1074055,12.9331945,0 80.1073598,12.9332627,0 80.1073598,12.9333540,0 80.1072912,12.9334906,0 80.1072913,12.9335818,0 80.1072455,12.9336501,0 80.1072456,12.9337413,0 80.1071770,12.9338779,0 80.1071770,12.9339692,0 80.1071313,12.9340374,0 80.1071313,12.9341287,0 80.1070627,12.9342652,0 80.1070628,12.9343565,0 80.1069941,12.9344931,0 80.1069942,12.9345843,0 80.1069484,12.9346526,0 80.1069485,12.9347438,0 80.1068799,12.9348804,0 80.1068799,12.9349717,0 80.1068342,12.9350399,0 80.1068342,12.9351312,0 80.1067656,12.9352678,0 80.1067657,12.9353590,0 80.1066971,12.9354956,0 80.1066971,12.9355869,0 80.1066514,12.9356551,0 80.1066514,12.9357464,0 80.1065828,12.9358829,0 80.1065829,12.9359742,0 80.1065371,12.9360424,0 80.1065372,12.9361337,0 80.1064686,12.9362703,0 80.1064686,12.9363615,0 80.1064000,12.9364981,0 80.1064001,12.9365894,0 80.1063543,12.9366576,0 80.1063544,12.9367489,0 80.1062858,12.9368855,0 80.1062858,12.9369767,0 80.1062401,12.9370450,0 80.1062401,12.9371362,0 80.1061715,12.9372728,0 80.1060116,12.9378425,0 80.1059658,12.9378651,0 80.1059658,12.9379563,0 80.1060117,12.9380021,0 80.1060117,12.9380934,0 80.1058515,12.9382068,0 80.1058516,12.9383437,0 80.1057373,12.9386169,0 80.1057376,12.9391416,0 80.1056689,12.9392098,0 80.1056231,12.9392096,0 80.1053943,12.9394596,0 80.1053485,12.9394594,0 80.1052799,12.9395504,0 80.1052341,12.9395502,0 80.1051655,12.9396411,0 80.1051197,12.9396409,0 80.1050739,12.9397092,0 80.1050281,12.9397090,0 80.1049824,12.9397773,0 80.1049366,12.9397771,0 80.1048908,12.9398453,0 80.1048450,12.9398451,0 80.1047993,12.9399134,0 80.1047535,12.9399132,0 80.1047077,12.9399814,0 80.1046620,12.9399812,0 80.1046162,12.9400495,0 80.1045704,12.9400493,0 80.1045247,12.9401176,0 80.1044102,12.9401627,0 80.1043645,12.9402310,0 80.1042500,12.9402761,0 80.1042042,12.9403444,0 80.1040898,12.9403895,0 80.1040440,12.9404578,0 80.1039296,12.9405029,0 80.1038838,12.9405712,0 80.1037694,12.9406163,0 80.1037236,12.9406846,0 80.1036092,12.9407297,0 80.1035634,12.9407980,0 80.1034490,12.9408431,0 80.1034032,12.9409114,0 80.1032888,12.9409565,0 80.1032430,12.9410248,0 80.1031286,12.9410699,0 80.1030828,12.9411382,0 80.1029683,12.9411833,0 80.1028311,12.9413424,0 80.1027624,12.9413878,0 80.1026708,12.9414102,0 80.1026480,12.9414557,0 80.1025564,12.9414782,0 80.1025335,12.9415237,0 80.1024420,12.9415461,0 80.1023504,12.9416598,0 80.1014807,12.9422037,0 80.1014349,12.9422720,0 80.0996040,12.9434507,0 80.0995582,12.9435189,0 80.0995124,12.9435187,0 80.0992836,12.9437003,0 80.0991920,12.9437227,0 80.0991691,12.9437682,0 80.0990775,12.9437907,0 80.0987571,12.9439947,0 80.0986884,12.9439944,0 80.0986427,12.9440398,0 80.0985740,12.9440395,0 80.0985053,12.9441077,0 80.0984138,12.9441301,0 80.0983909,12.9441756,0 80.0982993,12.9442209,0 80.0980932,12.9440832,0 80.0979558,12.9440370,0 80.0978871,12.9439911,0 80.0976350,12.9437163,0 80.0975891,12.9435336,0 80.0975433,12.9434878,0 80.0975203,12.9433052,0 80.0974974,12.9433051,0 80.0974970,12.9426207,0 80.0974512,12.9425293,0 80.0974511,12.9424152,0 80.0974053,12.9423694,0 80.0973135,12.9420268,0 80.0972448,12.9419125,0 80.0972447,12.9418212,0 80.0971760,12.9417525,0 80.0971301,12.9416154,0 80.0970843,12.9415924,0 80.0970613,12.9415011,0 80.0970155,12.9414781,0 80.0969926,12.9413868,0 80.0969010,12.9413179,0 80.0969009,12.9412723,0 80.0968322,12.9412264,0 80.0967634,12.9410436,0 80.0966947,12.9409749,0 80.0966488,12.9407466,0 80.0966029,12.9406780,0 80.0966029,12.9405867,0 80.0965571,12.9405181,0 80.0965570,12.9404268,0 80.0964653,12.9402211,0 80.0964423,12.9400614,0 80.0963965,12.9400155,0 80.0963965,12.9399471,0 80.0963506,12.9399241,0 80.0963506,12.9398557,0 80.0962819,12.9397641,0 80.0962818,12.9396957,0 80.0962360,12.9396727,0 80.0962360,12.9396043,0 80.0961673,12.9395583,0 80.0961672,12.9395127,0 80.0960527,12.9394210,0 80.0960527,12.9393754,0 80.0959611,12.9393066,0 80.0959610,12.9392609,0 80.0958465,12.9391692,0 80.0958465,12.9391236,0 80.0957548,12.9390548,0 80.0957090,12.9389861,0 80.0956631,12.9388491,0 80.0956173,12.9388261,0 80.0955944,12.9387119,0 80.0955486,12.9386889,0 80.0955485,12.9386205,0 80.0955027,12.9385975,0 80.0953422,12.9382318,0 80.0952964,12.9382088,0 80.0952047,12.9379803,0 80.0951589,12.9379573,0 80.0950212,12.9374321,0 80.0949983,12.9373635,0 80.0949525,12.9373405,0 80.0949066,12.9372035,0 80.0948608,12.9371805,0 80.0947920,12.9369977,0 80.0947462,12.9369747,0 80.0947462,12.9369062,0 80.0946774,12.9367919,0 80.0946773,12.9367006,0 80.0946086,12.9365635,0 80.0946083,12.9360616,0 80.0945624,12.9359702,0</coordinates></LinearRing></outerBoundaryIs></Polygon></MultiGeometry></Placemark>
<Placemark><name>53</name><ExtendedData><SchemaData schemaUrl="#tambaram_wards"><SimpleData name="id_2">TMB_53</SimpleData><SimpleData name="name">53</SimpleData><SimpleData name="zone">4</SimpleData></SchemaData></ExtendedData><MultiGeometry><Polygon><outerBoundaryIs><LinearRing><coordinates>80.1062561,12.9253879,0 80.1061417,12.9254559,0 80.1060730,12.9254556,0 80.1060272,12.9255010,0 80.1057525,12.9255683,0 80.1057068,12.9256137,0 80.1055923,12.9256133,0 80.1055465,12.9256587,0 80.1054549,12.9256583,0 80.1054092,12.9258178,0 80.1054093,12.9259775,0 80.1053864,12.9259774,0 80.1053868,12.9265934,0 80.1053639,12.9266617,0 80.1052724,12.9267982,0 80.1052496,12.9268665,0 80.1052497,12.9270034,0 80.1052039,12.9270717,0 80.1052040,12.9271629,0 80.1051582,12.9272540,0 80.1051583,12.9273680,0 80.1051354,12.9273679,0 80.1051355,12.9275961,0 80.1051126,12.9275960,0 80.1051127,12.9277785,0 80.1050898,12.9277784,0 80.1050899,12.9279381,0 80.1050671,12.9279836,0 80.1045405,12.9279814,0 80.1045404,12.9279586,0 80.1041512,12.9279570,0 80.1041512,12.9279798,0 80.1038994,12.9279788,0 80.1038994,12.9280016,0 80.1034186,12.9279996,0 80.1034185,12.9279768,0 80.1032354,12.9279760,0 80.1032354,12.9279532,0 80.1030293,12.9279524,0 80.1030293,12.9279296,0 80.1028461,12.9279288,0 80.1028461,12.9279060,0 80.1027316,12.9279055,0 80.1027087,12.9278370,0 80.1027086,12.9277229,0 80.1026857,12.9277228,0 80.1026856,12.9275859,0 80.1026627,12.9275859,0 80.1026627,12.9274718,0 80.1025709,12.9271977,0 80.1025708,12.9270152,0 80.1025479,12.9270151,0 80.1025478,12.9268554,0 80.1025020,12.9267868,0 80.1024790,12.9266042,0 80.1024332,12.9265583,0 80.1024331,12.9264899,0 80.1023873,12.9264213,0 80.1023872,12.9262844,0 80.1023643,12.9262843,0 80.1023643,12.9261703,0 80.1023414,12.9261702,0 80.1023413,12.9260561,0 80.1023184,12.9260560,0 80.1023183,12.9259419,0 80.1022725,12.9258961,0 80.1022725,12.9258277,0 80.1022267,12.9257819,0 80.1022266,12.9256906,0 80.1021808,12.9256676,0 80.1021349,12.9255534,0 80.1020433,12.9255302,0 80.1018830,12.9254155,0 80.1018143,12.9254152,0 80.1017685,12.9253694,0 80.1015624,12.9253229,0 80.1015166,12.9252771,0 80.1014479,12.9252768,0 80.1014021,12.9252310,0 80.1013334,12.9252307,0 80.1012876,12.9251849,0 80.1012189,12.9251846,0 80.1011731,12.9251388,0 80.1011044,12.9251385,0 80.1010586,12.9250927,0 80.1009899,12.9250924,0 80.1009212,12.9250465,0 80.1004174,12.9250444,0 80.1001883,12.9247925,0 80.1000051,12.9247005,0 80.0999822,12.9246548,0 80.0998219,12.9246085,0 80.0997761,12.9245627,0 80.0997074,12.9245624,0 80.0996616,12.9245166,0 80.0995929,12.9245163,0 80.0995471,12.9244705,0 80.0994784,12.9244702,0 80.0994326,12.9244244,0 80.0993639,12.9244241,0 80.0993180,12.9243783,0 80.0992494,12.9243780,0 80.0991577,12.9243092,0 80.0990890,12.9243089,0 80.0990432,12.9242631,0 80.0989745,12.9242628,0 80.0989287,12.9242170,0 80.0988600,12.9242167,0 80.0988142,12.9241709,0 80.0987455,12.9241706,0 80.0985394,12.9240329,0 80.0984478,12.9240097,0 80.0984249,12.9239640,0 80.0983333,12.9239408,0 80.0979668,12.9236655,0 80.0978752,12.9236423,0 80.0966841,12.9228162,0 80.0965925,12.9227930,0 80.0965008,12.9227014,0 80.0963634,12.9226552,0 80.0963405,12.9226095,0 80.0961115,12.9225173,0 80.0960886,12.9224715,0 80.0958138,12.9223563,0 80.0957908,12.9223106,0 80.0955160,12.9221954,0 80.0954931,12.9221497,0 80.0951267,12.9220341,0 80.0950580,12.9219882,0 80.0949664,12.9219878,0 80.0948290,12.9219188,0 80.0947374,12.9219185,0 80.0946687,12.9218725,0 80.0945771,12.9218722,0 80.0944397,12.9218032,0 80.0943481,12.9218028,0 80.0942794,12.9217569,0 80.0941878,12.9217565,0 80.0941191,12.9217106,0 80.0940046,12.9217101,0 80.0939588,12.9216643,0 80.0937756,12.9216407,0 80.0937069,12.9216176,0 80.0937068,12.9214808,0 80.0936839,12.9214807,0 80.0936836,12.9209560,0 80.0937065,12.9209561,0 80.0937064,12.9208420,0 80.0937750,12.9206598,0 80.0937750,12.9205457,0 80.0938435,12.9203635,0 80.0938435,12.9202495,0 80.0939120,12.9200672,0 80.0939120,12.9199532,0 80.0939577,12.9198621,0 80.0939577,12.9197709,0 80.0940721,12.9196117,0 80.0940720,12.9195660,0 80.0941407,12.9195207,0 80.0941407,12.9194751,0 80.0942093,12.9194069,0 80.0943696,12.9194304,0 80.0943696,12.9194532,0 80.0944841,12.9194537,0 80.0944841,12.9194765,0 80.0945986,12.9194770,0 80.0946444,12.9195228,0 80.0947589,12.9195461,0 80.0947818,12.9195918,0 80.0948734,12.9196150,0 80.0949421,12.9196837,0 80.0950108,12.9196840,0 80.0950567,12.9197298,0 80.0951253,12.9197301,0 80.0951712,12.9197759,0 80.0952856,12.9197764,0 80.0952857,12.9197992,0 80.0954230,12.9197997,0 80.0954230,12.9197769,0 80.0958352,12.9197786,0 80.0958351,12.9197558,0 80.0961099,12.9197569,0 80.0961099,12.9197341,0 80.0963159,12.9197350,0 80.0963159,12.9197122,0 80.0964991,12.9197129,0 80.0964991,12.9196901,0 80.0966136,12.9196906,0 80.0967280,12.9196454,0 80.0968882,12.9194636,0 80.0970713,12.9193047,0 80.0970712,12.9192590,0 80.0972085,12.9191456,0 80.0972085,12.9190999,0 80.0975975,12.9187365,0 80.0976891,12.9187141,0 80.0977120,12.9186686,0 80.0978493,12.9186235,0 80.0978722,12.9185780,0 80.0980095,12.9185329,0 80.0980324,12.9184874,0 80.0981698,12.9184423,0 80.0981926,12.9183968,0 80.0983300,12.9183517,0 80.0983529,12.9183062,0 80.0984902,12.9182612,0 80.0985131,12.9182156,0 80.0986504,12.9181706,0 80.0986733,12.9181250,0 80.0987649,12.9181026,0 80.0987877,12.9180571,0 80.0988793,12.9180346,0 80.0989022,12.9179891,0 80.0989937,12.9179667,0 80.0992226,12.9177167,0 80.0992454,12.9176712,0 80.0993370,12.9176031,0 80.0993369,12.9175575,0 80.0994056,12.9175121,0 80.0994514,12.9174439,0 80.0994742,12.9173527,0 80.0995429,12.9173074,0 80.0995886,12.9172391,0 80.0996115,12.9171480,0 80.0996572,12.9171254,0 80.0997487,12.9168520,0 80.0997486,12.9167379,0 80.0998172,12.9165557,0 80.0998171,12.9164416,0 80.0998400,12.9164417,0 80.0998399,12.9163277,0 80.0999085,12.9161455,0 80.0999085,12.9160314,0 80.0999314,12.9160315,0 80.0999310,12.9154384,0 80.0999081,12.9154383,0 80.0999080,12.9151873,0 80.0998851,12.9151872,0 80.0998848,12.9147082,0 80.0999077,12.9147083,0 80.0999076,12.9145486,0 80.1000907,12.9144125,0 80.1001593,12.9143215,0 80.1002051,12.9143217,0 80.1002509,12.9142534,0 80.1003424,12.9142310,0 80.1003653,12.9141855,0 80.1004569,12.9141631,0 80.1004797,12.9141175,0 80.1005713,12.9140951,0 80.1005942,12.9140496,0 80.1009834,12.9139599,0 80.1010291,12.9139373,0 80.1011437,12.9141203,0 80.1012125,12.9141890,0 80.1012125,12.9142574,0 80.1012583,12.9142804,0 80.1012812,12.9143490,0 80.1012813,12.9144630,0 80.1013042,12.9144631,0 80.1013044,12.9147597,0 80.1013273,12.9147598,0 80.1013274,12.9150563,0 80.1013503,12.9150564,0 80.1013506,12.9155355,0 80.1013277,12.9155354,0 80.1013278,12.9157179,0 80.1013049,12.9157178,0 80.1013051,12.9159231,0 80.1012822,12.9159230,0 80.1012823,12.9161055,0 80.1012594,12.9161054,0 80.1012595,12.9163107,0 80.1012366,12.9163106,0 80.1012367,12.9164931,0 80.1012138,12.9164930,0 80.1012139,12.9166755,0 80.1011910,12.9166754,0 80.1011911,12.9168579,0 80.1011682,12.9168579,0 80.1011683,12.9170404,0 80.1011454,12.9170403,0 80.1011455,12.9172228,0 80.1011226,12.9172227,0 80.1011228,12.9174280,0 80.1010999,12.9174279,0 80.1011000,12.9176104,0 80.1010771,12.9176103,0 80.1010772,12.9177928,0 80.1010543,12.9177927,0 80.1010544,12.9179752,0 80.1010315,12.9179751,0 80.1010316,12.9181576,0 80.1010087,12.9181575,0 80.1010088,12.9183400,0 80.1009859,12.9183399,0 80.1009861,12.9186821,0 80.1010320,12.9187735,0 80.1010320,12.9188876,0 80.1010550,12.9189333,0 80.1011236,12.9189336,0 80.1013069,12.9190484,0 80.1014443,12.9190490,0 80.1014443,12.9190718,0 80.1016732,12.9190727,0 80.1016732,12.9190956,0 80.1020167,12.9190970,0 80.1020167,12.9191198,0 80.1023372,12.9191211,0 80.1023373,12.9191439,0 80.1026578,12.9191452,0 80.1026578,12.9191681,0 80.1030013,12.9191695,0 80.1030013,12.9191923,0 80.1032989,12.9191935,0 80.1033905,12.9192395,0 80.1035279,12.9192401,0 80.1036195,12.9192633,0 80.1036653,12.9193091,0 80.1037798,12.9193324,0 80.1038257,12.9194010,0 80.1038716,12.9196065,0 80.1039174,12.9196523,0 80.1039862,12.9199264,0 80.1040320,12.9199494,0 80.1040550,12.9200635,0 80.1041237,12.9201322,0 80.1041924,12.9201553,0 80.1043069,12.9201558,0 80.1043756,12.9202017,0 80.1044901,12.9202022,0 80.1044901,12.9202250,0 80.1046046,12.9202255,0 80.1046046,12.9202483,0 80.1047649,12.9202489,0 80.1048336,12.9202720,0 80.1048795,12.9203863,0 80.1049253,12.9204093,0 80.1049482,12.9205006,0 80.1049940,12.9205236,0 80.1050628,12.9207292,0 80.1051086,12.9207522,0 80.1051316,12.9208436,0 80.1051774,12.9208666,0 80.1052003,12.9209579,0 80.1052691,12.9210266,0 80.1054064,12.9210272,0 80.1054065,12.9210500,0 80.1055209,12.9210505,0 80.1055209,12.9210733,0 80.1057499,12.9210743,0 80.1057499,12.9210971,0 80.1060018,12.9210981,0 80.1060018,12.9211209,0 80.1061163,12.9211214,0 80.1062537,12.9211904,0 80.1062766,12.9212817,0 80.1063224,12.9213047,0 80.1063684,12.9215331,0 80.1063913,12.9215332,0 80.1063915,12.9218753,0 80.1063686,12.9218752,0 80.1063688,12.9222859,0 80.1063459,12.9222858,0 80.1063462,12.9226964,0 80.1063233,12.9226963,0 80.1063235,12.9230841,0 80.1063006,12.9230840,0 80.1063008,12.9234946,0 80.1062779,12.9234946,0 80.1062782,12.9238824,0 80.1062553,12.9238823,0 80.1062554,12.9240876,0 80.1062325,12.9240875,0 80.1062326,12.9242015,0 80.1062097,12.9242015,0 80.1062099,12.9245436,0 80.1061870,12.9245435,0 80.1061871,12.9247260,0 80.1062100,12.9247261,0 80.1062101,12.9249086,0 80.1062330,12.9249087,0 80.1062332,12.9252509,0 80.1062561,12.9252510,0 80.1062561,12.9253879,0</coordinates></LinearRing></outerBoundaryIs></Polygon></MultiGeometry></Placemark>
<Placemark><name>54</name><ExtendedData><SchemaData schemaUrl="#tambaram_wards"><SimpleData name="id_2">TMB_54</SimpleData><SimpleData name="name">54</SimpleData><SimpleData name="zone">4</SimpleData></SchemaData></ExtendedData><MultiGeometry><Polygon><outerBoundaryIs><LinearRing><coordinates>80.0937069,12.9216176,0 80.0937756,12.9216407,0 80.0939588,12.9216643,0 80.0940046,12.9217101,0 80.0941191,12.9217106,0 80.0941878,12.9217565,0 80.0942794,12.9217569,0 80.0943481,12.9218028,0 80.0944397,12.9218032,0 80.0945771,12.9218722,0 80.0946687,12.9218725,0 80.0947374,12.9219185,0 80.0948290,12.9219188,0 80.0949664,12.9219878,0 80.0950580,12.9219882,0 80.0951267,12.9220341,0 80.0954931,12.9221497,0 80.0955160,12.9221954,0 80.0957908,12.9223106,0 80.0958138,12.9223563,0 80.0960886,12.9224715,0 80.0961115,12.9225173,0 80.0963405,12.9226095,0 80.0963634,12.9226552,0 80.0965008,12.9227014,0 80.0965925,12.9227930,0 80.0966841,12.9228162,0 80.0978752,12.9236423,0 80.0979668,12.9236655,0 80.0983333,12.9239408,0 80.0984249,12.9239640,0 80.0984478,12.9240097,0 80.0985394,12.9240329,0 80.0987455,12.9241706,0 80.0988142,12.9241709,0 80.0988600,12.9242167,0 80.0989287,12.9242170,0 80.0989745,12.9242628,0 80.0990432,12.9242631,0 80.0990890,12.9243089,0 80.0991577,12.9243092,0 80.0992494,12.9243780,0 80.0993180,12.9243783,0 80.0993639,12.9244241,0 80.0994326,12.9244244,0 80.0994784,12.9244702,0 80.0995471,12.9244705,0 80.0995929,12.9245163,0 80.0996616,12.9245166,0 80.0997074,12.9245624,0 80.0997761,12.9245627,0 80.0998219,12.9246085,0 80.0999822,12.9246548,0 80.1000051,12.9247005,0 80.1001883,12.9247925,0 80.1004174,12.9250444,0 80.1003946,12.9251127,0 80.1003718,12.9252952,0 80.1003260,12.9253406,0 80.1003032,12.9254317,0 80.1003033,12.9256599,0 80.1003262,12.9256600,0 80.1003034,12.9258196,0 80.1002347,12.9258421,0 80.1002349,12.9261843,0 80.1002120,12.9261842,0 80.1002122,12.9263895,0 80.1001893,12.9263894,0 80.1001894,12.9265719,0 80.1001665,12.9265718,0 80.1001667,12.9269824,0 80.1001896,12.9269825,0 80.1001897,12.9271194,0 80.1002355,12.9271880,0 80.1003273,12.9275306,0 80.1003731,12.9275536,0 80.1003961,12.9276449,0 80.1004419,12.9277136,0 80.1005335,12.9277824,0 80.1005336,12.9278280,0 80.1006023,12.9278739,0 80.1006023,12.9279195,0 80.1006939,12.9279883,0 80.1007398,12.9280570,0 80.1006025,12.9282161,0 80.1005567,12.9282387,0 80.1002363,12.9285340,0 80.1002363,12.9285796,0 80.1001677,12.9286249,0 80.1001677,12.9286705,0 80.1000762,12.9287614,0 80.1000533,12.9288526,0 80.1000076,12.9288752,0 80.1000076,12.9289436,0 80.0999161,12.9290801,0 80.0999161,12.9291714,0 80.0998704,12.9292168,0 80.0998475,12.9293080,0 80.0998477,12.9295133,0 80.0998248,12.9295132,0 80.0998249,12.9296957,0 80.0998020,12.9296956,0 80.0998021,12.9299009,0 80.0997792,12.9299008,0 80.0997793,12.9301061,0 80.0997564,12.9301060,0 80.0997565,12.9302885,0 80.0997336,12.9302884,0 80.0997337,12.9304937,0 80.0997109,12.9304936,0 80.0997110,12.9306761,0 80.0996881,12.9306761,0 80.0996882,12.9308814,0 80.0996653,12.9308813,0 80.0996654,12.9310866,0 80.0996425,12.9310865,0 80.0996426,12.9312690,0 80.0996197,12.9312689,0 80.0996198,12.9314742,0 80.0995969,12.9314741,0 80.0995971,12.9316794,0 80.0995742,12.9316793,0 80.0995743,12.9318618,0 80.0995514,12.9318617,0 80.0995515,12.9320670,0 80.0995286,12.9320670,0 80.0995287,12.9322495,0 80.0995058,12.9322494,0 80.0995059,12.9324547,0 80.0994830,12.9324546,0 80.0994832,12.9326599,0 80.0994603,12.9326598,0 80.0994604,12.9328423,0 80.0994375,12.9328422,0 80.0994376,12.9330475,0 80.0994147,12.9330474,0 80.0994148,12.9332299,0 80.0993919,12.9332298,0 80.0993920,12.9334351,0 80.0993691,12.9334350,0 80.0993695,12.9340053,0 80.0993466,12.9340053,0 80.0993468,12.9344615,0 80.0993239,12.9344614,0 80.0992555,12.9348033,0 80.0991868,12.9348258,0 80.0989350,12.9349845,0 80.0987748,12.9350066,0 80.0985916,12.9350743,0 80.0984771,12.9350738,0 80.0982940,12.9351415,0 80.0981795,12.9351411,0 80.0979964,12.9352087,0 80.0978819,12.9352083,0 80.0977904,12.9352535,0 80.0976759,12.9352530,0 80.0974928,12.9353207,0 80.0973783,12.9353202,0 80.0971951,12.9353879,0 80.0970807,12.9353875,0 80.0968975,12.9354551,0 80.0967831,12.9354547,0 80.0966915,12.9354999,0 80.0965770,12.9354994,0 80.0963939,12.9355671,0 80.0962794,12.9355666,0 80.0960963,12.9356343,0 80.0959818,12.9356339,0 80.0957987,12.9357015,0 80.0956842,12.9357011,0 80.0955926,12.9357463,0 80.0954782,12.9357458,0 80.0952950,12.9358135,0 80.0951805,12.9358130,0 80.0949974,12.9358807,0 80.0948371,12.9358801,0 80.0948372,12.9359029,0 80.0946769,12.9359022,0 80.0946769,12.9359250,0 80.0945624,12.9359702,0 80.0944479,12.9359013,0 80.0944479,12.9358556,0 80.0943563,12.9357868,0 80.0943104,12.9357182,0 80.0942875,12.9356269,0 80.0942417,12.9356039,0 80.0941499,12.9353069,0 80.0941041,12.9352611,0 80.0940811,12.9351241,0 80.0940353,12.9350783,0 80.0939894,12.9348728,0 80.0939436,12.9348270,0 80.0938747,12.9345302,0 80.0937371,12.9341874,0 80.0937371,12.9340961,0 80.0935307,12.9335478,0 80.0935306,12.9334565,0 80.0932555,12.9327026,0 80.0932554,12.9326114,0 80.0931408,12.9323371,0 80.0931407,12.9322459,0 80.0930949,12.9321773,0 80.0930948,12.9321088,0 80.0930490,12.9320630,0 80.0929572,12.9317204,0 80.0929114,12.9316746,0 80.0929114,12.9315834,0 80.0928655,12.9315376,0 80.0928426,12.9314006,0 80.0927967,12.9313548,0 80.0927738,12.9311950,0 80.0927279,12.9311492,0 80.0925673,12.9306010,0 80.0925215,12.9305552,0 80.0923839,12.9300528,0 80.0923151,12.9299156,0 80.0922921,12.9298243,0 80.0922917,12.9290486,0 80.0923146,12.9290487,0 80.0923143,12.9285012,0 80.0923372,12.9285013,0 80.0923369,12.9279995,0 80.0923598,12.9279995,0 80.0923595,12.9275205,0 80.0923824,12.9275206,0 80.0923821,12.9270415,0 80.0924050,12.9270416,0 80.0924046,12.9263801,0 80.0924275,12.9263801,0 80.0924272,12.9259467,0 80.0924501,12.9259468,0 80.0924500,12.9257415,0 80.0925643,12.9253770,0 80.0925642,12.9252857,0 80.0926100,12.9252175,0 80.0926556,12.9249439,0 80.0927014,12.9248757,0 80.0927698,12.9245109,0 80.0928156,12.9244427,0 80.0928612,12.9241691,0 80.0929070,12.9241009,0 80.0929526,12.9238273,0 80.0929984,12.9237591,0 80.0930897,12.9233032,0 80.0931354,12.9232350,0 80.0932039,12.9228702,0 80.0932497,12.9228020,0 80.0932953,12.9225284,0 80.0933410,12.9224602,0 80.0933867,12.9221866,0 80.0934324,12.9221184,0 80.0934324,12.9220271,0 80.0934781,12.9219361,0 80.0935239,12.9219134,0 80.0935467,12.9218223,0 80.0936383,12.9217542,0 80.0937069,12.9216176,0</coordinates></LinearRing></outerBoundaryIs></Polygon></MultiGeometry></Placemark>
<Placemark><name>55</name><ExtendedData><SchemaData schemaUrl="#tambaram_wards"><SimpleData name="id_2">TMB_55</SimpleData><SimpleData name="name">55</SimpleData><SimpleData name="zone">4</SimpleData></SchemaData></ExtendedData><MultiGeometry><Polygon><outerBoundaryIs><LinearRing><coordinates>80.0835895,12.9261383,0 80.0837955,12.9261392,0 80.0840016,12.9260488,0 80.0841389,12.9260494,0 80.0841847,12.9260039,0 80.0842534,12.9260042,0 80.0842991,12.9259588,0 80.0844365,12.9259365,0 80.0844823,12.9258911,0 80.0846196,12.9258688,0 80.0846425,12.9258233,0 80.0847341,12.9258009,0 80.0847569,12.9257553,0 80.0849859,12.9256650,0 80.0850545,12.9256197,0 80.0853977,12.9252561,0 80.0854435,12.9252563,0 80.0855122,12.9251653,0 80.0855580,12.9251655,0 80.0856037,12.9250973,0 80.0856495,12.9250975,0 80.0857181,12.9250065,0 80.0857639,12.9250067,0 80.0858097,12.9249384,0 80.0858555,12.9249386,0 80.0859012,12.9248704,0 80.0859470,12.9248706,0 80.0859928,12.9248023,0 80.0861072,12.9247572,0 80.0861530,12.9246889,0 80.0861988,12.9246891,0 80.0862445,12.9246209,0 80.0862903,12.9246211,0 80.0863361,12.9245528,0 80.0864505,12.9245077,0 80.0864963,12.9244394,0 80.0865421,12.9244396,0 80.0865878,12.9243714,0 80.0866336,12.9243715,0 80.0866794,12.9243033,0 80.0867252,12.9243035,0 80.0867938,12.9242125,0 80.0868396,12.9242127,0 80.0870226,12.9240081,0 80.0870455,12.9239626,0 80.0874116,12.9236219,0 80.0874116,12.9235763,0 80.0875718,12.9234401,0 80.0875718,12.9233945,0 80.0877320,12.9232583,0 80.0877320,12.9232126,0 80.0878693,12.9230991,0 80.0878692,12.9230535,0 80.0883040,12.9226447,0 80.0883498,12.9226449,0 80.0883956,12.9225766,0 80.0884414,12.9225768,0 80.0884871,12.9225086,0 80.0885329,12.9225088,0 80.0886015,12.9224178,0 80.0886473,12.9224180,0 80.0887617,12.9222816,0 80.0888533,12.9222363,0 80.0888533,12.9221907,0 80.0889219,12.9221454,0 80.0889676,12.9220087,0 80.0890134,12.9219861,0 80.0890591,12.9218494,0 80.0891049,12.9218268,0 80.0891735,12.9216445,0 80.0892193,12.9216219,0 80.0892421,12.9215308,0 80.0892879,12.9215081,0 80.0893107,12.9214170,0 80.0893565,12.9213487,0 80.0902718,12.9204628,0 80.0902718,12.9204172,0 80.0906608,12.9200538,0 80.0906836,12.9199627,0 80.0907523,12.9198945,0 80.0907521,12.9195751,0 80.0907292,12.9195750,0 80.0907291,12.9194610,0 80.0906833,12.9193924,0 80.0906833,12.9193239,0 80.0906375,12.9192781,0 80.0906374,12.9192097,0 80.0905916,12.9191638,0 80.0905916,12.9190954,0 80.0905457,12.9190496,0 80.0905457,12.9189812,0 80.0904999,12.9189353,0 80.0904998,12.9188669,0 80.0904540,12.9188211,0 80.0904540,12.9187527,0 80.0903852,12.9186611,0 80.0903852,12.9185927,0 80.0903394,12.9185469,0 80.0903164,12.9184099,0 80.0902476,12.9182956,0 80.0902247,12.9182042,0 80.0902246,12.9180901,0 80.0901558,12.9179074,0 80.0901558,12.9177933,0 80.0901329,12.9177932,0 80.0901328,12.9176791,0 80.0901099,12.9176791,0 80.0901098,12.9175650,0 80.0900640,12.9174736,0 80.0900639,12.9173595,0 80.0900410,12.9173594,0 80.0900410,12.9172453,0 80.0900181,12.9172452,0 80.0900180,12.9171312,0 80.0899951,12.9171311,0 80.0899950,12.9170170,0 80.0899721,12.9170169,0 80.0899721,12.9169029,0 80.0899492,12.9169028,0 80.0899491,12.9167887,0 80.0899033,12.9166973,0 80.0899032,12.9165832,0 80.0898803,12.9165831,0 80.0898802,12.9164690,0 80.0898573,12.9164690,0 80.0898573,12.9163549,0 80.0898114,12.9162635,0 80.0898114,12.9161494,0 80.0897885,12.9161493,0 80.0897884,12.9160352,0 80.0897426,12.9159438,0 80.0897425,12.9158297,0 80.0897196,12.9158296,0 80.0897195,12.9157156,0 80.0896966,12.9157155,0 80.0896966,12.9156014,0 80.0896507,12.9155100,0 80.0896506,12.9153959,0 80.0896278,12.9153958,0 80.0896277,12.9152818,0 80.0896048,12.9152817,0 80.0896047,12.9151676,0 80.0895589,12.9150762,0 80.0895588,12.9149621,0 80.0895359,12.9149620,0 80.0895358,12.9148479,0 80.0895130,12.9148478,0 80.0895128,12.9146653,0 80.0894899,12.9146653,0 80.0894898,12.9144143,0 80.0894669,12.9144142,0 80.0894668,12.9143002,0 80.0895126,12.9142547,0 80.0895126,12.9141863,0 80.0895583,12.9141637,0 80.0895583,12.9140952,0 80.0896498,12.9140044,0 80.0896727,12.9139132,0 80.0897184,12.9138450,0 80.0897871,12.9137996,0 80.0898328,12.9136857,0 80.0899015,12.9136404,0 80.0899243,12.9135492,0 80.0900159,12.9134584,0 80.0900845,12.9133218,0 80.0900844,12.9131849,0 80.0901073,12.9131850,0 80.0901072,12.9130709,0 80.0901301,12.9130710,0 80.0901300,12.9129570,0 80.0901529,12.9129571,0 80.0901528,12.9127518,0 80.0901757,12.9127518,0 80.0901756,12.9125465,0 80.0901985,12.9125466,0 80.0901984,12.9123185,0 80.0902213,12.9123186,0 80.0902211,12.9121133,0 80.0902440,12.9121134,0 80.0902439,12.9118396,0 80.0902668,12.9118397,0 80.0902666,12.9116116,0 80.0902895,12.9116117,0 80.0902894,12.9113379,0 80.0903123,12.9113380,0 80.0903120,12.9108590,0 80.0902891,12.9108589,0 80.0902890,12.9107448,0 80.0902431,12.9106078,0 80.0903576,12.9105398,0 80.0904262,12.9104488,0 80.0904720,12.9104490,0 80.0906093,12.9102899,0 80.0906551,12.9102901,0 80.0907008,12.9102218,0 80.0907466,12.9102220,0 80.0907924,12.9101538,0 80.0908382,12.9101540,0 80.0908839,12.9100857,0 80.0909297,12.9100859,0 80.0909755,12.9100177,0 80.0910213,12.9100178,0 80.0910670,12.9099496,0 80.0911128,12.9099498,0 80.0911586,12.9098815,0 80.0912044,12.9098817,0 80.0912501,12.9098135,0 80.0912959,12.9098137,0 80.0914103,12.9096773,0 80.0914561,12.9096775,0 80.0915247,12.9095865,0 80.0915934,12.9095412,0 80.0917307,12.9094961,0 80.0917307,12.9094733,0 80.0920513,12.9094746,0 80.0920513,12.9094974,0 80.0922116,12.9094981,0 80.0922345,12.9095210,0 80.0922574,12.9095439,0 80.0922574,12.9096580,0 80.0922803,12.9096581,0 80.0922804,12.9097721,0 80.0923033,12.9097722,0 80.0923034,12.9100003,0 80.0922577,12.9100914,0 80.0922578,12.9102055,0 80.0922349,12.9102054,0 80.0922351,12.9105932,0 80.0922580,12.9105933,0 80.0922582,12.9108670,0 80.0922810,12.9108671,0 80.0922811,12.9110268,0 80.0923040,12.9110269,0 80.0923041,12.9112094,0 80.0923270,12.9112095,0 80.0923271,12.9113692,0 80.0923500,12.9113693,0 80.0923501,12.9115290,0 80.0923730,12.9115291,0 80.0923731,12.9116887,0 80.0923960,12.9116888,0 80.0923961,12.9118485,0 80.0924190,12.9118486,0 80.0924191,12.9120311,0 80.0924420,12.9120312,0 80.0924421,12.9121909,0 80.0924650,12.9121910,0 80.0924651,12.9123507,0 80.0924880,12.9123508,0 80.0924881,12.9125105,0 80.0925339,12.9126019,0 80.0925340,12.9127388,0 80.0926028,12.9128759,0 80.0926028,12.9129672,0 80.0927633,12.9133785,0 80.0927634,12.9134469,0 80.0928092,12.9134927,0 80.0929239,12.9139038,0 80.0929697,12.9139496,0 80.0930615,12.9142922,0 80.0931073,12.9143380,0 80.0932450,12.9148176,0 80.0932908,12.9148635,0 80.0934285,12.9153431,0 80.0934743,12.9153889,0 80.0936349,12.9159371,0 80.0936807,12.9159829,0 80.0937495,12.9162569,0 80.0937954,12.9163712,0 80.0938641,12.9164399,0 80.0938871,12.9165084,0 80.0938871,12.9166225,0 80.0939100,12.9166226,0 80.0939101,12.9167366,0 80.0939789,12.9169194,0 80.0939790,12.9170563,0 80.0940019,12.9171476,0 80.0940477,12.9171934,0 80.0940478,12.9172847,0 80.0941166,12.9174219,0 80.0941395,12.9175132,0 80.0941397,12.9178554,0 80.0941168,12.9178553,0 80.0941169,12.9180378,0 80.0940940,12.9180377,0 80.0940941,12.9182202,0 80.0940712,12.9182201,0 80.0940714,12.9184938,0 80.0940485,12.9184938,0 80.0940487,12.9187903,0 80.0940716,12.9187904,0 80.0940717,12.9189729,0 80.0941175,12.9190415,0 80.0941405,12.9192241,0 80.0942093,12.9193385,0 80.0942093,12.9194069,0 80.0941407,12.9194751,0 80.0941407,12.9195207,0 80.0940720,12.9195660,0 80.0940721,12.9196117,0 80.0939577,12.9197709,0 80.0939577,12.9198621,0 80.0939120,12.9199532,0 80.0939120,12.9200672,0 80.0938435,12.9202495,0 80.0938435,12.9203635,0 80.0937750,12.9205457,0 80.0937750,12.9206598,0 80.0937064,12.9208420,0 80.0937065,12.9209561,0 80.0936836,12.9209560,0 80.0936839,12.9214807,0 80.0937068,12.9214808,0 80.0937069,12.9216176,0 80.0936383,12.9217542,0 80.0935467,12.9218223,0 80.0935239,12.9219134,0 80.0934781,12.9219361,0 80.0934324,12.9220271,0 80.0934324,12.9221184,0 80.0933867,12.9221866,0 80.0933410,12.9224602,0 80.0932953,12.9225284,0 80.0932497,12.9228020,0 80.0932039,12.9228702,0 80.0931354,12.9232350,0 80.0930897,12.9233032,0 80.0929984,12.9237591,0 80.0929526,12.9238273,0 80.0929070,12.9241009,0 80.0928612,12.9241691,0 80.0928156,12.9244427,0 80.0927698,12.9245109,0 80.0927014,12.9248757,0 80.0926556,12.9249439,0 80.0926100,12.9252175,0 80.0925642,12.9252857,0 80.0925643,12.9253770,0 80.0924500,12.9257415,0 80.0924501,12.9259468,0 80.0924272,12.9259467,0 80.0924275,12.9263801,0 80.0924046,12.9263801,0 80.0924050,12.9270416,0 80.0923821,12.9270415,0 80.0923824,12.9275206,0 80.0923595,12.9275205,0 80.0923598,12.9279995,0 80.0923369,12.9279995,0 80.0923372,12.9285013,0 80.0923143,12.9285012,0 80.0923146,12.9290487,0 80.0922917,12.9290486,0 80.0922921,12.9298243,0 80.0923151,12.9299156,0 80.0923839,12.9300528,0 80.0925215,12.9305552,0 80.0925673,12.9306010,0 80.0927279,12.9311492,0 80.0927738,12.9311950,0 80.0927967,12.9313548,0 80.0928426,12.9314006,0 80.0928655,12.9315376,0 80.0929114,12.9315834,0 80.0929114,12.9316746,0 80.0929572,12.9317204,0 80.0930490,12.9320630,0 80.0930948,12.9321088,0 80.0930949,12.9321773,0 80.0931407,12.9322459,0 80.0931408,12.9323371,0 80.0932554,12.9326114,0 80.0932555,12.9327026,0 80.0935306,12.9334565,0 80.0935307,12.9335478,0 80.0937371,12.9340961,0 80.0937371,12.9341874,0 80.0938747,12.9345302,0 80.0939436,12.9348270,0 80.0939894,12.9348728,0 80.0940353,12.9350783,0 80.0940811,12.9351241,0 80.0941041,12.9352611,0 80.0941499,12.9353069,0 80.0942417,12.9356039,0 80.0942875,12.9356269,0 80.0943104,12.9357182,0 80.0943563,12.9357868,0 80.0944479,12.9358556,0 80.0944479,12.9359013,0 80.0945624,12.9359702,0 80.0946083,12.9360616,0 80.0946086,12.9365635,0 80.0946773,12.9367006,0 80.0946774,12.9367919,0 80.0947462,12.9369062,0 80.0947462,12.9369747,0 80.0947920,12.9369977,0 80.0948608,12.9371805,0 80.0949066,12.9372035,0 80.0949525,12.9373405,0 80.0949983,12.9373635,0 80.0950212,12.9374321,0 80.0951589,12.9379573,0 80.0952047,12.9379803,0 80.0952964,12.9382088,0 80.0953422,12.9382318,0 80.0955027,12.9385975,0 80.0955485,12.9386205,0 80.0955486,12.9386889,0 80.0955944,12.9387119,0 80.0956173,12.9388261,0 80.0956631,12.9388491,0 80.0957090,12.9389861,0 80.0957548,12.9390548,0 80.0958465,12.9391236,0 80.0958465,12.9391692,0 80.0959610,12.9392609,0 80.0959611,12.9393066,0 80.0960527,12.9393754,0 80.0960527,12.9394210,0 80.0961672,12.9395127,0 80.0961673,12.9395583,0 80.0962360,12.9396043,0 80.0962360,12.9396727,0 80.0962818,12.9396957,0 80.0962819,12.9397641,0 80.0963506,12.9398557,0 80.0963506,12.9399241,0 80.0963965,12.9399471,0 80.0963965,12.9400155,0 80.0964423,12.9400614,0 80.0964653,12.9402211,0 80.0965570,12.9404268,0 80.0965571,12.9405181,0 80.0966029,12.9405867,0 80.0966029,12.9406780,0 80.0966488,12.9407466,0 80.0966947,12.9409749,0 80.0967634,12.9410436,0 80.0968322,12.9412264,0 80.0969009,12.9412723,0 80.0969010,12.9413179,0 80.0969926,12.9413868,0 80.0970155,12.9414781,0 80.0970613,12.9415011,0 80.0970843,12.9415924,0 80.0971301,12.9416154,0 80.0971760,12.9417525,0 80.0972447,12.9418212,0 80.0972448,12.9419125,0 80.0973135,12.9420268,0 80.0974053,12.9423694,0 80.0974511,12.9424152,0 80.0974512,12.9425293,0 80.0974970,12.9426207,0 80.0974974,12.9433051,0 80.0975203,12.9433052,0 80.0975433,12.9434878,0 80.0975891,12.9435336,0 80.0976350,12.9437163,0 80.0978871,12.9439911,0 80.0979558,12.9440370,0 80.0980932,12.9440832,0 80.0982993,12.9442209,0 80.0983452,12.9443351,0 80.0983453,12.9444492,0 80.0983681,12.9444493,0 80.0983682,12.9445634,0 80.0984599,12.9447006,0 80.0984599,12.9447690,0 80.0985973,12.9448609,0 80.0985974,12.9449065,0 80.0986661,12.9449524,0 80.0986661,12.9449980,0 80.0987348,12.9450439,0 80.0987349,12.9450896,0 80.0988036,12.9451355,0 80.0988036,12.9451811,0 80.0988723,12.9452270,0 80.0988723,12.9452726,0 80.0989411,12.9453185,0 80.0989411,12.9454098,0 80.0992390,12.9458673,0 80.0992391,12.9459813,0 80.0991933,12.9460496,0 80.0991934,12.9461636,0 80.0991477,12.9462547,0 80.0991019,12.9462773,0 80.0990791,12.9463913,0 80.0989875,12.9464137,0 80.0988501,12.9464132,0 80.0988501,12.9464360,0 80.0987128,12.9464354,0 80.0987128,12.9464582,0 80.0985983,12.9464577,0 80.0985983,12.9464805,0 80.0984609,12.9464800,0 80.0984609,12.9465028,0 80.0983236,12.9465022,0 80.0983236,12.9465250,0 80.0981862,12.9465245,0 80.0981862,12.9465473,0 80.0980488,12.9465467,0 80.0980488,12.9465695,0 80.0979344,12.9465691,0 80.0979344,12.9465919,0 80.0977970,12.9465913,0 80.0977970,12.9466141,0 80.0976596,12.9466135,0 80.0976596,12.9466364,0 80.0975223,12.9466358,0 80.0975223,12.9466586,0 80.0973849,12.9466580,0 80.0973849,12.9466808,0 80.0972704,12.9466804,0 80.0972705,12.9467032,0 80.0971331,12.9467026,0 80.0971331,12.9467254,0 80.0969957,12.9467249,0 80.0969957,12.9467477,0 80.0968355,12.9467470,0 80.0968355,12.9467698,0 80.0966981,12.9467693,0 80.0966981,12.9467921,0 80.0965378,12.9467914,0 80.0965378,12.9468142,0 80.0963776,12.9468136,0 80.0963776,12.9468364,0 80.0962173,12.9468357,0 80.0962173,12.9468585,0 80.0959884,12.9468576,0 80.0959884,12.9468804,0 80.0957823,12.9468795,0 80.0957823,12.9469024,0 80.0955534,12.9469014,0 80.0955534,12.9469242,0 80.0954160,12.9469237,0 80.0954160,12.9469465,0 80.0953015,12.9469460,0 80.0953015,12.9469688,0 80.0951871,12.9469683,0 80.0951871,12.9469911,0 80.0950726,12.9469907,0 80.0950726,12.9470135,0 80.0949581,12.9470130,0 80.0948666,12.9470583,0 80.0947521,12.9470578,0 80.0947521,12.9470806,0 80.0946376,12.9470801,0 80.0946376,12.9471029,0 80.0945232,12.9471025,0 80.0945232,12.9471253,0 80.0944087,12.9471248,0 80.0944087,12.9471476,0 80.0942484,12.9471470,0 80.0942027,12.9471924,0 80.0940653,12.9472146,0 80.0939280,12.9473053,0 80.0938593,12.9473050,0 80.0937220,12.9473957,0 80.0936304,12.9473953,0 80.0936075,12.9474409,0 80.0934015,12.9475085,0 80.0932642,12.9475991,0 80.0931955,12.9475989,0 80.0930582,12.9476895,0 80.0929895,12.9477121,0 80.0928521,12.9477115,0 80.0928521,12.9477343,0 80.0926689,12.9477336,0 80.0926690,12.9477564,0 80.0924858,12.9477556,0 80.0924858,12.9477784,0 80.0923026,12.9477777,0 80.0923027,12.9478005,0 80.0919134,12.9477989,0 80.0919134,12.9477761,0 80.0914097,12.9477740,0 80.0914097,12.9477512,0 80.0912265,12.9477504,0 80.0911807,12.9477274,0 80.0910890,12.9475445,0 80.0910432,12.9475443,0 80.0910203,12.9474530,0 80.0909745,12.9474300,0 80.0909515,12.9473387,0 80.0908370,12.9472013,0 80.0908369,12.9471329,0 80.0907911,12.9471327,0 80.0907682,12.9470185,0 80.0907224,12.9470183,0 80.0906994,12.9469270,0 80.0906078,12.9468354,0 80.0905848,12.9467440,0 80.0905161,12.9466753,0 80.0905161,12.9466069,0 80.0904703,12.9466067,0 80.0904473,12.9465153,0 80.0903328,12.9463780,0 80.0903327,12.9463095,0 80.0902640,12.9462180,0 80.0902639,12.9461496,0 80.0901952,12.9460580,0 80.0901952,12.9459896,0 80.0901264,12.9458981,0 80.0901264,12.9458296,0 80.0900576,12.9457381,0 80.0900576,12.9456697,0 80.0900118,12.9456238,0 80.0900117,12.9455326,0 80.0899659,12.9455096,0 80.0898283,12.9451896,0 80.0898054,12.9450983,0 80.0897596,12.9450753,0 80.0895074,12.9445268,0 80.0894845,12.9444354,0 80.0894157,12.9443667,0 80.0891406,12.9437724,0 80.0891177,12.9436811,0 80.0890490,12.9436124,0 80.0887739,12.9430181,0 80.0887509,12.9429268,0 80.0886822,12.9428809,0 80.0886363,12.9427210,0 80.0885905,12.9427208,0 80.0885217,12.9425380,0 80.0884759,12.9425150,0 80.0884300,12.9423551,0 80.0883842,12.9423549,0 80.0883154,12.9421722,0 80.0882696,12.9421492,0 80.0882238,12.9420121,0 80.0881780,12.9419891,0 80.0880633,12.9416921,0 80.0880175,12.9416919,0 80.0879029,12.9413948,0 80.0878571,12.9413718,0 80.0878111,12.9411435,0 80.0877653,12.9410749,0 80.0877652,12.9409836,0 80.0877194,12.9409150,0 80.0877194,12.9408238,0 80.0876735,12.9407551,0 80.0876735,12.9406639,0 80.0876276,12.9405953,0 80.0875817,12.9403213,0 80.0875588,12.9403212,0 80.0875587,12.9401844,0 80.0875129,12.9401385,0 80.0875128,12.9400473,0 80.0874670,12.9399787,0 80.0874670,12.9398874,0 80.0873752,12.9396817,0 80.0873752,12.9396133,0 80.0873065,12.9394989,0 80.0873064,12.9393849,0 80.0872606,12.9393619,0 80.0871917,12.9390650,0 80.0871459,12.9390192,0 80.0871458,12.9388823,0 80.0871000,12.9388593,0 80.0871000,12.9387681,0 80.0870541,12.9386995,0 80.0870541,12.9385854,0 80.0870083,12.9385624,0 80.0869853,12.9384026,0 80.0869394,12.9383340,0 80.0869394,12.9382199,0 80.0868936,12.9381969,0 80.0868706,12.9381056,0 80.0868705,12.9379915,0 80.0868247,12.9379685,0 80.0868247,12.9378316,0 80.0867789,12.9378086,0 80.0867788,12.9376718,0 80.0867330,12.9376488,0 80.0867329,12.9375575,0 80.0866871,12.9374889,0 80.0866641,12.9373975,0 80.0866641,12.9372835,0 80.0866183,12.9372605,0 80.0866182,12.9371692,0 80.0865494,12.9370321,0 80.0865494,12.9369180,0 80.0865036,12.9368950,0 80.0864806,12.9367352,0 80.0864347,12.9366666,0 80.0864347,12.9365525,0 80.0863889,12.9365295,0 80.0863659,12.9364610,0 80.0863659,12.9363241,0 80.0863201,12.9363011,0 80.0863200,12.9362099,0 80.0862742,12.9361413,0 80.0862741,12.9360500,0 80.0862054,12.9359585,0 80.0862053,12.9358900,0 80.0861366,12.9357985,0 80.0861365,12.9357073,0 80.0860907,12.9356843,0 80.0860449,12.9355928,0 80.0860448,12.9355016,0 80.0859990,12.9354786,0 80.0859531,12.9353187,0 80.0858844,12.9352272,0 80.0858844,12.9351587,0 80.0858156,12.9350672,0 80.0858156,12.9349759,0 80.0857698,12.9349529,0 80.0857239,12.9347931,0 80.0856551,12.9347015,0 80.0856551,12.9346103,0 80.0855863,12.9345415,0 80.0855863,12.9344503,0 80.0855405,12.9344273,0 80.0854946,12.9342674,0 80.0854259,12.9341759,0 80.0854258,12.9340846,0 80.0853800,12.9340616,0 80.0853341,12.9339018,0 80.0852654,12.9338102,0 80.0852653,12.9337418,0 80.0851966,12.9336503,0 80.0851965,12.9335590,0 80.0851507,12.9335360,0 80.0851048,12.9333761,0 80.0850361,12.9332846,0 80.0850361,12.9332162,0 80.0849673,12.9331246,0 80.0849673,12.9330334,0 80.0849215,12.9330104,0 80.0848756,12.9328505,0 80.0848068,12.9327590,0 80.0848068,12.9326905,0 80.0846693,12.9324618,0 80.0846692,12.9323706,0 80.0846234,12.9323476,0 80.0844629,12.9319819,0 80.0844400,12.9319134,0 80.0843942,12.9318904,0 80.0843483,12.9316849,0 80.0843025,12.9316619,0 80.0843024,12.9315934,0 80.0842337,12.9315019,0 80.0842107,12.9313421,0 80.0841649,12.9313191,0 80.0841649,12.9312279,0 80.0840961,12.9311592,0 80.0840961,12.9310907,0 80.0840503,12.9310449,0 80.0840502,12.9309765,0 80.0840044,12.9309307,0 80.0840044,12.9308622,0 80.0839356,12.9307707,0 80.0839126,12.9306109,0 80.0838668,12.9305879,0 80.0838668,12.9304967,0 80.0837980,12.9304279,0 80.0836607,12.9304730,0 80.0835920,12.9305183,0 80.0835690,12.9303585,0 80.0836148,12.9303131,0 80.0835232,12.9303127,0 80.0835232,12.9302671,0 80.0835919,12.9302674,0 80.0836148,12.9302219,0 80.0835003,12.9302442,0 80.0834544,12.9301528,0 80.0834544,12.9300387,0 80.0834772,12.9299247,0 80.0834085,12.9299244,0 80.0833170,12.9300153,0 80.0832940,12.9299240,0 80.0833627,12.9299243,0 80.0833627,12.9298102,0 80.0834771,12.9297194,0 80.0835000,12.9296739,0 80.0833168,12.9296959,0 80.0832939,12.9297415,0 80.0832252,12.9297412,0 80.0832710,12.9296958,0 80.0832938,12.9295818,0 80.0833396,12.9295820,0 80.0833396,12.9295135,0 80.0833854,12.9294681,0 80.0833853,12.9293540,0 80.0833395,12.9293082,0 80.0833394,12.9292398,0 80.0832936,12.9291940,0 80.0832935,12.9289887,0 80.0833164,12.9289888,0 80.0833163,12.9287834,0 80.0833392,12.9287835,0 80.0833391,12.9286010,0 80.0833620,12.9286011,0 80.0833618,12.9284186,0 80.0833847,12.9284187,0 80.0833846,12.9282134,0 80.0834075,12.9282135,0 80.0834074,12.9280538,0 80.0832239,12.9274143,0 80.0832238,12.9273003,0 80.0831550,12.9271175,0 80.0831549,12.9269806,0 80.0831320,12.9269805,0 80.0831320,12.9268664,0 80.0833379,12.9266164,0 80.0833379,12.9265479,0 80.0834294,12.9264570,0 80.0834522,12.9263659,0 80.0834980,12.9262976,0 80.0835666,12.9262523,0 80.0835895,12.9261383,0</coordinates></LinearRing></outerBoundaryIs></Polygon></MultiGeometry></Placemark>
<Placemark><name>56</name><ExtendedData><SchemaData schemaUrl="#tambaram_wards"><SimpleData name="id_2">TMB_56</SimpleData><SimpleData name="name">56</SimpleData><SimpleData name="zone">4</SimpleData></SchemaData></ExtendedData><MultiGeometry><Polygon><outerBoundaryIs><LinearRing><coordinates>80.0835895,12.9261383,0 80.0835894,12.9260243,0 80.0835665,12.9259557,0 80.0834978,12.9259555,0 80.0834748,12.9258869,0 80.0834062,12.9258866,0 80.0833832,12.9258181,0 80.0833145,12.9258178,0 80.0832916,12.9257493,0 80.0832229,12.9257490,0 80.0832000,12.9256805,0 80.0831313,12.9256802,0 80.0831083,12.9256117,0 80.0830397,12.9256114,0 80.0830167,12.9255428,0 80.0829480,12.9255426,0 80.0829251,12.9254740,0 80.0828335,12.9254508,0 80.0827648,12.9253593,0 80.0827190,12.9253591,0 80.0826273,12.9252447,0 80.0825357,12.9252215,0 80.0824899,12.9251529,0 80.0824212,12.9251298,0 80.0824212,12.9250841,0 80.0823525,12.9250839,0 80.0823066,12.9250152,0 80.0821921,12.9249691,0 80.0821463,12.9249005,0 80.0820318,12.9248544,0 80.0820318,12.9248088,0 80.0819631,12.9248085,0 80.0818944,12.9247626,0 80.0818027,12.9246482,0 80.0817340,12.9246479,0 80.0816882,12.9245792,0 80.0815050,12.9244872,0 80.0814133,12.9243728,0 80.0813446,12.9243725,0 80.0812530,12.9242581,0 80.0811843,12.9242578,0 80.0811156,12.9242119,0 80.0810239,12.9240974,0 80.0809552,12.9240972,0 80.0808865,12.9240512,0 80.0807949,12.9239368,0 80.0807262,12.9239365,0 80.0806575,12.9238906,0 80.0805658,12.9237762,0 80.0804971,12.9237759,0 80.0803368,12.9236384,0 80.0801307,12.9236375,0 80.0801306,12.9235006,0 80.0799703,12.9233859,0 80.0798786,12.9232486,0 80.0797641,12.9232026,0 80.0795808,12.9229965,0 80.0795350,12.9229963,0 80.0794434,12.9228590,0 80.0793289,12.9228129,0 80.0792143,12.9226756,0 80.0791227,12.9226296,0 80.0791227,12.9225840,0 80.0790311,12.9225608,0 80.0789165,12.9224234,0 80.0788249,12.9223774,0 80.0788249,12.9223318,0 80.0787333,12.9223086,0 80.0786187,12.9221713,0 80.0785729,12.9221711,0 80.0784354,12.9220108,0 80.0784125,12.9220107,0 80.0784124,12.9218282,0 80.0784353,12.9217827,0 80.0785498,12.9217147,0 80.0786870,12.9215556,0 80.0788015,12.9215105,0 80.0788015,12.9214648,0 80.0789846,12.9213515,0 80.0789845,12.9213059,0 80.0791676,12.9211926,0 80.0792134,12.9210787,0 80.0792820,12.9210334,0 80.0792820,12.9209649,0 80.0794650,12.9206691,0 80.0794650,12.9206235,0 80.0795565,12.9206011,0 80.0796480,12.9203733,0 80.0796938,12.9203735,0 80.0796937,12.9203051,0 80.0798767,12.9199865,0 80.0799225,12.9199410,0 80.0799224,12.9198726,0 80.0802886,12.9195319,0 80.0804488,12.9195098,0 80.0804488,12.9194870,0 80.0805633,12.9194874,0 80.0806549,12.9194422,0 80.0808151,12.9194428,0 80.0808609,12.9194202,0 80.0808837,12.9192834,0 80.0808608,12.9192833,0 80.0808608,12.9191693,0 80.0808379,12.9191692,0 80.0808378,12.9190551,0 80.0808149,12.9190550,0 80.0808148,12.9189182,0 80.0807919,12.9189181,0 80.0807917,12.9184618,0 80.0808146,12.9184619,0 80.0808144,12.9182566,0 80.0807915,12.9182565,0 80.0807914,12.9180968,0 80.0807456,12.9180510,0 80.0807456,12.9179598,0 80.0806769,12.9179367,0 80.0806310,12.9177540,0 80.0806539,12.9177541,0 80.0806537,12.9175031,0 80.0806079,12.9174573,0 80.0805850,12.9173660,0 80.0805849,12.9172291,0 80.0805620,12.9172290,0 80.0805618,12.9170009,0 80.0805390,12.9170008,0 80.0805388,12.9167498,0 80.0805159,12.9167497,0 80.0805157,12.9164304,0 80.0805386,12.9164305,0 80.0805385,12.9162480,0 80.0805614,12.9162481,0 80.0805613,12.9160656,0 80.0805842,12.9160657,0 80.0805841,12.9158832,0 80.0806070,12.9158833,0 80.0806069,12.9157008,0 80.0806298,12.9157008,0 80.0806297,12.9155183,0 80.0806526,12.9155184,0 80.0806525,12.9153359,0 80.0807440,12.9152451,0 80.0807439,12.9150854,0 80.0807896,12.9150171,0 80.0808812,12.9149491,0 80.0810644,12.9149498,0 80.0810643,12.9149270,0 80.0812704,12.9149279,0 80.0812932,12.9148139,0 80.0813161,12.9148140,0 80.0813161,12.9146999,0 80.0813618,12.9145404,0 80.0814533,12.9144952,0 80.0814533,12.9144496,0 80.0816135,12.9144046,0 80.0815906,12.9143589,0 80.0816364,12.9143363,0 80.0816135,12.9142905,0 80.0816593,12.9142679,0 80.0816591,12.9139485,0 80.0816361,12.9138572,0 80.0816590,12.9137889,0 80.0817048,12.9137662,0 80.0816589,12.9136976,0 80.0816588,12.9135379,0 80.0816817,12.9135380,0 80.0816816,12.9134011,0 80.0816129,12.9132640,0 80.0816127,12.9130359,0 80.0815440,12.9130128,0 80.0815211,12.9128758,0 80.0814982,12.9128529,0 80.0815668,12.9128075,0 80.0816355,12.9128078,0 80.0817271,12.9127398,0 80.0818644,12.9127175,0 80.0819102,12.9126721,0 80.0821620,12.9126731,0 80.0828948,12.9128815,0 80.0832841,12.9128831,0 80.0832841,12.9129059,0 80.0836962,12.9129076,0 80.0836962,12.9128848,0 80.0838336,12.9128853,0 80.0838793,12.9128399,0 80.0839480,12.9128402,0 80.0839938,12.9127948,0 80.0841312,12.9127725,0 80.0842914,12.9126591,0 80.0843372,12.9126593,0 80.0844744,12.9125002,0 80.0844744,12.9124546,0 80.0845431,12.9124092,0 80.0845430,12.9123180,0 80.0845888,12.9122725,0 80.0845886,12.9119760,0 80.0846573,12.9119534,0 80.0846802,12.9119079,0 80.0847488,12.9119082,0 80.0847946,12.9118628,0 80.0848862,12.9118631,0 80.0849549,12.9118178,0 80.0850464,12.9117954,0 80.0851609,12.9117958,0 80.0851609,12.9117730,0 80.0852983,12.9117736,0 80.0852983,12.9117508,0 80.0854127,12.9117512,0 80.0855043,12.9117060,0 80.0856188,12.9117065,0 80.0857104,12.9116840,0 80.0857790,12.9116387,0 80.0859622,12.9116166,0 80.0860079,12.9115712,0 80.0863742,12.9114815,0 80.0864200,12.9114360,0 80.0867634,12.9113462,0 80.0868091,12.9113008,0 80.0868778,12.9113010,0 80.0870152,12.9112104,0 80.0870838,12.9112106,0 80.0871754,12.9111426,0 80.0872441,12.9111429,0 80.0873814,12.9110522,0 80.0874501,12.9110525,0 80.0875416,12.9109844,0 80.0876103,12.9109847,0 80.0877476,12.9108940,0 80.0880224,12.9108495,0 80.0880910,12.9108042,0 80.0881826,12.9108046,0 80.0882513,12.9107592,0 80.0883429,12.9107596,0 80.0884115,12.9107143,0 80.0885947,12.9106922,0 80.0886633,12.9106469,0 80.0888465,12.9106248,0 80.0889152,12.9105795,0 80.0891670,12.9105805,0 80.0891670,12.9105577,0 80.0894418,12.9105588,0 80.0894417,12.9105360,0 80.0899912,12.9105383,0 80.0899913,12.9105611,0 80.0901057,12.9105616,0 80.0902431,12.9106078,0 80.0902890,12.9107448,0 80.0902891,12.9108589,0 80.0903120,12.9108590,0 80.0903123,12.9113380,0 80.0902894,12.9113379,0 80.0902895,12.9116117,0 80.0902666,12.9116116,0 80.0902668,12.9118397,0 80.0902439,12.9118396,0 80.0902440,12.9121134,0 80.0902211,12.9121133,0 80.0902213,12.9123186,0 80.0901984,12.9123185,0 80.0901985,12.9125466,0 80.0901756,12.9125465,0 80.0901757,12.9127518,0 80.0901528,12.9127518,0 80.0901529,12.9129571,0 80.0901300,12.9129570,0 80.0901301,12.9130710,0 80.0901072,12.9130709,0 80.0901073,12.9131850,0 80.0900844,12.9131849,0 80.0900845,12.9133218,0 80.0900159,12.9134584,0 80.0899243,12.9135492,0 80.0899015,12.9136404,0 80.0898328,12.9136857,0 80.0897871,12.9137996,0 80.0897184,12.9138450,0 80.0896727,12.9139132,0 80.0896498,12.9140044,0 80.0895583,12.9140952,0 80.0895583,12.9141637,0 80.0895126,12.9141863,0 80.0895126,12.9142547,0 80.0894668,12.9143002,0 80.0894669,12.9144142,0 80.0894898,12.9144143,0 80.0894899,12.9146653,0 80.0895128,12.9146653,0 80.0895130,12.9148478,0 80.0895358,12.9148479,0 80.0895359,12.9149620,0 80.0895588,12.9149621,0 80.0895589,12.9150762,0 80.0896047,12.9151676,0 80.0896048,12.9152817,0 80.0896277,12.9152818,0 80.0896278,12.9153958,0 80.0896506,12.9153959,0 80.0896507,12.9155100,0 80.0896966,12.9156014,0 80.0896966,12.9157155,0 80.0897195,12.9157156,0 80.0897196,12.9158296,0 80.0897425,12.9158297,0 80.0897426,12.9159438,0 80.0897884,12.9160352,0 80.0897885,12.9161493,0 80.0898114,12.9161494,0 80.0898114,12.9162635,0 80.0898573,12.9163549,0 80.0898573,12.9164690,0 80.0898802,12.9164690,0 80.0898803,12.9165831,0 80.0899032,12.9165832,0 80.0899033,12.9166973,0 80.0899491,12.9167887,0 80.0899492,12.9169028,0 80.0899721,12.9169029,0 80.0899721,12.9170169,0 80.0899950,12.9170170,0 80.0899951,12.9171311,0 80.0900180,12.9171312,0 80.0900181,12.9172452,0 80.0900410,12.9172453,0 80.0900410,12.9173594,0 80.0900639,12.9173595,0 80.0900640,12.9174736,0 80.0901098,12.9175650,0 80.0901099,12.9176791,0 80.0901328,12.9176791,0 80.0901329,12.9177932,0 80.0901558,12.9177933,0 80.0901558,12.9179074,0 80.0902246,12.9180901,0 80.0902247,12.9182042,0 80.0902476,12.9182956,0 80.0903164,12.9184099,0 80.0903394,12.9185469,0 80.0903852,12.9185927,0 80.0903852,12.9186611,0 80.0904540,12.9187527,0 80.0904540,12.9188211,0 80.0904998,12.9188669,0 80.0904999,12.9189353,0 80.0905457,12.9189812,0 80.0905457,12.9190496,0 80.0905916,12.9190954,0 80.0905916,12.9191638,0 80.0906374,12.9192097,0 80.0906375,12.9192781,0 80.0906833,12.9193239,0 80.0906833,12.9193924,0 80.0907291,12.9194610,0 80.0907292,12.9195750,0 80.0907521,12.9195751,0 80.0907523,12.9198945,0 80.0906836,12.9199627,0 80.0906608,12.9200538,0 80.0902718,12.9204172,0 80.0902718,12.9204628,0 80.0893565,12.9213487,0 80.0893107,12.9214170,0 80.0892879,12.9215081,0 80.0892421,12.9215308,0 80.0892193,12.9216219,0 80.0891735,12.9216445,0 80.0891049,12.9218268,0 80.0890591,12.9218494,0 80.0890134,12.9219861,0 80.0889676,12.9220087,0 80.0889219,12.9221454,0 80.0888533,12.9221907,0 80.0888533,12.9222363,0 80.0887617,12.9222816,0 80.0886473,12.9224180,0 80.0886015,12.9224178,0 80.0885329,12.9225088,0 80.0884871,12.9225086,0 80.0884414,12.9225768,0 80.0883956,12.9225766,0 80.0883498,12.9226449,0 80.0883040,12.9226447,0 80.0878692,12.9230535,0 80.0878693,12.9230991,0 80.0877320,12.9232126,0 80.0877320,12.9232583,0 80.0875718,12.9233945,0 80.0875718,12.9234401,0 80.0874116,12.9235763,0 80.0874116,12.9236219,0 80.0870455,12.9239626,0 80.0870226,12.9240081,0 80.0868396,12.9242127,0 80.0867938,12.9242125,0 80.0867252,12.9243035,0 80.0866794,12.9243033,0 80.0866336,12.9243715,0 80.0865878,12.9243714,0 80.0865421,12.9244396,0 80.0864963,12.9244394,0 80.0864505,12.9245077,0 80.0863361,12.9245528,0 80.0862903,12.9246211,0 80.0862445,12.9246209,0 80.0861988,12.9246891,0 80.0861530,12.9246889,0 80.0861072,12.9247572,0 80.0859928,12.9248023,0 80.0859470,12.9248706,0 80.0859012,12.9248704,0 80.0858555,12.9249386,0 80.0858097,12.9249384,0 80.0857639,12.9250067,0 80.0857181,12.9250065,0 80.0856495,12.9250975,0 80.0856037,12.9250973,0 80.0855580,12.9251655,0 80.0855122,12.9251653,0 80.0854435,12.9252563,0 80.0853977,12.9252561,0 80.0850545,12.9256197,0 80.0849859,12.9256650,0 80.0847569,12.9257553,0 80.0847341,12.9258009,0 80.0846425,12.9258233,0 80.0846196,12.9258688,0 80.0844823,12.9258911,0 80.0844365,12.9259365,0 80.0842991,12.9259588,0 80.0842534,12.9260042,0 80.0841847,12.9260039,0 80.0841389,12.9260494,0 80.0840016,12.9260488,0 80.0837955,12.9261392,0 80.0835895,12.9261383,0</coordinates></LinearRing></outerBoundaryIs></Polygon></MultiGeometry></Placemark>
<Placemark><name>57</name><ExtendedData><SchemaData schemaUrl="#tambaram_wards"><SimpleData name="id_2">TMB_57</SimpleData><SimpleData name="name">57</SimpleData><SimpleData name="zone">4</SimpleData></SchemaData></ExtendedData><MultiGeometry><Polygon><outerBoundaryIs><LinearRing><coordinates>80.0872362,12.8977063,0 80.0873739,12.8981860,0 80.0875114,12.8983918,0 80.0877635,12.8989404,0 80.0878094,12.8989634,0 80.0878552,12.8991233,0 80.0879698,12.8992834,0 80.0884054,12.9001977,0 80.0884512,12.9002207,0 80.0888867,12.9011350,0 80.0889555,12.9011809,0 80.0889555,12.9012265,0 80.0890242,12.9012725,0 80.0890701,12.9013867,0 80.0891388,12.9014326,0 80.0891388,12.9014782,0 80.0893449,12.9015475,0 80.0893907,12.9015933,0 80.0895052,12.9016166,0 80.0895281,12.9016623,0 80.0896197,12.9016855,0 80.0896427,12.9017313,0 80.0897113,12.9017315,0 80.0897572,12.9017774,0 80.0898259,12.9017776,0 80.0898946,12.9018235,0 80.0899404,12.9018922,0 80.0900778,12.9019384,0 80.0901694,12.9020300,0 80.0902152,12.9020302,0 80.0902611,12.9020988,0 80.0903069,12.9020990,0 80.0903756,12.9021905,0 80.0903986,12.9023503,0 80.0906047,12.9024652,0 80.0906506,12.9025339,0 80.0906963,12.9025340,0 80.0907422,12.9026027,0 80.0908338,12.9026487,0 80.0910399,12.9026495,0 80.0910398,12.9026267,0 80.0914062,12.9026282,0 80.0914062,12.9026510,0 80.0915894,12.9026518,0 80.0915894,12.9026746,0 80.0917725,12.9026754,0 80.0917726,12.9026982,0 80.0919557,12.9026989,0 80.0920473,12.9027677,0 80.0921160,12.9027680,0 80.0921390,12.9028137,0 80.0923451,12.9028830,0 80.0924367,12.9029747,0 80.0925054,12.9029978,0 80.0924825,12.9030433,0 80.0924827,12.9032486,0 80.0923683,12.9035219,0 80.0923455,12.9037043,0 80.0922998,12.9038182,0 80.0921396,12.9039087,0 80.0921167,12.9039543,0 80.0918649,12.9040445,0 80.0918192,12.9040899,0 80.0916131,12.9041347,0 80.0915674,12.9041801,0 80.0912926,12.9042474,0 80.0912469,12.9042929,0 80.0910408,12.9043376,0 80.0909951,12.9043831,0 80.0907890,12.9044279,0 80.0907433,12.9044733,0 80.0906059,12.9044955,0 80.0905601,12.9045410,0 80.0903312,12.9045856,0 80.0901252,12.9046760,0 80.0899649,12.9046754,0 80.0899649,12.9046982,0 80.0898047,12.9046975,0 80.0898047,12.9047203,0 80.0896902,12.9047199,0 80.0895299,12.9047648,0 80.0895071,12.9048104,0 80.0894384,12.9048101,0 80.0892095,12.9049460,0 80.0891637,12.9049458,0 80.0890036,12.9051733,0 80.0889579,12.9053328,0 80.0888435,12.9055148,0 80.0888436,12.9056061,0 80.0889353,12.9058118,0 80.0889354,12.9059714,0 80.0888438,12.9060623,0 80.0888439,12.9061079,0 80.0887523,12.9061760,0 80.0887066,12.9062899,0 80.0885464,12.9064261,0 80.0883861,12.9064254,0 80.0883861,12.9064482,0 80.0880656,12.9064469,0 80.0880656,12.9064697,0 80.0879282,12.9064692,0 80.0878595,12.9064917,0 80.0878138,12.9066512,0 80.0877681,12.9066966,0 80.0877681,12.9067651,0 80.0876537,12.9069471,0 80.0876309,12.9070154,0 80.0875622,12.9070608,0 80.0874707,12.9070832,0 80.0874478,12.9071287,0 80.0873791,12.9071284,0 80.0873562,12.9071740,0 80.0871044,12.9072186,0 80.0871044,12.9072414,0 80.0869899,12.9072409,0 80.0869899,12.9072637,0 80.0868755,12.9072632,0 80.0868755,12.9072861,0 80.0867610,12.9072856,0 80.0867610,12.9073084,0 80.0866236,12.9073078,0 80.0866236,12.9073306,0 80.0865092,12.9073302,0 80.0865092,12.9073530,0 80.0863947,12.9073525,0 80.0863947,12.9073753,0 80.0862802,12.9073748,0 80.0862802,12.9073977,0 80.0861658,12.9073972,0 80.0861658,12.9074200,0 80.0860284,12.9074194,0 80.0860284,12.9074422,0 80.0859139,12.9074418,0 80.0858682,12.9074872,0 80.0857995,12.9074869,0 80.0857537,12.9075324,0 80.0856850,12.9075321,0 80.0855935,12.9075773,0 80.0854562,12.9077593,0 80.0852731,12.9079182,0 80.0852045,12.9079635,0 80.0849527,12.9080537,0 80.0847009,12.9082124,0 80.0846551,12.9082122,0 80.0845636,12.9083487,0 80.0845407,12.9083486,0 80.0845408,12.9084855,0 80.0844722,12.9086677,0 80.0844723,12.9088046,0 80.0844037,12.9089868,0 80.0843579,12.9090094,0 80.0843351,12.9091006,0 80.0842893,12.9091232,0 80.0842665,12.9092143,0 80.0842207,12.9092370,0 80.0841521,12.9094420,0 80.0840606,12.9094872,0 80.0840377,12.9095328,0 80.0838088,12.9096231,0 80.0837859,12.9096686,0 80.0836486,12.9097137,0 80.0835799,12.9097590,0 80.0835800,12.9099643,0 80.0834885,12.9100324,0 80.0834656,12.9100779,0 80.0834657,12.9101920,0 80.0834199,12.9102830,0 80.0834202,12.9106708,0 80.0833973,12.9106707,0 80.0833974,12.9108989,0 80.0834203,12.9108990,0 80.0834204,12.9110358,0 80.0834892,12.9112186,0 80.0834892,12.9113099,0 80.0835350,12.9113785,0 80.0835351,12.9114697,0 80.0835809,12.9115612,0 80.0836268,12.9115842,0 80.0836497,12.9116755,0 80.0837184,12.9117214,0 80.0837184,12.9117671,0 80.0838329,12.9117903,0 80.0838330,12.9118132,0 80.0839932,12.9118138,0 80.0839932,12.9118366,0 80.0841077,12.9118371,0 80.0841993,12.9118603,0 80.0843367,12.9119293,0 80.0845199,12.9119529,0 80.0845886,12.9119760,0 80.0845888,12.9122725,0 80.0845430,12.9123180,0 80.0845431,12.9124092,0 80.0844744,12.9124546,0 80.0844744,12.9125002,0 80.0843372,12.9126593,0 80.0842914,12.9126591,0 80.0841312,12.9127725,0 80.0839938,12.9127948,0 80.0839480,12.9128402,0 80.0838793,12.9128399,0 80.0838336,12.9128853,0 80.0836962,12.9128848,0 80.0836962,12.9129076,0 80.0832841,12.9129059,0 80.0832841,12.9128831,0 80.0828948,12.9128815,0 80.0821620,12.9126731,0 80.0819102,12.9126721,0 80.0818644,12.9127175,0 80.0817271,12.9127398,0 80.0816355,12.9128078,0 80.0815668,12.9128075,0 80.0814982,12.9128529,0 80.0814981,12.9127160,0 80.0814752,12.9127159,0 80.0814751,12.9125562,0 80.0814522,12.9125561,0 80.0814521,12.9123964,0 80.0814292,12.9123963,0 80.0814291,12.9122367,0 80.0814062,12.9122366,0 80.0814061,12.9120769,0 80.0813832,12.9120768,0 80.0813831,12.9119171,0 80.0813602,12.9119170,0 80.0813601,12.9117573,0 80.0813372,12.9117572,0 80.0813372,12.9115975,0 80.0813143,12.9115974,0 80.0813142,12.9114378,0 80.0812913,12.9114377,0 80.0812912,12.9112780,0 80.0812683,12.9112779,0 80.0812682,12.9110954,0 80.0812453,12.9110953,0 80.0812452,12.9109356,0 80.0812223,12.9109355,0 80.0812222,12.9107758,0 80.0811993,12.9107757,0 80.0811992,12.9106160,0 80.0811763,12.9106159,0 80.0811762,12.9104334,0 80.0811533,12.9104333,0 80.0811532,12.9102737,0 80.0811303,12.9102736,0 80.0811302,12.9101139,0 80.0811073,12.9101138,0 80.0811072,12.9099541,0 80.0810843,12.9099540,0 80.0810845,12.9102734,0 80.0810387,12.9102504,0 80.0810386,12.9100907,0 80.0810157,12.9100906,0 80.0810156,12.9097940,0 80.0810613,12.9097942,0 80.0810612,12.9096117,0 80.0810383,12.9096116,0 80.0810382,12.9094519,0 80.0810154,12.9094518,0 80.0810153,12.9092922,0 80.0809924,12.9092921,0 80.0809923,12.9091324,0 80.0809694,12.9091323,0 80.0809692,12.9088585,0 80.0810150,12.9087903,0 80.0810149,12.9086990,0 80.0810607,12.9086764,0 80.0810606,12.9085395,0 80.0811064,12.9085169,0 80.0811063,12.9084028,0 80.0811292,12.9083117,0 80.0811749,12.9082434,0 80.0811749,12.9081522,0 80.0812206,12.9080839,0 80.0812206,12.9079927,0 80.0812663,12.9079701,0 80.0812663,12.9078332,0 80.0812892,12.9078333,0 80.0812891,12.9077192,0 80.0811975,12.9077188,0 80.0811972,12.9072398,0 80.0812659,12.9072629,0 80.0812657,12.9069435,0 80.0811971,12.9069889,0 80.0811968,12.9064870,0 80.0812426,12.9064872,0 80.0812428,12.9068065,0 80.0812885,12.9067611,0 80.0812879,12.9055977,0 80.0813107,12.9055978,0 80.0813107,12.9054837,0 80.0812878,12.9054836,0 80.0812877,12.9053011,0 80.0812648,12.9053010,0 80.0812647,12.9051870,0 80.0812189,12.9050955,0 80.0812188,12.9049358,0 80.0811730,12.9049128,0 80.0810813,12.9046843,0 80.0810583,12.9045930,0 80.0810125,12.9045700,0 80.0808749,12.9042500,0 80.0808520,12.9041587,0 80.0808062,12.9041357,0 80.0806686,12.9038157,0 80.0806457,12.9037244,0 80.0805769,12.9036557,0 80.0805081,12.9034273,0 80.0804623,12.9034043,0 80.0803935,12.9031759,0 80.0803248,12.9031071,0 80.0801414,12.9026958,0 80.0801184,12.9026044,0 80.0800497,12.9025357,0 80.0798892,12.9021700,0 80.0798662,12.9020787,0 80.0798204,12.9020557,0 80.0797058,12.9017815,0 80.0796828,12.9016901,0 80.0796370,12.9016671,0 80.0794995,12.9013244,0 80.0793390,12.9010500,0 80.0793390,12.9009587,0 80.0792932,12.9009357,0 80.0792014,12.9006616,0 80.0791785,12.9006615,0 80.0791784,12.9005018,0 80.0793615,12.9003885,0 80.0793844,12.9003430,0 80.0794531,12.9003432,0 80.0794531,12.9002976,0 80.0795446,12.9002752,0 80.0795675,12.9002296,0 80.0796362,12.9002299,0 80.0796362,12.9001843,0 80.0797277,12.9001619,0 80.0797506,12.9001163,0 80.0798193,12.9001166,0 80.0798193,12.9000710,0 80.0799108,12.9000486,0 80.0799337,12.9000030,0 80.0800024,12.9000033,0 80.0800024,12.8999577,0 80.0800939,12.8999353,0 80.0801168,12.8998897,0 80.0801855,12.8998900,0 80.0801855,12.8998444,0 80.0802770,12.8998220,0 80.0802999,12.8997764,0 80.0803686,12.8997767,0 80.0803686,12.8997311,0 80.0804601,12.8997087,0 80.0804830,12.8996631,0 80.0805517,12.8996634,0 80.0805517,12.8996178,0 80.0806433,12.8995953,0 80.0806661,12.8995498,0 80.0807348,12.8995501,0 80.0807348,12.8995045,0 80.0808264,12.8994820,0 80.0808492,12.8994365,0 80.0809179,12.8994368,0 80.0809179,12.8993912,0 80.0810095,12.8993687,0 80.0810323,12.8993232,0 80.0813299,12.8992332,0 80.0813757,12.8991877,0 80.0816504,12.8991204,0 80.0816504,12.8990976,0 80.0817649,12.8990981,0 80.0817877,12.8990526,0 80.0818335,12.8990756,0 80.0818564,12.8990300,0 80.0819022,12.8990530,0 80.0819251,12.8990075,0 80.0819709,12.8990305,0 80.0819938,12.8989850,0 80.0828866,12.8987149,0 80.0828865,12.8986921,0 80.0830239,12.8986927,0 80.0830239,12.8986699,0 80.0831842,12.8986705,0 80.0831842,12.8986477,0 80.0833444,12.8986484,0 80.0833444,12.8986256,0 80.0835047,12.8986262,0 80.0835047,12.8986034,0 80.0836421,12.8986040,0 80.0838023,12.8985590,0 80.0838481,12.8985136,0 80.0840541,12.8984688,0 80.0840541,12.8984916,0 80.0844663,12.8984933,0 80.0845807,12.8984254,0 80.0846723,12.8984257,0 80.0847409,12.8983804,0 80.0848325,12.8983808,0 80.0849012,12.8983354,0 80.0849928,12.8983358,0 80.0850614,12.8982905,0 80.0851530,12.8982909,0 80.0852217,12.8982455,0 80.0853591,12.8982461,0 80.0853819,12.8982005,0 80.0855193,12.8982011,0 80.0855422,12.8981556,0 80.0856795,12.8981562,0 80.0857253,12.8981107,0 80.0858398,12.8980884,0 80.0858397,12.8979971,0 80.0859084,12.8979974,0 80.0859085,12.8980887,0 80.0859771,12.8980433,0 80.0860458,12.8980436,0 80.0860916,12.8979982,0 80.0862290,12.8979987,0 80.0862976,12.8979534,0 80.0863892,12.8979310,0 80.0865266,12.8979315,0 80.0865723,12.8978633,0 80.0867784,12.8978641,0 80.0868928,12.8977962,0 80.0870302,12.8977967,0 80.0870760,12.8977513,0 80.0872133,12.8977291,0 80.0872362,12.8977063,0</coordinates></LinearRing></outerBoundaryIs></Polygon></MultiGeometry></Placemark>
<Placemark><name>58</name><ExtendedData><SchemaData schemaUrl="#tambaram_wards"><SimpleData name="id_2">TMB_58</SimpleData><SimpleData name="name">58</SimpleData><SimpleData name="zone">4</SimpleData></SchemaData></ExtendedData><MultiGeometry><Polygon><outerBoundaryIs><LinearRing><coordinates>80.0872362,12.8977063,0 80.0874880,12.8976617,0 80.0874880,12.8976389,0 80.0876483,12.8976396,0 80.0877399,12.8976172,0 80.0877856,12.8975717,0 80.0881519,12.8975048,0 80.0881519,12.8974820,0 80.0883122,12.8974827,0 80.0884038,12.8974602,0 80.0884495,12.8974148,0 80.0887243,12.8973703,0 80.0887242,12.8973475,0 80.0888387,12.8973480,0 80.0889303,12.8973027,0 80.0890448,12.8973032,0 80.0890905,12.8972349,0 80.0890447,12.8971891,0 80.0891821,12.8971897,0 80.0892736,12.8971444,0 80.0893881,12.8971449,0 80.0893881,12.8971221,0 80.0895026,12.8971226,0 80.0895026,12.8970998,0 80.0896399,12.8971003,0 80.0896399,12.8970775,0 80.0898002,12.8970782,0 80.0898231,12.8971467,0 80.0899147,12.8971471,0 80.0899377,12.8971928,0 80.0899378,12.8973753,0 80.0899607,12.8973754,0 80.0899608,12.8975579,0 80.0900524,12.8977180,0 80.0901212,12.8977639,0 80.0901670,12.8978781,0 80.0902357,12.8979240,0 80.0902358,12.8979697,0 80.0903045,12.8980156,0 80.0903503,12.8981298,0 80.0904190,12.8981757,0 80.0904649,12.8982900,0 80.0905336,12.8983359,0 80.0905795,12.8984501,0 80.0906482,12.8984960,0 80.0906940,12.8986103,0 80.0907628,12.8986562,0 80.0908086,12.8987705,0 80.0908773,12.8988164,0 80.0908774,12.8988620,0 80.0909461,12.8989079,0 80.0909919,12.8990222,0 80.0910607,12.8990681,0 80.0910607,12.8991137,0 80.0912669,12.8992970,0 80.0913127,12.8993200,0 80.0915189,12.8995490,0 80.0915646,12.8995492,0 80.0916334,12.8996179,0 80.0916793,12.8998234,0 80.0917939,12.9000064,0 80.0917939,12.9000748,0 80.0918397,12.9000978,0 80.0918398,12.9001663,0 80.0919773,12.9003950,0 80.0920460,12.9004409,0 80.0920918,12.9005551,0 80.0921606,12.9006010,0 80.0921606,12.9006467,0 80.0922293,12.9006926,0 80.0922752,12.9008068,0 80.0923439,12.9008527,0 80.0923897,12.9009670,0 80.0924585,12.9010129,0 80.0924585,12.9010585,0 80.0925272,12.9011044,0 80.0925272,12.9011500,0 80.0925959,12.9011960,0 80.0925960,12.9012416,0 80.0926647,12.9012875,0 80.0926647,12.9013331,0 80.0927334,12.9013790,0 80.0927334,12.9014246,0 80.0928022,12.9014706,0 80.0928022,12.9015162,0 80.0928709,12.9015621,0 80.0928709,12.9016077,0 80.0929396,12.9016536,0 80.0929855,12.9017679,0 80.0930542,12.9018138,0 80.0930542,12.9018594,0 80.0931230,12.9019053,0 80.0931230,12.9019509,0 80.0931917,12.9019968,0 80.0931917,12.9020425,0 80.0932604,12.9020884,0 80.0932605,12.9021340,0 80.0933292,12.9021799,0 80.0933292,12.9022255,0 80.0933979,12.9022714,0 80.0933980,12.9023171,0 80.0934667,12.9023630,0 80.0934667,12.9024086,0 80.0935354,12.9024545,0 80.0935813,12.9025688,0 80.0936500,12.9026147,0 80.0936500,12.9026603,0 80.0937187,12.9027062,0 80.0937188,12.9027518,0 80.0937875,12.9027977,0 80.0937875,12.9028434,0 80.0938562,12.9028893,0 80.0938562,12.9029349,0 80.0939250,12.9029808,0 80.0939250,12.9030264,0 80.0939937,12.9030723,0 80.0939937,12.9031180,0 80.0940624,12.9031639,0 80.0940625,12.9032095,0 80.0941312,12.9032554,0 80.0941770,12.9033697,0 80.0942458,12.9034156,0 80.0942458,12.9034612,0 80.0943145,12.9035071,0 80.0943145,12.9035527,0 80.0943832,12.9035986,0 80.0943833,12.9036443,0 80.0944520,12.9036902,0 80.0944520,12.9037358,0 80.0945207,12.9037817,0 80.0945207,12.9038273,0 80.0945895,12.9038732,0 80.0945895,12.9039189,0 80.0946582,12.9039648,0 80.0947041,12.9040790,0 80.0947728,12.9041249,0 80.0947728,12.9041706,0 80.0948415,12.9042165,0 80.0948415,12.9042621,0 80.0949103,12.9043080,0 80.0949103,12.9043536,0 80.0949790,12.9043995,0 80.0949790,12.9044452,0 80.0952310,12.9045831,0 80.0952768,12.9046517,0 80.0953226,12.9046519,0 80.0953684,12.9047205,0 80.0954142,12.9047207,0 80.0954143,12.9048576,0 80.0953685,12.9049258,0 80.0953457,12.9050170,0 80.0953458,12.9051310,0 80.0953229,12.9051309,0 80.0953230,12.9053134,0 80.0953001,12.9053134,0 80.0953001,12.9054274,0 80.0950712,12.9055177,0 80.0949797,12.9055858,0 80.0949110,12.9055855,0 80.0947508,12.9056761,0 80.0944533,12.9059942,0 80.0944076,12.9060625,0 80.0943847,12.9061536,0 80.0943389,12.9061763,0 80.0943161,12.9062674,0 80.0942703,12.9062900,0 80.0942246,12.9064267,0 80.0941788,12.9064493,0 80.0941560,12.9065405,0 80.0941102,12.9065631,0 80.0940874,12.9066543,0 80.0940416,12.9066769,0 80.0940416,12.9067453,0 80.0939959,12.9067908,0 80.0939274,12.9071555,0 80.0939045,12.9071554,0 80.0939046,12.9072695,0 80.0938817,12.9073606,0 80.0938360,12.9074289,0 80.0938131,12.9075428,0 80.0937445,12.9076110,0 80.0937446,12.9077935,0 80.0936072,12.9078385,0 80.0935157,12.9079750,0 80.0934242,12.9080431,0 80.0934242,12.9080887,0 80.0933556,12.9081341,0 80.0933556,12.9081797,0 80.0932869,12.9082250,0 80.0932870,12.9082707,0 80.0932183,12.9083160,0 80.0932183,12.9083616,0 80.0931497,12.9084070,0 80.0931497,12.9084526,0 80.0930810,12.9084979,0 80.0930811,12.9085435,0 80.0929895,12.9086116,0 80.0929895,12.9086572,0 80.0929209,12.9087026,0 80.0929209,12.9087482,0 80.0928522,12.9087935,0 80.0928523,12.9088392,0 80.0927836,12.9088845,0 80.0927836,12.9089301,0 80.0926921,12.9089982,0 80.0926921,12.9090438,0 80.0926006,12.9091119,0 80.0926006,12.9091575,0 80.0922573,12.9094755,0 80.0922345,12.9095210,0 80.0922116,12.9094981,0 80.0920513,12.9094974,0 80.0920513,12.9094746,0 80.0917307,12.9094733,0 80.0917307,12.9094961,0 80.0915934,12.9095412,0 80.0915247,12.9095865,0 80.0914561,12.9096775,0 80.0914103,12.9096773,0 80.0912959,12.9098137,0 80.0912501,12.9098135,0 80.0912044,12.9098817,0 80.0911586,12.9098815,0 80.0911128,12.9099498,0 80.0910670,12.9099496,0 80.0910213,12.9100178,0 80.0909755,12.9100177,0 80.0909297,12.9100859,0 80.0908839,12.9100857,0 80.0908382,12.9101540,0 80.0907924,12.9101538,0 80.0907466,12.9102220,0 80.0907008,12.9102218,0 80.0906551,12.9102901,0 80.0906093,12.9102899,0 80.0904720,12.9104490,0 80.0904262,12.9104488,0 80.0903576,12.9105398,0 80.0902431,12.9106078,0 80.0901057,12.9105616,0 80.0899913,12.9105611,0 80.0899912,12.9105383,0 80.0894417,12.9105360,0 80.0894418,12.9105588,0 80.0891670,12.9105577,0 80.0891670,12.9105805,0 80.0889152,12.9105795,0 80.0888465,12.9106248,0 80.0886633,12.9106469,0 80.0885947,12.9106922,0 80.0884115,12.9107143,0 80.0883429,12.9107596,0 80.0882513,12.9107592,0 80.0881826,12.9108046,0 80.0880910,12.9108042,0 80.0880224,12.9108495,0 80.0877476,12.9108940,0 80.0876103,12.9109847,0 80.0875416,12.9109844,0 80.0874501,12.9110525,0 80.0873814,12.9110522,0 80.0872441,12.9111429,0 80.0871754,12.9111426,0 80.0870838,12.9112106,0 80.0870152,12.9112104,0 80.0868778,12.9113010,0 80.0868091,12.9113008,0 80.0867634,12.9113462,0 80.0864200,12.9114360,0 80.0863742,12.9114815,0 80.0860079,12.9115712,0 80.0859622,12.9116166,0 80.0857790,12.9116387,0 80.0857104,12.9116840,0 80.0856188,12.9117065,0 80.0855043,12.9117060,0 80.0854127,12.9117512,0 80.0852983,12.9117508,0 80.0852983,12.9117736,0 80.0851609,12.9117730,0 80.0851609,12.9117958,0 80.0850464,12.9117954,0 80.0849549,12.9118178,0 80.0848862,12.9118631,0 80.0847946,12.9118628,0 80.0847488,12.9119082,0 80.0846802,12.9119079,0 80.0846573,12.9119534,0 80.0845886,12.9119760,0 80.0845199,12.9119529,0 80.0843367,12.9119293,0 80.0841993,12.9118603,0 80.0841077,12.9118371,0 80.0839932,12.9118366,0 80.0839932,12.9118138,0 80.0838330,12.9118132,0 80.0838329,12.9117903,0 80.0837184,12.9117671,0 80.0837184,12.9117214,0 80.0836497,12.9116755,0 80.0836268,12.9115842,0 80.0835809,12.9115612,0 80.0835351,12.9114697,0 80.0835350,12.9113785,0 80.0834892,12.9113099,0 80.0834892,12.9112186,0 80.0834204,12.9110358,0 80.0834203,12.9108990,0 80.0833974,12.9108989,0 80.0833973,12.9106707,0 80.0834202,12.9106708,0 80.0834199,12.9102830,0 80.0834657,12.9101920,0 80.0834656,12.9100779,0 80.0834885,12.9100324,0 80.0835800,12.9099643,0 80.0835799,12.9097590,0 80.0836486,12.9097137,0 80.0837859,12.9096686,0 80.0838088,12.9096231,0 80.0840377,12.9095328,0 80.0840606,12.9094872,0 80.0841521,12.9094420,0 80.0842207,12.9092370,0 80.0842665,12.9092143,0 80.0842893,12.9091232,0 80.0843351,12.9091006,0 80.0843579,12.9090094,0 80.0844037,12.9089868,0 80.0844723,12.9088046,0 80.0844722,12.9086677,0 80.0845408,12.9084855,0 80.0845407,12.9083486,0 80.0845636,12.9083487,0 80.0846551,12.9082122,0 80.0847009,12.9082124,0 80.0849527,12.9080537,0 80.0852045,12.9079635,0 80.0852731,12.9079182,0 80.0854562,12.9077593,0 80.0855935,12.9075773,0 80.0856850,12.9075321,0 80.0857537,12.9075324,0 80.0857995,12.9074869,0 80.0858682,12.9074872,0 80.0859139,12.9074418,0 80.0860284,12.9074422,0 80.0860284,12.9074194,0 80.0861658,12.9074200,0 80.0861658,12.9073972,0 80.0862802,12.9073977,0 80.0862802,12.9073748,0 80.0863947,12.9073753,0 80.0863947,12.9073525,0 80.0865092,12.9073530,0 80.0865092,12.9073302,0 80.0866236,12.9073306,0 80.0866236,12.9073078,0 80.0867610,12.9073084,0 80.0867610,12.9072856,0 80.0868755,12.9072861,0 80.0868755,12.9072632,0 80.0869899,12.9072637,0 80.0869899,12.9072409,0 80.0871044,12.9072414,0 80.0871044,12.9072186,0 80.0873562,12.9071740,0 80.0873791,12.9071284,0 80.0874478,12.9071287,0 80.0874707,12.9070832,0 80.0875622,12.9070608,0 80.0876309,12.9070154,0 80.0876537,12.9069471,0 80.0877681,12.9067651,0 80.0877681,12.9066966,0 80.0878138,12.9066512,0 80.0878595,12.9064917,0 80.0879282,12.9064692,0 80.0880656,12.9064697,0 80.0880656,12.9064469,0 80.0883861,12.9064482,0 80.0883861,12.9064254,0 80.0885464,12.9064261,0 80.0887066,12.9062899,0 80.0887523,12.9061760,0 80.0888439,12.9061079,0 80.0888438,12.9060623,0 80.0889354,12.9059714,0 80.0889353,12.9058118,0 80.0888436,12.9056061,0 80.0888435,12.9055148,0 80.0889579,12.9053328,0 80.0890036,12.9051733,0 80.0891637,12.9049458,0 80.0892095,12.9049460,0 80.0894384,12.9048101,0 80.0895071,12.9048104,0 80.0895299,12.9047648,0 80.0896902,12.9047199,0 80.0898047,12.9047203,0 80.0898047,12.9046975,0 80.0899649,12.9046982,0 80.0899649,12.9046754,0 80.0901252,12.9046760,0 80.0903312,12.9045856,0 80.0905601,12.9045410,0 80.0906059,12.9044955,0 80.0907433,12.9044733,0 80.0907890,12.9044279,0 80.0909951,12.9043831,0 80.0910408,12.9043376,0 80.0912469,12.9042929,0 80.0912926,12.9042474,0 80.0915674,12.9041801,0 80.0916131,12.9041347,0 80.0918192,12.9040899,0 80.0918649,12.9040445,0 80.0921167,12.9039543,0 80.0921396,12.9039087,0 80.0922998,12.9038182,0 80.0923455,12.9037043,0 80.0923683,12.9035219,0 80.0924827,12.9032486,0 80.0924825,12.9030433,0 80.0925054,12.9029978,0 80.0924367,12.9029747,0 80.0923451,12.9028830,0 80.0921390,12.9028137,0 80.0921160,12.9027680,0 80.0920473,12.9027677,0 80.0919557,12.9026989,0 80.0917726,12.9026982,0 80.0917725,12.9026754,0 80.0915894,12.9026746,0 80.0915894,12.9026518,0 80.0914062,12.9026510,0 80.0914062,12.9026282,0 80.0910398,12.9026267,0 80.0910399,12.9026495,0 80.0908338,12.9026487,0 80.0907422,12.9026027,0 80.0906963,12.9025340,0 80.0906506,12.9025339,0 80.0906047,12.9024652,0 80.0903986,12.9023503,0 80.0903756,12.9021905,0 80.0903069,12.9020990,0 80.0902611,12.9020988,0 80.0902152,12.9020302,0 80.0901694,12.9020300,0 80.0900778,12.9019384,0 80.0899404,12.9018922,0 80.0898946,12.9018235,0 80.0898259,12.9017776,0 80.0897572,12.9017774,0 80.0897113,12.9017315,0 80.0896427,12.9017313,0 80.0896197,12.9016855,0 80.0895281,12.9016623,0 80.0895052,12.9016166,0 80.0893907,12.9015933,0 80.0893449,12.9015475,0 80.0891388,12.9014782,0 80.0891388,12.9014326,0 80.0890701,12.9013867,0 80.0890242,12.9012725,0 80.0889555,12.9012265,0 80.0889555,12.9011809,0 80.0888867,12.9011350,0 80.0884512,12.9002207,0 80.0884054,12.9001977,0 80.0879698,12.8992834,0 80.0878552,12.8991233,0 80.0878094,12.8989634,0 80.0877635,12.8989404,0 80.0875114,12.8983918,0 80.0873739,12.8981860,0 80.0872362,12.8977063,0</coordinates></LinearRing></outerBoundaryIs></Polygon></MultiGeometry></Placemark>
<Placemark><name>59</name><ExtendedData><SchemaData schemaUrl="#tambaram_wards"><SimpleData name="id_2">TMB_59</SimpleData><SimpleData name="name">59</SimpleData><SimpleData name="zone">4</SimpleData></SchemaData></ExtendedData><MultiGeometry><Polygon><outerBoundaryIs><LinearRing><coordinates>80.0953001,12.9054274,0 80.0953002,12.9054730,0 80.0953918,12.9055419,0 80.0953918,12.9055875,0 80.0954605,12.9056334,0 80.0954606,12.9056790,0 80.0955293,12.9057249,0 80.0955751,12.9058392,0 80.0956439,12.9058851,0 80.0956439,12.9059307,0 80.0957126,12.9059766,0 80.0957126,12.9060222,0 80.0957813,12.9060682,0 80.0957814,12.9061138,0 80.0958501,12.9061597,0 80.0958501,12.9062053,0 80.0959417,12.9062741,0 80.0959418,12.9063197,0 80.0960105,12.9063657,0 80.0960563,12.9064799,0 80.0961250,12.9065258,0 80.0961251,12.9065714,0 80.0961938,12.9066174,0 80.0961938,12.9066630,0 80.0962625,12.9067089,0 80.0962626,12.9067545,0 80.0963313,12.9068004,0 80.0963313,12.9068460,0 80.0964000,12.9068920,0 80.0964000,12.9069376,0 80.0964688,12.9069835,0 80.0964688,12.9070291,0 80.0965375,12.9070750,0 80.0965375,12.9071206,0 80.0966062,12.9071666,0 80.0966063,12.9072122,0 80.0966750,12.9072581,0 80.0966750,12.9073037,0 80.0967437,12.9073496,0 80.0967437,12.9073952,0 80.0968125,12.9074412,0 80.0968125,12.9074868,0 80.0968812,12.9075327,0 80.0968812,12.9075783,0 80.0969729,12.9076471,0 80.0970187,12.9077614,0 80.0970874,12.9078073,0 80.0970875,12.9078529,0 80.0971562,12.9078988,0 80.0971562,12.9079444,0 80.0972249,12.9079904,0 80.0972249,12.9080360,0 80.0972937,12.9080819,0 80.0972937,12.9081275,0 80.0973624,12.9081734,0 80.0973624,12.9082190,0 80.0974311,12.9082650,0 80.0974312,12.9083106,0 80.0974999,12.9083565,0 80.0974999,12.9084021,0 80.0975915,12.9084709,0 80.0975916,12.9085166,0 80.0976603,12.9085625,0 80.0976603,12.9086081,0 80.0980268,12.9089518,0 80.0980726,12.9089748,0 80.0981643,12.9090892,0 80.0982101,12.9090894,0 80.0983017,12.9092039,0 80.0983475,12.9092040,0 80.0984392,12.9093185,0 80.0984850,12.9093187,0 80.0985766,12.9094331,0 80.0986224,12.9094333,0 80.0986912,12.9095248,0 80.0987370,12.9095250,0 80.0988286,12.9096395,0 80.0988744,12.9096397,0 80.0989660,12.9097541,0 80.0990118,12.9097543,0 80.0991035,12.9098687,0 80.0991493,12.9098689,0 80.0992409,12.9099834,0 80.0992867,12.9099835,0 80.0993784,12.9100980,0 80.0994242,12.9100982,0 80.0994929,12.9101897,0 80.0995387,12.9101899,0 80.0996533,12.9103272,0 80.0996991,12.9103274,0 80.0997678,12.9104190,0 80.0998136,12.9104192,0 80.0999282,12.9105565,0 80.0999739,12.9105567,0 80.1000427,12.9106482,0 80.1000885,12.9106484,0 80.1001801,12.9107629,0 80.1002259,12.9107630,0 80.1003176,12.9108775,0 80.1003634,12.9108777,0 80.1004550,12.9109921,0 80.1006382,12.9110841,0 80.1006841,12.9111528,0 80.1007299,12.9111529,0 80.1007757,12.9112216,0 80.1008215,12.9112218,0 80.1009131,12.9113362,0 80.1009589,12.9113364,0 80.1010964,12.9114966,0 80.1011193,12.9115424,0 80.1012797,12.9116799,0 80.1013255,12.9117485,0 80.1013485,12.9118399,0 80.1013943,12.9118857,0 80.1013485,12.9119539,0 80.1013486,12.9120224,0 80.1013028,12.9120678,0 80.1013028,12.9121362,0 80.1012571,12.9121817,0 80.1012572,12.9123642,0 80.1012801,12.9123643,0 80.1012803,12.9128205,0 80.1012118,12.9130027,0 80.1012118,12.9130940,0 80.1011432,12.9132306,0 80.1011433,12.9133446,0 80.1011204,12.9133445,0 80.1011205,12.9135042,0 80.1010976,12.9135041,0 80.1010977,12.9136410,0 80.1010748,12.9136409,0 80.1010748,12.9137778,0 80.1010519,12.9137777,0 80.1010520,12.9139146,0 80.1010291,12.9139373,0 80.1009834,12.9139599,0 80.1005942,12.9140496,0 80.1005713,12.9140951,0 80.1004797,12.9141175,0 80.1004569,12.9141631,0 80.1003653,12.9141855,0 80.1003424,12.9142310,0 80.1002509,12.9142534,0 80.1002051,12.9143217,0 80.1001593,12.9143215,0 80.1000907,12.9144125,0 80.0999076,12.9145486,0 80.0999077,12.9147083,0 80.0998848,12.9147082,0 80.0998851,12.9151872,0 80.0999080,12.9151873,0 80.0999081,12.9154383,0 80.0999310,12.9154384,0 80.0999314,12.9160315,0 80.0999085,12.9160314,0 80.0999085,12.9161455,0 80.0998399,12.9163277,0 80.0998400,12.9164417,0 80.0998171,12.9164416,0 80.0998172,12.9165557,0 80.0997486,12.9167379,0 80.0997487,12.9168520,0 80.0996572,12.9171254,0 80.0996115,12.9171480,0 80.0995886,12.9172391,0 80.0995429,12.9173074,0 80.0994742,12.9173527,0 80.0994514,12.9174439,0 80.0994056,12.9175121,0 80.0993369,12.9175575,0 80.0993370,12.9176031,0 80.0992454,12.9176712,0 80.0992226,12.9177167,0 80.0989937,12.9179667,0 80.0989022,12.9179891,0 80.0988793,12.9180346,0 80.0987877,12.9180571,0 80.0987649,12.9181026,0 80.0986733,12.9181250,0 80.0986504,12.9181706,0 80.0985131,12.9182156,0 80.0984902,12.9182612,0 80.0983529,12.9183062,0 80.0983300,12.9183517,0 80.0981926,12.9183968,0 80.0981698,12.9184423,0 80.0980324,12.9184874,0 80.0980095,12.9185329,0 80.0978722,12.9185780,0 80.0978493,12.9186235,0 80.0977120,12.9186686,0 80.0976891,12.9187141,0 80.0975975,12.9187365,0 80.0972085,12.9190999,0 80.0972085,12.9191456,0 80.0970712,12.9192590,0 80.0970713,12.9193047,0 80.0968882,12.9194636,0 80.0967280,12.9196454,0 80.0966136,12.9196906,0 80.0964991,12.9196901,0 80.0964991,12.9197129,0 80.0963159,12.9197122,0 80.0963159,12.9197350,0 80.0961099,12.9197341,0 80.0961099,12.9197569,0 80.0958351,12.9197558,0 80.0958352,12.9197786,0 80.0954230,12.9197769,0 80.0954230,12.9197997,0 80.0952857,12.9197992,0 80.0952856,12.9197764,0 80.0951712,12.9197759,0 80.0951253,12.9197301,0 80.0950567,12.9197298,0 80.0950108,12.9196840,0 80.0949421,12.9196837,0 80.0948734,12.9196150,0 80.0947818,12.9195918,0 80.0947589,12.9195461,0 80.0946444,12.9195228,0 80.0945986,12.9194770,0 80.0944841,12.9194765,0 80.0944841,12.9194537,0 80.0943696,12.9194532,0 80.0943696,12.9194304,0 80.0942093,12.9194069,0 80.0942093,12.9193385,0 80.0941405,12.9192241,0 80.0941175,12.9190415,0 80.0940717,12.9189729,0 80.0940716,12.9187904,0 80.0940487,12.9187903,0 80.0940485,12.9184938,0 80.0940714,12.9184938,0 80.0940712,12.9182201,0 80.0940941,12.9182202,0 80.0940940,12.9180377,0 80.0941169,12.9180378,0 80.0941168,12.9178553,0 80.0941397,12.9178554,0 80.0941395,12.9175132,0 80.0941166,12.9174219,0 80.0940478,12.9172847,0 80.0940477,12.9171934,0 80.0940019,12.9171476,0 80.0939790,12.9170563,0 80.0939789,12.9169194,0 80.0939101,12.9167366,0 80.0939100,12.9166226,0 80.0938871,12.9166225,0 80.0938871,12.9165084,0 80.0938641,12.9164399,0 80.0937954,12.9163712,0 80.0937495,12.9162569,0 80.0936807,12.9159829,0 80.0936349,12.9159371,0 80.0934743,12.9153889,0 80.0934285,12.9153431,0 80.0932908,12.9148635,0 80.0932450,12.9148176,0 80.0931073,12.9143380,0 80.0930615,12.9142922,0 80.0929697,12.9139496,0 80.0929239,12.9139038,0 80.0928092,12.9134927,0 80.0927634,12.9134469,0 80.0927633,12.9133785,0 80.0926028,12.9129672,0 80.0926028,12.9128759,0 80.0925340,12.9127388,0 80.0925339,12.9126019,0 80.0924881,12.9125105,0 80.0924880,12.9123508,0 80.0924651,12.9123507,0 80.0924650,12.9121910,0 80.0924421,12.9121909,0 80.0924420,12.9120312,0 80.0924191,12.9120311,0 80.0924190,12.9118486,0 80.0923961,12.9118485,0 80.0923960,12.9116888,0 80.0923731,12.9116887,0 80.0923730,12.9115291,0 80.0923501,12.9115290,0 80.0923500,12.9113693,0 80.0923271,12.9113692,0 80.0923270,12.9112095,0 80.0923041,12.9112094,0 80.0923040,12.9110269,0 80.0922811,12.9110268,0 80.0922810,12.9108671,0 80.0922582,12.9108670,0 80.0922580,12.9105933,0 80.0922351,12.9105932,0 80.0922349,12.9102054,0 80.0922578,12.9102055,0 80.0922577,12.9100914,0 80.0923034,12.9100003,0 80.0923033,12.9097722,0 80.0922804,12.9097721,0 80.0922803,12.9096581,0 80.0922574,12.9096580,0 80.0922574,12.9095439,0 80.0922345,12.9095210,0 80.0922573,12.9094755,0 80.0926006,12.9091575,0 80.0926006,12.9091119,0 80.0926921,12.9090438,0 80.0926921,12.9089982,0 80.0927836,12.9089301,0 80.0927836,12.9088845,0 80.0928523,12.9088392,0 80.0928522,12.9087935,0 80.0929209,12.9087482,0 80.0929209,12.9087026,0 80.0929895,12.9086572,0 80.0929895,12.9086116,0 80.0930811,12.9085435,0 80.0930810,12.9084979,0 80.0931497,12.9084526,0 80.0931497,12.9084070,0 80.0932183,12.9083616,0 80.0932183,12.9083160,0 80.0932870,12.9082707,0 80.0932869,12.9082250,0 80.0933556,12.9081797,0 80.0933556,12.9081341,0 80.0934242,12.9080887,0 80.0934242,12.9080431,0 80.0935157,12.9079750,0 80.0936072,12.9078385,0 80.0937446,12.9077935,0 80.0937445,12.9076110,0 80.0938131,12.9075428,0 80.0938360,12.9074289,0 80.0938817,12.9073606,0 80.0939046,12.9072695,0 80.0939045,12.9071554,0 80.0939274,12.9071555,0 80.0939959,12.9067908,0 80.0940416,12.9067453,0 80.0940416,12.9066769,0 80.0940874,12.9066543,0 80.0941102,12.9065631,0 80.0941560,12.9065405,0 80.0941788,12.9064493,0 80.0942246,12.9064267,0 80.0942703,12.9062900,0 80.0943161,12.9062674,0 80.0943389,12.9061763,0 80.0943847,12.9061536,0 80.0944076,12.9060625,0 80.0944533,12.9059942,0 80.0947508,12.9056761,0 80.0949110,12.9055855,0 80.0949797,12.9055858,0 80.0950712,12.9055177,0 80.0953001,12.9054274,0</coordinates></LinearRing></outerBoundaryIs></Polygon></MultiGeometry></Placemark>
<Placemark><name>60</name><ExtendedData><SchemaData schemaUrl="#tambaram_wards"><SimpleData name="id_2">TMB_60</SimpleData><SimpleData name="name">60</SimpleData><SimpleData name="zone">4</SimpleData></SchemaData></ExtendedData><MultiGeometry><Polygon><outerBoundaryIs><LinearRing><coordinates>80.1013943,12.9118857,0 80.1017148,12.9118870,0 80.1018064,12.9119330,0 80.1018294,12.9119787,0 80.1019210,12.9120247,0 80.1020583,12.9120253,0 80.1020813,12.9120938,0 80.1023104,12.9123001,0 80.1023562,12.9123003,0 80.1024478,12.9124375,0 80.1026310,12.9125295,0 80.1026540,12.9125981,0 80.1026540,12.9127121,0 80.1026770,12.9127807,0 80.1028144,12.9128725,0 80.1028144,12.9128953,0 80.1029747,12.9128960,0 80.1030205,12.9129646,0 80.1030892,12.9130105,0 80.1032266,12.9130339,0 80.1032725,12.9130797,0 80.1033411,12.9130800,0 80.1034328,12.9131488,0 80.1034557,12.9132401,0 80.1034558,12.9134454,0 80.1034330,12.9135366,0 80.1035017,12.9135825,0 80.1036162,12.9135830,0 80.1036849,12.9136289,0 80.1036849,12.9136745,0 80.1038682,12.9137893,0 80.1039827,12.9138354,0 80.1040972,12.9139728,0 80.1041430,12.9139730,0 80.1043950,12.9142478,0 80.1044180,12.9142935,0 80.1045096,12.9143623,0 80.1045325,12.9144536,0 80.1046699,12.9144998,0 80.1047158,12.9145685,0 80.1047616,12.9145686,0 80.1048303,12.9146602,0 80.1049448,12.9147063,0 80.1049449,12.9148203,0 80.1049678,12.9148661,0 80.1051052,12.9149122,0 80.1051968,12.9150039,0 80.1052426,12.9150041,0 80.1057467,12.9155308,0 80.1057925,12.9155310,0 80.1061132,12.9158745,0 80.1061590,12.9158747,0 80.1065026,12.9162411,0 80.1065484,12.9162413,0 80.1068921,12.9166077,0 80.1069379,12.9166079,0 80.1072815,12.9169743,0 80.1073273,12.9169745,0 80.1073732,12.9170432,0 80.1074190,12.9170434,0 80.1074648,12.9171120,0 80.1075793,12.9171581,0 80.1076251,12.9172267,0 80.1076709,12.9172269,0 80.1077168,12.9172955,0 80.1077625,12.9172957,0 80.1078084,12.9173643,0 80.1079229,12.9174104,0 80.1079687,12.9174791,0 80.1080145,12.9174792,0 80.1080603,12.9175479,0 80.1081061,12.9175481,0 80.1081520,12.9176167,0 80.1082665,12.9176628,0 80.1083123,12.9177314,0 80.1083581,12.9177316,0 80.1084039,12.9178002,0 80.1084497,12.9178004,0 80.1084956,12.9178690,0 80.1086101,12.9179151,0 80.1086788,12.9180067,0 80.1087246,12.9180069,0 80.1087933,12.9180984,0 80.1088391,12.9180986,0 80.1089079,12.9181901,0 80.1089537,12.9181903,0 80.1090224,12.9182818,0 80.1090682,12.9182820,0 80.1091369,12.9183736,0 80.1091827,12.9183738,0 80.1092515,12.9184653,0 80.1092973,12.9184655,0 80.1093660,12.9185570,0 80.1094118,12.9185572,0 80.1094805,12.9186487,0 80.1095263,12.9186489,0 80.1095951,12.9187405,0 80.1096409,12.9187406,0 80.1097096,12.9188322,0 80.1097554,12.9188324,0 80.1098241,12.9189239,0 80.1098699,12.9189241,0 80.1099387,12.9190156,0 80.1099845,12.9190158,0 80.1100532,12.9191073,0 80.1100990,12.9191075,0 80.1101678,12.9191991,0 80.1102135,12.9191993,0 80.1102823,12.9192908,0 80.1103281,12.9192910,0 80.1103968,12.9193825,0 80.1104426,12.9193827,0 80.1105114,12.9194742,0 80.1106030,12.9194974,0 80.1107404,12.9196577,0 80.1107862,12.9196579,0 80.1108779,12.9197495,0 80.1107863,12.9198404,0 80.1107863,12.9198860,0 80.1106948,12.9199541,0 80.1106261,12.9199538,0 80.1104888,12.9200445,0 80.1104201,12.9200442,0 80.1102370,12.9201575,0 80.1101683,12.9201572,0 80.1100310,12.9202479,0 80.1099623,12.9202476,0 80.1098250,12.9203383,0 80.1097563,12.9203380,0 80.1094359,12.9206332,0 80.1094360,12.9207473,0 80.1094589,12.9207474,0 80.1094589,12.9208614,0 80.1094819,12.9209528,0 80.1095277,12.9209758,0 80.1095736,12.9211357,0 80.1096652,12.9212045,0 80.1096652,12.9212501,0 80.1098256,12.9213876,0 80.1099172,12.9215021,0 80.1099630,12.9215023,0 80.1100089,12.9215709,0 80.1100547,12.9215711,0 80.1101463,12.9216399,0 80.1101463,12.9216855,0 80.1102608,12.9217088,0 80.1103525,12.9218233,0 80.1104211,12.9218235,0 80.1104899,12.9219379,0 80.1104900,12.9220520,0 80.1105358,12.9220750,0 80.1105358,12.9221434,0 80.1105816,12.9222120,0 80.1105817,12.9223489,0 80.1106046,12.9223490,0 80.1106047,12.9224859,0 80.1106276,12.9224860,0 80.1106277,12.9226456,0 80.1106506,12.9226457,0 80.1106507,12.9227826,0 80.1106736,12.9227827,0 80.1106737,12.9229424,0 80.1106965,12.9229425,0 80.1106966,12.9230794,0 80.1107195,12.9230795,0 80.1107196,12.9232163,0 80.1107425,12.9232164,0 80.1107426,12.9233761,0 80.1107655,12.9233762,0 80.1107656,12.9235131,0 80.1107885,12.9235132,0 80.1107886,12.9236729,0 80.1108115,12.9236730,0 80.1108115,12.9238098,0 80.1108344,12.9238099,0 80.1108345,12.9239468,0 80.1108574,12.9239469,0 80.1108575,12.9241066,0 80.1108804,12.9241067,0 80.1108807,12.9245629,0 80.1108578,12.9245628,0 80.1108350,12.9246996,0 80.1106976,12.9247447,0 80.1106747,12.9247902,0 80.1106060,12.9247899,0 80.1105374,12.9248581,0 80.1102627,12.9249026,0 80.1101482,12.9249705,0 80.1097820,12.9251287,0 80.1097591,12.9251742,0 80.1096446,12.9251509,0 80.1095530,12.9251049,0 80.1090264,12.9251028,0 80.1090264,12.9251256,0 80.1089119,12.9251251,0 80.1089119,12.9251479,0 80.1087746,12.9251474,0 80.1087746,12.9251702,0 80.1086601,12.9251697,0 80.1086601,12.9251925,0 80.1085227,12.9251919,0 80.1085228,12.9252148,0 80.1084083,12.9252143,0 80.1084083,12.9252371,0 80.1082709,12.9252365,0 80.1082709,12.9252593,0 80.1081564,12.9252589,0 80.1081565,12.9252817,0 80.1080191,12.9252811,0 80.1080191,12.9253039,0 80.1079046,12.9253034,0 80.1079046,12.9253263,0 80.1077672,12.9253257,0 80.1077673,12.9253485,0 80.1076528,12.9253480,0 80.1076528,12.9253708,0 80.1075383,12.9253704,0 80.1075383,12.9253932,0 80.1074009,12.9253926,0 80.1074010,12.9254154,0 80.1072865,12.9254150,0 80.1072865,12.9254378,0 80.1071491,12.9254372,0 80.1071491,12.9254600,0 80.1070347,12.9254595,0 80.1070347,12.9254824,0 80.1065081,12.9254802,0 80.1065080,12.9254574,0 80.1062561,12.9253879,0 80.1062561,12.9252510,0 80.1062332,12.9252509,0 80.1062330,12.9249087,0 80.1062101,12.9249086,0 80.1062100,12.9247261,0 80.1061871,12.9247260,0 80.1061870,12.9245435,0 80.1062099,12.9245436,0 80.1062097,12.9242015,0 80.1062326,12.9242015,0 80.1062325,12.9240875,0 80.1062554,12.9240876,0 80.1062553,12.9238823,0 80.1062782,12.9238824,0 80.1062779,12.9234946,0 80.1063008,12.9234946,0 80.1063006,12.9230840,0 80.1063235,12.9230841,0 80.1063233,12.9226963,0 80.1063462,12.9226964,0 80.1063459,12.9222858,0 80.1063688,12.9222859,0 80.1063686,12.9218752,0 80.1063915,12.9218753,0 80.1063913,12.9215332,0 80.1063684,12.9215331,0 80.1063224,12.9213047,0 80.1062766,12.9212817,0 80.1062537,12.9211904,0 80.1061163,12.9211214,0 80.1060018,12.9211209,0 80.1060018,12.9210981,0 80.1057499,12.9210971,0 80.1057499,12.9210743,0 80.1055209,12.9210733,0 80.1055209,12.9210505,0 80.1054065,12.9210500,0 80.1054064,12.9210272,0 80.1052691,12.9210266,0 80.1052003,12.9209579,0 80.1051774,12.9208666,0 80.1051316,12.9208436,0 80.1051086,12.9207522,0 80.1050628,12.9207292,0 80.1049940,12.9205236,0 80.1049482,12.9205006,0 80.1049253,12.9204093,0 80.1048795,12.9203863,0 80.1048336,12.9202720,0 80.1047649,12.9202489,0 80.1046046,12.9202483,0 80.1046046,12.9202255,0 80.1044901,12.9202250,0 80.1044901,12.9202022,0 80.1043756,12.9202017,0 80.1043069,12.9201558,0 80.1041924,12.9201553,0 80.1041237,12.9201322,0 80.1040550,12.9200635,0 80.1040320,12.9199494,0 80.1039862,12.9199264,0 80.1039174,12.9196523,0 80.1038716,12.9196065,0 80.1038257,12.9194010,0 80.1037798,12.9193324,0 80.1036653,12.9193091,0 80.1036195,12.9192633,0 80.1035279,12.9192401,0 80.1033905,12.9192395,0 80.1032989,12.9191935,0 80.1030013,12.9191923,0 80.1030013,12.9191695,0 80.1026578,12.9191681,0 80.1026578,12.9191452,0 80.1023373,12.9191439,0 80.1023372,12.9191211,0 80.1020167,12.9191198,0 80.1020167,12.9190970,0 80.1016732,12.9190956,0 80.1016732,12.9190727,0 80.1014443,12.9190718,0 80.1014443,12.9190490,0 80.1013069,12.9190484,0 80.1011236,12.9189336,0 80.1010550,12.9189333,0 80.1010320,12.9188876,0 80.1010320,12.9187735,0 80.1009861,12.9186821,0 80.1009859,12.9183399,0 80.1010088,12.9183400,0 80.1010087,12.9181575,0 80.1010316,12.9181576,0 80.1010315,12.9179751,0 80.1010544,12.9179752,0 80.1010543,12.9177927,0 80.1010772,12.9177928,0 80.1010771,12.9176103,0 80.1011000,12.9176104,0 80.1010999,12.9174279,0 80.1011228,12.9174280,0 80.1011226,12.9172227,0 80.1011455,12.9172228,0 80.1011454,12.9170403,0 80.1011683,12.9170404,0 80.1011682,12.9168579,0 80.1011911,12.9168579,0 80.1011910,12.9166754,0 80.1012139,12.9166755,0 80.1012138,12.9164930,0 80.1012367,12.9164931,0 80.1012366,12.9163106,0 80.1012595,12.9163107,0 80.1012594,12.9161054,0 80.1012823,12.9161055,0 80.1012822,12.9159230,0 80.1013051,12.9159231,0 80.1013049,12.9157178,0 80.1013278,12.9157179,0 80.1013277,12.9155354,0 80.1013506,12.9155355,0 80.1013503,12.9150564,0 80.1013274,12.9150563,0 80.1013273,12.9147598,0 80.1013044,12.9147597,0 80.1013042,12.9144631,0 80.1012813,12.9144630,0 80.1012812,12.9143490,0 80.1012583,12.9142804,0 80.1012125,12.9142574,0 80.1012125,12.9141890,0 80.1011437,12.9141203,0 80.1010291,12.9139373,0 80.1010520,12.9139146,0 80.1010519,12.9137777,0 80.1010748,12.9137778,0 80.1010748,12.9136409,0 80.1010977,12.9136410,0 80.1010976,12.9135041,0 80.1011205,12.9135042,0 80.1011204,12.9133445,0 80.1011433,12.9133446,0 80.1011432,12.9132306,0 80.1012118,12.9130940,0 80.1012118,12.9130027,0 80.1012803,12.9128205,0 80.1012801,12.9123643,0 80.1012572,12.9123642,0 80.1012571,12.9121817,0 80.1013028,12.9121362,0 80.1013028,12.9120678,0 80.1013486,12.9120224,0 80.1013485,12.9119539,0 80.1013943,12.9118857,0</coordinates></LinearRing></outerBoundaryIs></Polygon></MultiGeometry></Placemark>
<Placemark><name>61</name><ExtendedData><SchemaData schemaUrl="#tambaram_wards"><SimpleData name="id_2">TMB_61</SimpleData><SimpleData name="name">61</SimpleData><SimpleData name="zone">4</SimpleData></SchemaData></ExtendedData><MultiGeometry><Polygon><outerBoundaryIs><LinearRing><coordinates>80.0899147,12.8971471,0 80.0899834,12.8971017,0 80.0901208,12.8971023,0 80.0901208,12.8970795,0 80.0902352,12.8970800,0 80.0902352,12.8970572,0 80.0903497,12.8970576,0 80.0903497,12.8970348,0 80.0904642,12.8970353,0 80.0904642,12.8970125,0 80.0906015,12.8970130,0 80.0906015,12.8969902,0 80.0907160,12.8969907,0 80.0907160,12.8969679,0 80.0908305,12.8969684,0 80.0908305,12.8969456,0 80.0909678,12.8969461,0 80.0909678,12.8969233,0 80.0911052,12.8969239,0 80.0911052,12.8969011,0 80.0912426,12.8969016,0 80.0912425,12.8968788,0 80.0914486,12.8968797,0 80.0914486,12.8968569,0 80.0916776,12.8968578,0 80.0916775,12.8968350,0 80.0918836,12.8968358,0 80.0918836,12.8968130,0 80.0920897,12.8968139,0 80.0920896,12.8967911,0 80.0922728,12.8967918,0 80.0923186,12.8967464,0 80.0924789,12.8967471,0 80.0925246,12.8967016,0 80.0926849,12.8967023,0 80.0927307,12.8966568,0 80.0928909,12.8966575,0 80.0929367,12.8966121,0 80.0930970,12.8966127,0 80.0931427,12.8965673,0 80.0933030,12.8965680,0 80.0933488,12.8965225,0 80.0935090,12.8965232,0 80.0935548,12.8964777,0 80.0937151,12.8964784,0 80.0937608,12.8964330,0 80.0938753,12.8964334,0 80.0939669,12.8963882,0 80.0940814,12.8963887,0 80.0941729,12.8963434,0 80.0942874,12.8963439,0 80.0943790,12.8962987,0 80.0944934,12.8962991,0 80.0945850,12.8962539,0 80.0946995,12.8962543,0 80.0947910,12.8962091,0 80.0949055,12.8962096,0 80.0949971,12.8961643,0 80.0951116,12.8961648,0 80.0952031,12.8961196,0 80.0953176,12.8961200,0 80.0954092,12.8960748,0 80.0955236,12.8960753,0 80.0956152,12.8960300,0 80.0957297,12.8960305,0 80.0958212,12.8959852,0 80.0959357,12.8959857,0 80.0960273,12.8959405,0 80.0961418,12.8959409,0 80.0962333,12.8958957,0 80.0963478,12.8958962,0 80.0964393,12.8958509,0 80.0965538,12.8958514,0 80.0965538,12.8958286,0 80.0982939,12.8958358,0 80.0982939,12.8958586,0 80.0984542,12.8958592,0 80.0984542,12.8958364,0 80.0996219,12.8958412,0 80.0996219,12.8958641,0 80.1000569,12.8958659,0 80.1001257,12.8959118,0 80.1002403,12.8962772,0 80.1002862,12.8963002,0 80.1003091,12.8964600,0 80.1003549,12.8964830,0 80.1003550,12.8965515,0 80.1004008,12.8965973,0 80.1004238,12.8967342,0 80.1004696,12.8967801,0 80.1004696,12.8968485,0 80.1005155,12.8968943,0 80.1005384,12.8970313,0 80.1005843,12.8970771,0 80.1006302,12.8973054,0 80.1006760,12.8973284,0 80.1006990,12.8974882,0 80.1007448,12.8975112,0 80.1007448,12.8975796,0 80.1007906,12.8976254,0 80.1008136,12.8977624,0 80.1008594,12.8978082,0 80.1008595,12.8978767,0 80.1009053,12.8979225,0 80.1009283,12.8980594,0 80.1009741,12.8981053,0 80.1010200,12.8983336,0 80.1010658,12.8983566,0 80.1010888,12.8985164,0 80.1011346,12.8985394,0 80.1011576,12.8986991,0 80.1012034,12.8987221,0 80.1012035,12.8987906,0 80.1012493,12.8988364,0 80.1012493,12.8989048,0 80.1012951,12.8989506,0 80.1013181,12.8990876,0 80.1013639,12.8991334,0 80.1014098,12.8993617,0 80.1014557,12.8993847,0 80.1014786,12.8995445,0 80.1015244,12.8995675,0 80.1015474,12.8997273,0 80.1015932,12.8997503,0 80.1015933,12.8998187,0 80.1016391,12.8998646,0 80.1016391,12.8999330,0 80.1016850,12.8999788,0 80.1017079,12.9001158,0 80.1017538,12.9001616,0 80.1017997,12.9003899,0 80.1018455,12.9004129,0 80.1018685,12.9005727,0 80.1019143,12.9005957,0 80.1019373,12.9007555,0 80.1019831,12.9007785,0 80.1019831,12.9008469,0 80.1020289,12.9008927,0 80.1020290,12.9009612,0 80.1020748,12.9010070,0 80.1020978,12.9011439,0 80.1021436,12.9011898,0 80.1021666,12.9013267,0 80.1022124,12.9013725,0 80.1022583,12.9015552,0 80.1023041,12.9016010,0 80.1023728,12.9016013,0 80.1024186,12.9016700,0 80.1026018,12.9017620,0 80.1026935,12.9018764,0 80.1027622,12.9018767,0 80.1028080,12.9019453,0 80.1029912,12.9020373,0 80.1030829,12.9021518,0 80.1031516,12.9021520,0 80.1032432,12.9022665,0 80.1033119,12.9022668,0 80.1033578,12.9023354,0 80.1035410,12.9024274,0 80.1035868,12.9024960,0 80.1037013,12.9025421,0 80.1037471,12.9026108,0 80.1037929,12.9026109,0 80.1038846,12.9027254,0 80.1039533,12.9027257,0 80.1039991,12.9027943,0 80.1040449,12.9027945,0 80.1040907,12.9028631,0 80.1042052,12.9029092,0 80.1043198,12.9030922,0 80.1043885,12.9031381,0 80.1044344,12.9032523,0 80.1045031,12.9032982,0 80.1045032,12.9033667,0 80.1046177,12.9034584,0 80.1046177,12.9035268,0 80.1047323,12.9036186,0 80.1047323,12.9036870,0 80.1048468,12.9037787,0 80.1049385,12.9039616,0 80.1050072,12.9040075,0 80.1050531,12.9040761,0 80.1050531,12.9041446,0 80.1051447,12.9042134,0 80.1051448,12.9042590,0 80.1052135,12.9043049,0 80.1052593,12.9044192,0 80.1053052,12.9044422,0 80.1053052,12.9045106,0 80.1053968,12.9045794,0 80.1053968,12.9046251,0 80.1054656,12.9046710,0 80.1055114,12.9047396,0 80.1055114,12.9048080,0 80.1056031,12.9048768,0 80.1056031,12.9049225,0 80.1056718,12.9049684,0 80.1057635,12.9051513,0 80.1058322,12.9051972,0 80.1058780,12.9052658,0 80.1058781,12.9053342,0 80.1059926,12.9054260,0 80.1060384,12.9054946,0 80.1060385,12.9055630,0 80.1061301,12.9056318,0 80.1061301,12.9056775,0 80.1061988,12.9057234,0 80.1062218,12.9058147,0 80.1064051,12.9060436,0 80.1064051,12.9061120,0 80.1064509,12.9061122,0 80.1064510,12.9061807,0 80.1065426,12.9062495,0 80.1066343,12.9064323,0 80.1066801,12.9064553,0 80.1067030,12.9065239,0 80.1066573,12.9066378,0 80.1065886,12.9066831,0 80.1065887,12.9067287,0 80.1063598,12.9069103,0 80.1062911,12.9069100,0 80.1062225,12.9069781,0 80.1057654,12.9084134,0 80.1057425,12.9084133,0 80.1057427,12.9088240,0 80.1057656,12.9088241,0 80.1057659,12.9092575,0 80.1056514,12.9093255,0 80.1056286,12.9093710,0 80.1054226,12.9094386,0 80.1051479,12.9095971,0 80.1050792,12.9095968,0 80.1046214,12.9098459,0 80.1045528,12.9098912,0 80.1043696,12.9099589,0 80.1043468,12.9100044,0 80.1041636,12.9100721,0 80.1041408,12.9101177,0 80.1039576,12.9101853,0 80.1039348,12.9102309,0 80.1037516,12.9102985,0 80.1037288,12.9103441,0 80.1035456,12.9104118,0 80.1035228,12.9104573,0 80.1033396,12.9105250,0 80.1033168,12.9105705,0 80.1031336,12.9106382,0 80.1031108,12.9106837,0 80.1030192,12.9107061,0 80.1029735,12.9107744,0 80.1029278,12.9110480,0 80.1029049,12.9110479,0 80.1029050,12.9111619,0 80.1028593,12.9112530,0 80.1028593,12.9113442,0 80.1026991,12.9114576,0 80.1026762,12.9115032,0 80.1025160,12.9115481,0 80.1024473,12.9115935,0 80.1023558,12.9117300,0 80.1023100,12.9117298,0 80.1022414,12.9118207,0 80.1021956,12.9118206,0 80.1020583,12.9120253,0 80.1019210,12.9120247,0 80.1018294,12.9119787,0 80.1018064,12.9119330,0 80.1017148,12.9118870,0 80.1013943,12.9118857,0 80.1013485,12.9118399,0 80.1013255,12.9117485,0 80.1012797,12.9116799,0 80.1011193,12.9115424,0 80.1010964,12.9114966,0 80.1009589,12.9113364,0 80.1009131,12.9113362,0 80.1008215,12.9112218,0 80.1007757,12.9112216,0 80.1007299,12.9111529,0 80.1006841,12.9111528,0 80.1006382,12.9110841,0 80.1004550,12.9109921,0 80.1003634,12.9108777,0 80.1003176,12.9108775,0 80.1002259,12.9107630,0 80.1001801,12.9107629,0 80.1000885,12.9106484,0 80.1000427,12.9106482,0 80.0999739,12.9105567,0 80.0999282,12.9105565,0 80.0998136,12.9104192,0 80.0997678,12.9104190,0 80.0996991,12.9103274,0 80.0996533,12.9103272,0 80.0995387,12.9101899,0 80.0994929,12.9101897,0 80.0994242,12.9100982,0 80.0993784,12.9100980,0 80.0992867,12.9099835,0 80.0992409,12.9099834,0 80.0991493,12.9098689,0 80.0991035,12.9098687,0 80.0990118,12.9097543,0 80.0989660,12.9097541,0 80.0988744,12.9096397,0 80.0988286,12.9096395,0 80.0987370,12.9095250,0 80.0986912,12.9095248,0 80.0986224,12.9094333,0 80.0985766,12.9094331,0 80.0984850,12.9093187,0 80.0984392,12.9093185,0 80.0983475,12.9092040,0 80.0983017,12.9092039,0 80.0982101,12.9090894,0 80.0981643,12.9090892,0 80.0980726,12.9089748,0 80.0980268,12.9089518,0 80.0976603,12.9086081,0 80.0976603,12.9085625,0 80.0975916,12.9085166,0 80.0975915,12.9084709,0 80.0974999,12.9084021,0 80.0974999,12.9083565,0 80.0974312,12.9083106,0 80.0974311,12.9082650,0 80.0973624,12.9082190,0 80.0973624,12.9081734,0 80.0972937,12.9081275,0 80.0972937,12.9080819,0 80.0972249,12.9080360,0 80.0972249,12.9079904,0 80.0971562,12.9079444,0 80.0971562,12.9078988,0 80.0970875,12.9078529,0 80.0970874,12.9078073,0 80.0970187,12.9077614,0 80.0969729,12.9076471,0 80.0968812,12.9075783,0 80.0968812,12.9075327,0 80.0968125,12.9074868,0 80.0968125,12.9074412,0 80.0967437,12.9073952,0 80.0967437,12.9073496,0 80.0966750,12.9073037,0 80.0966750,12.9072581,0 80.0966063,12.9072122,0 80.0966062,12.9071666,0 80.0965375,12.9071206,0 80.0965375,12.9070750,0 80.0964688,12.9070291,0 80.0964688,12.9069835,0 80.0964000,12.9069376,0 80.0964000,12.9068920,0 80.0963313,12.9068460,0 80.0963313,12.9068004,0 80.0962626,12.9067545,0 80.0962625,12.9067089,0 80.0961938,12.9066630,0 80.0961938,12.9066174,0 80.0961251,12.9065714,0 80.0961250,12.9065258,0 80.0960563,12.9064799,0 80.0960105,12.9063657,0 80.0959418,12.9063197,0 80.0959417,12.9062741,0 80.0958501,12.9062053,0 80.0958501,12.9061597,0 80.0957814,12.9061138,0 80.0957813,12.9060682,0 80.0957126,12.9060222,0 80.0957126,12.9059766,0 80.0956439,12.9059307,0 80.0956439,12.9058851,0 80.0955751,12.9058392,0 80.0955293,12.9057249,0 80.0954606,12.9056790,0 80.0954605,12.9056334,0 80.0953918,12.9055875,0 80.0953918,12.9055419,0 80.0953002,12.9054730,0 80.0953001,12.9054274,0 80.0953001,12.9053134,0 80.0953230,12.9053134,0 80.0953229,12.9051309,0 80.0953458,12.9051310,0 80.0953457,12.9050170,0 80.0953685,12.9049258,0 80.0954143,12.9048576,0 80.0954142,12.9047207,0 80.0953684,12.9047205,0 80.0953226,12.9046519,0 80.0952768,12.9046517,0 80.0952310,12.9045831,0 80.0949790,12.9044452,0 80.0949790,12.9043995,0 80.0949103,12.9043536,0 80.0949103,12.9043080,0 80.0948415,12.9042621,0 80.0948415,12.9042165,0 80.0947728,12.9041706,0 80.0947728,12.9041249,0 80.0947041,12.9040790,0 80.0946582,12.9039648,0 80.0945895,12.9039189,0 80.0945895,12.9038732,0 80.0945207,12.9038273,0 80.0945207,12.9037817,0 80.0944520,12.9037358,0 80.0944520,12.9036902,0 80.0943833,12.9036443,0 80.0943832,12.9035986,0 80.0943145,12.9035527,0 80.0943145,12.9035071,0 80.0942458,12.9034612,0 80.0942458,12.9034156,0 80.0941770,12.9033697,0 80.0941312,12.9032554,0 80.0940625,12.9032095,0 80.0940624,12.9031639,0 80.0939937,12.9031180,0 80.0939937,12.9030723,0 80.0939250,12.9030264,0 80.0939250,12.9029808,0 80.0938562,12.9029349,0 80.0938562,12.9028893,0 80.0937875,12.9028434,0 80.0937875,12.9027977,0 80.0937188,12.9027518,0 80.0937187,12.9027062,0 80.0936500,12.9026603,0 80.0936500,12.9026147,0 80.0935813,12.9025688,0 80.0935354,12.9024545,0 80.0934667,12.9024086,0 80.0934667,12.9023630,0 80.0933980,12.9023171,0 80.0933979,12.9022714,0 80.0933292,12.9022255,0 80.0933292,12.9021799,0 80.0932605,12.9021340,0 80.0932604,12.9020884,0 80.0931917,12.9020425,0 80.0931917,12.9019968,0 80.0931230,12.9019509,0 80.0931230,12.9019053,0 80.0930542,12.9018594,0 80.0930542,12.9018138,0 80.0929855,12.9017679,0 80.0929396,12.9016536,0 80.0928709,12.9016077,0 80.0928709,12.9015621,0 80.0928022,12.9015162,0 80.0928022,12.9014706,0 80.0927334,12.9014246,0 80.0927334,12.9013790,0 80.0926647,12.9013331,0 80.0926647,12.9012875,0 80.0925960,12.9012416,0 80.0925959,12.9011960,0 80.0925272,12.9011500,0 80.0925272,12.9011044,0 80.0924585,12.9010585,0 80.0924585,12.9010129,0 80.0923897,12.9009670,0 80.0923439,12.9008527,0 80.0922752,12.9008068,0 80.0922293,12.9006926,0 80.0921606,12.9006467,0 80.0921606,12.9006010,0 80.0920918,12.9005551,0 80.0920460,12.9004409,0 80.0919773,12.9003950,0 80.0918398,12.9001663,0 80.0918397,12.9000978,0 80.0917939,12.9000748,0 80.0917939,12.9000064,0 80.0916793,12.8998234,0 80.0916334,12.8996179,0 80.0915646,12.8995492,0 80.0915189,12.8995490,0 80.0913127,12.8993200,0 80.0912669,12.8992970,0 80.0910607,12.8991137,0 80.0910607,12.8990681,0 80.0909919,12.8990222,0 80.0909461,12.8989079,0 80.0908774,12.8988620,0 80.0908773,12.8988164,0 80.0908086,12.8987705,0 80.0907628,12.8986562,0 80.0906940,12.8986103,0 80.0906482,12.8984960,0 80.0905795,12.8984501,0 80.0905336,12.8983359,0 80.0904649,12.8982900,0 80.0904190,12.8981757,0 80.0903503,12.8981298,0 80.0903045,12.8980156,0 80.0902358,12.8979697,0 80.0902357,12.8979240,0 80.0901670,12.8978781,0 80.0901212,12.8977639,0 80.0900524,12.8977180,0 80.0899608,12.8975579,0 80.0899607,12.8973754,0 80.0899378,12.8973753,0 80.0899377,12.8971928,0 80.0899147,12.8971471,0</coordinates></LinearRing></outerBoundaryIs></Polygon></MultiGeometry></Placemark>
<Placemark><name>62</name><ExtendedData><SchemaData schemaUrl="#tambaram_wards"><SimpleData name="id_2">TMB_62</SimpleData><SimpleData name="name">62</SimpleData><SimpleData name="zone">5</SimpleData></SchemaData></ExtendedData><MultiGeometry><Polygon><outerBoundaryIs><LinearRing><coordinates>80.1020583,12.9120253,0 80.1021956,12.9118206,0 80.1022414,12.9118207,0 80.1023100,12.9117298,0 80.1023558,12.9117300,0 80.1024473,12.9115935,0 80.1025160,12.9115481,0 80.1026762,12.9115032,0 80.1026991,12.9114576,0 80.1028593,12.9113442,0 80.1028593,12.9112530,0 80.1029050,12.9111619,0 80.1029049,12.9110479,0 80.1029278,12.9110480,0 80.1029735,12.9107744,0 80.1030192,12.9107061,0 80.1031108,12.9106837,0 80.1031336,12.9106382,0 80.1033168,12.9105705,0 80.1033396,12.9105250,0 80.1035228,12.9104573,0 80.1035456,12.9104118,0 80.1037288,12.9103441,0 80.1037516,12.9102985,0 80.1039348,12.9102309,0 80.1039576,12.9101853,0 80.1041408,12.9101177,0 80.1041636,12.9100721,0 80.1043468,12.9100044,0 80.1043696,12.9099589,0 80.1045528,12.9098912,0 80.1046214,12.9098459,0 80.1050792,12.9095968,0 80.1051479,12.9095971,0 80.1054226,12.9094386,0 80.1056286,12.9093710,0 80.1056514,12.9093255,0 80.1057659,12.9092575,0 80.1057656,12.9088241,0 80.1057427,12.9088240,0 80.1057425,12.9084133,0 80.1057654,12.9084134,0 80.1062225,12.9069781,0 80.1062911,12.9069100,0 80.1063598,12.9069103,0 80.1065887,12.9067287,0 80.1065886,12.9066831,0 80.1066573,12.9066378,0 80.1067030,12.9065239,0 80.1068404,12.9065244,0 80.1073898,12.9063670,0 80.1075272,12.9063676,0 80.1077103,12.9062999,0 80.1078019,12.9063003,0 80.1078477,12.9062549,0 80.1079393,12.9062552,0 80.1080079,12.9062099,0 80.1088321,12.9060308,0 80.1088321,12.9060080,0 80.1089923,12.9060086,0 80.1090381,12.9059632,0 80.1091984,12.9059639,0 80.1092441,12.9059184,0 80.1094044,12.9059191,0 80.1094502,12.9058737,0 80.1095647,12.9058741,0 80.1096562,12.9058289,0 80.1097707,12.9058294,0 80.1098623,12.9057841,0 80.1099767,12.9057846,0 80.1100683,12.9057393,0 80.1101828,12.9057398,0 80.1102743,12.9056946,0 80.1103888,12.9056950,0 80.1104804,12.9056498,0 80.1105949,12.9056503,0 80.1106864,12.9056050,0 80.1108009,12.9056055,0 80.1108924,12.9055602,0 80.1110069,12.9055607,0 80.1110069,12.9055379,0 80.1111672,12.9055386,0 80.1112130,12.9054931,0 80.1113732,12.9054938,0 80.1114190,12.9054484,0 80.1115793,12.9054490,0 80.1116250,12.9054036,0 80.1117853,12.9054042,0 80.1118311,12.9053588,0 80.1119455,12.9053593,0 80.1120371,12.9053140,0 80.1121516,12.9053145,0 80.1122431,12.9052693,0 80.1123576,12.9052697,0 80.1124492,12.9052245,0 80.1125637,12.9052250,0 80.1126552,12.9051797,0 80.1127697,12.9051802,0 80.1128613,12.9051349,0 80.1129757,12.9051354,0 80.1130673,12.9050902,0 80.1131818,12.9050906,0 80.1132733,12.9050454,0 80.1133878,12.9050459,0 80.1134794,12.9050006,0 80.1135710,12.9050010,0 80.1135939,12.9051380,0 80.1136627,12.9052751,0 80.1136627,12.9053436,0 80.1137086,12.9053894,0 80.1137089,12.9059597,0 80.1136860,12.9059596,0 80.1136866,12.9069177,0 80.1136637,12.9069176,0 80.1136640,12.9074423,0 80.1136411,12.9074422,0 80.1136412,12.9076247,0 80.1135954,12.9076702,0 80.1135955,12.9077386,0 80.1135497,12.9077612,0 80.1135268,12.9078524,0 80.1134811,12.9079206,0 80.1134124,12.9079660,0 80.1133896,12.9080571,0 80.1133209,12.9081025,0 80.1133209,12.9081481,0 80.1132294,12.9082161,0 80.1132294,12.9082618,0 80.1131608,12.9083071,0 80.1131150,12.9084210,0 80.1130464,12.9084663,0 80.1130464,12.9085119,0 80.1129777,12.9085573,0 80.1129778,12.9086029,0 80.1129091,12.9086483,0 80.1129091,12.9086939,0 80.1128405,12.9087392,0 80.1128405,12.9087848,0 80.1127718,12.9088302,0 80.1126346,12.9090806,0 80.1125888,12.9091032,0 80.1125660,12.9091943,0 80.1123829,12.9094217,0 80.1122458,12.9097633,0 80.1121772,12.9098771,0 80.1122001,12.9099684,0 80.1122002,12.9101509,0 80.1122231,12.9101510,0 80.1122236,12.9110407,0 80.1122007,12.9110406,0 80.1122008,12.9111547,0 80.1121551,12.9112458,0 80.1121551,12.9113598,0 80.1120637,12.9116332,0 80.1120638,12.9117472,0 80.1119952,12.9119295,0 80.1119953,12.9120435,0 80.1119724,12.9120434,0 80.1119724,12.9121575,0 80.1119038,12.9123397,0 80.1119039,12.9124310,0 80.1118582,12.9125448,0 80.1118124,12.9125675,0 80.1117895,12.9126586,0 80.1116980,12.9127495,0 80.1116980,12.9127951,0 80.1116294,12.9128404,0 80.1116294,12.9128861,0 80.1114692,12.9129995,0 80.1114234,12.9130677,0 80.1113319,12.9130902,0 80.1113090,12.9131357,0 80.1112174,12.9131581,0 80.1111946,12.9132037,0 80.1107825,12.9133844,0 80.1107597,12.9134300,0 80.1103934,12.9135882,0 80.1103706,12.9136337,0 80.1101417,12.9137240,0 80.1101188,12.9137695,0 80.1099357,12.9138372,0 80.1099128,12.9138827,0 80.1096839,12.9139730,0 80.1096610,12.9140186,0 80.1094321,12.9141089,0 80.1094092,12.9141544,0 80.1091803,12.9142447,0 80.1091575,12.9142902,0 80.1090201,12.9143353,0 80.1089514,12.9143806,0 80.1087455,12.9146079,0 80.1087455,12.9146763,0 80.1086769,12.9147217,0 80.1086311,12.9148127,0 80.1086312,12.9149268,0 80.1086770,12.9149498,0 80.1087000,12.9151324,0 80.1087458,12.9151782,0 80.1087459,12.9152467,0 80.1089751,12.9156582,0 80.1089981,12.9158180,0 80.1090439,12.9158866,0 80.1090669,12.9160692,0 80.1091815,12.9162294,0 80.1092044,12.9163207,0 80.1093419,12.9164810,0 80.1093419,12.9165266,0 80.1094336,12.9165954,0 80.1095023,12.9166185,0 80.1095480,12.9165731,0 80.1096167,12.9165734,0 80.1097083,12.9165053,0 80.1097769,12.9165056,0 80.1098227,12.9164602,0 80.1099601,12.9164379,0 80.1100058,12.9163925,0 80.1104637,12.9162803,0 80.1105324,12.9162350,0 80.1109216,12.9162366,0 80.1109903,12.9163053,0 80.1110590,12.9163284,0 80.1111049,12.9164655,0 80.1111507,12.9164885,0 80.1112425,12.9168310,0 80.1112654,12.9168311,0 80.1112655,12.9170136,0 80.1112884,12.9170137,0 80.1112886,12.9173103,0 80.1113114,12.9173104,0 80.1113115,12.9174472,0 80.1113574,12.9175159,0 80.1113574,12.9176071,0 80.1114032,12.9176757,0 80.1114033,12.9177670,0 80.1114720,12.9178357,0 80.1114950,12.9179271,0 80.1115408,12.9179501,0 80.1115637,12.9180414,0 80.1116095,12.9180644,0 80.1116325,12.9181329,0 80.1117470,12.9181562,0 80.1117699,12.9182019,0 80.1118615,12.9182251,0 80.1119990,12.9184082,0 80.1120677,12.9184541,0 80.1120677,12.9184997,0 80.1121593,12.9185685,0 80.1122282,12.9188654,0 80.1122511,12.9188655,0 80.1122512,12.9190936,0 80.1120910,12.9191386,0 80.1120910,12.9191614,0 80.1119078,12.9191606,0 80.1117935,12.9193655,0 80.1117019,12.9194335,0 80.1116332,12.9194332,0 80.1114730,12.9195466,0 80.1114044,12.9195692,0 80.1114044,12.9196148,0 80.1113357,12.9196601,0 80.1113129,12.9197741,0 80.1112442,12.9197966,0 80.1111527,12.9198647,0 80.1110382,12.9198642,0 80.1110382,12.9198414,0 80.1108779,12.9197495,0 80.1107862,12.9196579,0 80.1107404,12.9196577,0 80.1106030,12.9194974,0 80.1105114,12.9194742,0 80.1104426,12.9193827,0 80.1103968,12.9193825,0 80.1103281,12.9192910,0 80.1102823,12.9192908,0 80.1102135,12.9191993,0 80.1101678,12.9191991,0 80.1100990,12.9191075,0 80.1100532,12.9191073,0 80.1099845,12.9190158,0 80.1099387,12.9190156,0 80.1098699,12.9189241,0 80.1098241,12.9189239,0 80.1097554,12.9188324,0 80.1097096,12.9188322,0 80.1096409,12.9187406,0 80.1095951,12.9187405,0 80.1095263,12.9186489,0 80.1094805,12.9186487,0 80.1094118,12.9185572,0 80.1093660,12.9185570,0 80.1092973,12.9184655,0 80.1092515,12.9184653,0 80.1091827,12.9183738,0 80.1091369,12.9183736,0 80.1090682,12.9182820,0 80.1090224,12.9182818,0 80.1089537,12.9181903,0 80.1089079,12.9181901,0 80.1088391,12.9180986,0 80.1087933,12.9180984,0 80.1087246,12.9180069,0 80.1086788,12.9180067,0 80.1086101,12.9179151,0 80.1084956,12.9178690,0 80.1084497,12.9178004,0 80.1084039,12.9178002,0 80.1083581,12.9177316,0 80.1083123,12.9177314,0 80.1082665,12.9176628,0 80.1081520,12.9176167,0 80.1081061,12.9175481,0 80.1080603,12.9175479,0 80.1080145,12.9174792,0 80.1079687,12.9174791,0 80.1079229,12.9174104,0 80.1078084,12.9173643,0 80.1077625,12.9172957,0 80.1077168,12.9172955,0 80.1076709,12.9172269,0 80.1076251,12.9172267,0 80.1075793,12.9171581,0 80.1074648,12.9171120,0 80.1074190,12.9170434,0 80.1073732,12.9170432,0 80.1073273,12.9169745,0 80.1072815,12.9169743,0 80.1069379,12.9166079,0 80.1068921,12.9166077,0 80.1065484,12.9162413,0 80.1065026,12.9162411,0 80.1061590,12.9158747,0 80.1061132,12.9158745,0 80.1057925,12.9155310,0 80.1057467,12.9155308,0 80.1052426,12.9150041,0 80.1051968,12.9150039,0 80.1051052,12.9149122,0 80.1049678,12.9148661,0 80.1049449,12.9148203,0 80.1049448,12.9147063,0 80.1048303,12.9146602,0 80.1047616,12.9145686,0 80.1047158,12.9145685,0 80.1046699,12.9144998,0 80.1045325,12.9144536,0 80.1045096,12.9143623,0 80.1044180,12.9142935,0 80.1043950,12.9142478,0 80.1041430,12.9139730,0 80.1040972,12.9139728,0 80.1039827,12.9138354,0 80.1038682,12.9137893,0 80.1036849,12.9136745,0 80.1036849,12.9136289,0 80.1036162,12.9135830,0 80.1035017,12.9135825,0 80.1034330,12.9135366,0 80.1034558,12.9134454,0 80.1034557,12.9132401,0 80.1034328,12.9131488,0 80.1033411,12.9130800,0 80.1032725,12.9130797,0 80.1032266,12.9130339,0 80.1030892,12.9130105,0 80.1030205,12.9129646,0 80.1029747,12.9128960,0 80.1028144,12.9128953,0 80.1028144,12.9128725,0 80.1026770,12.9127807,0 80.1026540,12.9127121,0 80.1026540,12.9125981,0 80.1026310,12.9125295,0 80.1024478,12.9124375,0 80.1023562,12.9123003,0 80.1023104,12.9123001,0 80.1020813,12.9120938,0 80.1020583,12.9120253,0</coordinates></LinearRing></outerBoundaryIs></Polygon></MultiGeometry></Placemark>
<Placemark><name>63</name><ExtendedData><SchemaData schemaUrl="#tambaram_wards"><SimpleData name="id_2">TMB_63</SimpleData><SimpleData name="name">63</SimpleData><SimpleData name="zone">5</SimpleData></SchemaData></ExtendedData><MultiGeometry><Polygon><outerBoundaryIs><LinearRing><coordinates>80.1135710,12.9050010,0 80.1135938,12.9049783,0 80.1137541,12.9049789,0 80.1137999,12.9049335,0 80.1139602,12.9049342,0 80.1140059,12.9048887,0 80.1141662,12.9048894,0 80.1142120,12.9048440,0 80.1143722,12.9048446,0 80.1144180,12.9047992,0 80.1145783,12.9047998,0 80.1146240,12.9047544,0 80.1147843,12.9047551,0 80.1148301,12.9047096,0 80.1149903,12.9047103,0 80.1150362,12.9047333,0 80.1151049,12.9048248,0 80.1151507,12.9048250,0 80.1153111,12.9050082,0 80.1153569,12.9050084,0 80.1154256,12.9051227,0 80.1155401,12.9051688,0 80.1157005,12.9053520,0 80.1157463,12.9053522,0 80.1158150,12.9054665,0 80.1159296,12.9055126,0 80.1160670,12.9056729,0 80.1161128,12.9056731,0 80.1162732,12.9058562,0 80.1163190,12.9058564,0 80.1163877,12.9059708,0 80.1165023,12.9060169,0 80.1166626,12.9062000,0 80.1167084,12.9062002,0 80.1168459,12.9063605,0 80.1168917,12.9063606,0 80.1169833,12.9064751,0 80.1170520,12.9064982,0 80.1170521,12.9065438,0 80.1171208,12.9065441,0 80.1171895,12.9066356,0 80.1172353,12.9066358,0 80.1172811,12.9067044,0 80.1173269,12.9067046,0 80.1173727,12.9067733,0 80.1174185,12.9067734,0 80.1174644,12.9068421,0 80.1175331,12.9068652,0 80.1175331,12.9069108,0 80.1176018,12.9069111,0 80.1176705,12.9070026,0 80.1177163,12.9070028,0 80.1177622,12.9070714,0 80.1178079,12.9070716,0 80.1178538,12.9071402,0 80.1179225,12.9071633,0 80.1179225,12.9072090,0 80.1179912,12.9072092,0 80.1180599,12.9073008,0 80.1181057,12.9073010,0 80.1181516,12.9073696,0 80.1181974,12.9073698,0 80.1182432,12.9074384,0 80.1182890,12.9074386,0 80.1183348,12.9075072,0 80.1184035,12.9075303,0 80.1184035,12.9075759,0 80.1184951,12.9075991,0 80.1185410,12.9076678,0 80.1185868,12.9076680,0 80.1186326,12.9077366,0 80.1186784,12.9077368,0 80.1187242,12.9078054,0 80.1187929,12.9078285,0 80.1187929,12.9078741,0 80.1188616,12.9078744,0 80.1189304,12.9079659,0 80.1189762,12.9079661,0 80.1190220,12.9080348,0 80.1190678,12.9080349,0 80.1191136,12.9081036,0 80.1191823,12.9081267,0 80.1191824,12.9081723,0 80.1192510,12.9081726,0 80.1192740,12.9082411,0 80.1193656,12.9082871,0 80.1197090,12.9082885,0 80.1197090,12.9082657,0 80.1200525,12.9082671,0 80.1200524,12.9082443,0 80.1203959,12.9082457,0 80.1203959,12.9082229,0 80.1207393,12.9082243,0 80.1207393,12.9082015,0 80.1211056,12.9082030,0 80.1211056,12.9081802,0 80.1214491,12.9081816,0 80.1214491,12.9081588,0 80.1217238,12.9081600,0 80.1217925,12.9081146,0 80.1218841,12.9081150,0 80.1219527,12.9080697,0 80.1220443,12.9080472,0 80.1221588,12.9080477,0 80.1221816,12.9080022,0 80.1223190,12.9079799,0 80.1224334,12.9079120,0 80.1225250,12.9079123,0 80.1225479,12.9078668,0 80.1226395,12.9078672,0 80.1226623,12.9078217,0 80.1227539,12.9078220,0 80.1228226,12.9077539,0 80.1228913,12.9077542,0 80.1229370,12.9077087,0 80.1230744,12.9076865,0 80.1231202,12.9076411,0 80.1231889,12.9076413,0 80.1232346,12.9075959,0 80.1233033,12.9075962,0 80.1233491,12.9075507,0 80.1234178,12.9075510,0 80.1234635,12.9075056,0 80.1235322,12.9075059,0 80.1235780,12.9074604,0 80.1236467,12.9074607,0 80.1237611,12.9073928,0 80.1238527,12.9073931,0 80.1239213,12.9073250,0 80.1240587,12.9073027,0 80.1241045,12.9072573,0 80.1241732,12.9072576,0 80.1242876,12.9071896,0 80.1243792,12.9071900,0 80.1244021,12.9071445,0 80.1244936,12.9071449,0 80.1245623,12.9070767,0 80.1246997,12.9070545,0 80.1247454,12.9070090,0 80.1248141,12.9070093,0 80.1249285,12.9069413,0 80.1250201,12.9069417,0 80.1250887,12.9067139,0 80.1251345,12.9066913,0 80.1251344,12.9065772,0 80.1251802,12.9065318,0 80.1251801,12.9064633,0 80.1252488,12.9063723,0 80.1253861,12.9063501,0 80.1253861,12.9063273,0 80.1255006,12.9063278,0 80.1255464,12.9062823,0 80.1256608,12.9062828,0 80.1256837,12.9062373,0 80.1258211,12.9062378,0 80.1258439,12.9061923,0 80.1259813,12.9061929,0 80.1260042,12.9061473,0 80.1260958,12.9061477,0 80.1262789,12.9060572,0 80.1262789,12.9061029,0 80.1263476,12.9061488,0 80.1263935,12.9062630,0 80.1264851,12.9063318,0 80.1265310,12.9064005,0 80.1265312,12.9067655,0 80.1265083,12.9067654,0 80.1265084,12.9069707,0 80.1264855,12.9069706,0 80.1264856,12.9071759,0 80.1264627,12.9071758,0 80.1264628,12.9073811,0 80.1264399,12.9073810,0 80.1264401,12.9075863,0 80.1264172,12.9075862,0 80.1264173,12.9077915,0 80.1263944,12.9077914,0 80.1263945,12.9079968,0 80.1263716,12.9079967,0 80.1263717,12.9082248,0 80.1263489,12.9082247,0 80.1263490,12.9084300,0 80.1263261,12.9084299,0 80.1263262,12.9086352,0 80.1263033,12.9086351,0 80.1263034,12.9088404,0 80.1262805,12.9088403,0 80.1262806,12.9090457,0 80.1262577,12.9090456,0 80.1262579,12.9092509,0 80.1262350,12.9092508,0 80.1262351,12.9094561,0 80.1262122,12.9094560,0 80.1262123,12.9096613,0 80.1261894,12.9096612,0 80.1261895,12.9098665,0 80.1261666,12.9098664,0 80.1261668,12.9100717,0 80.1261439,12.9100717,0 80.1261440,12.9102770,0 80.1261211,12.9102769,0 80.1261212,12.9104822,0 80.1260983,12.9104821,0 80.1260984,12.9106874,0 80.1260755,12.9106873,0 80.1260757,12.9109154,0 80.1260528,12.9109153,0 80.1260529,12.9111206,0 80.1260300,12.9111206,0 80.1260301,12.9113259,0 80.1260072,12.9113258,0 80.1260073,12.9115311,0 80.1259844,12.9115310,0 80.1259846,12.9117363,0 80.1259617,12.9117362,0 80.1259619,12.9120556,0 80.1259390,12.9120555,0 80.1259391,12.9122380,0 80.1260078,12.9123751,0 80.1260079,12.9124664,0 80.1260537,12.9125122,0 80.1260767,12.9126036,0 80.1260767,12.9127176,0 80.1260996,12.9127177,0 80.1260997,12.9128318,0 80.1261455,12.9129232,0 80.1261456,12.9130373,0 80.1261914,12.9131287,0 80.1261915,12.9132428,0 80.1262603,12.9134256,0 80.1262604,12.9135168,0 80.1263062,12.9135854,0 80.1263062,12.9136767,0 80.1263521,12.9137453,0 80.1263751,12.9139279,0 80.1264209,12.9139965,0 80.1264210,12.9140878,0 80.1264668,12.9141564,0 80.1264669,12.9142477,0 80.1265127,12.9143163,0 80.1265127,12.9144075,0 80.1265586,12.9144762,0 80.1265586,12.9145674,0 80.1266045,12.9146360,0 80.1266275,12.9148186,0 80.1266962,12.9149558,0 80.1267192,12.9151384,0 80.1267651,12.9152070,0 80.1268340,12.9155723,0 80.1268569,12.9155724,0 80.1268569,12.9156865,0 80.1268798,12.9156865,0 80.1268799,12.9158006,0 80.1269028,12.9158007,0 80.1269029,12.9159148,0 80.1269258,12.9159149,0 80.1269258,12.9160289,0 80.1269487,12.9160290,0 80.1269488,12.9161431,0 80.1269717,12.9161432,0 80.1269718,12.9162800,0 80.1269947,12.9162801,0 80.1269947,12.9163942,0 80.1270176,12.9163943,0 80.1270177,12.9165084,0 80.1270406,12.9165085,0 80.1270406,12.9166225,0 80.1270635,12.9166226,0 80.1270636,12.9167595,0 80.1270865,12.9167596,0 80.1270867,12.9171246,0 80.1271096,12.9171247,0 80.1271100,12.9177178,0 80.1271329,12.9177179,0 80.1271332,12.9183110,0 80.1271561,12.9183111,0 80.1271565,12.9189042,0 80.1271794,12.9189043,0 80.1271797,12.9195431,0 80.1272026,12.9195432,0 80.1272030,12.9201591,0 80.1272259,12.9201592,0 80.1272261,12.9205014,0 80.1272490,12.9205015,0 80.1272491,12.9207296,0 80.1272720,12.9207297,0 80.1272721,12.9209350,0 80.1272950,12.9209351,0 80.1272952,12.9211632,0 80.1273181,12.9211633,0 80.1273182,12.9213915,0 80.1273411,12.9213916,0 80.1273412,12.9216425,0 80.1273641,12.9216426,0 80.1273643,12.9218707,0 80.1273872,12.9218708,0 80.1273876,12.9226692,0 80.1273189,12.9226918,0 80.1271816,12.9227824,0 80.1270214,12.9228274,0 80.1268611,12.9228267,0 80.1268611,12.9228496,0 80.1265635,12.9228483,0 80.1265635,12.9228711,0 80.1261285,12.9228693,0 80.1261285,12.9228922,0 80.1256934,12.9228904,0 80.1256935,12.9229132,0 80.1252584,12.9229114,0 80.1252584,12.9229342,0 80.1248234,12.9229324,0 80.1248234,12.9229552,0 80.1243884,12.9229534,0 80.1243884,12.9229762,0 80.1239534,12.9229744,0 80.1239534,12.9229972,0 80.1235184,12.9229954,0 80.1235184,12.9230183,0 80.1230834,12.9230165,0 80.1230834,12.9230393,0 80.1226255,12.9230374,0 80.1226255,12.9230602,0 80.1221904,12.9230584,0 80.1221905,12.9230812,0 80.1217554,12.9230794,0 80.1217554,12.9231022,0 80.1213204,12.9231004,0 80.1213204,12.9231232,0 80.1208854,12.9231214,0 80.1208854,12.9231443,0 80.1204504,12.9231425,0 80.1204504,12.9231653,0 80.1202443,12.9231644,0 80.1202444,12.9231872,0 80.1200154,12.9231863,0 80.1200154,12.9232091,0 80.1197864,12.9232082,0 80.1197865,12.9232310,0 80.1195804,12.9232301,0 80.1195804,12.9232529,0 80.1193514,12.9232520,0 80.1193515,12.9232748,0 80.1191225,12.9232738,0 80.1191225,12.9232967,0 80.1189164,12.9232958,0 80.1189165,12.9233186,0 80.1186875,12.9233177,0 80.1186875,12.9233405,0 80.1184585,12.9233395,0 80.1184586,12.9233624,0 80.1182525,12.9233615,0 80.1182525,12.9233843,0 80.1180235,12.9233834,0 80.1180236,12.9234062,0 80.1177946,12.9234052,0 80.1177946,12.9234281,0 80.1176343,12.9234274,0 80.1175428,12.9234498,0 80.1174741,12.9234952,0 80.1171078,12.9235621,0 80.1170391,12.9236074,0 80.1165355,12.9237194,0 80.1164897,12.9237877,0 80.1163524,12.9238783,0 80.1163295,12.9238782,0 80.1161691,12.9236951,0 80.1161234,12.9236949,0 80.1160317,12.9235805,0 80.1159859,12.9235803,0 80.1159172,12.9234887,0 80.1158714,12.9234885,0 80.1158255,12.9234199,0 80.1157798,12.9234197,0 80.1157110,12.9233282,0 80.1156652,12.9233280,0 80.1155965,12.9232365,0 80.1155507,12.9232363,0 80.1154819,12.9231448,0 80.1154362,12.9231446,0 80.1153674,12.9230530,0 80.1153216,12.9230528,0 80.1152529,12.9229613,0 80.1152071,12.9229611,0 80.1151383,12.9228696,0 80.1150926,12.9228694,0 80.1150238,12.9227779,0 80.1149780,12.9227777,0 80.1149093,12.9226861,0 80.1148635,12.9226860,0 80.1147947,12.9225944,0 80.1147489,12.9225942,0 80.1146802,12.9225027,0 80.1146344,12.9225025,0 80.1145657,12.9224110,0 80.1145199,12.9224108,0 80.1144511,12.9223192,0 80.1144053,12.9223191,0 80.1143366,12.9222275,0 80.1142908,12.9222273,0 80.1142221,12.9221358,0 80.1141763,12.9221356,0 80.1140846,12.9220212,0 80.1140388,12.9220210,0 80.1139701,12.9219295,0 80.1138785,12.9219063,0 80.1137410,12.9217460,0 80.1135807,12.9216541,0 80.1133974,12.9214480,0 80.1133516,12.9214478,0 80.1132829,12.9213563,0 80.1132371,12.9213561,0 80.1131225,12.9212188,0 80.1130767,12.9212186,0 80.1130080,12.9211270,0 80.1129622,12.9211269,0 80.1128705,12.9210124,0 80.1128248,12.9210122,0 80.1127331,12.9208978,0 80.1126873,12.9208976,0 80.1125957,12.9207832,0 80.1125499,12.9207830,0 80.1124582,12.9206685,0 80.1124124,12.9206683,0 80.1123437,12.9205768,0 80.1122979,12.9205766,0 80.1122062,12.9204622,0 80.1121604,12.9204620,0 80.1120688,12.9203475,0 80.1120230,12.9203474,0 80.1119314,12.9202329,0 80.1118856,12.9202327,0 80.1117939,12.9201183,0 80.1117481,12.9201181,0 80.1116794,12.9200266,0 80.1116336,12.9200264,0 80.1115419,12.9199119,0 80.1114961,12.9199117,0 80.1114274,12.9198202,0 80.1113129,12.9197741,0 80.1113357,12.9196601,0 80.1114044,12.9196148,0 80.1114044,12.9195692,0 80.1114730,12.9195466,0 80.1116332,12.9194332,0 80.1117019,12.9194335,0 80.1117935,12.9193655,0 80.1119078,12.9191606,0 80.1120910,12.9191614,0 80.1120910,12.9191386,0 80.1122512,12.9190936,0 80.1122511,12.9188655,0 80.1122282,12.9188654,0 80.1121593,12.9185685,0 80.1120677,12.9184997,0 80.1120677,12.9184541,0 80.1119990,12.9184082,0 80.1118615,12.9182251,0 80.1117699,12.9182019,0 80.1117470,12.9181562,0 80.1116325,12.9181329,0 80.1116095,12.9180644,0 80.1115637,12.9180414,0 80.1115408,12.9179501,0 80.1114950,12.9179271,0 80.1114720,12.9178357,0 80.1114033,12.9177670,0 80.1114032,12.9176757,0 80.1113574,12.9176071,0 80.1113574,12.9175159,0 80.1113115,12.9174472,0 80.1113114,12.9173104,0 80.1112886,12.9173103,0 80.1112884,12.9170137,0 80.1112655,12.9170136,0 80.1112654,12.9168311,0 80.1112425,12.9168310,0 80.1111507,12.9164885,0 80.1111049,12.9164655,0 80.1110590,12.9163284,0 80.1109903,12.9163053,0 80.1109216,12.9162366,0 80.1105324,12.9162350,0 80.1104637,12.9162803,0 80.1100058,12.9163925,0 80.1099601,12.9164379,0 80.1098227,12.9164602,0 80.1097769,12.9165056,0 80.1097083,12.9165053,0 80.1096167,12.9165734,0 80.1095480,12.9165731,0 80.1095023,12.9166185,0 80.1094336,12.9165954,0 80.1093419,12.9165266,0 80.1093419,12.9164810,0 80.1092044,12.9163207,0 80.1091815,12.9162294,0 80.1090669,12.9160692,0 80.1090439,12.9158866,0 80.1089981,12.9158180,0 80.1089751,12.9156582,0 80.1087459,12.9152467,0 80.1087458,12.9151782,0 80.1087000,12.9151324,0 80.1086770,12.9149498,0 80.1086312,12.9149268,0 80.1086311,12.9148127,0 80.1086769,12.9147217,0 80.1087455,12.9146763,0 80.1087455,12.9146079,0 80.1089514,12.9143806,0 80.1090201,12.9143353,0 80.1091575,12.9142902,0 80.1091803,12.9142447,0 80.1094092,12.9141544,0 80.1094321,12.9141089,0 80.1096610,12.9140186,0 80.1096839,12.9139730,0 80.1099128,12.9138827,0 80.1099357,12.9138372,0 80.1101188,12.9137695,0 80.1101417,12.9137240,0 80.1103706,12.9136337,0 80.1103934,12.9135882,0 80.1107597,12.9134300,0 80.1107825,12.9133844,0 80.1111946,12.9132037,0 80.1112174,12.9131581,0 80.1113090,12.9131357,0 80.1113319,12.9130902,0 80.1114234,12.9130677,0 80.1114692,12.9129995,0 80.1116294,12.9128861,0 80.1116294,12.9128404,0 80.1116980,12.9127951,0 80.1116980,12.9127495,0 80.1117895,12.9126586,0 80.1118124,12.9125675,0 80.1118582,12.9125448,0 80.1119039,12.9124310,0 80.1119038,12.9123397,0 80.1119724,12.9121575,0 80.1119724,12.9120434,0 80.1119953,12.9120435,0 80.1119952,12.9119295,0 80.1120638,12.9117472,0 80.1120637,12.9116332,0 80.1121551,12.9113598,0 80.1121551,12.9112458,0 80.1122008,12.9111547,0 80.1122007,12.9110406,0 80.1122236,12.9110407,0 80.1122231,12.9101510,0 80.1122002,12.9101509,0 80.1122001,12.9099684,0 80.1121772,12.9098771,0 80.1122458,12.9097633,0 80.1123829,12.9094217,0 80.1125660,12.9091943,0 80.1125888,12.9091032,0 80.1126346,12.9090806,0 80.1127718,12.9088302,0 80.1128405,12.9087848,0 80.1128405,12.9087392,0 80.1129091,12.9086939,0 80.1129091,12.9086483,0 80.1129778,12.9086029,0 80.1129777,12.9085573,0 80.1130464,12.9085119,0 80.1130464,12.9084663,0 80.1131150,12.9084210,0 80.1131608,12.9083071,0 80.1132294,12.9082618,0 80.1132294,12.9082161,0 80.1133209,12.9081481,0 80.1133209,12.9081025,0 80.1133896,12.9080571,0 80.1134124,12.9079660,0 80.1134811,12.9079206,0 80.1135268,12.9078524,0 80.1135497,12.9077612,0 80.1135955,12.9077386,0 80.1135954,12.9076702,0 80.1136412,12.9076247,0 80.1136411,12.9074422,0 80.1136640,12.9074423,0 80.1136637,12.9069176,0 80.1136866,12.9069177,0 80.1136860,12.9059596,0 80.1137089,12.9059597,0 80.1137086,12.9053894,0 80.1136627,12.9053436,0 80.1136627,12.9052751,0 80.1135939,12.9051380,0 80.1135710,12.9050010,0</coordinates></LinearRing></outerBoundaryIs></Polygon></MultiGeometry></Placemark>
<Placemark><name>64</name><ExtendedData><SchemaData schemaUrl="#tambaram_wards"><SimpleData name="id_2">TMB_64</SimpleData><SimpleData name="name">64</SimpleData><SimpleData name="zone">5</SimpleData></SchemaData></ExtendedData><MultiGeometry><Polygon><outerBoundaryIs><LinearRing><coordinates>80.1273876,12.9226692,0 80.1273872,12.9218708,0 80.1273643,12.9218707,0 80.1273641,12.9216426,0 80.1273412,12.9216425,0 80.1273411,12.9213916,0 80.1273182,12.9213915,0 80.1273181,12.9211633,0 80.1272952,12.9211632,0 80.1272950,12.9209351,0 80.1272721,12.9209350,0 80.1272720,12.9207297,0 80.1272491,12.9207296,0 80.1272490,12.9205015,0 80.1272261,12.9205014,0 80.1272259,12.9201592,0 80.1272030,12.9201591,0 80.1272026,12.9195432,0 80.1271797,12.9195431,0 80.1271794,12.9189043,0 80.1271565,12.9189042,0 80.1271561,12.9183111,0 80.1271332,12.9183110,0 80.1271329,12.9177179,0 80.1271100,12.9177178,0 80.1271096,12.9171247,0 80.1270867,12.9171246,0 80.1270865,12.9167596,0 80.1270636,12.9167595,0 80.1270635,12.9166226,0 80.1270406,12.9166225,0 80.1270406,12.9165085,0 80.1270177,12.9165084,0 80.1270176,12.9163943,0 80.1269947,12.9163942,0 80.1269947,12.9162801,0 80.1269718,12.9162800,0 80.1269717,12.9161432,0 80.1269488,12.9161431,0 80.1269487,12.9160290,0 80.1269258,12.9160289,0 80.1269258,12.9159149,0 80.1269029,12.9159148,0 80.1269028,12.9158007,0 80.1268799,12.9158006,0 80.1268798,12.9156865,0 80.1268569,12.9156865,0 80.1268569,12.9155724,0 80.1268340,12.9155723,0 80.1267651,12.9152070,0 80.1267192,12.9151384,0 80.1266962,12.9149558,0 80.1266275,12.9148186,0 80.1266045,12.9146360,0 80.1265586,12.9145674,0 80.1265586,12.9144762,0 80.1265127,12.9144075,0 80.1265127,12.9143163,0 80.1264669,12.9142477,0 80.1264668,12.9141564,0 80.1264210,12.9140878,0 80.1264209,12.9139965,0 80.1263751,12.9139279,0 80.1263521,12.9137453,0 80.1263062,12.9136767,0 80.1263062,12.9135854,0 80.1262604,12.9135168,0 80.1262603,12.9134256,0 80.1261915,12.9132428,0 80.1261914,12.9131287,0 80.1261456,12.9130373,0 80.1261455,12.9129232,0 80.1260997,12.9128318,0 80.1260996,12.9127177,0 80.1260767,12.9127176,0 80.1260767,12.9126036,0 80.1260537,12.9125122,0 80.1260079,12.9124664,0 80.1260078,12.9123751,0 80.1259391,12.9122380,0 80.1259390,12.9120555,0 80.1259619,12.9120556,0 80.1259617,12.9117362,0 80.1259846,12.9117363,0 80.1259844,12.9115310,0 80.1260073,12.9115311,0 80.1260072,12.9113258,0 80.1260301,12.9113259,0 80.1260300,12.9111206,0 80.1260529,12.9111206,0 80.1260528,12.9109153,0 80.1260757,12.9109154,0 80.1260755,12.9106873,0 80.1260984,12.9106874,0 80.1260983,12.9104821,0 80.1261212,12.9104822,0 80.1261211,12.9102769,0 80.1261440,12.9102770,0 80.1261439,12.9100717,0 80.1261668,12.9100717,0 80.1261666,12.9098664,0 80.1261895,12.9098665,0 80.1261894,12.9096612,0 80.1262123,12.9096613,0 80.1262122,12.9094560,0 80.1262351,12.9094561,0 80.1262350,12.9092508,0 80.1262579,12.9092509,0 80.1262577,12.9090456,0 80.1262806,12.9090457,0 80.1262805,12.9088403,0 80.1263034,12.9088404,0 80.1263033,12.9086351,0 80.1263262,12.9086352,0 80.1263261,12.9084299,0 80.1263490,12.9084300,0 80.1263489,12.9082247,0 80.1263717,12.9082248,0 80.1263716,12.9079967,0 80.1263945,12.9079968,0 80.1263944,12.9077914,0 80.1264173,12.9077915,0 80.1264172,12.9075862,0 80.1264401,12.9075863,0 80.1264399,12.9073810,0 80.1264628,12.9073811,0 80.1264627,12.9071758,0 80.1264856,12.9071759,0 80.1264855,12.9069706,0 80.1265084,12.9069707,0 80.1265083,12.9067654,0 80.1265312,12.9067655,0 80.1265310,12.9064005,0 80.1264851,12.9063318,0 80.1263935,12.9062630,0 80.1263476,12.9061488,0 80.1262789,12.9061029,0 80.1262789,12.9060572,0 80.1263246,12.9059890,0 80.1264391,12.9059438,0 80.1264849,12.9058756,0 80.1265764,12.9058531,0 80.1265993,12.9057848,0 80.1266680,12.9057851,0 80.1266908,12.9057167,0 80.1267366,12.9057169,0 80.1267824,12.9056487,0 80.1268282,12.9056489,0 80.1268739,12.9055806,0 80.1269197,12.9055808,0 80.1269655,12.9055126,0 80.1270113,12.9055128,0 80.1270570,12.9054445,0 80.1271028,12.9054447,0 80.1271485,12.9053764,0 80.1271943,12.9053766,0 80.1272401,12.9053084,0 80.1272859,12.9053086,0 80.1273545,12.9052176,0 80.1274232,12.9052179,0 80.1274461,12.9051496,0 80.1274919,12.9051497,0 80.1275376,12.9050815,0 80.1275834,12.9050817,0 80.1276292,12.9050134,0 80.1276749,12.9050136,0 80.1277207,12.9049454,0 80.1277665,12.9049456,0 80.1278122,12.9048773,0 80.1278580,12.9048775,0 80.1279038,12.9048093,0 80.1279496,12.9048094,0 80.1279953,12.9047412,0 80.1280411,12.9047414,0 80.1281098,12.9046504,0 80.1281784,12.9046507,0 80.1282013,12.9045824,0 80.1282471,12.9045826,0 80.1282928,12.9045143,0 80.1283386,12.9045145,0 80.1283844,12.9044462,0 80.1284302,12.9044464,0 80.1284759,12.9043782,0 80.1285217,12.9043784,0 80.1285904,12.9043102,0 80.1287735,12.9043110,0 80.1289110,12.9044256,0 80.1290026,12.9044488,0 80.1290255,12.9044945,0 80.1291171,12.9045177,0 80.1291400,12.9045634,0 80.1292316,12.9045866,0 80.1292317,12.9046322,0 80.1293461,12.9046555,0 80.1293462,12.9047012,0 80.1294607,12.9047244,0 80.1294836,12.9047702,0 80.1295752,12.9047933,0 80.1295981,12.9048391,0 80.1296897,12.9048623,0 80.1297126,12.9049080,0 80.1298729,12.9049543,0 80.1299188,12.9050001,0 80.1301248,12.9050466,0 80.1301707,12.9050924,0 80.1303768,12.9051388,0 80.1304226,12.9051847,0 80.1306287,12.9052311,0 80.1306516,12.9052769,0 80.1307890,12.9052774,0 80.1308806,12.9053006,0 80.1309493,12.9053465,0 80.1313157,12.9054165,0 80.1313844,12.9054624,0 80.1316592,12.9055091,0 80.1317279,12.9055550,0 80.1317966,12.9055553,0 80.1318882,12.9056241,0 80.1319569,12.9056244,0 80.1320485,12.9056704,0 80.1320714,12.9057162,0 80.1321630,12.9057165,0 80.1322546,12.9057853,0 80.1323233,12.9057856,0 80.1324149,12.9058316,0 80.1324378,12.9058774,0 80.1325294,12.9058777,0 80.1326210,12.9059465,0 80.1326897,12.9059468,0 80.1327813,12.9059928,0 80.1328043,12.9060386,0 80.1328958,12.9060389,0 80.1329417,12.9060847,0 80.1330103,12.9060622,0 80.1331248,12.9060627,0 80.1331477,12.9060172,0 80.1332393,12.9060175,0 80.1333079,12.9059722,0 80.1334224,12.9059727,0 80.1334453,12.9059271,0 80.1335369,12.9059275,0 80.1336055,12.9058822,0 80.1337200,12.9058826,0 80.1337429,12.9058371,0 80.1338345,12.9058375,0 80.1339031,12.9057922,0 80.1340176,12.9057926,0 80.1340405,12.9057471,0 80.1342007,12.9057249,0 80.1342007,12.9057021,0 80.1343152,12.9057026,0 80.1343381,12.9056571,0 80.1344983,12.9056349,0 80.1346357,12.9055671,0 80.1347272,12.9055446,0 80.1348190,12.9058872,0 80.1348878,12.9059787,0 80.1349337,12.9062070,0 80.1349795,12.9062757,0 80.1349796,12.9063669,0 80.1350254,12.9064355,0 80.1350255,12.9065268,0 80.1350713,12.9065954,0 80.1350714,12.9066867,0 80.1351172,12.9067553,0 80.1351172,12.9068465,0 80.1351631,12.9069152,0 80.1351861,12.9070978,0 80.1352319,12.9071664,0 80.1352320,12.9072576,0 80.1352778,12.9073263,0 80.1352778,12.9074175,0 80.1353237,12.9074861,0 80.1353237,12.9075774,0 80.1353696,12.9076460,0 80.1353696,12.9077373,0 80.1354154,12.9078059,0 80.1354155,12.9078971,0 80.1354613,12.9079658,0 80.1354843,12.9081484,0 80.1355072,12.9081485,0 80.1355073,12.9082625,0 80.1355302,12.9082626,0 80.1355303,12.9083995,0 80.1355532,12.9083996,0 80.1355533,12.9085365,0 80.1355761,12.9085366,0 80.1355762,12.9086734,0 80.1356450,12.9088562,0 80.1356451,12.9089931,0 80.1357139,12.9091302,0 80.1357139,12.9092215,0 80.1357598,12.9092901,0 80.1357827,12.9093815,0 80.1357828,12.9095183,0 80.1358057,12.9095184,0 80.1358058,12.9096325,0 80.1358286,12.9096326,0 80.1358287,12.9097695,0 80.1358516,12.9097696,0 80.1358517,12.9098836,0 80.1358746,12.9098837,0 80.1358747,12.9099978,0 80.1358975,12.9099979,0 80.1358976,12.9101119,0 80.1359205,12.9101120,0 80.1359206,12.9102261,0 80.1359435,12.9102262,0 80.1359435,12.9103403,0 80.1359664,12.9103403,0 80.1359667,12.9107053,0 80.1359438,12.9107965,0 80.1358980,12.9108191,0 80.1358752,12.9108875,0 80.1357836,12.9109099,0 80.1357607,12.9109554,0 80.1356920,12.9109551,0 80.1356463,12.9110006,0 80.1353487,12.9110678,0 80.1353029,12.9111132,0 80.1351884,12.9111356,0 80.1351656,12.9111811,0 80.1350740,12.9112035,0 80.1350511,12.9112491,0 80.1349138,12.9112713,0 80.1348680,12.9113167,0 80.1347993,12.9113165,0 80.1347078,12.9113845,0 80.1345246,12.9114066,0 80.1344102,12.9114745,0 80.1343415,12.9114743,0 80.1341355,12.9116103,0 80.1340668,12.9116328,0 80.1340440,12.9117012,0 80.1340440,12.9118152,0 80.1340211,12.9118151,0 80.1340213,12.9120432,0 80.1339984,12.9120431,0 80.1339985,12.9122028,0 80.1340214,12.9122029,0 80.1340217,12.9127048,0 80.1340446,12.9127049,0 80.1340448,12.9132068,0 80.1340677,12.9132069,0 80.1340680,12.9137087,0 80.1340909,12.9137088,0 80.1340912,12.9142107,0 80.1341141,12.9142108,0 80.1341144,12.9147127,0 80.1341373,12.9147128,0 80.1341376,12.9151918,0 80.1341605,12.9151919,0 80.1341606,12.9154657,0 80.1341835,12.9154658,0 80.1341837,12.9157395,0 80.1342066,12.9157396,0 80.1342067,12.9158537,0 80.1342296,12.9158538,0 80.1342296,12.9159678,0 80.1342755,12.9160365,0 80.1342985,12.9162191,0 80.1343214,12.9162192,0 80.1343215,12.9164701,0 80.1343444,12.9164702,0 80.1343445,12.9166071,0 80.1343674,12.9166072,0 80.1343675,12.9167668,0 80.1343904,12.9167669,0 80.1343905,12.9169266,0 80.1345279,12.9170184,0 80.1345737,12.9170871,0 80.1346195,12.9170873,0 80.1347112,12.9172017,0 80.1347570,12.9172019,0 80.1348257,12.9173162,0 80.1349861,12.9174538,0 80.1349861,12.9174994,0 80.1351235,12.9176140,0 80.1351236,12.9176596,0 80.1353068,12.9177060,0 80.1353984,12.9177748,0 80.1354671,12.9177751,0 80.1355129,12.9178209,0 80.1355816,12.9178212,0 80.1356732,12.9178900,0 80.1357190,12.9178902,0 80.1357191,12.9180043,0 80.1357420,12.9180044,0 80.1357420,12.9181413,0 80.1357650,12.9182326,0 80.1357193,12.9183237,0 80.1357193,12.9183921,0 80.1356507,12.9184831,0 80.1355821,12.9186881,0 80.1354906,12.9187790,0 80.1354677,12.9188701,0 80.1352847,12.9190975,0 80.1352618,12.9191886,0 80.1351932,12.9192340,0 80.1351932,12.9193024,0 80.1351474,12.9193479,0 80.1351476,12.9196444,0 80.1351705,12.9196445,0 80.1351707,12.9199867,0 80.1351936,12.9199868,0 80.1351938,12.9203518,0 80.1352167,12.9203519,0 80.1352170,12.9208081,0 80.1351484,12.9209904,0 80.1351485,12.9211500,0 80.1351256,12.9211500,0 80.1351257,12.9213096,0 80.1351028,12.9213095,0 80.1351029,12.9215149,0 80.1350800,12.9215148,0 80.1350802,12.9218798,0 80.1350573,12.9218797,0 80.1350577,12.9224500,0 80.1350348,12.9224727,0 80.1348745,12.9224720,0 80.1347830,12.9225173,0 80.1346685,12.9225168,0 80.1346685,12.9225396,0 80.1345082,12.9225390,0 80.1345082,12.9225618,0 80.1338900,12.9225592,0 80.1338901,12.9225820,0 80.1331574,12.9225790,0 80.1331574,12.9226018,0 80.1325392,12.9225993,0 80.1325392,12.9226221,0 80.1319897,12.9226198,0 80.1319897,12.9226426,0 80.1314631,12.9226404,0 80.1314631,12.9226633,0 80.1307991,12.9226605,0 80.1307075,12.9225917,0 80.1304785,12.9225223,0 80.1304556,12.9224766,0 80.1303640,12.9224534,0 80.1302954,12.9225444,0 80.1301123,12.9226805,0 80.1299750,12.9228624,0 80.1299292,12.9228850,0 80.1298376,12.9228390,0 80.1297460,12.9228387,0 80.1296773,12.9227928,0 80.1295857,12.9227696,0 80.1294712,12.9227691,0 80.1294712,12.9227463,0 80.1287843,12.9227434,0 80.1287843,12.9227663,0 80.1283264,12.9227644,0 80.1283264,12.9227872,0 80.1278227,12.9227851,0 80.1278227,12.9227623,0 80.1277082,12.9227618,0 80.1277082,12.9227390,0 80.1275937,12.9227385,0 80.1275021,12.9227153,0 80.1274563,12.9226695,0 80.1273876,12.9226692,0</coordinates></LinearRing></outerBoundaryIs></Polygon></MultiGeometry></Placemark>
<Placemark><name>65</name><ExtendedData><SchemaData schemaUrl="#tambaram_wards"><SimpleData name="id_2">TMB_65</SimpleData><SimpleData name="name">65</SimpleData><SimpleData name="zone">5</SimpleData></SchemaData></ExtendedData><MultiGeometry><Polygon><outerBoundaryIs><LinearRing><coordinates>80.1347272,12.9055446,0 80.1348417,12.9055223,0 80.1348417,12.9054995,0 80.1349562,12.9054999,0 80.1349562,12.9054771,0 80.1351164,12.9054778,0 80.1351164,12.9054550,0 80.1352538,12.9054555,0 80.1352538,12.9054327,0 80.1354141,12.9054334,0 80.1354140,12.9054106,0 80.1355743,12.9054112,0 80.1355743,12.9053884,0 80.1357117,12.9053890,0 80.1357117,12.9053662,0 80.1358719,12.9053669,0 80.1358719,12.9053440,0 80.1360322,12.9053447,0 80.1360322,12.9053219,0 80.1361696,12.9053225,0 80.1361696,12.9052996,0 80.1363069,12.9053002,0 80.1364443,12.9052323,0 80.1365130,12.9052326,0 80.1365587,12.9051872,0 80.1366732,12.9051877,0 80.1366961,12.9051421,0 80.1369937,12.9050749,0 80.1369937,12.9050521,0 80.1375203,12.9050543,0 80.1375203,12.9050315,0 80.1380240,12.9050336,0 80.1380240,12.9050107,0 80.1385277,12.9050128,0 80.1385277,12.9049900,0 80.1390543,12.9049922,0 80.1390543,12.9049694,0 80.1395580,12.9049715,0 80.1396038,12.9049488,0 80.1396039,12.9051541,0 80.1396268,12.9051542,0 80.1396269,12.9053367,0 80.1396498,12.9053368,0 80.1396499,12.9055421,0 80.1395813,12.9057244,0 80.1395814,12.9058612,0 80.1395585,12.9058611,0 80.1395586,12.9061121,0 80.1396274,12.9062264,0 80.1396274,12.9062720,0 80.1397191,12.9063409,0 80.1397420,12.9064322,0 80.1398336,12.9065238,0 80.1398795,12.9066837,0 80.1399254,12.9067751,0 80.1399712,12.9067982,0 80.1399941,12.9068895,0 80.1400858,12.9069811,0 80.1401087,12.9070725,0 80.1401545,12.9070955,0 80.1401775,12.9071868,0 80.1402233,12.9072098,0 80.1402462,12.9073012,0 80.1403837,12.9074614,0 80.1403837,12.9075070,0 80.1406128,12.9077133,0 80.1410020,12.9077149,0 80.1410020,12.9076921,0 80.1411165,12.9076926,0 80.1411623,12.9076471,0 80.1413683,12.9076024,0 80.1413683,12.9075795,0 80.1418491,12.9075815,0 80.1418721,12.9076957,0 80.1419408,12.9077872,0 80.1419638,12.9079698,0 80.1419867,12.9079699,0 80.1419875,12.9092246,0 80.1420103,12.9092247,0 80.1420104,12.9093616,0 80.1420333,12.9093617,0 80.1420334,12.9095213,0 80.1420563,12.9095214,0 80.1420564,12.9096583,0 80.1420793,12.9096584,0 80.1420794,12.9097953,0 80.1421023,12.9097954,0 80.1421023,12.9099323,0 80.1421252,12.9099323,0 80.1421253,12.9100692,0 80.1422400,12.9104347,0 80.1422401,12.9105259,0 80.1422859,12.9105946,0 80.1423319,12.9108685,0 80.1423547,12.9108686,0 80.1423550,12.9112336,0 80.1424008,12.9113250,0 80.1424009,12.9114163,0 80.1424467,12.9114621,0 80.1424696,12.9115534,0 80.1425383,12.9115537,0 80.1425841,12.9115995,0 80.1426986,12.9116000,0 80.1427673,12.9116459,0 80.1431566,12.9116475,0 80.1431566,12.9116247,0 80.1433168,12.9116254,0 80.1434084,12.9116030,0 80.1434999,12.9115349,0 80.1435686,12.9115352,0 80.1436371,12.9112161,0 80.1436600,12.9112162,0 80.1436597,12.9106002,0 80.1436368,12.9106001,0 80.1436366,12.9102580,0 80.1436595,12.9102581,0 80.1436594,12.9101212,0 80.1436822,12.9100528,0 80.1437280,12.9100530,0 80.1437967,12.9099849,0 80.1438654,12.9099852,0 80.1438882,12.9099396,0 80.1440256,12.9099174,0 80.1440714,12.9098719,0 80.1442087,12.9098725,0 80.1442087,12.9098497,0 80.1443690,12.9098504,0 80.1443690,12.9098276,0 80.1445064,12.9098281,0 80.1445064,12.9098053,0 80.1446666,12.9098060,0 80.1446666,12.9097832,0 80.1448269,12.9097838,0 80.1448269,12.9097610,0 80.1449643,12.9097616,0 80.1449642,12.9097388,0 80.1451245,12.9097394,0 80.1451245,12.9097166,0 80.1452848,12.9097173,0 80.1452848,12.9096945,0 80.1454221,12.9096950,0 80.1454221,12.9096722,0 80.1456282,12.9096731,0 80.1456282,12.9096959,0 80.1458343,12.9096967,0 80.1458343,12.9097195,0 80.1459488,12.9097200,0 80.1460175,12.9098344,0 80.1460633,12.9098574,0 80.1460863,12.9099487,0 80.1461321,12.9099717,0 80.1462238,12.9102002,0 80.1462925,12.9102461,0 80.1463384,12.9103604,0 80.1463384,12.9104288,0 80.1462698,12.9105426,0 80.1462699,12.9106566,0 80.1462470,12.9106566,0 80.1462470,12.9107934,0 80.1462241,12.9107933,0 80.1462243,12.9109986,0 80.1462472,12.9109987,0 80.1462473,12.9111812,0 80.1462702,12.9111813,0 80.1462703,12.9114095,0 80.1462932,12.9114096,0 80.1462933,12.9116149,0 80.1463162,12.9116150,0 80.1463163,12.9118203,0 80.1463392,12.9118204,0 80.1463393,12.9120257,0 80.1463622,12.9120258,0 80.1463624,12.9122539,0 80.1463853,12.9122540,0 80.1463854,12.9124137,0 80.1464083,12.9124138,0 80.1464084,12.9126191,0 80.1464313,12.9126192,0 80.1464314,12.9128017,0 80.1464543,12.9128018,0 80.1464544,12.9130071,0 80.1464773,12.9130072,0 80.1464774,12.9131897,0 80.1465003,12.9131898,0 80.1465004,12.9133951,0 80.1465233,12.9133952,0 80.1465234,12.9135777,0 80.1465463,12.9135778,0 80.1465464,12.9137603,0 80.1465693,12.9137604,0 80.1465694,12.9139429,0 80.1465923,12.9139430,0 80.1465924,12.9141483,0 80.1466153,12.9141484,0 80.1466155,12.9143537,0 80.1466384,12.9143538,0 80.1466385,12.9145363,0 80.1466614,12.9145364,0 80.1466616,12.9150382,0 80.1466388,12.9150382,0 80.1466388,12.9151978,0 80.1466160,12.9151977,0 80.1466160,12.9153574,0 80.1465931,12.9153573,0 80.1465932,12.9155170,0 80.1465703,12.9155169,0 80.1465704,12.9156538,0 80.1465475,12.9156537,0 80.1465476,12.9158134,0 80.1465247,12.9158133,0 80.1465248,12.9159730,0 80.1465019,12.9159729,0 80.1465020,12.9161326,0 80.1464791,12.9161325,0 80.1464793,12.9163834,0 80.1464564,12.9163833,0 80.1464566,12.9167711,0 80.1464337,12.9167710,0 80.1464338,12.9169079,0 80.1463651,12.9169989,0 80.1463652,12.9170673,0 80.1462050,12.9172948,0 80.1461822,12.9173859,0 80.1457704,12.9179546,0 80.1457704,12.9180002,0 80.1456560,12.9180910,0 80.1456560,12.9181366,0 80.1453357,12.9184318,0 80.1452899,12.9184316,0 80.1452441,12.9184999,0 80.1451755,12.9185452,0 80.1450609,12.9184763,0 80.1449694,12.9184759,0 80.1449235,12.9184301,0 80.1445343,12.9184285,0 80.1445343,12.9184513,0 80.1443740,12.9184507,0 80.1443741,12.9184735,0 80.1442138,12.9184728,0 80.1442138,12.9184956,0 80.1440535,12.9184950,0 80.1440535,12.9185178,0 80.1438933,12.9185171,0 80.1438933,12.9185399,0 80.1437559,12.9185394,0 80.1437559,12.9185622,0 80.1435956,12.9185615,0 80.1435957,12.9185843,0 80.1434354,12.9185837,0 80.1434354,12.9186065,0 80.1432751,12.9186058,0 80.1432751,12.9186286,0 80.1431378,12.9186281,0 80.1431378,12.9186509,0 80.1428630,12.9186497,0 80.1428630,12.9186269,0 80.1425882,12.9186258,0 80.1425425,12.9187168,0 80.1424511,12.9189674,0 80.1423595,12.9190355,0 80.1419934,12.9193761,0 80.1419935,12.9194902,0 80.1419706,12.9194901,0 80.1419478,12.9196725,0 80.1419020,12.9197179,0 80.1419020,12.9197864,0 80.1418563,12.9198318,0 80.1418334,12.9199458,0 80.1417648,12.9199455,0 80.1416274,12.9200362,0 80.1415588,12.9200587,0 80.1414443,12.9200582,0 80.1414443,12.9200811,0 80.1411466,12.9200798,0 80.1411467,12.9201026,0 80.1410322,12.9201022,0 80.1409864,12.9201476,0 80.1408490,12.9201698,0 80.1408033,12.9202153,0 80.1407346,12.9202150,0 80.1406888,12.9202832,0 80.1406660,12.9203744,0 80.1406661,12.9204885,0 80.1406432,12.9205796,0 80.1405975,12.9206479,0 80.1405975,12.9207619,0 80.1405289,12.9208985,0 80.1403687,12.9210347,0 80.1403230,12.9211030,0 80.1403001,12.9211941,0 80.1402544,12.9212168,0 80.1402087,12.9213534,0 80.1401629,12.9213533,0 80.1401171,12.9214215,0 80.1400255,12.9214667,0 80.1399569,12.9214665,0 80.1399111,12.9215119,0 80.1398195,12.9215343,0 80.1394761,12.9215329,0 80.1394761,12.9215101,0 80.1393387,12.9215095,0 80.1392700,12.9214864,0 80.1392470,12.9213951,0 80.1391783,12.9213264,0 80.1391783,12.9212579,0 80.1391325,12.9212349,0 80.1390866,12.9211435,0 80.1390866,12.9210751,0 80.1390408,12.9210521,0 80.1390178,12.9209379,0 80.1389720,12.9208693,0 80.1388117,12.9208686,0 80.1388117,12.9208458,0 80.1379874,12.9208424,0 80.1378958,12.9207964,0 80.1377813,12.9207959,0 80.1377126,12.9207728,0 80.1375522,12.9204984,0 80.1375292,12.9203386,0 80.1374834,12.9202472,0 80.1374833,12.9201331,0 80.1374604,12.9201330,0 80.1374603,12.9199962,0 80.1374374,12.9199961,0 80.1374374,12.9198820,0 80.1374145,12.9198819,0 80.1374144,12.9197450,0 80.1373915,12.9197449,0 80.1373914,12.9196309,0 80.1373685,12.9196308,0 80.1373685,12.9194939,0 80.1373226,12.9194253,0 80.1373226,12.9193340,0 80.1372768,12.9193110,0 80.1372767,12.9192198,0 80.1371850,12.9190825,0 80.1371163,12.9190366,0 80.1369560,12.9189903,0 80.1367041,12.9189437,0 80.1366583,12.9188750,0 80.1366125,12.9188749,0 80.1365667,12.9188062,0 80.1365209,12.9188060,0 80.1364751,12.9187374,0 80.1364063,12.9186915,0 80.1363147,12.9186683,0 80.1362689,12.9185997,0 80.1362231,12.9185995,0 80.1361315,12.9184851,0 80.1360857,12.9184849,0 80.1360169,12.9183933,0 80.1359711,12.9183931,0 80.1359253,12.9183245,0 80.1358795,12.9183243,0 80.1358337,12.9182557,0 80.1357650,12.9182326,0 80.1357420,12.9181413,0 80.1357420,12.9180044,0 80.1357191,12.9180043,0 80.1357190,12.9178902,0 80.1356732,12.9178900,0 80.1355816,12.9178212,0 80.1355129,12.9178209,0 80.1354671,12.9177751,0 80.1353984,12.9177748,0 80.1353068,12.9177060,0 80.1351236,12.9176596,0 80.1351235,12.9176140,0 80.1349861,12.9174994,0 80.1349861,12.9174538,0 80.1348257,12.9173162,0 80.1347570,12.9172019,0 80.1347112,12.9172017,0 80.1346195,12.9170873,0 80.1345737,12.9170871,0 80.1345279,12.9170184,0 80.1343905,12.9169266,0 80.1343904,12.9167669,0 80.1343675,12.9167668,0 80.1343674,12.9166072,0 80.1343445,12.9166071,0 80.1343444,12.9164702,0 80.1343215,12.9164701,0 80.1343214,12.9162192,0 80.1342985,12.9162191,0 80.1342755,12.9160365,0 80.1342296,12.9159678,0 80.1342296,12.9158538,0 80.1342067,12.9158537,0 80.1342066,12.9157396,0 80.1341837,12.9157395,0 80.1341835,12.9154658,0 80.1341606,12.9154657,0 80.1341605,12.9151919,0 80.1341376,12.9151918,0 80.1341373,12.9147128,0 80.1341144,12.9147127,0 80.1341141,12.9142108,0 80.1340912,12.9142107,0 80.1340909,12.9137088,0 80.1340680,12.9137087,0 80.1340677,12.9132069,0 80.1340448,12.9132068,0 80.1340446,12.9127049,0 80.1340217,12.9127048,0 80.1340214,12.9122029,0 80.1339985,12.9122028,0 80.1339984,12.9120431,0 80.1340213,12.9120432,0 80.1340211,12.9118151,0 80.1340440,12.9118152,0 80.1340440,12.9117012,0 80.1340668,12.9116328,0 80.1341355,12.9116103,0 80.1343415,12.9114743,0 80.1344102,12.9114745,0 80.1345246,12.9114066,0 80.1347078,12.9113845,0 80.1347993,12.9113165,0 80.1348680,12.9113167,0 80.1349138,12.9112713,0 80.1350511,12.9112491,0 80.1350740,12.9112035,0 80.1351656,12.9111811,0 80.1351884,12.9111356,0 80.1353029,12.9111132,0 80.1353487,12.9110678,0 80.1356463,12.9110006,0 80.1356920,12.9109551,0 80.1357607,12.9109554,0 80.1357836,12.9109099,0 80.1358752,12.9108875,0 80.1358980,12.9108191,0 80.1359438,12.9107965,0 80.1359667,12.9107053,0 80.1359664,12.9103403,0 80.1359435,12.9103403,0 80.1359435,12.9102262,0 80.1359206,12.9102261,0 80.1359205,12.9101120,0 80.1358976,12.9101119,0 80.1358975,12.9099979,0 80.1358747,12.9099978,0 80.1358746,12.9098837,0 80.1358517,12.9098836,0 80.1358516,12.9097696,0 80.1358287,12.9097695,0 80.1358286,12.9096326,0 80.1358058,12.9096325,0 80.1358057,12.9095184,0 80.1357828,12.9095183,0 80.1357827,12.9093815,0 80.1357598,12.9092901,0 80.1357139,12.9092215,0 80.1357139,12.9091302,0 80.1356451,12.9089931,0 80.1356450,12.9088562,0 80.1355762,12.9086734,0 80.1355761,12.9085366,0 80.1355533,12.9085365,0 80.1355532,12.9083996,0 80.1355303,12.9083995,0 80.1355302,12.9082626,0 80.1355073,12.9082625,0 80.1355072,12.9081485,0 80.1354843,12.9081484,0 80.1354613,12.9079658,0 80.1354155,12.9078971,0 80.1354154,12.9078059,0 80.1353696,12.9077373,0 80.1353696,12.9076460,0 80.1353237,12.9075774,0 80.1353237,12.9074861,0 80.1352778,12.9074175,0 80.1352778,12.9073263,0 80.1352320,12.9072576,0 80.1352319,12.9071664,0 80.1351861,12.9070978,0 80.1351631,12.9069152,0 80.1351172,12.9068465,0 80.1351172,12.9067553,0 80.1350714,12.9066867,0 80.1350713,12.9065954,0 80.1350255,12.9065268,0 80.1350254,12.9064355,0 80.1349796,12.9063669,0 80.1349795,12.9062757,0 80.1349337,12.9062070,0 80.1348878,12.9059787,0 80.1348190,12.9058872,0 80.1347272,12.9055446,0</coordinates></LinearRing></outerBoundaryIs></Polygon></MultiGeometry></Placemark>
<Placemark><name>66</name><ExtendedData><SchemaData schemaUrl="#tambaram_wards"><SimpleData name="id_2">TMB_66</SimpleData><SimpleData name="name">66</SimpleData><SimpleData name="zone">5</SimpleData></SchemaData></ExtendedData><MultiGeometry><Polygon><outerBoundaryIs><LinearRing><coordinates>80.1451755,12.9185452,0 80.1452441,12.9184999,0 80.1452899,12.9184316,0 80.1453357,12.9184318,0 80.1456560,12.9181366,0 80.1456560,12.9180910,0 80.1457704,12.9180002,0 80.1457704,12.9179546,0 80.1461822,12.9173859,0 80.1462050,12.9172948,0 80.1463652,12.9170673,0 80.1463651,12.9169989,0 80.1464338,12.9169079,0 80.1464337,12.9167710,0 80.1464566,12.9167711,0 80.1464564,12.9163833,0 80.1464793,12.9163834,0 80.1464791,12.9161325,0 80.1465020,12.9161326,0 80.1465019,12.9159729,0 80.1465248,12.9159730,0 80.1465247,12.9158133,0 80.1465476,12.9158134,0 80.1465475,12.9156537,0 80.1465704,12.9156538,0 80.1465703,12.9155169,0 80.1465932,12.9155170,0 80.1465931,12.9153573,0 80.1466160,12.9153574,0 80.1466160,12.9151977,0 80.1466388,12.9151978,0 80.1466388,12.9150382,0 80.1466616,12.9150382,0 80.1466614,12.9145364,0 80.1466385,12.9145363,0 80.1466384,12.9143538,0 80.1466155,12.9143537,0 80.1466153,12.9141484,0 80.1465924,12.9141483,0 80.1465923,12.9139430,0 80.1465694,12.9139429,0 80.1465693,12.9137604,0 80.1465464,12.9137603,0 80.1465463,12.9135778,0 80.1465234,12.9135777,0 80.1465233,12.9133952,0 80.1465004,12.9133951,0 80.1465003,12.9131898,0 80.1464774,12.9131897,0 80.1464773,12.9130072,0 80.1464544,12.9130071,0 80.1464543,12.9128018,0 80.1464314,12.9128017,0 80.1464313,12.9126192,0 80.1464084,12.9126191,0 80.1464083,12.9124138,0 80.1463854,12.9124137,0 80.1463853,12.9122540,0 80.1463624,12.9122539,0 80.1463622,12.9120258,0 80.1463393,12.9120257,0 80.1463392,12.9118204,0 80.1463163,12.9118203,0 80.1463162,12.9116150,0 80.1462933,12.9116149,0 80.1462932,12.9114096,0 80.1462703,12.9114095,0 80.1462702,12.9111813,0 80.1462473,12.9111812,0 80.1462472,12.9109987,0 80.1462243,12.9109986,0 80.1462241,12.9107933,0 80.1462470,12.9107934,0 80.1462470,12.9106566,0 80.1462699,12.9106566,0 80.1462698,12.9105426,0 80.1463384,12.9104288,0 80.1463384,12.9103604,0 80.1464070,12.9103378,0 80.1467047,12.9103391,0 80.1467047,12.9103163,0 80.1469336,12.9103172,0 80.1469336,12.9102944,0 80.1472313,12.9102956,0 80.1472313,12.9102728,0 80.1473686,12.9102734,0 80.1474373,12.9102280,0 80.1475976,12.9102059,0 80.1476204,12.9101604,0 80.1477578,12.9101153,0 80.1478264,12.9100700,0 80.1478952,12.9101159,0 80.1479867,12.9101162,0 80.1480326,12.9101621,0 80.1481470,12.9101625,0 80.1481471,12.9101853,0 80.1486737,12.9101875,0 80.1486737,12.9101647,0 80.1489484,12.9101658,0 80.1489484,12.9101430,0 80.1492460,12.9101443,0 80.1492460,12.9101214,0 80.1495208,12.9101226,0 80.1495208,12.9100998,0 80.1498184,12.9101010,0 80.1498184,12.9100782,0 80.1500932,12.9100793,0 80.1500931,12.9100565,0 80.1503908,12.9100577,0 80.1503908,12.9100349,0 80.1506884,12.9100361,0 80.1506884,12.9100133,0 80.1509632,12.9100145,0 80.1509632,12.9099917,0 80.1523598,12.9099974,0 80.1523598,12.9099746,0 80.1544434,12.9099832,0 80.1545350,12.9100292,0 80.1546494,12.9100297,0 80.1548327,12.9100989,0 80.1549471,12.9100994,0 80.1551303,12.9101686,0 80.1552448,12.9101690,0 80.1554280,12.9102382,0 80.1555425,12.9102387,0 80.1557257,12.9103079,0 80.1558402,12.9103084,0 80.1560234,12.9103776,0 80.1561379,12.9103780,0 80.1563211,12.9104472,0 80.1564356,12.9104477,0 80.1565730,12.9105623,0 80.1566646,12.9106083,0 80.1565502,12.9107447,0 80.1564817,12.9109269,0 80.1564359,12.9109496,0 80.1563673,12.9111318,0 80.1563215,12.9111544,0 80.1562301,12.9113822,0 80.1561843,12.9114048,0 80.1561157,12.9115870,0 80.1560699,12.9116096,0 80.1560013,12.9117918,0 80.1559556,12.9118145,0 80.1558870,12.9119967,0 80.1558412,12.9120193,0 80.1557498,12.9122470,0 80.1557040,12.9122697,0 80.1556354,12.9124519,0 80.1555896,12.9124745,0 80.1555210,12.9126567,0 80.1554753,12.9126793,0 80.1554067,12.9128616,0 80.1553609,12.9128842,0 80.1552923,12.9130664,0 80.1552465,12.9130890,0 80.1552008,12.9132257,0 80.1551550,12.9132483,0 80.1551322,12.9133395,0 80.1550864,12.9133621,0 80.1550407,12.9134988,0 80.1549949,12.9135214,0 80.1549721,12.9136126,0 80.1549263,12.9136352,0 80.1548806,12.9137719,0 80.1548348,12.9137945,0 80.1547891,12.9139312,0 80.1547433,12.9139538,0 80.1546747,12.9141360,0 80.1545832,12.9142269,0 80.1545604,12.9143181,0 80.1545146,12.9143407,0 80.1543773,12.9144770,0 80.1542857,12.9144994,0 80.1542629,12.9145450,0 80.1541255,12.9145900,0 80.1541026,12.9146355,0 80.1539653,12.9146806,0 80.1539424,12.9147261,0 80.1538051,12.9147712,0 80.1537822,12.9148167,0 80.1536448,12.9148618,0 80.1536220,12.9149073,0 80.1534846,12.9149524,0 80.1534618,12.9149979,0 80.1533244,12.9150430,0 80.1533015,12.9150885,0 80.1531642,12.9151335,0 80.1531413,12.9151791,0 80.1530497,12.9152015,0 80.1530269,12.9152470,0 80.1528895,12.9152921,0 80.1528667,12.9153376,0 80.1527293,12.9153827,0 80.1527064,12.9154282,0 80.1525691,12.9154733,0 80.1525462,12.9155188,0 80.1524089,12.9155639,0 80.1523860,12.9156094,0 80.1522944,12.9156318,0 80.1522258,12.9156772,0 80.1521572,12.9158138,0 80.1521572,12.9159278,0 80.1521343,12.9159277,0 80.1521344,12.9160646,0 80.1521115,12.9160645,0 80.1521116,12.9162926,0 80.1521345,12.9162927,0 80.1521347,12.9164752,0 80.1521575,12.9164753,0 80.1521577,12.9166806,0 80.1521806,12.9166807,0 80.1521807,12.9168860,0 80.1522036,12.9168861,0 80.1522037,12.9170914,0 80.1522266,12.9170915,0 80.1522267,12.9172740,0 80.1522496,12.9172741,0 80.1522497,12.9174794,0 80.1522726,12.9174795,0 80.1522727,12.9176848,0 80.1522956,12.9176849,0 80.1522958,12.9178903,0 80.1523186,12.9178903,0 80.1523187,12.9180500,0 80.1522958,12.9180499,0 80.1522962,12.9185746,0 80.1522733,12.9185745,0 80.1522735,12.9189395,0 80.1522506,12.9189394,0 80.1522509,12.9195554,0 80.1522280,12.9195553,0 80.1522283,12.9200115,0 80.1522054,12.9200114,0 80.1522056,12.9203080,0 80.1521827,12.9203079,0 80.1521829,12.9206045,0 80.1521600,12.9206044,0 80.1521601,12.9208781,0 80.1521372,12.9208780,0 80.1521374,12.9211518,0 80.1521145,12.9211517,0 80.1521146,12.9214026,0 80.1520689,12.9214937,0 80.1520690,12.9216077,0 80.1520461,12.9216076,0 80.1520462,12.9218814,0 80.1520691,12.9218815,0 80.1520692,12.9219956,0 80.1520005,12.9220409,0 80.1520006,12.9220865,0 80.1519090,12.9221774,0 80.1518862,12.9222685,0 80.1518862,12.9223826,0 80.1518634,12.9223825,0 80.1517262,12.9228382,0 80.1508333,12.9228345,0 80.1508333,12.9228117,0 80.1499403,12.9228080,0 80.1499403,12.9227852,0 80.1490703,12.9227816,0 80.1490703,12.9227588,0 80.1482689,12.9227555,0 80.1482002,12.9227780,0 80.1481545,12.9228919,0 80.1481546,12.9230972,0 80.1482004,12.9231430,0 80.1482005,12.9232114,0 80.1482921,12.9233487,0 80.1483380,12.9235086,0 80.1485213,12.9236690,0 80.1485671,12.9237376,0 80.1486130,12.9238975,0 80.1486131,12.9240116,0 80.1486360,12.9240117,0 80.1486360,12.9241257,0 80.1486589,12.9241258,0 80.1486590,12.9243083,0 80.1485904,12.9243765,0 80.1485217,12.9243762,0 80.1484530,12.9244215,0 80.1483615,12.9244440,0 80.1482470,12.9244435,0 80.1481554,12.9244888,0 80.1480409,12.9244883,0 80.1480410,12.9245111,0 80.1479265,12.9245106,0 80.1479265,12.9245334,0 80.1476289,12.9246235,0 80.1476291,12.9248972,0 80.1476519,12.9248973,0 80.1476521,12.9250798,0 80.1476750,12.9250799,0 80.1476751,12.9252852,0 80.1476980,12.9252853,0 80.1476981,12.9254678,0 80.1477210,12.9254679,0 80.1477211,12.9256504,0 80.1477440,12.9256505,0 80.1477441,12.9258330,0 80.1477670,12.9258331,0 80.1477671,12.9260156,0 80.1477900,12.9260157,0 80.1477901,12.9262210,0 80.1478130,12.9262211,0 80.1478131,12.9264036,0 80.1478360,12.9264037,0 80.1478361,12.9265862,0 80.1478590,12.9265863,0 80.1478591,12.9267688,0 80.1478820,12.9267689,0 80.1478822,12.9270426,0 80.1477220,12.9271788,0 80.1476533,12.9271785,0 80.1474244,12.9273145,0 80.1473557,12.9273142,0 80.1472413,12.9273822,0 80.1470581,12.9274042,0 80.1470352,12.9273585,0 80.1470350,12.9269707,0 80.1470121,12.9269706,0 80.1470119,12.9267653,0 80.1469891,12.9267652,0 80.1469889,12.9265370,0 80.1469431,12.9264912,0 80.1468513,12.9261715,0 80.1467597,12.9261483,0 80.1465994,12.9260336,0 80.1465307,12.9260333,0 80.1464849,12.9259875,0 80.1457521,12.9258248,0 80.1456605,12.9257559,0 80.1455918,12.9257557,0 80.1453628,12.9256178,0 80.1453169,12.9255264,0 80.1452939,12.9253894,0 80.1452481,12.9253436,0 80.1452481,12.9252524,0 80.1452022,12.9251609,0 80.1452021,12.9250241,0 80.1451792,12.9250240,0 80.1451792,12.9249099,0 80.1451563,12.9249098,0 80.1451562,12.9247957,0 80.1451333,12.9247956,0 80.1451333,12.9246816,0 80.1450645,12.9245444,0 80.1450644,12.9244532,0 80.1447892,12.9236992,0 80.1447663,12.9236079,0 80.1447662,12.9234026,0 80.1448348,12.9232660,0 80.1448347,12.9231747,0 80.1449033,12.9229925,0 80.1449032,12.9228785,0 80.1449261,12.9228785,0 80.1449260,12.9227189,0 80.1449489,12.9227190,0 80.1449488,12.9224452,0 80.1449259,12.9224451,0 80.1449258,12.9223082,0 80.1449029,12.9223081,0 80.1448799,12.9221712,0 80.1448341,12.9221254,0 80.1448111,12.9219884,0 80.1447653,12.9219654,0 80.1447194,12.9218055,0 80.1446736,12.9217825,0 80.1446278,12.9216911,0 80.1446277,12.9215998,0 80.1445819,12.9215084,0 80.1445818,12.9213943,0 80.1445589,12.9213942,0 80.1445588,12.9212345,0 80.1445130,12.9211431,0 80.1445128,12.9208922,0 80.1444899,12.9208921,0 80.1444898,12.9206868,0 80.1445127,12.9206868,0 80.1445124,12.9200709,0 80.1445353,12.9200710,0 80.1445352,12.9199341,0 80.1445581,12.9199342,0 80.1446495,12.9196837,0 80.1446953,12.9196610,0 80.1447181,12.9195699,0 80.1447639,12.9195473,0 80.1447868,12.9194561,0 80.1448325,12.9194335,0 80.1451299,12.9189557,0 80.1451298,12.9188188,0 80.1451527,12.9188189,0 80.1451527,12.9187048,0 80.1451755,12.9187049,0 80.1451755,12.9185452,0</coordinates></LinearRing></outerBoundaryIs></Polygon></MultiGeometry></Placemark>
<Placemark><name>67</name><ExtendedData><SchemaData schemaUrl="#tambaram_wards"><SimpleData name="id_2">TMB_67</SimpleData><SimpleData name="name">67</SimpleData><SimpleData name="zone">5</SimpleData></SchemaData></ExtendedData><MultiGeometry><Polygon><outerBoundaryIs><LinearRing><coordinates>80.1478264,12.9100700,0 80.1478035,12.9100470,0 80.1478033,12.9096364,0 80.1477804,12.9096363,0 80.1477802,12.9093626,0 80.1477573,12.9093625,0 80.1477572,12.9090887,0 80.1477343,12.9090886,0 80.1477341,12.9088149,0 80.1477112,12.9088148,0 80.1477111,12.9086323,0 80.1476882,12.9086322,0 80.1476880,12.9082672,0 80.1476651,12.9082671,0 80.1476650,12.9079934,0 80.1476421,12.9079933,0 80.1476419,12.9077195,0 80.1476190,12.9077194,0 80.1476188,12.9074457,0 80.1475959,12.9074456,0 80.1475958,12.9071718,0 80.1475729,12.9071717,0 80.1475728,12.9069664,0 80.1475957,12.9069665,0 80.1475956,12.9068525,0 80.1476185,12.9068525,0 80.1476184,12.9067385,0 80.1476413,12.9066473,0 80.1479160,12.9065572,0 80.1479388,12.9065117,0 80.1480304,12.9064892,0 80.1481678,12.9064898,0 80.1481678,12.9064670,0 80.1484196,12.9064680,0 80.1484196,12.9064452,0 80.1486257,12.9064461,0 80.1486257,12.9064233,0 80.1488546,12.9064242,0 80.1488546,12.9064014,0 80.1491065,12.9064024,0 80.1491065,12.9063796,0 80.1493354,12.9063806,0 80.1493354,12.9063578,0 80.1495644,12.9063587,0 80.1495644,12.9063359,0 80.1497246,12.9063366,0 80.1497246,12.9063137,0 80.1498620,12.9063143,0 80.1499078,12.9062689,0 80.1499765,12.9062692,0 80.1502053,12.9061332,0 80.1502511,12.9061334,0 80.1503198,12.9061565,0 80.1504343,12.9061570,0 80.1505030,12.9062029,0 80.1506633,12.9062036,0 80.1506633,12.9062264,0 80.1510754,12.9062281,0 80.1511670,12.9062741,0 80.1512815,12.9062746,0 80.1513731,12.9062977,0 80.1514190,12.9063664,0 80.1515335,12.9064125,0 80.1515793,12.9064583,0 80.1515794,12.9066636,0 80.1515565,12.9066635,0 80.1515566,12.9068232,0 80.1515337,12.9068231,0 80.1515339,12.9071425,0 80.1515568,12.9071426,0 80.1515570,12.9074847,0 80.1515799,12.9074848,0 80.1515800,12.9076673,0 80.1516029,12.9076674,0 80.1516030,12.9078271,0 80.1516259,12.9078957,0 80.1517176,12.9080329,0 80.1517176,12.9081013,0 80.1518092,12.9081245,0 80.1519237,12.9081250,0 80.1520153,12.9081710,0 80.1524045,12.9081726,0 80.1524045,12.9081498,0 80.1527251,12.9081511,0 80.1527251,12.9081283,0 80.1530685,12.9081297,0 80.1530685,12.9081069,0 80.1534119,12.9081083,0 80.1534119,12.9080855,0 80.1536409,12.9080865,0 80.1536409,12.9080637,0 80.1538011,12.9080643,0 80.1538011,12.9080415,0 80.1539385,12.9080421,0 80.1539385,12.9080193,0 80.1540759,12.9080198,0 80.1540759,12.9079970,0 80.1542132,12.9079976,0 80.1542132,12.9079748,0 80.1543735,12.9079754,0 80.1543735,12.9079526,0 80.1545109,12.9079532,0 80.1545108,12.9079304,0 80.1546482,12.9079309,0 80.1546482,12.9079081,0 80.1547856,12.9079087,0 80.1547856,12.9078859,0 80.1553122,12.9078881,0 80.1554038,12.9079341,0 80.1555183,12.9079345,0 80.1555183,12.9079574,0 80.1556786,12.9079580,0 80.1556786,12.9079808,0 80.1558846,12.9079817,0 80.1561135,12.9078229,0 80.1561593,12.9078231,0 80.1562051,12.9077549,0 80.1562508,12.9077551,0 80.1569831,12.9070053,0 80.1570517,12.9069599,0 80.1571204,12.9068690,0 80.1571662,12.9068692,0 80.1572348,12.9067782,0 80.1573035,12.9067785,0 80.1573493,12.9067330,0 80.1575324,12.9067110,0 80.1575324,12.9066882,0 80.1576698,12.9066887,0 80.1576698,12.9066659,0 80.1578300,12.9066666,0 80.1578300,12.9066438,0 80.1579903,12.9066444,0 80.1579903,12.9066216,0 80.1581506,12.9066223,0 80.1581505,12.9065995,0 80.1583108,12.9066001,0 80.1583108,12.9065773,0 80.1584711,12.9065780,0 80.1584711,12.9065552,0 80.1586313,12.9065558,0 80.1586313,12.9065330,0 80.1588145,12.9065338,0 80.1588145,12.9065110,0 80.1589519,12.9065115,0 80.1589518,12.9064887,0 80.1591121,12.9064894,0 80.1591121,12.9064666,0 80.1592495,12.9064671,0 80.1593410,12.9064447,0 80.1593868,12.9063993,0 80.1594784,12.9063997,0 80.1595699,12.9063316,0 80.1596157,12.9063318,0 80.1596844,12.9062408,0 80.1597072,12.9061497,0 80.1597071,12.9060128,0 80.1597300,12.9060129,0 80.1597298,12.9056935,0 80.1597069,12.9056934,0 80.1597068,12.9055109,0 80.1596839,12.9055108,0 80.1596838,12.9051914,0 80.1596609,12.9051914,0 80.1596607,12.9049860,0 80.1596836,12.9049861,0 80.1596835,12.9047808,0 80.1597293,12.9047582,0 80.1597292,12.9046669,0 80.1597978,12.9045304,0 80.1600954,12.9044175,0 80.1601412,12.9043721,0 80.1604159,12.9043276,0 80.1604846,12.9042823,0 80.1605533,12.9042825,0 80.1605990,12.9042371,0 80.1606906,12.9042375,0 80.1608050,12.9041011,0 80.1608737,12.9040557,0 80.1609194,12.9039647,0 80.1609193,12.9038278,0 80.1609422,12.9038279,0 80.1609420,12.9033716,0 80.1609191,12.9033716,0 80.1609190,12.9031891,0 80.1608961,12.9031890,0 80.1608960,12.9030293,0 80.1608731,12.9030292,0 80.1608730,12.9028467,0 80.1608501,12.9028466,0 80.1608500,12.9026869,0 80.1608271,12.9026868,0 80.1608270,12.9025043,0 80.1608041,12.9025042,0 80.1608040,12.9023445,0 80.1607811,12.9023444,0 80.1607810,12.9021619,0 80.1607581,12.9021618,0 80.1607579,12.9017968,0 80.1607808,12.9017969,0 80.1607807,12.9016372,0 80.1608035,12.9015461,0 80.1609866,12.9014328,0 80.1610095,12.9013872,0 80.1610782,12.9013875,0 80.1611697,12.9013423,0 80.1611926,12.9012968,0 80.1612613,12.9012970,0 80.1613071,12.9012516,0 80.1613986,12.9012292,0 80.1616047,12.9012300,0 80.1616047,12.9012528,0 80.1617879,12.9012536,0 80.1617879,12.9012764,0 80.1619024,12.9012769,0 80.1619940,12.9013229,0 80.1620856,12.9013233,0 80.1621543,12.9013692,0 80.1626123,12.9014623,0 80.1626810,12.9015082,0 80.1627726,12.9015086,0 80.1630245,12.9016693,0 80.1631161,12.9017153,0 80.1631391,12.9018751,0 80.1631849,12.9019209,0 80.1631850,12.9020122,0 80.1632308,12.9020808,0 80.1632309,12.9022633,0 80.1632538,12.9022634,0 80.1632539,12.9024231,0 80.1632768,12.9024232,0 80.1632769,12.9025829,0 80.1632998,12.9025830,0 80.1632999,12.9027655,0 80.1633228,12.9027655,0 80.1633229,12.9029480,0 80.1633458,12.9029481,0 80.1633459,12.9031078,0 80.1633688,12.9031079,0 80.1633689,12.9032904,0 80.1633918,12.9032905,0 80.1633919,12.9034274,0 80.1634148,12.9034275,0 80.1634148,12.9035415,0 80.1634377,12.9035416,0 80.1634378,12.9036557,0 80.1635524,12.9038387,0 80.1635524,12.9039071,0 80.1636441,12.9039987,0 80.1636441,12.9040444,0 80.1639646,12.9040457,0 80.1639646,12.9040229,0 80.1641478,12.9040236,0 80.1642165,12.9039783,0 80.1642852,12.9039786,0 80.1643309,12.9039331,0 80.1644454,12.9039336,0 80.1644454,12.9039108,0 80.1645828,12.9039114,0 80.1645827,12.9038886,0 80.1647430,12.9038892,0 80.1647430,12.9038664,0 80.1648804,12.9038670,0 80.1648804,12.9038442,0 80.1649949,12.9038446,0 80.1650865,12.9038678,0 80.1652926,12.9039599,0 80.1654529,12.9039834,0 80.1654300,12.9040974,0 80.1653843,12.9041656,0 80.1653615,12.9043480,0 80.1653157,12.9044163,0 80.1652929,12.9045987,0 80.1652472,12.9046669,0 80.1652244,12.9048493,0 80.1651786,12.9049176,0 80.1651559,12.9051000,0 80.1651101,12.9051682,0 80.1650645,12.9054418,0 80.1650187,12.9055100,0 80.1649731,12.9057836,0 80.1649273,12.9058518,0 80.1648817,12.9061254,0 80.1648360,12.9061937,0 80.1648132,12.9063761,0 80.1647674,12.9064443,0 80.1647446,12.9066267,0 80.1646989,12.9066950,0 80.1646532,12.9069685,0 80.1646075,12.9070368,0 80.1645847,12.9072192,0 80.1645389,12.9072874,0 80.1645390,12.9073787,0 80.1644704,12.9074468,0 80.1644704,12.9075381,0 80.1644018,12.9076062,0 80.1644018,12.9076975,0 80.1643332,12.9077656,0 80.1643332,12.9078569,0 80.1642646,12.9079250,0 80.1642646,12.9080163,0 80.1641960,12.9080844,0 80.1641960,12.9081757,0 80.1640588,12.9083804,0 80.1640588,12.9084717,0 80.1638987,12.9087220,0 80.1638987,12.9088132,0 80.1638301,12.9089042,0 80.1638302,12.9089726,0 80.1637844,12.9090637,0 80.1637386,12.9090863,0 80.1637387,12.9091776,0 80.1636700,12.9092457,0 80.1636701,12.9093370,0 80.1636015,12.9094279,0 80.1636015,12.9094964,0 80.1635329,12.9095873,0 80.1635100,12.9097013,0 80.1634643,12.9097239,0 80.1634643,12.9098152,0 80.1634185,12.9098606,0 80.1633957,12.9099746,0 80.1633499,12.9099972,0 80.1633500,12.9100884,0 80.1633042,12.9101339,0 80.1633043,12.9102023,0 80.1632585,12.9102477,0 80.1632357,12.9103617,0 80.1631899,12.9103843,0 80.1631899,12.9104756,0 80.1631442,12.9104982,0 80.1631442,12.9105895,0 80.1630984,12.9106121,0 80.1630756,12.9107717,0 80.1630299,12.9108171,0 80.1630299,12.9108856,0 80.1629841,12.9109082,0 80.1629613,12.9110678,0 80.1629155,12.9110904,0 80.1629156,12.9112045,0 80.1628012,12.9113865,0 80.1627784,12.9114548,0 80.1626410,12.9114543,0 80.1626410,12.9114314,0 80.1623891,12.9114304,0 80.1623891,12.9114076,0 80.1617938,12.9114051,0 80.1617938,12.9113823,0 80.1610153,12.9113791,0 80.1610153,12.9113563,0 80.1606261,12.9113547,0 80.1606261,12.9113319,0 80.1605116,12.9113314,0 80.1605116,12.9113086,0 80.1603742,12.9113080,0 80.1603742,12.9112852,0 80.1602597,12.9112847,0 80.1602597,12.9112619,0 80.1601223,12.9112614,0 80.1601223,12.9112385,0 80.1600078,12.9112381,0 80.1600078,12.9112153,0 80.1598704,12.9112147,0 80.1598704,12.9111919,0 80.1597560,12.9111914,0 80.1597559,12.9111686,0 80.1596186,12.9111680,0 80.1596185,12.9111452,0 80.1594812,12.9111446,0 80.1594812,12.9111218,0 80.1593667,12.9111214,0 80.1593667,12.9110985,0 80.1592293,12.9110980,0 80.1592293,12.9110752,0 80.1591148,12.9110747,0 80.1591148,12.9110519,0 80.1589774,12.9110513,0 80.1589774,12.9110285,0 80.1588629,12.9110280,0 80.1588629,12.9110052,0 80.1587255,12.9110047,0 80.1587255,12.9109818,0 80.1586110,12.9109814,0 80.1586110,12.9109586,0 80.1584736,12.9109580,0 80.1584736,12.9109352,0 80.1583362,12.9109346,0 80.1583362,12.9109118,0 80.1582218,12.9109113,0 80.1581301,12.9107969,0 80.1580385,12.9107509,0 80.1579698,12.9107506,0 80.1578324,12.9106816,0 80.1577408,12.9106812,0 80.1576951,12.9107723,0 80.1576264,12.9107720,0 80.1576034,12.9107263,0 80.1575118,12.9106803,0 80.1574431,12.9106800,0 80.1574203,12.9107255,0 80.1573516,12.9107252,0 80.1572829,12.9106565,0 80.1572828,12.9106109,0 80.1571913,12.9106105,0 80.1570997,12.9106786,0 80.1569852,12.9106781,0 80.1569852,12.9106553,0 80.1568707,12.9106548,0 80.1567791,12.9106088,0 80.1566646,12.9106083,0 80.1565730,12.9105623,0 80.1564356,12.9104477,0 80.1563211,12.9104472,0 80.1561379,12.9103780,0 80.1560234,12.9103776,0 80.1558402,12.9103084,0 80.1557257,12.9103079,0 80.1555425,12.9102387,0 80.1554280,12.9102382,0 80.1552448,12.9101690,0 80.1551303,12.9101686,0 80.1549471,12.9100994,0 80.1548327,12.9100989,0 80.1546494,12.9100297,0 80.1545350,12.9100292,0 80.1544434,12.9099832,0 80.1523598,12.9099746,0 80.1523598,12.9099974,0 80.1509632,12.9099917,0 80.1509632,12.9100145,0 80.1506884,12.9100133,0 80.1506884,12.9100361,0 80.1503908,12.9100349,0 80.1503908,12.9100577,0 80.1500931,12.9100565,0 80.1500932,12.9100793,0 80.1498184,12.9100782,0 80.1498184,12.9101010,0 80.1495208,12.9100998,0 80.1495208,12.9101226,0 80.1492460,12.9101214,0 80.1492460,12.9101443,0 80.1489484,12.9101430,0 80.1489484,12.9101658,0 80.1486737,12.9101647,0 80.1486737,12.9101875,0 80.1481471,12.9101853,0 80.1481470,12.9101625,0 80.1480326,12.9101621,0 80.1479867,12.9101162,0 80.1478952,12.9101159,0 80.1478264,12.9100700,0</coordinates></LinearRing></outerBoundaryIs></Polygon></MultiGeometry></Placemark>
<Placemark><name>68</name><ExtendedData><SchemaData schemaUrl="#tambaram_wards"><SimpleData name="id_2">TMB_68</SimpleData><SimpleData name="name">68</SimpleData><SimpleData name="zone">5</SimpleData></SchemaData></ExtendedData><MultiGeometry><Polygon><outerBoundaryIs><LinearRing><coordinates>80.1396038,12.9049488,0 80.1399700,12.9048591,0 80.1399929,12.9048136,0 80.1400616,12.9048138,0 80.1401074,12.9047684,0 80.1404050,12.9047012,0 80.1404278,12.9046557,0 80.1404965,12.9046560,0 80.1405423,12.9046105,0 80.1408399,12.9045433,0 80.1408628,12.9044978,0 80.1409315,12.9044981,0 80.1409772,12.9044526,0 80.1412748,12.9043854,0 80.1412977,12.9043399,0 80.1413664,12.9043402,0 80.1414580,12.9042949,0 80.1414579,12.9042265,0 80.1415494,12.9041356,0 80.1415494,12.9040900,0 80.1416181,12.9040447,0 80.1416638,12.9039308,0 80.1417096,12.9039310,0 80.1417096,12.9038625,0 80.1418011,12.9037717,0 80.1418011,12.9037260,0 80.1418697,12.9036807,0 80.1419155,12.9035668,0 80.1419612,12.9035670,0 80.1419611,12.9033845,0 80.1420527,12.9033849,0 80.1421671,12.9032029,0 80.1422129,12.9032030,0 80.1422128,12.9031346,0 80.1422586,12.9031120,0 80.1422585,12.9029067,0 80.1422814,12.9029068,0 80.1422813,12.9027471,0 80.1423042,12.9027016,0 80.1425332,12.9027481,0 80.1426019,12.9027940,0 80.1428995,12.9027953,0 80.1430598,12.9027503,0 80.1431055,12.9027049,0 80.1431742,12.9027051,0 80.1433116,12.9026145,0 80.1433802,12.9025919,0 80.1434260,12.9025237,0 80.1434488,12.9024325,0 80.1434946,12.9024099,0 80.1434946,12.9023415,0 80.1435861,12.9022050,0 80.1436317,12.9019999,0 80.1436775,12.9019544,0 80.1439060,12.9012026,0 80.1439518,12.9011571,0 80.1441803,12.9004052,0 80.1442261,12.9003598,0 80.1443632,12.8998585,0 80.1444089,12.8997903,0 80.1444089,12.8996990,0 80.1444546,12.8996308,0 80.1444546,12.8995395,0 80.1445003,12.8994713,0 80.1445231,12.8992889,0 80.1445689,12.8992206,0 80.1445917,12.8991295,0 80.1445915,12.8987416,0 80.1446144,12.8987417,0 80.1446141,12.8983311,0 80.1446370,12.8983312,0 80.1446369,12.8981259,0 80.1446598,12.8981260,0 80.1446597,12.8979891,0 80.1447055,12.8979209,0 80.1447054,12.8978296,0 80.1447740,12.8977158,0 80.1448656,12.8976934,0 80.1449801,12.8976939,0 80.1450488,12.8976485,0 80.1452090,12.8976492,0 80.1452090,12.8976264,0 80.1453693,12.8976270,0 80.1453693,12.8976499,0 80.1459417,12.8976522,0 80.1459417,12.8976750,0 80.1463538,12.8976767,0 80.1463539,12.8976996,0 80.1464912,12.8977001,0 80.1465600,12.8977460,0 80.1466515,12.8977464,0 80.1467203,12.8977923,0 80.1467889,12.8977926,0 80.1468348,12.8978840,0 80.1468806,12.8979070,0 80.1469265,12.8981582,0 80.1469494,12.8981583,0 80.1469495,12.8982951,0 80.1469724,12.8982952,0 80.1469726,12.8986830,0 80.1469955,12.8986831,0 80.1469956,12.8988884,0 80.1471103,12.8992539,0 80.1471104,12.8993452,0 80.1472250,12.8996194,0 80.1472480,12.8998020,0 80.1472709,12.8998021,0 80.1472711,12.9000986,0 80.1472940,12.9000987,0 80.1472942,12.9003953,0 80.1473171,12.9003954,0 80.1473173,12.9007148,0 80.1473402,12.9007149,0 80.1473402,12.9008289,0 80.1474090,12.9009661,0 80.1474090,12.9010573,0 80.1474778,12.9011261,0 80.1474778,12.9011717,0 80.1477068,12.9012182,0 80.1477755,12.9012642,0 80.1478671,12.9012873,0 80.1479816,12.9012878,0 80.1480732,12.9013338,0 80.1481648,12.9013342,0 80.1481877,12.9014255,0 80.1482565,12.9015171,0 80.1482565,12.9016083,0 80.1483023,12.9016541,0 80.1483253,12.9017455,0 80.1483255,12.9020649,0 80.1483484,12.9020650,0 80.1483486,12.9024756,0 80.1483715,12.9024757,0 80.1483716,12.9027038,0 80.1483487,12.9027037,0 80.1483489,12.9029546,0 80.1482803,12.9031597,0 80.1480972,12.9032730,0 80.1480515,12.9033412,0 80.1480057,12.9033410,0 80.1479370,12.9034320,0 80.1479142,12.9035003,0 80.1479143,12.9036144,0 80.1478914,12.9036143,0 80.1478914,12.9037284,0 80.1478685,12.9037283,0 80.1478688,12.9042530,0 80.1478917,12.9042531,0 80.1478919,12.9045496,0 80.1479607,12.9046868,0 80.1479607,12.9047780,0 80.1480065,12.9048238,0 80.1480066,12.9048923,0 80.1480753,12.9048926,0 80.1481211,12.9049384,0 80.1482356,12.9049389,0 80.1482356,12.9049617,0 80.1487622,12.9049638,0 80.1487622,12.9049410,0 80.1490598,12.9049423,0 80.1490598,12.9049194,0 80.1493575,12.9049207,0 80.1493575,12.9048979,0 80.1497696,12.9048996,0 80.1499528,12.9049688,0 80.1500444,12.9049691,0 80.1500673,12.9050833,0 80.1501361,12.9051520,0 80.1501591,12.9053346,0 80.1502049,12.9053804,0 80.1502051,12.9056542,0 80.1502279,12.9056543,0 80.1502281,12.9059280,0 80.1502510,12.9059281,0 80.1502511,12.9061334,0 80.1502053,12.9061332,0 80.1499765,12.9062692,0 80.1499078,12.9062689,0 80.1498620,12.9063143,0 80.1497246,12.9063137,0 80.1497246,12.9063366,0 80.1495644,12.9063359,0 80.1495644,12.9063587,0 80.1493354,12.9063578,0 80.1493354,12.9063806,0 80.1491065,12.9063796,0 80.1491065,12.9064024,0 80.1488546,12.9064014,0 80.1488546,12.9064242,0 80.1486257,12.9064233,0 80.1486257,12.9064461,0 80.1484196,12.9064452,0 80.1484196,12.9064680,0 80.1481678,12.9064670,0 80.1481678,12.9064898,0 80.1480304,12.9064892,0 80.1479388,12.9065117,0 80.1479160,12.9065572,0 80.1476413,12.9066473,0 80.1476184,12.9067385,0 80.1476185,12.9068525,0 80.1475956,12.9068525,0 80.1475957,12.9069665,0 80.1475728,12.9069664,0 80.1475729,12.9071717,0 80.1475958,12.9071718,0 80.1475959,12.9074456,0 80.1476188,12.9074457,0 80.1476190,12.9077194,0 80.1476419,12.9077195,0 80.1476421,12.9079933,0 80.1476650,12.9079934,0 80.1476651,12.9082671,0 80.1476880,12.9082672,0 80.1476882,12.9086322,0 80.1477111,12.9086323,0 80.1477112,12.9088148,0 80.1477341,12.9088149,0 80.1477343,12.9090886,0 80.1477572,12.9090887,0 80.1477573,12.9093625,0 80.1477802,12.9093626,0 80.1477804,12.9096363,0 80.1478033,12.9096364,0 80.1478035,12.9100470,0 80.1478264,12.9100700,0 80.1477578,12.9101153,0 80.1476204,12.9101604,0 80.1475976,12.9102059,0 80.1474373,12.9102280,0 80.1473686,12.9102734,0 80.1472313,12.9102728,0 80.1472313,12.9102956,0 80.1469336,12.9102944,0 80.1469336,12.9103172,0 80.1467047,12.9103163,0 80.1467047,12.9103391,0 80.1464070,12.9103378,0 80.1463384,12.9103604,0 80.1462925,12.9102461,0 80.1462238,12.9102002,0 80.1461321,12.9099717,0 80.1460863,12.9099487,0 80.1460633,12.9098574,0 80.1460175,12.9098344,0 80.1459488,12.9097200,0 80.1458343,12.9097195,0 80.1458343,12.9096967,0 80.1456282,12.9096959,0 80.1456282,12.9096731,0 80.1454221,12.9096722,0 80.1454221,12.9096950,0 80.1452848,12.9096945,0 80.1452848,12.9097173,0 80.1451245,12.9097166,0 80.1451245,12.9097394,0 80.1449642,12.9097388,0 80.1449643,12.9097616,0 80.1448269,12.9097610,0 80.1448269,12.9097838,0 80.1446666,12.9097832,0 80.1446666,12.9098060,0 80.1445064,12.9098053,0 80.1445064,12.9098281,0 80.1443690,12.9098276,0 80.1443690,12.9098504,0 80.1442087,12.9098497,0 80.1442087,12.9098725,0 80.1440714,12.9098719,0 80.1440256,12.9099174,0 80.1438882,12.9099396,0 80.1438654,12.9099852,0 80.1437967,12.9099849,0 80.1437280,12.9100530,0 80.1436822,12.9100528,0 80.1436594,12.9101212,0 80.1436595,12.9102581,0 80.1436366,12.9102580,0 80.1436368,12.9106001,0 80.1436597,12.9106002,0 80.1436600,12.9112162,0 80.1436371,12.9112161,0 80.1435686,12.9115352,0 80.1434999,12.9115349,0 80.1434084,12.9116030,0 80.1433168,12.9116254,0 80.1431566,12.9116247,0 80.1431566,12.9116475,0 80.1427673,12.9116459,0 80.1426986,12.9116000,0 80.1425841,12.9115995,0 80.1425383,12.9115537,0 80.1424696,12.9115534,0 80.1424467,12.9114621,0 80.1424009,12.9114163,0 80.1424008,12.9113250,0 80.1423550,12.9112336,0 80.1423547,12.9108686,0 80.1423319,12.9108685,0 80.1422859,12.9105946,0 80.1422401,12.9105259,0 80.1422400,12.9104347,0 80.1421253,12.9100692,0 80.1421252,12.9099323,0 80.1421023,12.9099323,0 80.1421023,12.9097954,0 80.1420794,12.9097953,0 80.1420793,12.9096584,0 80.1420564,12.9096583,0 80.1420563,12.9095214,0 80.1420334,12.9095213,0 80.1420333,12.9093617,0 80.1420104,12.9093616,0 80.1420103,12.9092247,0 80.1419875,12.9092246,0 80.1419867,12.9079699,0 80.1419638,12.9079698,0 80.1419408,12.9077872,0 80.1418721,12.9076957,0 80.1418491,12.9075815,0 80.1413683,12.9075795,0 80.1413683,12.9076024,0 80.1411623,12.9076471,0 80.1411165,12.9076926,0 80.1410020,12.9076921,0 80.1410020,12.9077149,0 80.1406128,12.9077133,0 80.1403837,12.9075070,0 80.1403837,12.9074614,0 80.1402462,12.9073012,0 80.1402233,12.9072098,0 80.1401775,12.9071868,0 80.1401545,12.9070955,0 80.1401087,12.9070725,0 80.1400858,12.9069811,0 80.1399941,12.9068895,0 80.1399712,12.9067982,0 80.1399254,12.9067751,0 80.1398795,12.9066837,0 80.1398336,12.9065238,0 80.1397420,12.9064322,0 80.1397191,12.9063409,0 80.1396274,12.9062720,0 80.1396274,12.9062264,0 80.1395586,12.9061121,0 80.1395585,12.9058611,0 80.1395814,12.9058612,0 80.1395813,12.9057244,0 80.1396499,12.9055421,0 80.1396498,12.9053368,0 80.1396269,12.9053367,0 80.1396268,12.9051542,0 80.1396039,12.9051541,0 80.1396038,12.9049488,0</coordinates></LinearRing></outerBoundaryIs></Polygon></MultiGeometry></Placemark>
<Placemark><name>69</name><ExtendedData><SchemaData schemaUrl="#tambaram_wards"><SimpleData name="id_2">TMB_69</SimpleData><SimpleData name="name">69</SimpleData><SimpleData name="zone">5</SimpleData></SchemaData></ExtendedData><MultiGeometry><Polygon><outerBoundaryIs><LinearRing><coordinates>80.1423042,12.9027016,0 80.1423041,12.9025875,0 80.1423270,12.9025876,0 80.1423269,12.9024279,0 80.1423498,12.9024280,0 80.1423497,12.9022683,0 80.1423726,12.9022684,0 80.1423725,12.9021315,0 80.1423954,12.9021316,0 80.1423954,12.9019947,0 80.1424182,12.9019948,0 80.1424182,12.9018580,0 80.1424411,12.9018581,0 80.1424410,12.9017212,0 80.1424639,12.9017213,0 80.1424638,12.9016072,0 80.1424867,12.9016073,0 80.1424866,12.9014704,0 80.1425095,12.9014705,0 80.1425095,12.9013565,0 80.1425324,12.9013566,0 80.1425318,12.9003300,0 80.1424859,12.9002614,0 80.1424858,12.9001245,0 80.1424400,12.9000787,0 80.1424857,12.8998964,0 80.1425315,12.8998509,0 80.1425300,12.8973416,0 80.1425071,12.8973415,0 80.1425069,12.8969765,0 80.1425298,12.8969766,0 80.1425286,12.8950147,0 80.1425057,12.8950146,0 80.1425055,12.8946496,0 80.1424368,12.8945809,0 80.1424368,12.8945124,0 80.1423451,12.8944436,0 80.1422993,12.8943750,0 80.1422993,12.8943066,0 80.1421847,12.8942148,0 80.1420930,12.8940320,0 80.1420243,12.8939861,0 80.1420243,12.8939176,0 80.1419785,12.8939174,0 80.1419785,12.8938490,0 80.1418868,12.8937802,0 80.1417035,12.8934601,0 80.1416348,12.8934141,0 80.1414972,12.8931626,0 80.1414514,12.8931396,0 80.1414514,12.8930712,0 80.1414056,12.8930710,0 80.1414056,12.8930026,0 80.1413139,12.8929338,0 80.1413139,12.8928881,0 80.1412452,12.8928422,0 80.1412452,12.8927738,0 80.1411306,12.8926821,0 80.1411306,12.8926136,0 80.1410160,12.8925219,0 80.1409702,12.8924077,0 80.1409244,12.8923846,0 80.1409243,12.8923162,0 80.1408327,12.8922474,0 80.1408327,12.8922018,0 80.1407640,12.8921331,0 80.1405808,12.8921095,0 80.1404434,12.8920405,0 80.1402831,12.8920170,0 80.1402602,12.8919713,0 80.1401457,12.8919708,0 80.1400770,12.8919249,0 80.1397106,12.8918550,0 80.1397106,12.8918321,0 80.1395961,12.8918317,0 80.1395274,12.8917858,0 80.1394587,12.8917855,0 80.1393899,12.8916939,0 80.1393670,12.8915570,0 80.1393899,12.8915571,0 80.1393893,12.8905761,0 80.1394122,12.8905762,0 80.1394119,12.8901656,0 80.1394348,12.8901657,0 80.1394345,12.8895041,0 80.1394573,12.8895042,0 80.1394572,12.8891849,0 80.1395487,12.8890712,0 80.1400523,12.8889592,0 80.1400523,12.8889364,0 80.1401668,12.8889368,0 80.1401668,12.8889140,0 80.1402813,12.8889145,0 80.1403728,12.8888693,0 80.1404873,12.8888697,0 80.1404873,12.8888469,0 80.1406018,12.8888474,0 80.1406018,12.8888246,0 80.1407162,12.8888251,0 80.1407162,12.8888022,0 80.1408536,12.8888028,0 80.1408536,12.8887800,0 80.1409910,12.8887806,0 80.1409909,12.8887578,0 80.1411283,12.8887583,0 80.1411283,12.8887355,0 80.1412657,12.8887361,0 80.1412657,12.8887133,0 80.1414031,12.8887138,0 80.1414030,12.8886910,0 80.1415404,12.8886916,0 80.1415404,12.8886688,0 80.1416778,12.8886693,0 80.1416778,12.8886465,0 80.1418151,12.8886471,0 80.1418151,12.8886243,0 80.1419754,12.8886249,0 80.1419754,12.8886021,0 80.1421128,12.8886027,0 80.1421128,12.8885799,0 80.1422272,12.8885804,0 80.1422272,12.8885575,0 80.1423417,12.8885580,0 80.1424333,12.8885128,0 80.1425477,12.8885132,0 80.1425477,12.8884904,0 80.1426622,12.8884909,0 80.1427538,12.8884457,0 80.1428682,12.8884461,0 80.1429598,12.8884009,0 80.1430743,12.8884014,0 80.1431658,12.8883561,0 80.1433261,12.8883568,0 80.1433719,12.8883113,0 80.1435550,12.8882893,0 80.1435550,12.8882665,0 80.1436695,12.8882669,0 80.1438526,12.8881993,0 80.1439442,12.8881996,0 80.1449056,12.8877017,0 80.1449742,12.8877020,0 80.1452031,12.8875661,0 80.1452947,12.8875665,0 80.1453176,12.8875209,0 80.1455007,12.8874533,0 80.1455693,12.8873395,0 80.1456380,12.8873170,0 80.1457525,12.8873174,0 80.1457525,12.8872946,0 80.1458899,12.8872952,0 80.1458898,12.8872724,0 80.1460272,12.8872729,0 80.1460272,12.8872501,0 80.1461646,12.8872507,0 80.1461646,12.8872279,0 80.1463019,12.8872284,0 80.1463019,12.8872056,0 80.1464393,12.8872062,0 80.1464393,12.8871834,0 80.1465767,12.8871840,0 80.1465767,12.8871611,0 80.1467140,12.8871617,0 80.1467140,12.8871389,0 80.1468514,12.8871395,0 80.1468514,12.8871167,0 80.1469888,12.8871172,0 80.1469887,12.8870944,0 80.1471032,12.8870949,0 80.1471032,12.8870721,0 80.1472406,12.8870726,0 80.1472406,12.8870498,0 80.1473780,12.8870504,0 80.1473779,12.8870276,0 80.1474924,12.8870280,0 80.1474924,12.8870052,0 80.1476298,12.8870058,0 80.1476298,12.8869830,0 80.1477671,12.8869836,0 80.1477671,12.8869607,0 80.1479045,12.8869613,0 80.1479045,12.8869385,0 80.1480190,12.8869390,0 80.1480190,12.8869162,0 80.1481563,12.8869167,0 80.1481563,12.8868939,0 80.1482937,12.8868945,0 80.1482937,12.8868717,0 80.1484082,12.8868721,0 80.1484082,12.8868493,0 80.1485455,12.8868499,0 80.1485455,12.8868271,0 80.1486829,12.8868277,0 80.1486829,12.8868048,0 80.1488203,12.8868054,0 80.1488202,12.8867826,0 80.1489576,12.8867832,0 80.1489576,12.8867604,0 80.1490950,12.8867609,0 80.1490950,12.8867381,0 80.1492324,12.8867387,0 80.1492323,12.8867159,0 80.1493697,12.8867164,0 80.1493697,12.8866936,0 80.1495071,12.8866942,0 80.1495071,12.8866714,0 80.1496444,12.8866719,0 80.1496444,12.8866491,0 80.1497818,12.8866497,0 80.1497818,12.8866269,0 80.1499421,12.8866275,0 80.1499421,12.8866047,0 80.1500794,12.8866053,0 80.1500794,12.8865825,0 80.1502168,12.8865831,0 80.1502168,12.8865602,0 80.1503771,12.8865609,0 80.1503770,12.8865381,0 80.1505144,12.8865387,0 80.1505144,12.8865158,0 80.1506747,12.8865165,0 80.1506747,12.8864937,0 80.1508349,12.8864944,0 80.1508349,12.8864715,0 80.1510639,12.8864725,0 80.1510639,12.8864497,0 80.1512928,12.8864506,0 80.1512928,12.8864278,0 80.1514760,12.8864286,0 80.1514760,12.8864058,0 80.1516820,12.8864066,0 80.1516820,12.8863838,0 80.1518652,12.8863845,0 80.1518652,12.8863617,0 80.1520712,12.8863626,0 80.1520712,12.8863398,0 80.1523002,12.8863407,0 80.1523002,12.8863179,0 80.1525291,12.8863189,0 80.1525291,12.8862960,0 80.1532618,12.8862991,0 80.1532618,12.8863219,0 80.1534679,12.8863227,0 80.1534679,12.8862999,0 80.1537655,12.8863011,0 80.1538342,12.8862558,0 80.1540173,12.8862337,0 80.1540860,12.8861884,0 80.1542234,12.8861890,0 80.1541775,12.8860291,0 80.1541546,12.8860290,0 80.1541545,12.8858465,0 80.1541316,12.8858464,0 80.1541315,12.8857323,0 80.1542689,12.8857329,0 80.1542688,12.8854820,0 80.1542916,12.8854136,0 80.1543602,12.8853227,0 80.1544060,12.8853000,0 80.1545892,12.8853008,0 80.1546579,12.8852555,0 80.1546578,12.8852098,0 80.1547494,12.8852102,0 80.1547723,12.8851647,0 80.1549554,12.8850970,0 80.1552073,12.8850980,0 80.1552073,12.8851209,0 80.1554591,12.8851219,0 80.1554592,12.8851447,0 80.1561002,12.8851474,0 80.1561460,12.8851019,0 80.1562147,12.8851022,0 80.1562605,12.8850568,0 80.1563292,12.8850571,0 80.1563749,12.8850116,0 80.1564894,12.8850121,0 80.1565123,12.8849666,0 80.1566496,12.8849443,0 80.1566496,12.8849215,0 80.1568328,12.8849223,0 80.1568557,12.8848767,0 80.1569243,12.8848770,0 80.1569472,12.8848315,0 80.1570388,12.8848090,0 80.1571533,12.8848095,0 80.1571533,12.8847867,0 80.1572677,12.8847872,0 80.1572677,12.8847644,0 80.1573822,12.8847648,0 80.1573822,12.8847420,0 80.1575654,12.8847428,0 80.1575653,12.8847200,0 80.1577256,12.8847206,0 80.1577256,12.8846978,0 80.1580004,12.8846990,0 80.1580006,12.8851552,0 80.1579549,12.8852235,0 80.1579549,12.8852919,0 80.1579091,12.8853373,0 80.1579092,12.8854058,0 80.1578634,12.8854512,0 80.1578635,12.8855196,0 80.1578177,12.8855651,0 80.1578177,12.8856335,0 80.1577720,12.8856789,0 80.1577720,12.8857474,0 80.1576348,12.8859749,0 80.1576348,12.8860206,0 80.1575204,12.8861113,0 80.1574746,12.8861796,0 80.1574288,12.8861794,0 80.1573831,12.8862477,0 80.1572457,12.8862927,0 80.1572228,12.8863382,0 80.1563073,12.8867679,0 80.1562844,12.8868134,0 80.1552772,12.8872883,0 80.1552544,12.8873339,0 80.1548423,12.8875147,0 80.1546592,12.8876280,0 80.1542014,12.8878314,0 80.1541786,12.8878769,0 80.1531256,12.8883744,0 80.1531028,12.8884200,0 80.1520956,12.8888949,0 80.1520728,12.8889404,0 80.1514776,12.8892117,0 80.1514090,12.8892570,0 80.1512030,12.8894843,0 80.1511801,12.8894842,0 80.1511802,12.8896895,0 80.1512031,12.8896896,0 80.1512032,12.8898721,0 80.1512261,12.8898722,0 80.1512262,12.8899863,0 80.1512950,12.8901006,0 80.1513409,12.8903061,0 80.1513867,12.8903519,0 80.1514326,12.8905574,0 80.1514784,12.8906032,0 80.1515473,12.8908773,0 80.1515931,12.8909231,0 80.1516390,12.8911286,0 80.1516848,12.8911744,0 80.1517307,12.8913799,0 80.1517766,12.8914257,0 80.1518454,12.8916998,0 80.1518912,12.8917456,0 80.1519371,12.8919511,0 80.1519830,12.8919969,0 80.1520518,12.8922709,0 80.1520976,12.8923167,0 80.1521665,12.8925908,0 80.1522123,12.8926366,0 80.1522582,12.8928421,0 80.1523040,12.8928879,0 80.1525564,12.8937102,0 80.1525793,12.8938015,0 80.1526710,12.8940072,0 80.1526711,12.8940757,0 80.1527627,12.8941445,0 80.1527856,12.8942586,0 80.1528544,12.8943502,0 80.1529460,12.8943734,0 80.1529689,12.8944647,0 80.1528774,12.8946012,0 80.1528775,12.8947153,0 80.1530609,12.8951951,0 80.1530610,12.8952863,0 80.1533133,12.8959717,0 80.1533133,12.8960630,0 80.1534050,12.8962687,0 80.1534051,12.8963371,0 80.1534509,12.8963829,0 80.1536115,12.8969311,0 80.1536573,12.8969769,0 80.1538179,12.8975251,0 80.1538637,12.8975709,0 80.1540014,12.8980505,0 80.1540472,12.8980963,0 80.1542078,12.8986445,0 80.1542536,12.8986903,0 80.1544142,12.8992385,0 80.1544600,12.8992843,0 80.1545059,12.8995126,0 80.1548499,12.9004721,0 80.1548500,12.9005406,0 80.1551250,12.9010436,0 80.1551708,12.9011122,0 80.1555606,12.9019351,0 80.1556293,12.9020038,0 80.1556981,12.9022778,0 80.1557210,12.9022779,0 80.1557211,12.9023920,0 80.1557440,12.9023921,0 80.1557441,12.9025289,0 80.1556525,12.9025514,0 80.1554923,12.9026876,0 80.1553778,12.9026871,0 80.1553778,12.9027099,0 80.1552405,12.9027094,0 80.1552405,12.9027322,0 80.1549886,12.9027311,0 80.1549886,12.9027539,0 80.1547597,12.9027530,0 80.1547597,12.9027758,0 80.1545307,12.9027749,0 80.1545307,12.9027977,0 80.1543018,12.9027967,0 80.1543018,12.9028195,0 80.1539126,12.9028179,0 80.1539126,12.9028407,0 80.1537065,12.9028399,0 80.1537065,12.9028627,0 80.1535005,12.9028619,0 80.1535005,12.9028847,0 80.1532944,12.9028838,0 80.1532944,12.9029066,0 80.1530883,12.9029058,0 80.1530884,12.9029286,0 80.1528823,12.9029277,0 80.1528823,12.9029506,0 80.1527449,12.9029500,0 80.1526763,12.9029725,0 80.1525847,12.9030406,0 80.1524702,12.9030629,0 80.1524474,12.9031084,0 80.1523787,12.9031310,0 80.1523788,12.9032450,0 80.1523330,12.9033361,0 80.1523332,12.9036327,0 80.1523790,12.9037241,0 80.1523791,12.9038382,0 80.1524021,12.9039067,0 80.1524708,12.9039982,0 80.1524708,12.9040667,0 80.1525166,12.9040897,0 80.1525396,12.9041810,0 80.1525854,12.9041812,0 80.1527687,12.9043873,0 80.1528375,12.9046157,0 80.1529063,12.9047528,0 80.1529064,12.9049353,0 80.1529293,12.9049354,0 80.1529294,12.9051407,0 80.1529523,12.9051408,0 80.1529524,12.9053233,0 80.1529753,12.9053234,0 80.1529754,12.9055287,0 80.1529983,12.9055288,0 80.1529986,12.9059623,0 80.1529528,12.9060305,0 80.1529529,12.9061446,0 80.1527698,12.9062579,0 80.1527011,12.9062576,0 80.1526553,12.9063030,0 80.1525179,12.9063025,0 80.1525179,12.9063253,0 80.1523348,12.9063245,0 80.1523348,12.9063473,0 80.1520600,12.9063462,0 80.1520601,12.9063690,0 80.1519227,12.9063684,0 80.1519227,12.9063913,0 80.1517853,12.9063907,0 80.1517853,12.9064135,0 80.1516708,12.9064130,0 80.1515793,12.9064583,0 80.1515335,12.9064125,0 80.1514190,12.9063664,0 80.1513731,12.9062977,0 80.1512815,12.9062746,0 80.1511670,12.9062741,0 80.1510754,12.9062281,0 80.1506633,12.9062264,0 80.1506633,12.9062036,0 80.1505030,12.9062029,0 80.1504343,12.9061570,0 80.1503198,12.9061565,0 80.1502511,12.9061334,0 80.1502510,12.9059281,0 80.1502281,12.9059280,0 80.1502279,12.9056543,0 80.1502051,12.9056542,0 80.1502049,12.9053804,0 80.1501591,12.9053346,0 80.1501361,12.9051520,0 80.1500673,12.9050833,0 80.1500444,12.9049691,0 80.1499528,12.9049688,0 80.1497696,12.9048996,0 80.1493575,12.9048979,0 80.1493575,12.9049207,0 80.1490598,12.9049194,0 80.1490598,12.9049423,0 80.1487622,12.9049410,0 80.1487622,12.9049638,0 80.1482356,12.9049617,0 80.1482356,12.9049389,0 80.1481211,12.9049384,0 80.1480753,12.9048926,0 80.1480066,12.9048923,0 80.1480065,12.9048238,0 80.1479607,12.9047780,0 80.1479607,12.9046868,0 80.1478919,12.9045496,0 80.1478917,12.9042531,0 80.1478688,12.9042530,0 80.1478685,12.9037283,0 80.1478914,12.9037284,0 80.1478914,12.9036143,0 80.1479143,12.9036144,0 80.1479142,12.9035003,0 80.1479370,12.9034320,0 80.1480057,12.9033410,0 80.1480515,12.9033412,0 80.1480972,12.9032730,0 80.1482803,12.9031597,0 80.1483489,12.9029546,0 80.1483487,12.9027037,0 80.1483716,12.9027038,0 80.1483715,12.9024757,0 80.1483486,12.9024756,0 80.1483484,12.9020650,0 80.1483255,12.9020649,0 80.1483253,12.9017455,0 80.1483023,12.9016541,0 80.1482565,12.9016083,0 80.1482565,12.9015171,0 80.1481877,12.9014255,0 80.1481648,12.9013342,0 80.1480732,12.9013338,0 80.1479816,12.9012878,0 80.1478671,12.9012873,0 80.1477755,12.9012642,0 80.1477068,12.9012182,0 80.1474778,12.9011717,0 80.1474778,12.9011261,0 80.1474090,12.9010573,0 80.1474090,12.9009661,0 80.1473402,12.9008289,0 80.1473402,12.9007149,0 80.1473173,12.9007148,0 80.1473171,12.9003954,0 80.1472942,12.9003953,0 80.1472940,12.9000987,0 80.1472711,12.9000986,0 80.1472709,12.8998021,0 80.1472480,12.8998020,0 80.1472250,12.8996194,0 80.1471104,12.8993452,0 80.1471103,12.8992539,0 80.1469956,12.8988884,0 80.1469955,12.8986831,0 80.1469726,12.8986830,0 80.1469724,12.8982952,0 80.1469495,12.8982951,0 80.1469494,12.8981583,0 80.1469265,12.8981582,0 80.1468806,12.8979070,0 80.1468348,12.8978840,0 80.1467889,12.8977926,0 80.1467203,12.8977923,0 80.1466515,12.8977464,0 80.1465600,12.8977460,0 80.1464912,12.8977001,0 80.1463539,12.8976996,0 80.1463538,12.8976767,0 80.1459417,12.8976750,0 80.1459417,12.8976522,0 80.1453693,12.8976499,0 80.1453693,12.8976270,0 80.1452090,12.8976264,0 80.1452090,12.8976492,0 80.1450488,12.8976485,0 80.1449801,12.8976939,0 80.1448656,12.8976934,0 80.1447740,12.8977158,0 80.1447054,12.8978296,0 80.1447055,12.8979209,0 80.1446597,12.8979891,0 80.1446598,12.8981260,0 80.1446369,12.8981259,0 80.1446370,12.8983312,0 80.1446141,12.8983311,0 80.1446144,12.8987417,0 80.1445915,12.8987416,0 80.1445917,12.8991295,0 80.1445689,12.8992206,0 80.1445231,12.8992889,0 80.1445003,12.8994713,0 80.1444546,12.8995395,0 80.1444546,12.8996308,0 80.1444089,12.8996990,0 80.1444089,12.8997903,0 80.1443632,12.8998585,0 80.1442261,12.9003598,0 80.1441803,12.9004052,0 80.1439518,12.9011571,0 80.1439060,12.9012026,0 80.1436775,12.9019544,0 80.1436317,12.9019999,0 80.1435861,12.9022050,0 80.1434946,12.9023415,0 80.1434946,12.9024099,0 80.1434488,12.9024325,0 80.1434260,12.9025237,0 80.1433802,12.9025919,0 80.1433116,12.9026145,0 80.1431742,12.9027051,0 80.1431055,12.9027049,0 80.1430598,12.9027503,0 80.1428995,12.9027953,0 80.1426019,12.9027940,0 80.1425332,12.9027481,0 80.1423042,12.9027016,0</coordinates></LinearRing></outerBoundaryIs></Polygon></MultiGeometry></Placemark>
<Placemark><name>70</name><ExtendedData><SchemaData schemaUrl="#tambaram_wards"><SimpleData name="id_2">TMB_70</SimpleData><SimpleData name="name">70</SimpleData><SimpleData name="zone">5</SimpleData></SchemaData></ExtendedData><MultiGeometry><Polygon><outerBoundaryIs><LinearRing><coordinates>80.1515793,12.9064583,0 80.1516708,12.9064130,0 80.1517853,12.9064135,0 80.1517853,12.9063907,0 80.1519227,12.9063913,0 80.1519227,12.9063684,0 80.1520601,12.9063690,0 80.1520600,12.9063462,0 80.1523348,12.9063473,0 80.1523348,12.9063245,0 80.1525179,12.9063253,0 80.1525179,12.9063025,0 80.1526553,12.9063030,0 80.1527011,12.9062576,0 80.1527698,12.9062579,0 80.1529529,12.9061446,0 80.1529528,12.9060305,0 80.1529986,12.9059623,0 80.1529983,12.9055288,0 80.1529754,12.9055287,0 80.1529753,12.9053234,0 80.1529524,12.9053233,0 80.1529523,12.9051408,0 80.1529294,12.9051407,0 80.1529293,12.9049354,0 80.1529064,12.9049353,0 80.1529063,12.9047528,0 80.1528375,12.9046157,0 80.1527687,12.9043873,0 80.1525854,12.9041812,0 80.1525396,12.9041810,0 80.1525166,12.9040897,0 80.1524708,12.9040667,0 80.1524708,12.9039982,0 80.1524021,12.9039067,0 80.1523791,12.9038382,0 80.1523790,12.9037241,0 80.1523332,12.9036327,0 80.1523330,12.9033361,0 80.1523788,12.9032450,0 80.1523787,12.9031310,0 80.1524474,12.9031084,0 80.1524702,12.9030629,0 80.1525847,12.9030406,0 80.1526763,12.9029725,0 80.1527449,12.9029500,0 80.1528823,12.9029506,0 80.1528823,12.9029277,0 80.1530884,12.9029286,0 80.1530883,12.9029058,0 80.1532944,12.9029066,0 80.1532944,12.9028838,0 80.1535005,12.9028847,0 80.1535005,12.9028619,0 80.1537065,12.9028627,0 80.1537065,12.9028399,0 80.1539126,12.9028407,0 80.1539126,12.9028179,0 80.1543018,12.9028195,0 80.1543018,12.9027967,0 80.1545307,12.9027977,0 80.1545307,12.9027749,0 80.1547597,12.9027758,0 80.1547597,12.9027530,0 80.1549886,12.9027539,0 80.1549886,12.9027311,0 80.1552405,12.9027322,0 80.1552405,12.9027094,0 80.1553778,12.9027099,0 80.1553778,12.9026871,0 80.1554923,12.9026876,0 80.1556525,12.9025514,0 80.1557441,12.9025289,0 80.1557440,12.9023921,0 80.1557211,12.9023920,0 80.1557210,12.9022779,0 80.1556981,12.9022778,0 80.1556293,12.9020038,0 80.1555606,12.9019351,0 80.1551708,12.9011122,0 80.1551250,12.9010436,0 80.1548500,12.9005406,0 80.1548499,12.9004721,0 80.1545059,12.8995126,0 80.1544600,12.8992843,0 80.1544142,12.8992385,0 80.1542536,12.8986903,0 80.1542078,12.8986445,0 80.1540472,12.8980963,0 80.1540014,12.8980505,0 80.1538637,12.8975709,0 80.1538179,12.8975251,0 80.1536573,12.8969769,0 80.1536115,12.8969311,0 80.1534509,12.8963829,0 80.1534051,12.8963371,0 80.1534050,12.8962687,0 80.1533133,12.8960630,0 80.1533133,12.8959717,0 80.1530610,12.8952863,0 80.1530609,12.8951951,0 80.1528775,12.8947153,0 80.1528774,12.8946012,0 80.1529689,12.8944647,0 80.1529460,12.8943734,0 80.1528544,12.8943502,0 80.1527856,12.8942586,0 80.1527627,12.8941445,0 80.1526711,12.8940757,0 80.1526710,12.8940072,0 80.1525793,12.8938015,0 80.1525564,12.8937102,0 80.1523040,12.8928879,0 80.1522582,12.8928421,0 80.1522123,12.8926366,0 80.1521665,12.8925908,0 80.1520976,12.8923167,0 80.1520518,12.8922709,0 80.1519830,12.8919969,0 80.1519371,12.8919511,0 80.1518912,12.8917456,0 80.1518454,12.8916998,0 80.1517766,12.8914257,0 80.1517307,12.8913799,0 80.1516848,12.8911744,0 80.1516390,12.8911286,0 80.1515931,12.8909231,0 80.1515473,12.8908773,0 80.1514784,12.8906032,0 80.1514326,12.8905574,0 80.1513867,12.8903519,0 80.1513409,12.8903061,0 80.1512950,12.8901006,0 80.1512262,12.8899863,0 80.1512261,12.8898722,0 80.1512032,12.8898721,0 80.1512031,12.8896896,0 80.1511802,12.8896895,0 80.1511801,12.8894842,0 80.1512030,12.8894843,0 80.1514090,12.8892570,0 80.1514776,12.8892117,0 80.1520728,12.8889404,0 80.1520956,12.8888949,0 80.1531028,12.8884200,0 80.1531256,12.8883744,0 80.1541786,12.8878769,0 80.1542014,12.8878314,0 80.1546592,12.8876280,0 80.1548423,12.8875147,0 80.1552544,12.8873339,0 80.1552772,12.8872883,0 80.1562844,12.8868134,0 80.1563073,12.8867679,0 80.1572228,12.8863382,0 80.1572457,12.8862927,0 80.1573831,12.8862477,0 80.1574288,12.8861794,0 80.1574746,12.8861796,0 80.1575204,12.8861113,0 80.1576348,12.8860206,0 80.1576348,12.8859749,0 80.1577720,12.8857474,0 80.1577720,12.8856789,0 80.1578177,12.8856335,0 80.1578177,12.8855651,0 80.1578635,12.8855196,0 80.1578634,12.8854512,0 80.1579092,12.8854058,0 80.1579091,12.8853373,0 80.1579549,12.8852919,0 80.1579549,12.8852235,0 80.1580006,12.8851552,0 80.1580004,12.8846990,0 80.1581835,12.8846997,0 80.1582751,12.8847457,0 80.1583896,12.8847462,0 80.1583896,12.8847690,0 80.1585041,12.8847695,0 80.1585041,12.8847923,0 80.1586415,12.8847929,0 80.1586415,12.8848157,0 80.1587560,12.8848161,0 80.1587560,12.8848390,0 80.1588934,12.8848395,0 80.1588934,12.8848623,0 80.1590308,12.8848629,0 80.1590308,12.8848857,0 80.1591911,12.8848864,0 80.1591911,12.8849092,0 80.1593284,12.8849098,0 80.1593285,12.8849326,0 80.1594658,12.8849331,0 80.1594659,12.8849559,0 80.1596032,12.8849565,0 80.1596032,12.8849337,0 80.1606335,12.8849380,0 80.1606335,12.8849151,0 80.1616410,12.8849193,0 80.1616409,12.8848965,0 80.1627400,12.8849010,0 80.1628087,12.8849698,0 80.1630834,12.8849709,0 80.1630835,12.8849937,0 80.1631979,12.8849942,0 80.1631979,12.8850170,0 80.1633124,12.8850175,0 80.1634040,12.8850635,0 80.1638391,12.8850653,0 80.1638619,12.8850197,0 80.1639535,12.8849973,0 80.1640909,12.8849979,0 80.1640909,12.8850207,0 80.1642283,12.8850212,0 80.1642969,12.8849759,0 80.1643885,12.8849991,0 80.1645488,12.8849998,0 80.1645488,12.8850226,0 80.1646633,12.8850230,0 80.1646862,12.8850688,0 80.1647549,12.8850690,0 80.1647778,12.8851148,0 80.1649839,12.8851156,0 80.1649839,12.8851384,0 80.1651671,12.8851392,0 80.1651671,12.8851620,0 80.1653503,12.8851627,0 80.1653503,12.8851856,0 80.1655105,12.8851862,0 80.1655106,12.8852090,0 80.1656708,12.8852097,0 80.1656708,12.8852325,0 80.1658082,12.8852331,0 80.1658082,12.8852559,0 80.1659456,12.8852565,0 80.1659456,12.8852793,0 80.1660601,12.8852797,0 80.1660601,12.8853026,0 80.1662204,12.8853032,0 80.1663120,12.8852580,0 80.1665409,12.8852589,0 80.1665409,12.8852817,0 80.1667012,12.8852824,0 80.1667012,12.8853052,0 80.1668615,12.8853059,0 80.1668615,12.8853287,0 80.1673194,12.8853306,0 80.1673194,12.8853534,0 80.1675026,12.8853541,0 80.1675026,12.8853769,0 80.1677087,12.8853778,0 80.1677087,12.8854006,0 80.1678690,12.8854013,0 80.1678690,12.8854241,0 80.1680522,12.8854248,0 80.1680521,12.8854020,0 80.1682582,12.8854029,0 80.1683498,12.8854945,0 80.1683956,12.8854719,0 80.1687849,12.8854735,0 80.1687848,12.8854507,0 80.1692657,12.8854527,0 80.1692657,12.8854755,0 80.1699068,12.8854781,0 80.1699296,12.8854326,0 80.1701128,12.8853649,0 80.1702501,12.8853655,0 80.1702501,12.8853427,0 80.1703875,12.8853432,0 80.1703875,12.8853204,0 80.1706622,12.8853216,0 80.1706622,12.8852987,0 80.1710973,12.8853005,0 80.1714635,12.8851880,0 80.1715551,12.8851884,0 80.1715322,12.8850970,0 80.1717840,12.8850981,0 80.1717840,12.8851209,0 80.1719672,12.8851216,0 80.1720130,12.8851446,0 80.1724027,12.8858762,0 80.1724485,12.8858992,0 80.1728840,12.8868135,0 80.1729298,12.8868365,0 80.1733654,12.8877508,0 80.1734112,12.8877738,0 80.1734112,12.8878423,0 80.1736175,12.8882081,0 80.1736176,12.8882766,0 80.1738009,12.8885967,0 80.1738010,12.8886651,0 80.1739614,12.8889395,0 80.1739614,12.8890080,0 80.1741219,12.8892824,0 80.1741219,12.8893508,0 80.1742823,12.8896252,0 80.1742824,12.8896937,0 80.1744199,12.8899224,0 80.1744199,12.8899908,0 80.1745345,12.8901738,0 80.1745346,12.8902422,0 80.1746262,12.8903795,0 80.1746263,12.8904479,0 80.1746721,12.8904937,0 80.1746951,12.8906307,0 80.1747180,12.8906308,0 80.1747181,12.8908817,0 80.1746952,12.8908816,0 80.1746953,12.8910185,0 80.1746495,12.8911096,0 80.1746496,12.8912236,0 80.1746039,12.8913147,0 80.1746039,12.8914288,0 80.1745354,12.8916110,0 80.1745354,12.8917250,0 80.1745125,12.8917249,0 80.1745126,12.8918618,0 80.1744897,12.8918617,0 80.1744898,12.8919986,0 80.1744669,12.8919985,0 80.1744670,12.8921582,0 80.1744441,12.8921581,0 80.1744442,12.8922950,0 80.1744213,12.8922949,0 80.1744214,12.8924546,0 80.1743985,12.8924545,0 80.1743986,12.8925913,0 80.1743757,12.8925912,0 80.1743758,12.8927509,0 80.1743529,12.8927508,0 80.1743529,12.8928877,0 80.1743300,12.8928876,0 80.1743301,12.8930473,0 80.1743072,12.8930472,0 80.1743073,12.8931841,0 80.1742844,12.8931840,0 80.1742845,12.8933209,0 80.1742616,12.8933208,0 80.1742617,12.8934576,0 80.1742388,12.8934575,0 80.1742389,12.8935944,0 80.1742160,12.8935943,0 80.1742161,12.8937312,0 80.1741932,12.8937311,0 80.1741932,12.8938680,0 80.1741703,12.8938679,0 80.1741704,12.8939819,0 80.1741475,12.8939819,0 80.1741476,12.8941187,0 80.1741247,12.8941186,0 80.1741248,12.8942555,0 80.1741019,12.8942554,0 80.1741020,12.8943923,0 80.1740791,12.8943922,0 80.1740791,12.8945063,0 80.1740562,12.8945062,0 80.1740564,12.8947799,0 80.1740335,12.8947798,0 80.1740340,12.8956239,0 80.1740111,12.8956238,0 80.1740114,12.8960800,0 80.1740343,12.8960801,0 80.1740343,12.8961942,0 80.1740572,12.8961943,0 80.1740573,12.8963083,0 80.1740802,12.8963084,0 80.1740803,12.8964225,0 80.1741261,12.8965139,0 80.1741262,12.8966508,0 80.1741491,12.8966509,0 80.1741492,12.8967878,0 80.1741950,12.8968792,0 80.1741951,12.8970389,0 80.1741036,12.8971526,0 80.1740120,12.8971522,0 80.1739662,12.8971977,0 80.1738746,12.8971973,0 80.1738060,12.8972426,0 80.1737144,12.8972422,0 80.1736457,12.8972876,0 80.1735084,12.8972870,0 80.1734626,12.8973324,0 80.1733023,12.8973318,0 80.1732566,12.8973772,0 80.1731192,12.8973995,0 80.1730734,12.8974677,0 80.1729362,12.8977865,0 80.1728905,12.8977863,0 80.1728676,12.8978775,0 80.1727989,12.8979000,0 80.1727532,12.8979683,0 80.1726845,12.8979908,0 80.1726388,12.8980590,0 80.1726388,12.8981503,0 80.1725930,12.8981729,0 80.1725931,12.8982414,0 80.1723871,12.8983318,0 80.1722955,12.8983542,0 80.1721581,12.8983536,0 80.1720437,12.8984216,0 80.1719521,12.8984212,0 80.1719064,12.8985579,0 80.1718606,12.8985805,0 80.1718606,12.8986490,0 80.1717233,12.8987168,0 80.1714485,12.8987157,0 80.1714486,12.8987385,0 80.1711509,12.8987373,0 80.1711509,12.8987601,0 80.1709906,12.8987594,0 80.1709907,12.8988050,0 80.1708762,12.8988274,0 80.1708762,12.8988502,0 80.1707159,12.8988495,0 80.1707160,12.8988723,0 80.1705786,12.8988718,0 80.1705786,12.8988946,0 80.1703038,12.8988935,0 80.1700750,12.8990294,0 80.1700063,12.8990291,0 80.1699148,12.8991428,0 80.1698461,12.8991425,0 80.1698461,12.8991881,0 80.1697316,12.8991877,0 80.1696858,12.8992331,0 80.1695714,12.8992326,0 80.1694798,12.8992779,0 80.1693653,12.8992774,0 80.1691593,12.8993678,0 80.1690906,12.8993675,0 80.1690449,12.8994129,0 80.1689075,12.8994352,0 80.1688617,12.8994806,0 80.1687930,12.8994803,0 80.1687245,12.8997310,0 80.1686788,12.8998221,0 80.1685872,12.8998901,0 80.1682896,12.8998889,0 80.1682896,12.8998661,0 80.1679461,12.8998647,0 80.1679461,12.8998418,0 80.1676485,12.8998406,0 80.1675797,12.8997947,0 80.1672134,12.8997932,0 80.1671905,12.8998387,0 80.1671906,12.8999528,0 80.1671677,12.8999527,0 80.1671679,12.9002493,0 80.1671450,12.9002948,0 80.1669619,12.9004081,0 80.1668245,12.9004075,0 80.1668246,12.9005216,0 80.1668017,12.9005215,0 80.1668018,12.9006356,0 80.1667789,12.9006355,0 80.1667789,12.9007495,0 80.1667561,12.9008407,0 80.1666646,12.9009315,0 80.1666417,12.9010227,0 80.1665502,12.9011136,0 80.1665273,12.9012047,0 80.1664816,12.9012274,0 80.1664816,12.9013186,0 80.1664359,12.9014097,0 80.1663443,12.9014777,0 80.1661383,12.9015225,0 80.1660925,12.9015679,0 80.1659781,12.9015675,0 80.1659552,12.9016130,0 80.1658407,12.9016353,0 80.1658637,12.9017267,0 80.1658637,12.9018635,0 80.1658866,12.9018636,0 80.1658867,12.9020461,0 80.1659096,12.9020462,0 80.1659097,12.9022059,0 80.1659326,12.9022060,0 80.1659329,12.9026395,0 80.1659100,12.9026394,0 80.1659102,12.9029131,0 80.1657958,12.9030723,0 80.1657042,12.9030948,0 80.1657043,12.9032544,0 80.1657502,12.9033915,0 80.1656586,12.9034139,0 80.1656584,12.9031174,0 80.1655897,12.9031399,0 80.1655899,12.9034137,0 80.1655212,12.9034134,0 80.1655211,12.9031624,0 80.1654295,12.9031849,0 80.1654297,12.9035042,0 80.1654526,12.9035043,0 80.1654529,12.9039834,0 80.1652926,12.9039599,0 80.1650865,12.9038678,0 80.1649949,12.9038446,0 80.1648804,12.9038442,0 80.1648804,12.9038670,0 80.1647430,12.9038664,0 80.1647430,12.9038892,0 80.1645827,12.9038886,0 80.1645828,12.9039114,0 80.1644454,12.9039108,0 80.1644454,12.9039336,0 80.1643309,12.9039331,0 80.1642852,12.9039786,0 80.1642165,12.9039783,0 80.1641478,12.9040236,0 80.1639646,12.9040229,0 80.1639646,12.9040457,0 80.1636441,12.9040444,0 80.1636441,12.9039987,0 80.1635524,12.9039071,0 80.1635524,12.9038387,0 80.1634378,12.9036557,0 80.1634377,12.9035416,0 80.1634148,12.9035415,0 80.1634148,12.9034275,0 80.1633919,12.9034274,0 80.1633918,12.9032905,0 80.1633689,12.9032904,0 80.1633688,12.9031079,0 80.1633459,12.9031078,0 80.1633458,12.9029481,0 80.1633229,12.9029480,0 80.1633228,12.9027655,0 80.1632999,12.9027655,0 80.1632998,12.9025830,0 80.1632769,12.9025829,0 80.1632768,12.9024232,0 80.1632539,12.9024231,0 80.1632538,12.9022634,0 80.1632309,12.9022633,0 80.1632308,12.9020808,0 80.1631850,12.9020122,0 80.1631849,12.9019209,0 80.1631391,12.9018751,0 80.1631161,12.9017153,0 80.1630245,12.9016693,0 80.1627726,12.9015086,0 80.1626810,12.9015082,0 80.1626123,12.9014623,0 80.1621543,12.9013692,0 80.1620856,12.9013233,0 80.1619940,12.9013229,0 80.1619024,12.9012769,0 80.1617879,12.9012764,0 80.1617879,12.9012536,0 80.1616047,12.9012528,0 80.1616047,12.9012300,0 80.1613986,12.9012292,0 80.1613071,12.9012516,0 80.1612613,12.9012970,0 80.1611926,12.9012968,0 80.1611697,12.9013423,0 80.1610782,12.9013875,0 80.1610095,12.9013872,0 80.1609866,12.9014328,0 80.1608035,12.9015461,0 80.1607807,12.9016372,0 80.1607808,12.9017969,0 80.1607579,12.9017968,0 80.1607581,12.9021618,0 80.1607810,12.9021619,0 80.1607811,12.9023444,0 80.1608040,12.9023445,0 80.1608041,12.9025042,0 80.1608270,12.9025043,0 80.1608271,12.9026868,0 80.1608500,12.9026869,0 80.1608501,12.9028466,0 80.1608730,12.9028467,0 80.1608731,12.9030292,0 80.1608960,12.9030293,0 80.1608961,12.9031890,0 80.1609190,12.9031891,0 80.1609191,12.9033716,0 80.1609420,12.9033716,0 80.1609422,12.9038279,0 80.1609193,12.9038278,0 80.1609194,12.9039647,0 80.1608737,12.9040557,0 80.1608050,12.9041011,0 80.1606906,12.9042375,0 80.1605990,12.9042371,0 80.1605533,12.9042825,0 80.1604846,12.9042823,0 80.1604159,12.9043276,0 80.1601412,12.9043721,0 80.1600954,12.9044175,0 80.1597978,12.9045304,0 80.1597292,12.9046669,0 80.1597293,12.9047582,0 80.1596835,12.9047808,0 80.1596836,12.9049861,0 80.1596607,12.9049860,0 80.1596609,12.9051914,0 80.1596838,12.9051914,0 80.1596839,12.9055108,0 80.1597068,12.9055109,0 80.1597069,12.9056934,0 80.1597298,12.9056935,0 80.1597300,12.9060129,0 80.1597071,12.9060128,0 80.1597072,12.9061497,0 80.1596844,12.9062408,0 80.1596157,12.9063318,0 80.1595699,12.9063316,0 80.1594784,12.9063997,0 80.1593868,12.9063993,0 80.1593410,12.9064447,0 80.1592495,12.9064671,0 80.1591121,12.9064666,0 80.1591121,12.9064894,0 80.1589518,12.9064887,0 80.1589519,12.9065115,0 80.1588145,12.9065110,0 80.1588145,12.9065338,0 80.1586313,12.9065330,0 80.1586313,12.9065558,0 80.1584711,12.9065552,0 80.1584711,12.9065780,0 80.1583108,12.9065773,0 80.1583108,12.9066001,0 80.1581505,12.9065995,0 80.1581506,12.9066223,0 80.1579903,12.9066216,0 80.1579903,12.9066444,0 80.1578300,12.9066438,0 80.1578300,12.9066666,0 80.1576698,12.9066659,0 80.1576698,12.9066887,0 80.1575324,12.9066882,0 80.1575324,12.9067110,0 80.1573493,12.9067330,0 80.1573035,12.9067785,0 80.1572348,12.9067782,0 80.1571662,12.9068692,0 80.1571204,12.9068690,0 80.1570517,12.9069599,0 80.1569831,12.9070053,0 80.1562508,12.9077551,0 80.1562051,12.9077549,0 80.1561593,12.9078231,0 80.1561135,12.9078229,0 80.1558846,12.9079817,0 80.1556786,12.9079808,0 80.1556786,12.9079580,0 80.1555183,12.9079574,0 80.1555183,12.9079345,0 80.1554038,12.9079341,0 80.1553122,12.9078881,0 80.1547856,12.9078859,0 80.1547856,12.9079087,0 80.1546482,12.9079081,0 80.1546482,12.9079309,0 80.1545108,12.9079304,0 80.1545109,12.9079532,0 80.1543735,12.9079526,0 80.1543735,12.9079754,0 80.1542132,12.9079748,0 80.1542132,12.9079976,0 80.1540759,12.9079970,0 80.1540759,12.9080198,0 80.1539385,12.9080193,0 80.1539385,12.9080421,0 80.1538011,12.9080415,0 80.1538011,12.9080643,0 80.1536409,12.9080637,0 80.1536409,12.9080865,0 80.1534119,12.9080855,0 80.1534119,12.9081083,0 80.1530685,12.9081069,0 80.1530685,12.9081297,0 80.1527251,12.9081283,0 80.1527251,12.9081511,0 80.1524045,12.9081498,0 80.1524045,12.9081726,0 80.1520153,12.9081710,0 80.1519237,12.9081250,0 80.1518092,12.9081245,0 80.1517176,12.9081013,0 80.1517176,12.9080329,0 80.1516259,12.9078957,0 80.1516030,12.9078271,0 80.1516029,12.9076674,0 80.1515800,12.9076673,0 80.1515799,12.9074848,0 80.1515570,12.9074847,0 80.1515568,12.9071426,0 80.1515339,12.9071425,0 80.1515337,12.9068231,0 80.1515566,12.9068232,0 80.1515565,12.9066635,0 80.1515794,12.9066636,0 80.1515793,12.9064583,0</coordinates></LinearRing></outerBoundaryIs></Polygon></MultiGeometry></Placemark>
</Document></kml>
