<?xml version="1.0" encoding="UTF-8"?>
<kml xmlns="http://www.opengis.net/kml/2.2"><Document><name>Tambaram-Zones</name>
<Placemark><name>PAMMAL</name><ExtendedData><SchemaData schemaUrl="#tambaram_zones"><SimpleData name="Region">TAMBARAM</SimpleData><SimpleData name="ZONE">I</SimpleData><SimpleData name="ZONE_NAME">PAMMAL</SimpleData></SchemaData></ExtendedData><MultiGeometry><Polygon><outerBoundaryIs><LinearRing><coordinates>80.1325996,12.9476247,0 80.1325538,12.9475789,0 80.1325538,12.9475105,0 80.1325079,12.9474647,0 80.1324850,12.9473049,0 80.1324162,12.9472133,0 80.1324162,12.9471221,0 80.1323703,12.9470535,0 80.1323703,12.9469850,0 80.1323015,12.9468707,0 80.1323015,12.9467566,0 80.1322786,12.9467565,0 80.1322785,12.9466196,0 80.1322556,12.9466196,0 80.1322555,12.9465055,0 80.1322326,12.9465054,0 80.1322326,12.9463913,0 80.1322097,12.9463912,0 80.1322094,12.9458894,0 80.1322551,12.9458211,0 80.1322550,12.9456614,0 80.1322321,12.9456613,0 80.1322320,12.9455016,0 80.1322549,12.9455017,0 80.1322544,12.9444980,0 80.1322314,12.9444523,0 80.1321169,12.9444062,0 80.1320024,12.9444057,0 80.1320025,12.9444285,0 80.1318422,12.9444279,0 80.1318422,12.9444507,0 80.1316132,12.9444497,0 80.1316132,12.9444269,0 80.1314987,12.9444264,0 80.1314987,12.9444036,0 80.1313843,12.9444031,0 80.1313842,12.9443803,0 80.1312698,12.9443799,0 80.1312698,12.9444027,0 80.1311553,12.9444022,0 80.1310637,12.9444475,0 80.1309493,12.9444470,0 80.1308577,12.9444922,0 80.1307432,12.9444918,0 80.1306517,12.9445370,0 80.1305372,12.9445365,0 80.1303540,12.9446042,0 80.1302396,12.9446037,0 80.1301480,12.9446490,0 80.1300335,12.9446485,0 80.1299420,12.9446938,0 80.1298275,12.9446933,0 80.1298275,12.9447161,0 80.1296443,12.9447382,0 80.1295986,12.9447836,0 80.1292552,12.9448734,0 80.1292094,12.9449189,0 80.1289347,12.9449862,0 80.1288889,12.9450316,0 80.1287516,12.9450538,0 80.1286143,12.9451445,0 80.1284770,12.9453949,0 80.1284084,12.9454402,0 80.1280881,12.9459636,0 80.1280195,12.9460089,0 80.1278136,12.9462818,0 80.1277678,12.9462816,0 80.1276763,12.9463953,0 80.1274932,12.9465314,0 80.1274932,12.9465771,0 80.1274016,12.9466451,0 80.1274017,12.9466908,0 80.1273101,12.9467588,0 80.1273102,12.9468044,0 80.1272186,12.9468725,0 80.1272186,12.9469181,0 80.1271042,12.9470089,0 80.1271042,12.9470545,0 80.1270127,12.9471226,0 80.1270127,12.9471682,0 80.1268983,12.9472590,0 80.1268983,12.9473046,0 80.1268068,12.9473727,0 80.1268068,12.9474183,0 80.1266924,12.9475091,0 80.1266924,12.9475547,0 80.1266009,12.9476228,0 80.1266009,12.9476684,0 80.1265093,12.9477364,0 80.1265094,12.9477821,0 80.1264178,12.9478501,0 80.1264178,12.9478957,0 80.1263263,12.9479638,0 80.1263263,12.9480094,0 80.1262577,12.9480548,0 80.1260974,12.9480769,0 80.1260059,12.9481222,0 80.1258914,12.9481217,0 80.1257998,12.9481669,0 80.1256853,12.9481665,0 80.1256853,12.9481893,0 80.1255709,12.9481888,0 80.1254793,12.9482341,0 80.1253648,12.9482336,0 80.1252733,12.9482788,0 80.1251588,12.9482784,0 80.1251588,12.9483012,0 80.1250443,12.9483007,0 80.1249528,12.9483459,0 80.1248383,12.9483455,0 80.1246552,12.9484132,0 80.1245407,12.9484127,0 80.1244491,12.9484579,0 80.1243346,12.9484575,0 80.1242431,12.9485027,0 80.1241286,12.9485022,0 80.1240370,12.9485475,0 80.1239226,12.9485470,0 80.1239226,12.9485698,0 80.1238081,12.9485693,0 80.1238081,12.9485922,0 80.1236936,12.9486145,0 80.1236021,12.9486141,0 80.1235105,12.9486594,0 80.1233960,12.9486589,0 80.1233045,12.9487041,0 80.1231900,12.9487037,0 80.1230984,12.9487489,0 80.1229839,12.9487484,0 80.1228924,12.9487937,0 80.1227779,12.9487932,0 80.1226863,12.9488385,0 80.1225719,12.9488380,0 80.1225719,12.9488608,0 80.1224574,12.9488603,0 80.1222743,12.9489280,0 80.1220911,12.9489272,0 80.1220911,12.9488816,0 80.1220224,12.9488357,0 80.1220223,12.9487673,0 80.1219765,12.9487443,0 80.1219077,12.9486071,0 80.1218620,12.9486297,0 80.1217475,12.9486293,0 80.1216788,12.9486518,0 80.1215873,12.9487199,0 80.1215186,12.9487196,0 80.1214728,12.9487650,0 80.1213125,12.9487872,0 80.1211752,12.9488550,0 80.1210836,12.9488547,0 80.1209463,12.9489225,0 80.1208547,12.9489221,0 80.1207860,12.9489675,0 80.1206945,12.9489671,0 80.1205571,12.9490350,0 80.1204655,12.9490346,0 80.1203282,12.9491025,0 80.1202366,12.9491021,0 80.1200993,12.9491700,0 80.1200077,12.9491696,0 80.1199390,12.9492149,0 80.1198474,12.9492145,0 80.1197788,12.9492599,0 80.1196872,12.9492595,0 80.1194812,12.9493499,0 80.1192065,12.9494172,0 80.1190920,12.9494395,0 80.1190462,12.9494850,0 80.1189547,12.9494846,0 80.1188173,12.9495525,0 80.1187257,12.9495521,0 80.1185884,12.9496200,0 80.1184968,12.9496196,0 80.1183595,12.9496875,0 80.1182679,12.9496871,0 80.1181306,12.9497550,0 80.1180390,12.9497546,0 80.1179016,12.9498224,0 80.1178101,12.9498221,0 80.1176727,12.9498899,0 80.1175811,12.9498896,0 80.1175125,12.9499349,0 80.1173522,12.9499342,0 80.1173522,12.9499570,0 80.1172148,12.9499565,0 80.1172148,12.9499793,0 80.1171004,12.9499788,0 80.1170317,12.9500470,0 80.1169859,12.9500240,0 80.1168028,12.9500460,0 80.1167112,12.9501369,0 80.1166426,12.9501594,0 80.1164823,12.9501588,0 80.1164136,12.9501813,0 80.1163448,12.9500441,0 80.1163448,12.9499301,0 80.1163219,12.9499300,0 80.1163217,12.9495878,0 80.1162987,12.9494964,0 80.1162300,12.9493593,0 80.1161613,12.9493362,0 80.1159094,12.9493352,0 80.1159094,12.9493580,0 80.1157720,12.9493574,0 80.1157720,12.9493802,0 80.1154972,12.9492650,0 80.1154743,12.9492193,0 80.1152453,12.9490815,0 80.1152223,12.9489673,0 80.1151535,12.9488302,0 80.1151535,12.9487389,0 80.1152450,12.9486480,0 80.1152450,12.9486024,0 80.1153136,12.9485571,0 80.1153136,12.9485114,0 80.1153823,12.9484661,0 80.1153822,12.9484205,0 80.1154509,12.9483751,0 80.1154966,12.9482613,0 80.1155653,12.9482159,0 80.1155653,12.9481703,0 80.1156339,12.9481021,0 80.1156339,12.9479881,0 80.1156110,12.9479880,0 80.1155651,12.9478509,0 80.1155193,12.9478279,0 80.1154963,12.9477366,0 80.1154276,12.9476907,0 80.1153818,12.9476220,0 80.1153359,12.9474850,0 80.1152901,12.9474620,0 80.1152672,12.9473706,0 80.1151297,12.9472104,0 80.1151067,12.9471190,0 80.1150609,12.9470960,0 80.1149922,12.9469589,0 80.1148777,12.9469584,0 80.1148777,12.9469356,0 80.1147174,12.9469349,0 80.1147174,12.9469121,0 80.1145113,12.9469113,0 80.1145113,12.9468885,0 80.1143281,12.9468877,0 80.1143281,12.9468649,0 80.1141450,12.9468641,0 80.1141449,12.9468413,0 80.1139847,12.9468407,0 80.1139847,12.9468178,0 80.1138015,12.9468171,0 80.1138015,12.9467943,0 80.1136183,12.9467935,0 80.1136183,12.9467707,0 80.1133206,12.9467695,0 80.1133207,12.9467923,0 80.1131604,12.9467916,0 80.1131604,12.9468144,0 80.1130459,12.9468140,0 80.1130459,12.9468368,0 80.1128628,12.9468360,0 80.1128628,12.9468588,0 80.1126796,12.9468581,0 80.1126109,12.9468806,0 80.1125194,12.9469487,0 80.1124507,12.9469484,0 80.1124049,12.9469938,0 80.1118325,12.9469915,0 80.1118325,12.9469686,0 80.1115807,12.9469676,0 80.1115806,12.9469448,0 80.1113288,12.9469437,0 80.1113288,12.9469209,0 80.1111914,12.9469204,0 80.1111456,12.9468974,0 80.1111227,12.9468288,0 80.1110768,12.9468058,0 80.1110310,12.9467144,0 80.1104357,12.9467119,0 80.1103899,12.9466661,0 80.1100693,12.9466648,0 80.1100693,12.9466876,0 80.1098862,12.9466869,0 80.1098862,12.9467097,0 80.1096801,12.9467088,0 80.1096801,12.9467316,0 80.1094741,12.9467308,0 80.1094741,12.9467536,0 80.1093596,12.9467531,0 80.1093596,12.9467759,0 80.1092222,12.9467754,0 80.1092223,12.9467982,0 80.1091078,12.9467977,0 80.1091078,12.9468205,0 80.1089933,12.9468200,0 80.1089933,12.9468429,0 80.1088788,12.9468424,0 80.1088789,12.9468652,0 80.1087644,12.9468647,0 80.1087644,12.9468875,0 80.1086499,12.9468871,0 80.1086499,12.9469099,0 80.1085354,12.9469094,0 80.1085355,12.9469322,0 80.1084210,12.9469317,0 80.1084210,12.9469546,0 80.1082836,12.9469540,0 80.1082836,12.9469768,0 80.1081691,12.9469763,0 80.1081692,12.9469991,0 80.1080318,12.9469986,0 80.1080318,12.9470214,0 80.1079173,12.9470209,0 80.1079173,12.9470437,0 80.1077799,12.9470432,0 80.1077800,12.9470660,0 80.1075968,12.9470652,0 80.1075281,12.9470193,0 80.1074136,12.9470188,0 80.1074136,12.9469960,0 80.1072533,12.9469954,0 80.1072533,12.9469725,0 80.1070930,12.9469719,0 80.1070930,12.9469491,0 80.1068869,12.9469482,0 80.1068870,12.9469710,0 80.1067725,12.9469706,0 80.1067725,12.9469934,0 80.1066580,12.9469929,0 80.1066580,12.9470157,0 80.1065435,12.9470152,0 80.1065436,12.9470380,0 80.1064062,12.9470375,0 80.1064062,12.9470603,0 80.1062230,12.9470823,0 80.1061544,12.9471277,0 80.1061315,12.9472188,0 80.1060400,12.9473097,0 80.1059943,12.9474464,0 80.1059028,12.9475373,0 80.1058800,12.9476969,0 80.1058113,12.9477878,0 80.1057198,12.9479700,0 80.1055825,12.9480150,0 80.1054451,12.9480144,0 80.1054451,12.9480373,0 80.1053307,12.9480368,0 80.1053307,12.9480596,0 80.1052162,12.9480591,0 80.1051246,12.9481044,0 80.1050101,12.9481039,0 80.1050102,12.9481267,0 80.1048957,12.9481262,0 80.1048041,12.9481715,0 80.1046896,12.9481710,0 80.1043234,12.9482836,0 80.1043005,12.9483291,0 80.1041174,12.9484196,0 80.1040716,12.9484878,0 80.1040258,12.9484876,0 80.1036597,12.9487599,0 80.1035681,12.9487823,0 80.1035452,12.9488278,0 80.1026068,12.9494171,0 80.1025611,12.9494853,0 80.1024695,12.9495078,0 80.1024466,12.9495533,0 80.1018515,12.9499158,0 80.1016227,12.9501202,0 80.1015313,12.9503480,0 80.1015542,12.9504621,0 80.1016000,12.9504851,0 80.1016001,12.9505992,0 80.1016230,12.9505993,0 80.1016231,12.9507133,0 80.1016002,12.9507817,0 80.1015315,12.9508498,0 80.1014858,12.9508496,0 80.1014171,12.9509406,0 80.1013713,12.9509632,0 80.1011654,12.9511221,0 80.1011655,12.9513502,0 80.1011885,12.9514415,0 80.1012343,12.9515102,0 80.1013031,12.9518070,0 80.1013719,12.9518985,0 80.1013719,12.9519670,0 80.1014636,12.9521042,0 80.1014636,12.9521727,0 80.1015324,12.9522642,0 80.1015554,12.9524468,0 80.1016012,12.9525154,0 80.1016242,12.9526068,0 80.1016244,12.9529490,0 80.1016473,12.9529490,0 80.1016702,12.9530860,0 80.1017619,12.9531548,0 80.1018992,12.9531554,0 80.1018992,12.9531326,0 80.1023342,12.9531344,0 80.1023343,12.9531572,0 80.1025632,12.9531581,0 80.1026548,12.9532041,0 80.1026549,12.9533410,0 80.1026320,12.9533409,0 80.1026326,12.9542991,0 80.1026555,12.9543904,0 80.1027014,12.9544590,0 80.1027473,12.9547330,0 80.1027931,12.9547788,0 80.1028161,12.9548701,0 80.1028161,12.9549842,0 80.1028390,12.9549843,0 80.1028620,12.9551212,0 80.1030224,12.9552588,0 80.1030453,12.9553273,0 80.1031140,12.9553732,0 80.1031141,12.9554188,0 80.1032057,12.9554877,0 80.1032515,12.9556019,0 80.1033202,12.9556478,0 80.1033203,12.9556934,0 80.1033890,12.9557394,0 80.1033890,12.9557850,0 80.1034806,12.9558538,0 80.1034807,12.9558994,0 80.1035723,12.9559682,0 80.1035952,12.9560368,0 80.1036639,12.9560827,0 80.1037098,12.9561513,0 80.1037099,12.9563566,0 80.1037328,12.9563567,0 80.1037327,12.9562426,0 80.1037556,12.9562427,0 80.1037558,12.9565393,0 80.1037329,12.9565392,0 80.1037330,12.9567673,0 80.1037559,12.9567674,0 80.1037560,12.9569043,0 80.1037789,12.9569044,0 80.1037790,12.9570413,0 80.1038019,12.9570414,0 80.1038019,12.9571554,0 80.1038478,12.9572012,0 80.1038478,12.9573381,0 80.1038707,12.9573382,0 80.1038708,12.9574751,0 80.1038937,12.9574752,0 80.1038938,12.9576121,0 80.1039396,12.9576579,0 80.1039397,12.9577719,0 80.1039626,12.9577720,0 80.1039627,12.9579089,0 80.1040085,12.9580003,0 80.1040772,12.9580234,0 80.1041002,12.9581148,0 80.1041002,12.9582517,0 80.1041231,12.9582518,0 80.1041461,12.9584343,0 80.1041920,12.9585030,0 80.1041923,12.9590733,0 80.1042152,12.9590734,0 80.1042149,12.9586171,0 80.1042608,12.9586629,0 80.1042608,12.9587314,0 80.1043066,12.9588000,0 80.1043067,12.9588913,0 80.1043983,12.9590285,0 80.1043984,12.9591426,0 80.1044214,12.9592339,0 80.1044901,12.9593483,0 80.1044904,12.9598729,0 80.1045133,12.9598730,0 80.1045131,12.9594396,0 80.1045360,12.9595310,0 80.1046048,12.9596681,0 80.1046048,12.9597594,0 80.1046736,12.9598737,0 80.1046739,12.9603528,0 80.1046968,12.9603529,0 80.1046966,12.9600335,0 80.1047424,12.9600793,0 80.1047424,12.9601477,0 80.1048112,12.9602393,0 80.1048342,12.9603762,0 80.1048800,12.9603992,0 80.1048800,12.9605133,0 80.1049717,12.9606506,0 80.1049720,12.9611524,0 80.1049949,12.9611982,0 80.1049948,12.9609472,0 80.1050177,12.9609473,0 80.1050178,12.9611298,0 80.1050407,12.9611299,0 80.1050407,12.9612440,0 80.1050636,12.9612441,0 80.1050637,12.9613809,0 80.1050866,12.9614495,0 80.1051783,12.9615183,0 80.1051554,12.9615638,0 80.1052699,12.9616099,0 80.1053387,12.9617471,0 80.1054074,12.9617930,0 80.1054532,12.9618616,0 80.1054533,12.9619529,0 80.1055678,12.9619990,0 80.1055678,12.9620446,0 80.1056594,12.9620906,0 80.1059113,12.9620916,0 80.1060028,12.9620692,0 80.1060715,12.9620010,0 80.1061172,12.9618643,0 80.1061859,12.9618190,0 80.1062316,12.9616823,0 80.1063918,12.9616374,0 80.1064147,12.9616831,0 80.1065063,12.9616835,0 80.1065522,12.9617293,0 80.1067125,12.9617756,0 80.1067354,12.9618441,0 80.1068270,12.9618445,0 80.1070102,12.9619593,0 80.1070789,12.9619596,0 80.1070789,12.9620280,0 80.1071248,12.9620738,0 80.1071477,12.9622336,0 80.1071936,12.9622794,0 80.1071936,12.9623479,0 80.1072394,12.9623937,0 80.1072395,12.9625077,0 80.1072853,12.9625307,0 80.1073083,12.9627133,0 80.1073541,12.9627820,0 80.1073542,12.9628732,0 80.1074000,12.9629190,0 80.1074459,12.9630789,0 80.1074460,12.9631930,0 80.1074689,12.9632843,0 80.1075377,12.9634215,0 80.1075378,12.9637180,0 80.1075607,12.9637181,0 80.1075606,12.9635584,0 80.1076064,12.9635586,0 80.1076294,12.9636271,0 80.1078357,12.9640842,0 80.1078815,12.9641072,0 80.1080649,12.9644274,0 80.1083168,12.9644969,0 80.1083168,12.9646109,0 80.1083397,12.9646110,0 80.1083397,12.9644970,0 80.1084313,12.9645430,0 80.1085229,12.9645433,0 80.1085458,12.9645891,0 80.1087977,12.9646585,0 80.1088206,12.9647499,0 80.1088206,12.9646358,0 80.1088435,12.9646587,0 80.1090037,12.9646594,0 80.1090038,12.9646822,0 80.1091182,12.9646827,0 80.1090954,12.9648423,0 80.1091641,12.9648425,0 80.1091869,12.9647058,0 80.1093472,12.9647520,0 80.1093702,12.9648890,0 80.1094389,12.9648893,0 80.1094389,12.9648209,0 80.1094846,12.9647982,0 80.1095076,12.9648440,0 80.1097595,12.9650047,0 80.1097596,12.9651872,0 80.1097825,12.9651873,0 80.1097824,12.9650276,0 80.1098282,12.9650278,0 80.1098741,12.9650964,0 80.1099428,12.9651195,0 80.1099428,12.9652336,0 80.1099657,12.9651652,0 80.1100115,12.9651654,0 80.1100573,12.9652340,0 80.1102405,12.9653489,0 80.1102406,12.9654629,0 80.1102635,12.9654630,0 80.1102634,12.9653490,0 80.1103551,12.9654406,0 80.1104467,12.9654638,0 80.1104467,12.9655322,0 80.1104925,12.9656008,0 80.1106070,12.9656469,0 80.1106987,12.9657614,0 80.1107445,12.9657616,0 80.1108132,12.9658531,0 80.1108590,12.9658533,0 80.1110423,12.9660594,0 80.1110881,12.9660595,0 80.1111339,12.9661282,0 80.1112026,12.9661285,0 80.1112714,12.9662200,0 80.1113172,12.9662202,0 80.1113630,12.9662888,0 80.1113631,12.9664029,0 80.1113859,12.9663117,0 80.1115004,12.9663578,0 80.1115462,12.9664264,0 80.1116150,12.9664723,0 80.1117066,12.9664955,0 80.1117753,12.9665871,0 80.1118440,12.9666102,0 80.1118441,12.9667699,0 80.1118670,12.9667699,0 80.1118669,12.9666559,0 80.1119585,12.9667019,0 80.1120044,12.9667705,0 80.1120502,12.9667707,0 80.1120960,12.9668393,0 80.1121418,12.9668395,0 80.1121419,12.9669764,0 80.1121648,12.9669765,0 80.1121647,12.9668624,0 80.1122563,12.9669084,0 80.1124166,12.9669319,0 80.1125770,12.9672291,0 80.1126228,12.9672293,0 80.1126229,12.9672978,0 80.1126686,12.9672523,0 80.1128289,12.9672530,0 80.1128976,12.9672761,0 80.1133097,12.9672778,0 80.1133556,12.9673236,0 80.1135846,12.9673930,0 80.1135846,12.9675070,0 80.1136075,12.9675071,0 80.1136075,12.9673931,0 80.1137907,12.9674851,0 80.1139052,12.9675084,0 80.1139510,12.9675542,0 80.1141342,12.9676006,0 80.1142258,12.9676922,0 80.1142488,12.9677835,0 80.1143404,12.9678752,0 80.1143405,12.9679436,0 80.1144092,12.9679667,0 80.1144092,12.9680123,0 80.1145008,12.9680811,0 80.1145008,12.9681268,0 80.1145695,12.9681727,0 80.1145696,12.9682183,0 80.1146841,12.9683556,0 80.1146613,12.9684240,0 80.1146615,12.9687434,0 80.1146386,12.9687433,0 80.1146388,12.9691539,0 80.1146617,12.9691540,0 80.1147076,12.9692910,0 80.1147534,12.9693140,0 80.1147763,12.9693826,0 80.1150056,12.9698854,0 80.1150514,12.9699084,0 80.1151431,12.9701369,0 80.1151889,12.9701599,0 80.1151891,12.9704337,0 80.1152120,12.9704337,0 80.1152118,12.9702284,0 80.1152805,12.9702515,0 80.1153722,12.9703660,0 80.1153952,12.9704801,0 80.1154410,12.9705259,0 80.1154640,12.9706857,0 80.1155098,12.9707087,0 80.1154869,12.9707543,0 80.1155327,12.9707773,0 80.1155786,12.9710056,0 80.1156244,12.9710514,0 80.1156245,12.9711198,0 80.1156703,12.9711884,0 80.1156705,12.9714394,0 80.1156933,12.9713482,0 80.1157391,12.9713940,0 80.1157850,12.9715995,0 80.1158308,12.9716225,0 80.1158080,12.9716681,0 80.1158538,12.9716911,0 80.1158767,12.9717824,0 80.1159684,12.9718741,0 80.1159685,12.9720337,0 80.1159913,12.9719426,0 80.1160600,12.9720113,0 80.1160830,12.9721026,0 80.1161517,12.9721714,0 80.1161518,12.9723995,0 80.1161747,12.9723996,0 80.1161747,12.9722627,0 80.1162205,12.9722629,0 80.1162205,12.9723313,0 80.1163351,12.9724687,0 80.1163580,12.9725600,0 80.1164038,12.9725602,0 80.1164038,12.9726287,0 80.1164497,12.9726973,0 80.1164497,12.9728342,0 80.1164727,12.9728799,0 80.1164726,12.9727202,0 80.1165184,12.9728116,0 80.1166330,12.9729490,0 80.1166331,12.9731771,0 80.1166560,12.9731772,0 80.1166559,12.9730631,0 80.1167247,12.9731319,0 80.1167476,12.9732232,0 80.1168393,12.9734517,0 80.1168851,12.9734747,0 80.1169081,12.9736345,0 80.1169769,12.9736804,0 80.1169998,12.9737946,0 80.1170915,12.9739318,0 80.1171832,12.9741831,0 80.1172290,12.9742061,0 80.1172520,12.9742975,0 80.1173666,12.9745717,0 80.1174124,12.9745947,0 80.1174125,12.9747772,0 80.1174127,12.9750966,0 80.1173898,12.9750965,0 80.1173900,12.9753930,0 80.1174129,12.9753931,0 80.1174132,12.9758722,0 80.1174361,12.9758723,0 80.1174359,12.9755529,0 80.1174817,12.9756443,0 80.1174818,12.9757584,0 80.1175047,12.9757585,0 80.1175047,12.9758726,0 80.1175965,12.9761467,0 80.1175968,12.9766942,0 80.1176197,12.9766943,0 80.1176195,12.9763749,0 80.1176424,12.9763750,0 80.1176425,12.9764891,0 80.1176654,12.9765804,0 80.1177113,12.9766262,0 80.1177113,12.9767859,0 80.1177572,12.9768774,0 80.1177573,12.9771283,0 80.1177577,12.9777899,0 80.1177348,12.9777898,0 80.1177351,12.9782232,0 80.1177809,12.9782462,0 80.1178268,12.9784061,0 80.1178955,12.9784748,0 80.1178957,12.9787485,0 80.1179186,12.9787486,0 80.1179185,12.9785661,0 80.1180789,12.9788406,0 80.1180789,12.9789090,0 80.1181476,12.9789549,0 80.1181706,12.9790462,0 80.1182622,12.9791151,0 80.1182623,12.9791835,0 80.1183081,12.9792065,0 80.1183539,12.9793207,0 80.1183540,12.9795032,0 80.1183311,12.9795032,0 80.1183313,12.9797541,0 80.1183084,12.9797540,0 80.1183085,12.9799821,0 80.1182856,12.9799820,0 80.1182857,12.9802101,0 80.1182629,12.9802101,0 80.1182630,12.9804382,0 80.1182401,12.9804381,0 80.1182631,12.9805751,0 80.1183318,12.9806438,0 80.1183318,12.9807350,0 80.1184006,12.9808037,0 80.1184006,12.9808494,0 80.1184923,12.9809866,0 80.1184923,12.9810551,0 80.1185610,12.9811238,0 80.1185611,12.9812150,0 80.1186298,12.9812609,0 80.1186528,12.9813523,0 80.1188132,12.9817179,0 80.1188819,12.9817410,0 80.1188820,12.9817867,0 80.1190194,12.9819013,0 80.1190205,12.9837035,0 80.1189290,12.9839084,0 80.1189062,12.9840908,0 80.1188376,12.9842046,0 80.1188147,12.9842958,0 80.1188148,12.9844098,0 80.1187690,12.9844324,0 80.1187692,12.9847518,0 80.1187921,12.9847519,0 80.1187922,12.9849344,0 80.1188381,12.9850258,0 80.1190213,12.9851635,0 80.1190214,12.9853460,0 80.1190443,12.9853461,0 80.1190443,12.9852320,0 80.1191130,12.9852551,0 80.1191359,12.9853008,0 80.1192962,12.9853471,0 80.1194107,12.9853476,0 80.1195023,12.9853708,0 80.1195023,12.9854848,0 80.1195252,12.9854849,0 80.1195252,12.9853709,0 80.1195939,12.9854168,0 80.1196855,12.9854400,0 80.1198228,12.9854405,0 80.1198229,12.9854633,0 80.1199831,12.9854868,0 80.1199832,12.9856009,0 80.1200061,12.9855097,0 80.1202121,12.9855106,0 80.1202808,12.9854424,0 80.1204639,12.9853747,0 80.1204640,12.9856029,0 80.1204869,12.9856030,0 80.1204868,12.9853748,0 80.1205784,12.9853980,0 80.1207616,12.9853988,0 80.1207617,12.9856041,0 80.1208075,12.9856043,0 80.1211509,12.9856057,0 80.1211509,12.9855145,0 80.1213111,12.9855151,0 80.1213111,12.9855379,0 80.1214943,12.9855387,0 80.1215859,12.9855619,0 80.1216317,12.9856077,0 80.1219065,12.9856773,0 80.1220897,12.9856780,0 80.1220897,12.9856552,0 80.1226850,12.9856577,0 80.1226850,12.9856349,0 80.1228452,12.9856355,0 80.1228910,12.9856585,0 80.1229140,12.9857271,0 80.1230514,12.9857732,0 80.1230743,12.9858190,0 80.1233262,12.9859569,0 80.1233265,12.9863219,0 80.1233494,12.9863220,0 80.1233492,12.9860026,0 80.1234866,12.9860716,0 80.1235553,12.9861631,0 80.1236469,12.9861863,0 80.1237157,12.9862779,0 80.1238073,12.9863239,0 80.1238076,12.9868029,0 80.1238305,12.9868030,0 80.1238302,12.9863696,0 80.1238531,12.9863697,0 80.1238532,12.9865294,0 80.1239219,12.9865296,0 80.1239676,12.9864842,0 80.1240363,12.9864845,0 80.1240364,12.9865301,0 80.1241051,12.9865532,0 80.1241053,12.9869182,0 80.1240366,12.9869407,0 80.1238764,12.9870541,0 80.1238765,12.9872366,0 80.1239223,12.9872596,0 80.1239453,12.9873510,0 80.1239910,12.9873512,0 80.1239911,12.9874196,0 80.1241056,12.9875570,0 80.1241286,12.9876483,0 80.1241744,12.9876485,0 80.1241744,12.9877169,0 80.1242890,12.9878543,0 80.1243119,12.9879456,0 80.1244036,12.9880373,0 80.1244265,12.9881286,0 80.1244723,12.9881288,0 80.1244724,12.9881972,0 80.1245869,12.9883346,0 80.1246099,12.9884259,0 80.1246557,12.9884261,0 80.1246557,12.9884945,0 80.1247703,12.9886319,0 80.1247932,12.9887232,0 80.1248390,12.9887462,0 80.1249078,12.9888834,0 80.1248391,12.9888831,0 80.1247933,12.9889285,0 80.1247935,12.9891567,0 80.1248393,12.9891569,0 80.1247706,12.9892706,0 80.1248394,12.9893166,0 80.1248851,12.9892483,0 80.1249537,12.9890661,0 80.1249995,12.9890663,0 80.1249538,12.9891801,0 80.1249767,12.9893171,0 80.1250912,12.9893860,0 80.1251141,12.9892949,0 80.1251599,12.9892722,0 80.1251828,12.9893636,0 80.1251141,12.9893633,0 80.1251371,12.9894547,0 80.1252744,12.9894096,0 80.1252745,12.9894552,0 80.1252058,12.9894778,0 80.1252058,12.9895234,0 80.1252974,12.9895238,0 80.1253202,12.9894554,0 80.1253203,12.9896151,0 80.1254120,12.9897067,0 80.1254578,12.9897069,0 80.1254806,12.9896158,0 80.1255264,12.9896388,0 80.1255265,12.9897072,0 80.1254807,12.9897526,0 80.1255723,12.9898443,0 80.1256410,12.9898217,0 80.1256410,12.9897533,0 80.1257097,12.9898220,0 80.1258013,12.9898680,0 80.1257327,12.9900502,0 80.1256640,12.9900500,0 80.1257099,12.9901186,0 80.1257557,12.9901188,0 80.1257786,12.9901873,0 80.1258473,12.9902104,0 80.1259389,12.9901880,0 80.1259388,12.9900739,0 80.1259159,12.9900510,0 80.1259846,12.9900057,0 80.1260304,12.9900743,0 80.1260304,12.9901427,0 80.1259847,12.9901653,0 80.1260076,12.9902339,0 80.1260992,12.9902571,0 80.1260992,12.9903255,0 80.1261679,12.9903258,0 80.1262137,12.9902575,0 80.1262595,12.9903033,0 80.1261908,12.9903259,0 80.1261909,12.9904171,0 80.1262824,12.9903719,0 80.1263053,12.9902807,0 80.1263054,12.9904860,0 80.1263283,12.9905318,0 80.1264428,12.9905322,0 80.1264656,12.9904183,0 80.1264886,12.9905324,0 80.1282516,12.9905397,0 80.1282515,12.9903800,0 80.1284118,12.9903807,0 80.1284118,12.9904947,0 80.1284347,12.9904948,0 80.1284347,12.9903808,0 80.1286865,12.9903818,0 80.1286865,12.9904046,0 80.1293734,12.9904075,0 80.1293735,12.9905215,0 80.1292590,12.9905210,0 80.1292590,12.9905439,0 80.1293964,12.9905444,0 80.1293963,12.9904076,0 80.1296940,12.9904088,0 80.1296940,12.9904316,0 80.1307014,12.9904358,0 80.1307014,12.9904586,0 80.1308159,12.9904590,0 80.1308159,12.9904362,0 80.1309990,12.9904370,0 80.1310220,12.9904599,0 80.1314799,12.9904618,0 80.1315486,12.9904849,0 80.1318920,12.9904863,0 80.1319378,12.9904637,0 80.1321210,12.9904644,0 80.1322125,12.9904192,0 80.1324873,12.9904203,0 80.1324873,12.9903975,0 80.1326704,12.9903983,0 80.1327391,12.9903757,0 80.1328993,12.9902623,0 80.1328989,12.9896236,0 80.1328761,12.9896235,0 80.1328759,12.9892813,0 80.1330132,12.9892819,0 80.1330819,12.9892365,0 80.1331735,12.9892369,0 80.1333566,12.9891692,0 80.1334711,12.9891697,0 80.1334711,12.9891469,0 80.1335855,12.9891474,0 80.1335855,12.9891245,0 80.1337000,12.9891250,0 80.1337000,12.9891022,0 80.1338145,12.9891027,0 80.1340205,12.9889895,0 80.1340434,12.9889439,0 80.1340432,12.9887158,0 80.1340890,12.9886704,0 80.1342950,12.9886028,0 80.1343179,12.9885573,0 80.1344095,12.9885348,0 80.1346384,12.9884445,0 80.1346841,12.9883763,0 80.1346840,12.9882166,0 80.1346611,12.9882165,0 80.1346610,12.9880796,0 80.1346381,12.9879883,0 80.1345923,12.9879653,0 80.1345922,12.9878284,0 80.1345693,12.9877599,0 80.1346380,12.9877602,0 80.1346379,12.9876461,0 80.1346149,12.9875547,0 80.1345691,12.9874861,0 80.1345232,12.9872122,0 80.1344773,12.9871436,0 80.1344773,12.9870523,0 80.1344314,12.9869609,0 80.1344313,12.9866643,0 80.1344770,12.9865961,0 80.1344770,12.9865048,0 80.1345227,12.9864366,0 80.1345226,12.9863453,0 80.1344768,12.9862767,0 80.1344768,12.9861854,0 80.1344080,12.9860026,0 80.1344079,12.9858886,0 80.1343850,12.9858885,0 80.1343391,12.9856146,0 80.1344535,12.9855922,0 80.1344993,12.9855468,0 80.1346595,12.9855018,0 80.1346824,12.9854563,0 80.1347969,12.9854111,0 80.1348426,12.9853429,0 80.1348884,12.9853431,0 80.1349799,12.9852294,0 80.1350486,12.9852297,0 80.1350944,12.9851614,0 80.1352088,12.9851163,0 80.1352546,12.9850480,0 80.1353690,12.9850029,0 80.1354148,12.9849346,0 80.1354606,12.9849348,0 80.1355521,12.9848211,0 80.1356208,12.9848214,0 80.1356665,12.9847760,0 80.1356895,12.9848673,0 80.1357582,12.9848448,0 80.1357352,12.9847078,0 80.1357810,12.9846852,0 80.1358039,12.9848222,0 80.1358498,12.9848908,0 80.1359185,12.9849367,0 80.1360559,12.9849373,0 80.1360558,12.9849145,0 80.1361932,12.9849150,0 80.1361932,12.9848922,0 80.1363077,12.9848927,0 80.1365366,12.9847568,0 80.1365365,12.9847111,0 80.1366052,12.9847342,0 80.1366282,12.9848712,0 80.1366970,12.9849627,0 80.1366970,12.9850312,0 80.1367657,12.9851227,0 80.1367658,12.9851911,0 80.1368345,12.9852827,0 80.1369262,12.9854655,0 80.1369720,12.9854886,0 80.1371552,12.9854893,0 80.1371552,12.9854665,0 80.1372926,12.9854671,0 80.1372925,12.9854442,0 80.1374299,12.9854448,0 80.1374299,12.9854220,0 80.1375673,12.9854226,0 80.1375673,12.9853998,0 80.1377047,12.9854003,0 80.1377046,12.9853775,0 80.1378191,12.9853780,0 80.1378191,12.9853552,0 80.1380709,12.9852650,0 80.1381167,12.9852195,0 80.1381624,12.9850828,0 80.1381621,12.9846038,0 80.1381392,12.9846037,0 80.1380705,12.9844893,0 80.1379560,12.9844661,0 80.1379101,12.9843974,0 80.1377956,12.9843970,0 80.1377956,12.9843741,0 80.1376354,12.9843735,0 80.1376353,12.9843507,0 80.1374522,12.9843499,0 80.1374522,12.9843271,0 80.1372919,12.9843264,0 80.1372919,12.9843036,0 80.1371545,12.9843031,0 80.1371545,12.9842802,0 80.1370171,12.9842569,0 80.1369713,12.9842111,0 80.1368568,12.9842106,0 80.1368568,12.9841650,0 80.1367193,12.9840503,0 80.1367193,12.9840047,0 80.1368338,12.9839824,0 80.1368337,12.9838911,0 80.1367193,12.9839363,0 80.1365590,12.9839128,0 80.1365589,12.9838444,0 80.1364902,12.9837072,0 80.1367420,12.9836398,0 80.1367419,12.9835714,0 80.1366275,12.9835709,0 80.1366275,12.9835937,0 80.1364672,12.9836387,0 80.1364443,12.9835245,0 80.1363984,12.9834559,0 80.1363984,12.9833418,0 80.1365357,12.9832968,0 80.1365128,12.9832282,0 80.1364441,12.9832508,0 80.1363067,12.9832274,0 80.1363296,12.9831362,0 80.1364211,12.9831138,0 80.1363982,12.9830453,0 80.1362608,12.9830447,0 80.1362608,12.9829762,0 80.1361462,12.9828389,0 80.1362378,12.9827480,0 80.1361919,12.9827250,0 80.1360317,12.9827700,0 80.1359630,12.9826785,0 80.1359172,12.9826783,0 80.1358255,12.9825638,0 80.1357797,12.9825408,0 80.1360315,12.9824278,0 80.1360315,12.9823594,0 80.1359399,12.9823590,0 80.1357568,12.9824723,0 80.1356881,12.9824720,0 80.1355048,12.9823116,0 80.1355048,12.9822659,0 80.1356193,12.9822436,0 80.1356192,12.9821752,0 80.1355047,12.9821747,0 80.1354361,12.9822200,0 80.1351841,12.9819452,0 80.1349321,12.9817161,0 80.1349320,12.9816705,0 80.1346571,12.9814184,0 80.1346571,12.9813728,0 80.1347487,12.9813275,0 80.1347486,12.9812591,0 80.1346571,12.9812587,0 80.1345884,12.9813268,0 80.1345654,12.9811671,0 80.1346112,12.9811216,0 80.1346570,12.9811674,0 80.1346570,12.9812131,0 80.1348402,12.9812138,0 80.1348631,12.9812595,0 80.1349089,12.9812369,0 80.1350463,12.9812375,0 80.1351379,12.9812607,0 80.1351608,12.9813977,0 80.1352524,12.9813980,0 80.1352524,12.9813068,0 80.1353669,12.9813073,0 80.1353669,12.9813301,0 80.1354814,12.9813305,0 80.1354814,12.9813533,0 80.1358935,12.9813551,0 80.1358935,12.9813322,0 80.1360538,12.9813329,0 80.1360537,12.9813101,0 80.1362827,12.9812654,0 80.1364200,12.9811747,0 80.1364657,12.9810380,0 80.1369923,12.9810402,0 80.1371755,12.9810182,0 80.1372441,12.9809728,0 80.1374273,12.9809508,0 80.1374960,12.9809054,0 80.1375875,12.9809058,0 80.1375188,12.9807915,0 80.1375646,12.9807688,0 80.1377019,12.9807694,0 80.1377019,12.9807466,0 80.1378393,12.9807472,0 80.1378622,12.9807244,0 80.1378852,12.9808614,0 80.1379768,12.9808846,0 80.1379767,12.9807021,0 80.1381140,12.9807027,0 80.1381140,12.9806798,0 80.1382743,12.9806805,0 80.1382972,12.9807490,0 80.1383430,12.9807720,0 80.1383659,12.9807265,0 80.1385033,12.9807271,0 80.1385033,12.9807499,0 80.1386178,12.9807504,0 80.1387094,12.9807964,0 80.1388239,12.9807968,0 80.1389155,12.9808428,0 80.1391215,12.9808437,0 80.1391215,12.9808209,0 80.1393047,12.9807988,0 80.1393504,12.9807534,0 80.1395107,12.9807541,0 80.1395107,12.9807312,0 80.1396939,12.9807092,0 80.1397396,12.9806638,0 80.1398999,12.9806644,0 80.1399915,12.9806192,0 80.1401059,12.9806196,0 80.1401059,12.9805968,0 80.1402433,12.9805974,0 80.1402433,12.9805746,0 80.1403578,12.9805751,0 80.1403578,12.9805522,0 80.1404722,12.9805527,0 80.1404722,12.9805299,0 80.1406096,12.9805305,0 80.1406783,12.9805079,0 80.1407011,12.9804396,0 80.1407698,12.9803943,0 80.1407697,12.9801889,0 80.1407468,12.9801889,0 80.1407467,12.9800292,0 80.1407925,12.9799837,0 80.1408154,12.9800294,0 80.1409299,12.9800527,0 80.1409757,12.9801898,0 80.1410445,12.9802357,0 80.1411591,12.9805327,0 80.1412049,12.9805329,0 80.1412049,12.9806014,0 80.1412737,12.9806701,0 80.1413195,12.9808072,0 80.1414799,12.9809447,0 80.1414800,12.9810587,0 80.1415029,12.9811273,0 80.1415716,12.9811960,0 80.1417090,12.9812650,0 80.1418693,12.9812657,0 80.1418694,12.9813341,0 80.1419610,12.9813573,0 80.1419609,12.9812660,0 80.1422586,12.9812673,0 80.1423044,12.9812903,0 80.1423044,12.9813587,0 80.1423960,12.9813591,0 80.1423959,12.9812907,0 80.1425562,12.9812913,0 80.1425562,12.9812685,0 80.1427165,12.9812692,0 80.1427623,12.9812465,0 80.1427623,12.9813606,0 80.1428539,12.9813610,0 80.1428538,12.9812469,0 80.1428767,12.9811786,0 80.1429454,12.9811561,0 80.1429453,12.9811104,0 80.1431743,12.9811570,0 80.1431973,12.9812027,0 80.1432889,12.9812487,0 80.1432889,12.9813628,0 80.1433805,12.9813860,0 80.1433805,12.9812947,0 80.1435179,12.9813181,0 80.1436095,12.9813641,0 80.1438155,12.9813650,0 80.1438155,12.9813421,0 80.1442048,12.9813438,0 80.1442047,12.9813209,0 80.1444566,12.9813220,0 80.1445482,12.9812995,0 80.1445939,12.9812313,0 80.1449832,12.9812329,0 80.1450748,12.9812789,0 80.1453266,12.9812799,0 80.1453266,12.9813028,0 80.1455098,12.9813035,0 80.1455098,12.9813263,0 80.1458762,12.9813278,0 80.1458762,12.9813050,0 80.1460364,12.9813057,0 80.1461051,12.9812832,0 80.1461738,12.9813291,0 80.1463570,12.9813298,0 80.1463570,12.9813526,0 80.1468607,12.9813547,0 80.1469294,12.9814234,0 80.1470897,12.9814241,0 80.1470897,12.9814469,0 80.1472042,12.9814474,0 80.1472042,12.9814246,0 80.1473874,12.9814253,0 80.1473873,12.9814025,0 80.1475705,12.9814033,0 80.1475705,12.9813805,0 80.1477537,12.9813812,0 80.1477537,12.9813584,0 80.1478681,12.9813589,0 80.1479597,12.9812908,0 80.1479596,12.9812224,0 80.1480054,12.9811998,0 80.1479595,12.9809943,0 80.1478908,12.9809027,0 80.1478907,12.9808343,0 80.1478220,12.9807428,0 80.1478219,12.9806743,0 80.1477532,12.9805828,0 80.1477532,12.9805143,0 80.1476844,12.9804228,0 80.1476156,12.9802172,0 80.1475698,12.9801942,0 80.1475010,12.9799658,0 80.1474552,12.9799428,0 80.1474551,12.9798516,0 80.1474093,12.9797601,0 80.1473635,12.9797371,0 80.1473634,12.9796459,0 80.1473176,12.9796001,0 80.1473176,12.9795316,0 80.1472488,12.9794629,0 80.1472258,12.9792803,0 80.1472716,12.9791892,0 80.1469968,12.9790969,0 80.1469738,12.9790511,0 80.1468135,12.9789364,0 80.1467677,12.9788678,0 80.1467447,12.9787536,0 80.1466530,12.9786164,0 80.1466529,12.9783426,0 80.1466299,12.9782741,0 80.1465154,12.9781824,0 80.1464009,12.9781591,0 80.1463779,12.9779765,0 80.1462863,12.9779077,0 80.1462404,12.9777250,0 80.1461487,12.9775877,0 80.1461487,12.9774965,0 80.1460799,12.9773593,0 80.1460799,12.9772681,0 80.1459882,12.9770624,0 80.1459881,12.9769255,0 80.1460110,12.9769256,0 80.1459880,12.9767658,0 80.1459193,12.9767199,0 80.1458734,12.9766513,0 80.1458505,12.9765371,0 80.1458046,12.9764913,0 80.1457817,12.9763543,0 80.1457359,12.9763085,0 80.1457358,12.9762401,0 80.1456900,12.9761943,0 80.1456670,12.9760573,0 80.1456212,12.9760115,0 80.1456212,12.9759431,0 80.1455753,12.9758744,0 80.1452547,12.9756906,0 80.1451860,12.9756903,0 80.1451173,12.9756216,0 80.1450714,12.9755074,0 80.1450713,12.9754161,0 80.1450026,12.9752789,0 80.1450025,12.9751877,0 80.1449338,12.9750505,0 80.1449337,12.9749593,0 80.1448879,12.9748907,0 80.1448419,12.9746167,0 80.1445667,12.9738628,0 80.1445667,12.9737487,0 80.1444749,12.9734746,0 80.1444748,12.9733605,0 80.1444519,12.9733604,0 80.1444290,12.9732007,0 80.1443602,12.9731547,0 80.1442686,12.9729719,0 80.1441998,12.9729260,0 80.1441998,12.9728803,0 80.1441082,12.9727887,0 80.1440852,12.9726974,0 80.1440394,12.9726744,0 80.1439936,12.9725829,0 80.1439935,12.9725145,0 80.1439248,12.9724458,0 80.1439248,12.9724001,0 80.1438331,12.9722629,0 80.1438329,12.9719663,0 80.1437413,12.9718291,0 80.1437412,12.9717606,0 80.1436266,12.9714864,0 80.1436265,12.9713952,0 80.1435578,12.9712580,0 80.1435577,12.9710755,0 80.1434889,12.9710068,0 80.1434889,12.9709612,0 80.1434202,12.9708924,0 80.1433972,12.9708239,0 80.1433972,12.9706870,0 80.1433055,12.9705954,0 80.1432367,12.9704126,0 80.1432138,12.9704125,0 80.1432138,12.9702985,0 80.1432367,12.9702986,0 80.1432365,12.9700932,0 80.1431907,12.9699790,0 80.1431220,12.9699103,0 80.1431219,12.9698418,0 80.1430532,12.9697503,0 80.1430531,12.9696819,0 80.1430073,12.9696360,0 80.1430073,12.9695676,0 80.1429385,12.9694761,0 80.1429385,12.9694076,0 80.1428698,12.9693161,0 80.1428697,12.9692477,0 80.1428239,12.9692019,0 80.1428239,12.9691334,0 80.1427551,12.9690419,0 80.1427551,12.9689734,0 80.1426634,12.9688362,0 80.1426405,12.9687677,0 80.1426404,12.9686308,0 80.1427319,12.9684715,0 80.1428005,12.9684261,0 80.1430293,12.9680393,0 80.1430979,12.9679939,0 80.1431208,12.9679028,0 80.1431665,12.9678345,0 80.1432352,12.9677892,0 80.1433267,12.9676071,0 80.1434411,12.9675163,0 80.1434868,12.9674024,0 80.1435555,12.9673571,0 80.1435783,12.9672659,0 80.1437156,12.9671068,0 80.1437385,12.9670156,0 80.1438300,12.9669248,0 80.1438300,12.9668791,0 80.1438986,12.9668338,0 80.1440359,12.9665834,0 80.1441045,12.9665381,0 80.1441960,12.9663560,0 80.1442418,12.9663333,0 80.1444018,12.9659690,0 80.1444476,12.9659464,0 80.1446534,12.9654910,0 80.1446992,12.9654227,0 80.1446991,12.9653315,0 80.1446304,12.9652628,0 80.1446304,12.9652171,0 80.1444242,12.9650338,0 80.1444012,12.9649653,0 80.1443325,12.9649194,0 80.1443096,12.9648280,0 80.1442179,12.9647364,0 80.1441950,12.9646450,0 80.1441492,12.9646220,0 80.1441262,12.9645307,0 80.1440346,12.9644391,0 80.1440117,12.9643477,0 80.1439200,12.9642561,0 80.1438971,12.9641647,0 80.1438512,12.9640961,0 80.1437825,12.9640502,0 80.1437825,12.9640046,0 80.1436909,12.9639130,0 80.1436679,12.9637760,0 80.1436221,12.9637530,0 80.1435991,12.9636388,0 80.1435533,12.9635702,0 80.1434158,12.9634556,0 80.1433700,12.9633869,0 80.1433471,12.9632956,0 80.1432096,12.9631353,0 80.1431637,12.9629983,0 80.1430950,12.9629524,0 80.1430720,12.9628610,0 80.1430262,12.9628380,0 80.1430033,12.9627467,0 80.1429346,12.9627008,0 80.1428887,12.9626321,0 80.1428658,12.9625408,0 80.1428200,12.9625178,0 80.1427741,12.9623807,0 80.1427283,12.9623577,0 80.1426366,12.9621292,0 80.1425908,12.9621062,0 80.1424303,12.9617406,0 80.1423845,12.9617176,0 80.1422928,12.9614891,0 80.1422470,12.9614661,0 80.1422011,12.9613290,0 80.1421553,12.9613060,0 80.1420636,12.9610775,0 80.1420178,12.9610545,0 80.1419490,12.9608717,0 80.1419032,12.9608487,0 80.1418573,12.9607116,0 80.1418115,12.9606886,0 80.1417427,12.9605059,0 80.1416969,12.9604829,0 80.1416052,12.9602544,0 80.1415594,12.9602314,0 80.1415135,12.9600943,0 80.1414448,12.9600484,0 80.1413531,12.9599111,0 80.1413302,12.9598882,0 80.1413072,12.9597284,0 80.1412385,12.9596597,0 80.1411926,12.9595227,0 80.1411468,12.9594997,0 80.1411009,12.9593626,0 80.1410551,12.9593396,0 80.1409405,12.9590654,0 80.1408947,12.9590424,0 80.1408259,12.9588596,0 80.1407801,12.9588366,0 80.1407113,12.9586538,0 80.1404822,12.9583563,0 80.1403448,12.9583329,0 80.1403446,12.9580820,0 80.1403217,12.9580819,0 80.1402987,12.9579221,0 80.1402300,12.9578534,0 80.1401841,12.9577391,0 80.1400467,12.9576245,0 80.1400237,12.9575331,0 80.1399779,12.9575101,0 80.1399550,12.9574188,0 80.1399092,12.9573958,0 80.1398633,12.9572587,0 80.1398175,12.9572357,0 80.1397946,12.9571444,0 80.1397488,12.9571214,0 80.1397029,12.9569843,0 80.1396571,12.9569613,0 80.1396341,12.9568700,0 80.1394509,12.9567095,0 80.1394508,12.9566639,0 80.1391759,12.9564118,0 80.1391530,12.9563661,0 80.1389010,12.9560913,0 80.1388094,12.9560910,0 80.1387178,12.9560449,0 80.1386033,12.9560445,0 80.1385117,12.9559985,0 80.1383972,12.9559980,0 80.1383972,12.9559752,0 80.1382827,12.9559747,0 80.1382140,12.9559516,0 80.1380767,12.9560651,0 80.1379623,12.9561103,0 80.1379165,12.9561785,0 80.1377334,12.9562690,0 80.1376877,12.9563373,0 80.1375732,12.9563824,0 80.1375274,12.9564507,0 80.1373672,12.9565641,0 80.1373673,12.9566097,0 80.1372986,12.9566550,0 80.1372986,12.9567006,0 80.1369783,12.9571328,0 80.1369555,12.9572467,0 80.1367267,12.9574967,0 80.1366580,12.9574964,0 80.1364749,12.9576097,0 80.1364062,12.9576323,0 80.1362917,12.9576318,0 80.1362230,12.9575631,0 80.1360856,12.9574713,0 80.1360168,12.9572885,0 80.1359481,12.9572426,0 80.1357191,12.9572416,0 80.1356503,12.9570132,0 80.1356274,12.9570131,0 80.1356273,12.9568991,0 80.1356044,12.9568990,0 80.1356043,12.9567393,0 80.1355814,12.9567392,0 80.1355813,12.9565567,0 80.1355584,12.9565566,0 80.1355583,12.9563285,0 80.1355354,12.9563284,0 80.1355353,12.9562143,0 80.1354436,12.9559402,0 80.1354436,12.9558489,0 80.1353748,12.9557118,0 80.1353747,12.9556205,0 80.1353289,12.9555519,0 80.1353059,12.9554605,0 80.1353058,12.9552780,0 80.1352371,12.9552093,0 80.1351912,12.9549810,0 80.1351683,12.9549809,0 80.1351682,12.9548212,0 80.1351453,12.9548211,0 80.1351452,12.9547071,0 80.1350994,12.9546841,0 80.1350765,12.9546155,0 80.1350307,12.9546154,0 80.1350306,12.9543644,0 80.1350076,12.9543187,0 80.1349389,12.9542728,0 80.1347783,12.9537246,0 80.1347325,12.9536788,0 80.1346866,12.9534733,0 80.1346408,12.9534047,0 80.1345720,12.9533588,0 80.1345262,12.9532445,0 80.1344575,12.9531986,0 80.1344574,12.9531530,0 80.1343887,12.9531071,0 80.1343658,12.9530386,0 80.1342742,12.9530154,0 80.1342055,12.9529695,0 80.1340908,12.9526724,0 80.1340450,12.9525810,0 80.1340449,12.9524669,0 80.1339991,12.9523755,0 80.1339990,12.9522614,0 80.1339302,12.9520786,0 80.1339302,12.9519874,0 80.1338843,12.9519188,0 80.1338843,12.9518503,0 80.1337468,12.9516216,0 80.1337467,12.9515532,0 80.1336551,12.9514159,0 80.1336550,12.9513475,0 80.1334946,12.9510731,0 80.1334945,12.9509134,0 80.1333800,12.9508217,0 80.1333799,12.9507761,0 80.1332196,12.9506385,0 80.1332194,12.9503648,0 80.1331506,12.9501820,0 80.1330590,12.9500904,0 80.1330360,12.9499306,0 80.1330589,12.9499307,0 80.1330587,12.9495885,0 80.1330357,12.9494971,0 80.1329899,12.9494285,0 80.1329899,12.9493601,0 80.1329441,12.9493143,0 80.1329440,12.9492230,0 80.1328982,12.9491544,0 80.1328981,12.9489947,0 80.1328752,12.9489946,0 80.1328749,12.9485840,0 80.1328520,12.9485839,0 80.1328519,12.9483786,0 80.1328290,12.9482872,0 80.1327602,12.9481729,0 80.1327602,12.9480816,0 80.1327143,12.9480358,0 80.1325996,12.9476247,0</coordinates></LinearRing></outerBoundaryIs></Polygon></MultiGeometry></Placemark>
<Placemark><name>PALLAVARAM</name><ExtendedData><SchemaData schemaUrl="#tambaram_zones"><SimpleData name="Region">TAMBARAM</SimpleData><SimpleData name="ZONE">II</SimpleData><SimpleData name="ZONE_NAME">PALLAVARAM</SimpleData></SchemaData></ExtendedData><MultiGeometry><Polygon><outerBoundaryIs><LinearRing><coordinates>80.1397215,12.9497072,0 80.1397215,12.9496616,0 80.1396528,12.9496157,0 80.1396069,12.9495015,0 80.1395382,12.9494556,0 80.1394465,12.9492727,0 80.1393778,12.9492268,0 80.1393319,12.9491125,0 80.1392632,12.9490666,0 80.1391715,12.9488837,0 80.1391028,12.9488378,0 80.1390570,12.9487236,0 80.1389882,12.9486777,0 80.1389424,12.9485634,0 80.1388737,12.9485175,0 80.1387820,12.9483346,0 80.1387133,12.9482887,0 80.1386674,12.9481745,0 80.1385987,12.9481286,0 80.1385070,12.9479457,0 80.1384383,12.9478998,0 80.1383924,12.9477855,0 80.1383237,12.9477396,0 80.1382320,12.9475567,0 80.1381633,12.9475108,0 80.1381174,12.9473966,0 80.1380487,12.9473507,0 80.1379570,12.9471678,0 80.1378883,12.9471219,0 80.1378425,12.9470076,0 80.1377738,12.9469617,0 80.1377279,12.9468475,0 80.1376592,12.9468016,0 80.1376133,12.9466873,0 80.1375446,12.9466414,0 80.1374529,12.9464585,0 80.1373842,12.9464126,0 80.1373383,12.9462984,0 80.1372696,12.9462524,0 80.1371779,12.9460696,0 80.1371092,12.9460237,0 80.1370634,12.9459094,0 80.1369946,12.9458635,0 80.1369030,12.9456806,0 80.1368342,12.9456347,0 80.1367884,12.9455205,0 80.1367197,12.9454746,0 80.1366738,12.9453603,0 80.1366051,12.9453144,0 80.1365134,12.9451315,0 80.1364447,12.9450856,0 80.1363988,12.9449714,0 80.1363301,12.9449254,0 80.1362384,12.9447426,0 80.1361697,12.9446967,0 80.1361238,12.9445824,0 80.1360551,12.9445365,0 80.1360093,12.9444223,0 80.1359406,12.9443763,0 80.1358489,12.9441935,0 80.1357801,12.9441476,0 80.1357343,12.9440333,0 80.1356656,12.9439874,0 80.1355739,12.9438045,0 80.1355052,12.9437586,0 80.1354593,12.9436444,0 80.1353906,12.9435984,0 80.1353906,12.9435528,0 80.1353219,12.9435069,0 80.1353218,12.9434613,0 80.1352302,12.9433925,0 80.1352073,12.9433924,0 80.1350700,12.9434374,0 80.1349327,12.9435966,0 80.1348869,12.9435964,0 80.1348411,12.9436646,0 80.1347953,12.9436644,0 80.1347038,12.9437553,0 80.1345664,12.9437547,0 80.1344519,12.9436858,0 80.1343832,12.9436855,0 80.1343375,12.9437310,0 80.1342688,12.9437307,0 80.1341314,12.9438214,0 80.1340628,12.9438211,0 80.1339941,12.9438664,0 80.1339255,12.9439802,0 80.1338568,12.9440256,0 80.1333532,12.9442516,0 80.1333304,12.9442971,0 80.1330785,12.9442961,0 80.1330785,12.9442733,0 80.1329640,12.9442728,0 80.1328724,12.9442268,0 80.1327579,12.9442263,0 80.1327579,12.9442035,0 80.1326434,12.9442030,0 80.1326434,12.9441802,0 80.1324602,12.9441795,0 80.1323687,12.9442703,0 80.1322314,12.9444523,0 80.1322544,12.9444980,0 80.1322549,12.9455017,0 80.1322320,12.9455016,0 80.1322321,12.9456613,0 80.1322550,12.9456614,0 80.1322551,12.9458211,0 80.1322094,12.9458894,0 80.1322097,12.9463912,0 80.1322326,12.9463913,0 80.1322326,12.9465054,0 80.1322555,12.9465055,0 80.1322556,12.9466196,0 80.1322785,12.9466196,0 80.1322786,12.9467565,0 80.1323015,12.9467566,0 80.1323015,12.9468707,0 80.1323703,12.9469850,0 80.1323703,12.9470535,0 80.1324162,12.9471221,0 80.1324162,12.9472133,0 80.1324850,12.9473049,0 80.1325079,12.9474647,0 80.1325538,12.9475105,0 80.1325538,12.9475789,0 80.1325996,12.9476247,0 80.1327143,12.9480358,0 80.1327602,12.9480816,0 80.1327602,12.9481729,0 80.1328290,12.9482872,0 80.1328519,12.9483786,0 80.1328520,12.9485839,0 80.1328749,12.9485840,0 80.1328752,12.9489946,0 80.1328981,12.9489947,0 80.1328982,12.9491544,0 80.1329440,12.9492230,0 80.1329441,12.9493143,0 80.1329899,12.9493601,0 80.1329899,12.9494285,0 80.1330357,12.9494971,0 80.1330587,12.9495885,0 80.1330589,12.9499307,0 80.1330360,12.9499306,0 80.1330590,12.9500904,0 80.1331506,12.9501820,0 80.1332194,12.9503648,0 80.1332196,12.9506385,0 80.1333799,12.9507761,0 80.1333800,12.9508217,0 80.1334945,12.9509134,0 80.1334946,12.9510731,0 80.1336550,12.9513475,0 80.1336551,12.9514159,0 80.1337467,12.9515532,0 80.1337468,12.9516216,0 80.1338843,12.9518503,0 80.1338843,12.9519188,0 80.1339302,12.9519874,0 80.1339302,12.9520786,0 80.1339990,12.9522614,0 80.1339991,12.9523755,0 80.1340449,12.9524669,0 80.1340450,12.9525810,0 80.1340908,12.9526724,0 80.1342055,12.9529695,0 80.1342742,12.9530154,0 80.1343658,12.9530386,0 80.1343887,12.9531071,0 80.1344574,12.9531530,0 80.1344575,12.9531986,0 80.1345262,12.9532445,0 80.1345720,12.9533588,0 80.1346408,12.9534047,0 80.1346866,12.9534733,0 80.1347325,12.9536788,0 80.1347783,12.9537246,0 80.1349389,12.9542728,0 80.1350076,12.9543187,0 80.1350306,12.9543644,0 80.1350307,12.9546154,0 80.1350765,12.9546155,0 80.1350994,12.9546841,0 80.1351452,12.9547071,0 80.1351453,12.9548211,0 80.1351682,12.9548212,0 80.1351683,12.9549809,0 80.1351912,12.9549810,0 80.1352371,12.9552093,0 80.1353058,12.9552780,0 80.1353059,12.9554605,0 80.1353289,12.9555519,0 80.1353747,12.9556205,0 80.1353748,12.9557118,0 80.1354436,12.9558489,0 80.1354436,12.9559402,0 80.1355353,12.9562143,0 80.1355354,12.9563284,0 80.1355583,12.9563285,0 80.1355584,12.9565566,0 80.1355813,12.9565567,0 80.1355814,12.9567392,0 80.1356043,12.9567393,0 80.1356044,12.9568990,0 80.1356273,12.9568991,0 80.1356274,12.9570131,0 80.1356503,12.9570132,0 80.1357191,12.9572416,0 80.1359481,12.9572426,0 80.1360168,12.9572885,0 80.1360856,12.9574713,0 80.1362230,12.9575631,0 80.1362917,12.9576318,0 80.1364062,12.9576323,0 80.1364749,12.9576097,0 80.1366580,12.9574964,0 80.1367267,12.9574967,0 80.1369555,12.9572467,0 80.1369783,12.9571328,0 80.1372986,12.9567006,0 80.1372986,12.9566550,0 80.1373673,12.9566097,0 80.1373672,12.9565641,0 80.1375274,12.9564507,0 80.1375732,12.9563824,0 80.1376877,12.9563373,0 80.1377334,12.9562690,0 80.1379165,12.9561785,0 80.1379623,12.9561103,0 80.1380767,12.9560651,0 80.1382140,12.9559516,0 80.1382827,12.9559747,0 80.1383972,12.9559752,0 80.1383972,12.9559980,0 80.1385117,12.9559985,0 80.1386033,12.9560445,0 80.1387178,12.9560449,0 80.1388094,12.9560910,0 80.1389010,12.9560913,0 80.1391530,12.9563661,0 80.1391759,12.9564118,0 80.1394508,12.9566639,0 80.1394509,12.9567095,0 80.1396341,12.9568700,0 80.1396571,12.9569613,0 80.1397029,12.9569843,0 80.1397488,12.9571214,0 80.1397946,12.9571444,0 80.1398175,12.9572357,0 80.1398633,12.9572587,0 80.1399092,12.9573958,0 80.1399550,12.9574188,0 80.1399779,12.9575101,0 80.1400237,12.9575331,0 80.1400467,12.9576245,0 80.1401841,12.9577391,0 80.1402300,12.9578534,0 80.1402987,12.9579221,0 80.1403217,12.9580819,0 80.1403446,12.9580820,0 80.1403448,12.9583329,0 80.1404822,12.9583563,0 80.1407113,12.9586538,0 80.1407801,12.9588366,0 80.1408259,12.9588596,0 80.1408947,12.9590424,0 80.1409405,12.9590654,0 80.1410551,12.9593396,0 80.1411009,12.9593626,0 80.1411468,12.9594997,0 80.1411926,12.9595227,0 80.1412385,12.9596597,0 80.1413072,12.9597284,0 80.1413302,12.9598882,0 80.1413531,12.9599111,0 80.1414448,12.9600484,0 80.1415135,12.9600943,0 80.1415594,12.9602314,0 80.1416052,12.9602544,0 80.1416969,12.9604829,0 80.1417427,12.9605059,0 80.1418115,12.9606886,0 80.1418573,12.9607116,0 80.1419032,12.9608487,0 80.1419490,12.9608717,0 80.1420178,12.9610545,0 80.1420636,12.9610775,0 80.1421553,12.9613060,0 80.1422011,12.9613290,0 80.1422470,12.9614661,0 80.1422928,12.9614891,0 80.1423845,12.9617176,0 80.1424303,12.9617406,0 80.1425908,12.9621062,0 80.1426366,12.9621292,0 80.1427283,12.9623577,0 80.1427741,12.9623807,0 80.1428200,12.9625178,0 80.1428658,12.9625408,0 80.1428887,12.9626321,0 80.1429346,12.9627008,0 80.1430033,12.9627467,0 80.1430262,12.9628380,0 80.1430720,12.9628610,0 80.1430950,12.9629524,0 80.1431637,12.9629983,0 80.1432096,12.9631353,0 80.1433471,12.9632956,0 80.1433700,12.9633869,0 80.1434158,12.9634556,0 80.1435533,12.9635702,0 80.1435991,12.9636388,0 80.1436221,12.9637530,0 80.1436679,12.9637760,0 80.1436909,12.9639130,0 80.1437825,12.9640046,0 80.1437825,12.9640502,0 80.1438512,12.9640961,0 80.1438971,12.9641647,0 80.1439200,12.9642561,0 80.1440117,12.9643477,0 80.1440346,12.9644391,0 80.1441262,12.9645307,0 80.1441492,12.9646220,0 80.1441950,12.9646450,0 80.1442179,12.9647364,0 80.1443096,12.9648280,0 80.1443325,12.9649194,0 80.1444012,12.9649653,0 80.1444242,12.9650338,0 80.1446304,12.9652171,0 80.1446304,12.9652628,0 80.1446991,12.9653315,0 80.1446992,12.9654227,0 80.1446534,12.9654910,0 80.1444476,12.9659464,0 80.1444018,12.9659690,0 80.1442418,12.9663333,0 80.1441960,12.9663560,0 80.1441045,12.9665381,0 80.1440359,12.9665834,0 80.1438986,12.9668338,0 80.1438300,12.9668791,0 80.1438300,12.9669248,0 80.1437385,12.9670156,0 80.1437156,12.9671068,0 80.1435783,12.9672659,0 80.1435555,12.9673571,0 80.1434868,12.9674024,0 80.1434411,12.9675163,0 80.1433267,12.9676071,0 80.1432352,12.9677892,0 80.1431665,12.9678345,0 80.1431208,12.9679028,0 80.1430979,12.9679939,0 80.1430293,12.9680393,0 80.1428005,12.9684261,0 80.1427319,12.9684715,0 80.1426404,12.9686308,0 80.1426405,12.9687677,0 80.1426634,12.9688362,0 80.1427551,12.9689734,0 80.1427551,12.9690419,0 80.1428239,12.9691334,0 80.1428239,12.9692019,0 80.1428697,12.9692477,0 80.1428698,12.9693161,0 80.1429385,12.9694076,0 80.1429385,12.9694761,0 80.1430073,12.9695676,0 80.1430073,12.9696360,0 80.1430531,12.9696819,0 80.1430532,12.9697503,0 80.1431219,12.9698418,0 80.1431220,12.9699103,0 80.1431907,12.9699790,0 80.1432365,12.9700932,0 80.1432367,12.9702986,0 80.1432138,12.9702985,0 80.1432138,12.9704125,0 80.1432367,12.9704126,0 80.1433055,12.9705954,0 80.1433972,12.9706870,0 80.1433972,12.9708239,0 80.1434202,12.9708924,0 80.1434889,12.9709612,0 80.1434889,12.9710068,0 80.1435577,12.9710755,0 80.1435578,12.9712580,0 80.1436265,12.9713952,0 80.1436266,12.9714864,0 80.1437412,12.9717606,0 80.1437413,12.9718291,0 80.1438329,12.9719663,0 80.1438331,12.9722629,0 80.1439248,12.9724001,0 80.1439248,12.9724458,0 80.1439935,12.9725145,0 80.1439936,12.9725829,0 80.1440394,12.9726744,0 80.1440852,12.9726974,0 80.1441082,12.9727887,0 80.1441998,12.9728803,0 80.1441998,12.9729260,0 80.1442686,12.9729719,0 80.1443602,12.9731547,0 80.1444290,12.9732007,0 80.1444519,12.9733604,0 80.1444748,12.9733605,0 80.1444749,12.9734746,0 80.1445667,12.9737487,0 80.1445667,12.9738628,0 80.1448419,12.9746167,0 80.1448879,12.9748907,0 80.1449337,12.9749593,0 80.1449338,12.9750505,0 80.1450025,12.9751877,0 80.1450026,12.9752789,0 80.1450713,12.9754161,0 80.1450714,12.9755074,0 80.1451173,12.9756216,0 80.1451860,12.9756903,0 80.1452547,12.9756906,0 80.1455753,12.9758744,0 80.1456212,12.9759431,0 80.1456212,12.9760115,0 80.1456670,12.9760573,0 80.1456900,12.9761943,0 80.1457358,12.9762401,0 80.1457359,12.9763085,0 80.1457817,12.9763543,0 80.1458046,12.9764913,0 80.1458505,12.9765371,0 80.1458734,12.9766513,0 80.1459193,12.9767199,0 80.1459880,12.9767658,0 80.1460110,12.9769256,0 80.1459881,12.9769255,0 80.1459882,12.9770624,0 80.1460799,12.9772681,0 80.1460799,12.9773593,0 80.1461487,12.9774965,0 80.1461487,12.9775877,0 80.1462404,12.9777250,0 80.1462863,12.9779077,0 80.1463779,12.9779765,0 80.1464009,12.9781591,0 80.1465154,12.9781824,0 80.1466299,12.9782741,0 80.1466529,12.9783426,0 80.1466530,12.9786164,0 80.1467447,12.9787536,0 80.1467677,12.9788678,0 80.1468135,12.9789364,0 80.1469738,12.9790511,0 80.1469968,12.9790969,0 80.1472716,12.9791892,0 80.1472944,12.9790981,0 80.1473402,12.9790755,0 80.1473859,12.9789844,0 80.1473859,12.9788932,0 80.1475003,12.9787339,0 80.1475002,12.9786655,0 80.1475917,12.9785290,0 80.1475917,12.9784378,0 80.1477061,12.9782785,0 80.1477060,12.9782101,0 80.1477975,12.9780736,0 80.1477974,12.9778911,0 80.1477745,12.9778910,0 80.1477744,12.9776401,0 80.1477515,12.9776400,0 80.1477513,12.9773662,0 80.1477284,12.9773661,0 80.1477283,12.9771152,0 80.1477054,12.9771151,0 80.1477052,12.9768414,0 80.1476823,12.9768413,0 80.1476822,12.9765903,0 80.1476593,12.9765902,0 80.1476592,12.9763849,0 80.1476363,12.9763848,0 80.1476362,12.9762708,0 80.1476133,12.9762707,0 80.1476132,12.9761338,0 80.1475903,12.9761337,0 80.1475903,12.9759968,0 80.1475674,12.9759967,0 80.1475673,12.9758827,0 80.1475444,12.9758826,0 80.1475443,12.9757457,0 80.1475214,12.9757456,0 80.1475213,12.9756087,0 80.1474984,12.9756086,0 80.1474984,12.9754718,0 80.1474755,12.9754717,0 80.1474754,12.9753576,0 80.1474525,12.9753575,0 80.1474524,12.9752206,0 80.1474295,12.9752205,0 80.1474294,12.9750837,0 80.1474065,12.9750836,0 80.1474065,12.9749695,0 80.1473607,12.9749237,0 80.1473377,12.9748323,0 80.1473376,12.9746955,0 80.1473147,12.9746954,0 80.1473147,12.9745813,0 80.1472917,12.9745128,0 80.1472230,12.9744441,0 80.1472001,12.9743527,0 80.1471084,12.9742611,0 80.1470855,12.9741697,0 80.1469938,12.9740781,0 80.1469709,12.9739868,0 80.1469251,12.9739866,0 80.1469251,12.9739181,0 80.1468792,12.9738495,0 80.1468562,12.9736897,0 80.1466042,12.9734606,0 80.1465813,12.9734149,0 80.1463064,12.9731172,0 80.1460544,12.9728880,0 80.1460315,12.9728423,0 80.1457565,12.9725446,0 80.1455046,12.9723154,0 80.1454816,12.9722697,0 80.1452067,12.9719720,0 80.1449547,12.9717428,0 80.1449547,12.9716972,0 80.1448860,12.9716285,0 80.1448859,12.9715372,0 80.1448172,12.9714229,0 80.1448171,12.9712860,0 80.1447713,12.9712630,0 80.1447712,12.9711261,0 80.1447254,12.9710575,0 80.1447253,12.9709663,0 80.1446795,12.9708976,0 80.1448394,12.9703280,0 80.1448852,12.9703510,0 80.1448853,12.9704194,0 80.1449311,12.9704424,0 80.1449082,12.9704880,0 80.1449540,12.9705110,0 80.1449541,12.9706250,0 80.1449770,12.9706251,0 80.1450229,12.9708306,0 80.1450687,12.9708536,0 80.1451831,12.9708313,0 80.1451827,12.9701469,0 80.1450683,12.9701692,0 80.1450685,12.9706027,0 80.1450227,12.9705797,0 80.1450456,12.9705341,0 80.1449998,12.9705111,0 80.1449997,12.9703971,0 80.1449768,12.9703970,0 80.1448851,12.9701457,0 80.1448164,12.9701454,0 80.1447707,12.9702136,0 80.1447936,12.9702594,0 80.1447478,12.9702820,0 80.1447707,12.9703277,0 80.1447249,12.9703503,0 80.1447250,12.9704188,0 80.1446335,12.9706237,0 80.1446332,12.9701446,0 80.1445645,12.9701443,0 80.1445645,12.9699847,0 80.1445415,12.9699618,0 80.1446102,12.9699164,0 80.1446560,12.9698482,0 80.1446559,12.9697797,0 80.1447703,12.9696890,0 80.1449076,12.9694386,0 80.1449762,12.9693932,0 80.1450220,12.9693250,0 80.1450219,12.9692566,0 80.1450677,12.9692567,0 80.1451135,12.9691429,0 80.1451821,12.9690975,0 80.1451821,12.9690519,0 80.1452965,12.9689155,0 80.1452964,12.9686874,0 80.1453421,12.9685963,0 80.1453879,12.9685737,0 80.1454107,12.9684597,0 80.1454565,12.9684599,0 80.1454793,12.9683459,0 80.1455251,12.9683461,0 80.1455480,12.9682322,0 80.1455938,12.9682324,0 80.1456166,12.9681184,0 80.1456624,12.9681186,0 80.1456852,12.9680046,0 80.1457310,12.9680048,0 80.1457538,12.9678908,0 80.1457996,12.9678910,0 80.1458224,12.9677771,0 80.1458682,12.9677772,0 80.1458911,12.9676861,0 80.1459369,12.9676635,0 80.1459597,12.9675723,0 80.1460055,12.9675497,0 80.1460283,12.9674585,0 80.1460741,12.9674359,0 80.1460969,12.9673448,0 80.1462342,12.9671400,0 80.1462570,12.9670032,0 80.1463028,12.9669578,0 80.1463256,12.9668210,0 80.1463714,12.9667756,0 80.1463713,12.9667071,0 80.1464171,12.9666389,0 80.1464170,12.9665476,0 80.1464628,12.9665250,0 80.1464856,12.9663654,0 80.1465314,12.9663428,0 80.1465542,12.9661832,0 80.1466000,12.9661606,0 80.1466457,12.9660467,0 80.1467601,12.9659559,0 80.1467830,12.9659104,0 80.1468747,12.9660477,0 80.1470349,12.9660483,0 80.1471265,12.9660259,0 80.1471035,12.9659117,0 80.1469433,12.9659111,0 80.1468974,12.9658424,0 80.1468974,12.9657512,0 80.1469660,12.9657058,0 80.1471033,12.9655239,0 80.1472865,12.9655247,0 80.1473552,12.9656162,0 80.1473553,12.9657303,0 80.1473095,12.9657757,0 80.1472637,12.9657527,0 80.1472179,12.9656613,0 80.1471034,12.9657292,0 80.1472409,12.9659579,0 80.1473325,12.9659355,0 80.1473554,12.9658900,0 80.1475156,12.9657994,0 80.1475155,12.9655941,0 80.1474926,12.9655940,0 80.1473780,12.9654110,0 80.1472406,12.9653648,0 80.1472634,12.9652965,0 80.1473779,12.9652057,0 80.1473778,12.9651601,0 80.1474465,12.9651147,0 80.1474465,12.9650691,0 80.1475380,12.9650010,0 80.1475609,12.9649099,0 80.1476067,12.9649101,0 80.1476525,12.9649331,0 80.1477213,12.9651387,0 80.1477671,12.9651388,0 80.1478359,12.9653444,0 80.1478817,12.9653674,0 80.1479505,12.9655502,0 80.1479963,12.9655732,0 80.1480651,12.9657560,0 80.1481109,12.9657790,0 80.1482026,12.9660075,0 80.1482484,12.9660077,0 80.1483172,12.9662133,0 80.1483630,12.9662135,0 80.1485235,12.9666020,0 80.1485693,12.9666022,0 80.1486152,12.9667620,0 80.1486610,12.9667850,0 80.1486839,12.9668764,0 80.1488444,12.9672420,0 80.1488902,12.9672650,0 80.1489132,12.9673564,0 80.1490737,12.9677220,0 80.1491195,12.9677450,0 80.1491424,12.9678364,0 80.1493029,12.9682021,0 80.1493487,12.9682251,0 80.1493488,12.9683163,0 80.1495321,12.9686364,0 80.1495324,12.9690471,0 80.1496011,12.9691158,0 80.1497385,12.9691392,0 80.1498530,12.9691396,0 80.1499217,12.9692768,0 80.1499904,12.9693227,0 80.1499905,12.9693683,0 80.1501738,12.9695972,0 80.1502196,12.9697343,0 80.1502654,12.9697573,0 80.1503342,12.9699401,0 80.1503800,12.9699631,0 80.1504718,12.9701916,0 80.1505176,12.9702146,0 80.1505864,12.9703973,0 80.1506322,12.9704203,0 80.1507010,12.9706031,0 80.1507468,12.9706261,0 80.1508156,12.9708089,0 80.1508614,12.9708319,0 80.1509302,12.9710147,0 80.1509760,12.9710377,0 80.1510448,12.9712205,0 80.1510906,12.9712435,0 80.1511594,12.9714263,0 80.1512052,12.9714493,0 80.1512740,12.9716321,0 80.1514573,12.9718609,0 80.1517549,12.9718622,0 80.1517549,12.9718393,0 80.1519380,12.9717717,0 80.1518922,12.9717259,0 80.1519151,12.9716575,0 80.1520066,12.9716351,0 80.1520295,12.9715895,0 80.1521211,12.9715671,0 80.1526704,12.9713184,0 80.1527163,12.9713871,0 80.1528078,12.9713646,0 80.1528307,12.9713191,0 80.1529223,12.9712967,0 80.1529452,12.9712511,0 80.1530367,12.9712287,0 80.1530596,12.9711832,0 80.1531512,12.9711607,0 80.1531740,12.9711152,0 80.1532656,12.9710928,0 80.1532885,12.9710472,0 80.1533800,12.9710248,0 80.1534029,12.9709793,0 80.1534945,12.9709569,0 80.1535174,12.9709113,0 80.1536089,12.9708889,0 80.1536318,12.9708434,0 80.1537234,12.9708209,0 80.1538149,12.9707072,0 80.1538836,12.9706619,0 80.1540209,12.9706168,0 80.1540438,12.9705713,0 80.1541811,12.9705263,0 80.1543413,12.9704129,0 80.1544100,12.9703903,0 80.1544100,12.9704359,0 80.1545245,12.9703680,0 80.1547307,12.9705970,0 80.1548451,12.9705974,0 80.1549138,12.9705065,0 80.1548451,12.9705518,0 80.1547764,12.9705287,0 80.1545473,12.9703225,0 80.1545702,12.9702769,0 80.1546618,12.9702545,0 80.1546846,12.9702090,0 80.1547762,12.9701865,0 80.1547991,12.9701410,0 80.1548678,12.9701185,0 80.1548907,12.9701642,0 80.1553487,12.9702573,0 80.1553716,12.9703259,0 80.1555320,12.9704634,0 80.1555320,12.9705090,0 80.1556923,12.9706466,0 80.1556924,12.9706922,0 80.1558298,12.9708068,0 80.1558298,12.9708524,0 80.1559444,12.9709442,0 80.1565402,12.9718819,0 80.1570671,12.9724316,0 80.1571129,12.9724318,0 80.1571588,12.9725004,0 80.1572046,12.9725006,0 80.1572733,12.9725921,0 80.1573649,12.9726153,0 80.1573878,12.9726839,0 80.1574794,12.9727071,0 80.1575024,12.9727756,0 80.1575940,12.9727988,0 80.1575940,12.9728444,0 80.1576627,12.9728675,0 80.1577314,12.9729590,0 80.1577772,12.9729592,0 80.1578460,12.9730508,0 80.1578918,12.9730509,0 80.1579605,12.9731425,0 80.1580063,12.9731427,0 80.1580750,12.9732342,0 80.1581208,12.9732344,0 80.1581896,12.9733259,0 80.1582354,12.9733261,0 80.1582812,12.9733947,0 80.1583728,12.9734407,0 80.1585102,12.9734413,0 80.1585102,12.9734185,0 80.1586246,12.9733505,0 80.1586474,12.9732137,0 80.1594483,12.9723958,0 80.1595627,12.9723050,0 80.1595627,12.9722594,0 80.1597458,12.9721233,0 80.1597458,12.9720549,0 80.1597916,12.9720550,0 80.1598144,12.9719867,0 80.1598831,12.9719414,0 80.1598830,12.9718957,0 80.1599517,12.9718504,0 80.1599517,12.9718048,0 80.1600432,12.9717367,0 80.1600432,12.9716683,0 80.1600890,12.9716685,0 80.1601118,12.9716001,0 80.1601805,12.9715548,0 80.1601805,12.9715091,0 80.1602491,12.9714638,0 80.1602720,12.9713727,0 80.1603177,12.9713272,0 80.1603864,12.9713275,0 80.1604093,12.9712820,0 80.1606611,12.9711461,0 80.1607526,12.9710096,0 80.1607524,12.9707815,0 80.1608440,12.9707819,0 80.1608669,12.9708276,0 80.1609586,12.9708736,0 80.1610501,12.9708740,0 80.1612105,12.9709887,0 80.1613937,12.9709895,0 80.1614852,12.9709214,0 80.1615539,12.9709217,0 80.1615997,12.9708763,0 80.1617599,12.9708541,0 80.1618286,12.9708088,0 80.1620117,12.9707867,0 80.1620346,12.9707412,0 80.1621720,12.9707418,0 80.1622406,12.9706964,0 80.1623322,12.9706968,0 80.1624467,12.9706288,0 80.1625840,12.9706294,0 80.1626527,12.9705841,0 80.1627443,12.9705844,0 80.1628129,12.9705391,0 80.1629961,12.9705170,0 80.1630190,12.9704715,0 80.1631563,12.9704721,0 80.1632250,12.9704267,0 80.1633166,12.9704271,0 80.1634310,12.9703591,0 80.1635684,12.9703597,0 80.1636371,12.9703144,0 80.1638202,12.9702923,0 80.1638431,12.9702468,0 80.1639805,12.9702473,0 80.1640949,12.9701794,0 80.1642323,12.9701800,0 80.1643010,12.9701346,0 80.1644841,12.9701126,0 80.1645070,12.9700670,0 80.1646444,12.9700676,0 80.1647588,12.9699996,0 80.1648962,12.9700002,0 80.1649648,12.9699549,0 80.1650564,12.9699552,0 80.1651709,12.9698873,0 80.1653082,12.9698878,0 80.1653769,12.9698425,0 80.1654685,12.9698429,0 80.1655371,12.9697975,0 80.1656287,12.9697979,0 80.1656974,12.9697526,0 80.1657890,12.9697529,0 80.1659034,12.9696850,0 80.1660408,12.9696855,0 80.1660637,12.9696400,0 80.1661781,12.9696405,0 80.1661781,12.9696177,0 80.1662926,12.9695497,0 80.1663154,12.9694129,0 80.1663611,12.9693447,0 80.1663611,12.9692078,0 80.1664068,12.9691852,0 80.1664296,12.9690028,0 80.1664754,12.9689345,0 80.1664753,12.9688433,0 80.1665211,12.9687750,0 80.1665439,12.9685926,0 80.1665896,12.9685244,0 80.1665896,12.9684331,0 80.1666353,12.9683649,0 80.1666352,12.9682280,0 80.1666810,12.9682054,0 80.1667038,12.9680230,0 80.1667496,12.9679547,0 80.1667495,12.9678635,0 80.1667953,12.9677952,0 80.1667952,12.9677040,0 80.1669097,12.9676588,0 80.1669783,12.9676591,0 80.1670241,12.9676137,0 80.1671844,12.9676143,0 80.1672760,12.9675919,0 80.1673217,12.9675465,0 80.1674820,12.9675471,0 80.1675736,12.9675247,0 80.1676193,12.9674793,0 80.1677567,12.9674798,0 80.1678254,12.9674117,0 80.1678711,12.9674119,0 80.1679398,12.9673209,0 80.1680085,12.9673212,0 80.1680313,12.9672757,0 80.1681458,12.9672305,0 80.1682832,12.9672311,0 80.1682832,12.9672083,0 80.1683976,12.9672087,0 80.1683976,12.9671859,0 80.1685350,12.9671865,0 80.1685350,12.9671637,0 80.1686724,12.9671642,0 80.1686724,12.9671414,0 80.1688097,12.9671420,0 80.1688097,12.9671192,0 80.1689471,12.9671197,0 80.1690387,12.9670973,0 80.1691073,12.9670520,0 80.1691531,12.9669609,0 80.1691530,12.9667784,0 80.1691987,12.9667330,0 80.1692903,12.9667334,0 80.1693361,12.9666879,0 80.1694048,12.9666882,0 80.1694734,12.9666200,0 80.1695650,12.9666204,0 80.1696108,12.9665750,0 80.1696794,12.9665753,0 80.1697481,12.9665071,0 80.1698397,12.9665075,0 80.1698854,12.9664621,0 80.1699541,12.9664623,0 80.1700228,12.9663942,0 80.1701373,12.9663947,0 80.1701372,12.9663719,0 80.1703433,12.9663727,0 80.1703433,12.9663499,0 80.1705494,12.9663507,0 80.1705494,12.9663279,0 80.1707783,12.9663289,0 80.1707783,12.9663061,0 80.1709844,12.9663069,0 80.1709844,12.9662841,0 80.1711904,12.9662850,0 80.1711904,12.9662621,0 80.1713965,12.9662630,0 80.1713965,12.9662402,0 80.1716254,12.9662411,0 80.1716254,12.9662183,0 80.1718086,12.9662191,0 80.1718086,12.9661963,0 80.1719230,12.9661967,0 80.1719230,12.9661739,0 80.1720604,12.9661745,0 80.1720604,12.9661517,0 80.1721749,12.9661521,0 80.1721749,12.9661293,0 80.1722893,12.9661298,0 80.1722893,12.9661070,0 80.1724038,12.9661075,0 80.1724038,12.9660847,0 80.1726785,12.9660858,0 80.1726786,12.9661086,0 80.1730449,12.9661101,0 80.1730449,12.9661329,0 80.1731823,12.9661107,0 80.1732051,12.9660652,0 80.1732967,12.9660655,0 80.1733196,12.9660200,0 80.1734112,12.9660204,0 80.1734341,12.9659748,0 80.1735256,12.9659524,0 80.1736859,12.9659531,0 80.1737088,12.9660444,0 80.1737776,12.9660903,0 80.1742126,12.9660921,0 80.1742126,12.9660693,0 80.1745102,12.9660705,0 80.1745102,12.9660477,0 80.1759754,12.9657116,0 80.1761127,12.9655981,0 80.1761126,12.9654840,0 80.1761813,12.9654843,0 80.1762042,12.9654388,0 80.1763186,12.9654393,0 80.1764331,12.9653713,0 80.1765705,12.9653719,0 80.1765704,12.9653491,0 80.1769368,12.9653506,0 80.1769368,12.9653278,0 80.1771199,12.9653285,0 80.1771199,12.9653057,0 80.1772802,12.9653064,0 80.1773261,12.9654206,0 80.1774177,12.9654666,0 80.1774177,12.9655579,0 80.1774636,12.9656265,0 80.1775323,12.9656724,0 80.1779902,12.9656743,0 80.1780818,12.9657203,0 80.1781047,12.9657660,0 80.1781963,12.9657892,0 80.1782880,12.9658808,0 80.1783796,12.9659040,0 80.1784025,12.9659497,0 80.1784941,12.9659957,0 80.1787002,12.9659966,0 80.1787001,12.9659738,0 80.1788833,12.9659745,0 80.1788833,12.9659517,0 80.1790436,12.9659524,0 80.1790436,12.9659296,0 80.1791809,12.9659301,0 80.1791809,12.9659073,0 80.1792954,12.9659078,0 80.1792954,12.9658850,0 80.1794786,12.9658857,0 80.1795702,12.9659774,0 80.1794557,12.9659769,0 80.1794328,12.9660224,0 80.1794329,12.9661365,0 80.1794787,12.9661823,0 80.1796161,12.9662057,0 80.1796162,12.9662741,0 80.1795246,12.9662737,0 80.1795016,12.9662052,0 80.1794559,12.9662050,0 80.1794559,12.9662963,0 80.1795017,12.9663421,0 80.1796391,12.9663427,0 80.1796849,12.9662972,0 80.1796848,12.9661375,0 80.1797306,12.9661377,0 80.1797307,12.9663430,0 80.1797994,12.9663433,0 80.1797994,12.9664574,0 80.1798224,12.9665487,0 80.1798682,12.9666174,0 80.1798683,12.9667086,0 80.1799370,12.9668458,0 80.1799371,12.9669370,0 80.1799829,12.9669600,0 80.1799830,12.9670741,0 80.1800059,12.9671654,0 80.1800747,12.9673026,0 80.1800977,12.9674624,0 80.1802123,12.9676225,0 80.1803267,12.9676458,0 80.1803726,12.9676916,0 80.1804870,12.9676921,0 80.1805100,12.9677378,0 80.1805787,12.9677381,0 80.1806245,12.9677839,0 80.1807390,12.9677844,0 80.1807619,12.9678301,0 80.1808306,12.9678304,0 80.1808764,12.9678762,0 80.1809909,12.9678767,0 80.1810138,12.9679224,0 80.1810825,12.9679227,0 80.1811512,12.9679686,0 80.1812428,12.9679690,0 80.1812657,12.9680147,0 80.1813344,12.9680150,0 80.1814031,12.9680609,0 80.1814947,12.9680613,0 80.1815176,12.9681070,0 80.1815863,12.9681073,0 80.1816550,12.9681532,0 80.1817466,12.9681535,0 80.1817695,12.9681993,0 80.1818840,12.9681997,0 80.1818840,12.9681769,0 80.1820213,12.9680862,0 80.1820212,12.9678581,0 80.1819754,12.9678123,0 80.1819753,12.9677211,0 80.1820211,12.9676984,0 80.1821356,12.9676989,0 80.1821356,12.9676761,0 80.1822500,12.9676766,0 80.1823416,12.9676313,0 80.1824561,12.9676318,0 80.1824561,12.9676090,0 80.1825934,12.9675867,0 80.1826621,12.9674958,0 80.1826619,12.9673133,0 80.1826391,12.9673132,0 80.1825703,12.9671988,0 80.1825245,12.9671986,0 80.1823870,12.9669928,0 80.1823412,12.9669926,0 80.1822037,12.9667867,0 80.1821579,12.9667865,0 80.1821121,12.9666722,0 80.1820434,12.9666492,0 80.1820662,12.9665808,0 80.1819746,12.9665804,0 80.1817913,12.9663287,0 80.1819516,12.9663522,0 80.1819974,12.9662840,0 80.1819972,12.9659874,0 80.1819285,12.9659871,0 80.1819287,12.9662609,0 80.1818600,12.9662834,0 80.1818142,12.9662148,0 80.1818140,12.9659866,0 80.1817911,12.9659865,0 80.1817908,12.9654391,0 80.1818137,12.9654391,0 80.1818136,12.9652566,0 80.1818365,12.9652567,0 80.1818364,12.9650514,0 80.1818593,12.9650515,0 80.1818592,12.9648690,0 80.1818362,12.9647777,0 80.1817904,12.9647091,0 80.1817903,12.9646178,0 80.1817445,12.9645720,0 80.1817445,12.9644807,0 80.1816986,12.9643893,0 80.1816985,12.9642524,0 80.1816756,12.9642523,0 80.1814920,12.9634303,0 80.1814461,12.9633617,0 80.1814461,12.9632704,0 80.1814003,12.9632246,0 80.1814002,12.9631334,0 80.1813314,12.9629506,0 80.1813313,12.9628137,0 80.1813084,12.9628136,0 80.1812395,12.9624483,0 80.1811937,12.9624253,0 80.1811937,12.9622885,0 80.1811478,12.9622198,0 80.1811478,12.9621286,0 80.1811020,12.9621056,0 80.1811019,12.9619915,0 80.1810561,12.9619457,0 80.1810102,12.9617402,0 80.1809644,12.9617172,0 80.1809643,12.9616032,0 80.1809185,12.9615573,0 80.1809184,12.9614889,0 80.1808726,12.9614203,0 80.1808724,12.9611009,0 80.1808266,12.9610779,0 80.1808495,12.9610324,0 80.1808953,12.9610097,0 80.1811700,12.9610109,0 80.1811700,12.9609881,0 80.1814448,12.9609892,0 80.1814447,12.9609664,0 80.1816966,12.9609674,0 80.1816966,12.9609446,0 80.1819713,12.9609458,0 80.1819713,12.9609229,0 80.1822232,12.9609240,0 80.1822232,12.9609012,0 80.1830245,12.9609045,0 80.1830245,12.9608817,0 80.1831390,12.9608821,0 80.1831390,12.9609050,0 80.1833909,12.9609060,0 80.1833909,12.9608832,0 80.1835969,12.9608840,0 80.1836199,12.9610666,0 80.1836657,12.9611124,0 80.1836658,12.9612037,0 80.1837575,12.9614778,0 80.1837576,12.9616147,0 80.1838264,12.9617975,0 80.1838265,12.9619115,0 80.1838494,12.9620029,0 80.1839640,12.9621859,0 80.1840098,12.9622089,0 80.1841930,12.9622096,0 80.1842388,12.9622326,0 80.1842388,12.9623010,0 80.1842847,12.9623697,0 80.1843534,12.9624156,0 80.1843992,12.9624842,0 80.1843995,12.9629405,0 80.1845598,12.9629411,0 80.1845826,12.9628500,0 80.1846513,12.9628503,0 80.1846513,12.9628959,0 80.1847200,12.9629418,0 80.1848117,12.9631247,0 80.1848804,12.9631706,0 80.1848805,12.9632162,0 80.1849721,12.9632850,0 80.1851782,12.9632859,0 80.1851781,12.9632630,0 80.1853613,12.9632638,0 80.1853613,12.9632410,0 80.1855445,12.9632418,0 80.1855445,12.9632189,0 80.1857276,12.9632197,0 80.1857276,12.9631969,0 80.1859108,12.9631976,0 80.1859108,12.9631748,0 80.1860939,12.9631756,0 80.1860940,12.9632440,0 80.1861398,12.9632670,0 80.1861399,12.9633811,0 80.1861628,12.9634496,0 80.1862774,12.9636326,0 80.1863232,12.9636328,0 80.1864377,12.9637701,0 80.1864835,12.9637703,0 80.1865294,12.9638389,0 80.1865523,12.9639759,0 80.1865981,12.9639989,0 80.1866211,12.9641359,0 80.1867127,12.9642047,0 80.1867128,12.9643644,0 80.1867815,12.9643647,0 80.1868044,12.9642963,0 80.1868730,12.9642054,0 80.1869417,12.9642056,0 80.1869646,12.9642514,0 80.1869647,12.9643654,0 80.1870334,12.9644570,0 80.1870335,12.9645938,0 80.1870106,12.9646394,0 80.1870108,12.9648447,0 80.1870337,12.9648448,0 80.1871482,12.9649821,0 80.1872169,12.9649824,0 80.1872398,12.9649141,0 80.1872856,12.9649142,0 80.1873314,12.9649829,0 80.1874230,12.9650061,0 80.1874917,12.9650520,0 80.1875375,12.9651206,0 80.1875833,12.9651208,0 80.1876750,12.9652124,0 80.1877436,12.9652127,0 80.1878353,12.9653271,0 80.1878811,12.9653273,0 80.1879040,12.9654187,0 80.1879499,12.9655557,0 80.1879957,12.9655787,0 80.1879958,12.9656700,0 80.1880874,12.9658072,0 80.1881562,12.9660128,0 80.1882021,12.9660358,0 80.1881792,12.9660814,0 80.1882250,12.9661044,0 80.1882479,12.9661729,0 80.1883166,12.9661732,0 80.1883395,12.9662189,0 80.1884769,12.9662195,0 80.1884769,12.9662423,0 80.1885914,12.9662428,0 80.1886601,12.9661974,0 80.1891180,12.9661993,0 80.1891180,12.9661765,0 80.1895530,12.9661783,0 80.1895530,12.9661555,0 80.1896675,12.9661560,0 80.1899421,12.9659974,0 80.1900566,12.9659751,0 80.1901710,12.9658387,0 80.1903313,12.9658393,0 80.1903313,12.9658165,0 80.1904915,12.9658172,0 80.1904915,12.9657944,0 80.1906060,12.9657948,0 80.1906518,12.9657722,0 80.1907204,12.9656812,0 80.1907202,12.9653847,0 80.1906744,12.9653389,0 80.1906744,12.9652476,0 80.1906285,12.9651562,0 80.1906285,12.9650421,0 80.1906056,12.9650420,0 80.1905826,12.9649051,0 80.1906742,12.9649054,0 80.1906512,12.9647456,0 80.1906053,12.9646542,0 80.1906053,12.9645401,0 80.1905366,12.9645855,0 80.1905137,12.9646538,0 80.1904908,12.9645625,0 80.1904907,12.9644484,0 80.1904449,12.9644254,0 80.1904448,12.9642657,0 80.1903990,12.9642199,0 80.1903989,12.9640602,0 80.1903760,12.9640601,0 80.1903760,12.9639461,0 80.1903530,12.9639004,0 80.1904445,12.9637639,0 80.1904444,12.9635814,0 80.1904215,12.9634900,0 80.1903757,12.9634442,0 80.1903756,12.9632845,0 80.1903297,12.9632387,0 80.1903297,12.9630790,0 80.1903068,12.9630789,0 80.1903067,12.9629649,0 80.1904212,12.9629425,0 80.1904208,12.9623038,0 80.1903063,12.9622805,0 80.1903066,12.9627595,0 80.1902608,12.9627365,0 80.1902607,12.9626225,0 80.1901461,12.9623483,0 80.1901460,12.9622342,0 80.1901231,12.9622341,0 80.1901230,12.9621200,0 80.1901001,12.9621199,0 80.1901001,12.9620059,0 80.1900772,12.9620058,0 80.1900771,12.9618917,0 80.1900313,12.9618003,0 80.1900312,12.9616862,0 80.1900083,12.9616861,0 80.1900082,12.9615721,0 80.1899853,12.9615720,0 80.1899853,12.9614579,0 80.1899624,12.9614578,0 80.1899623,12.9613438,0 80.1899394,12.9613437,0 80.1899393,12.9612296,0 80.1899164,12.9612295,0 80.1899164,12.9611154,0 80.1898935,12.9611153,0 80.1898934,12.9610013,0 80.1898705,12.9610012,0 80.1898705,12.9608871,0 80.1898476,12.9608870,0 80.1898475,12.9607730,0 80.1898016,12.9606815,0 80.1898016,12.9605675,0 80.1897787,12.9605674,0 80.1897786,12.9604533,0 80.1897328,12.9603619,0 80.1897327,12.9602478,0 80.1897098,12.9602477,0 80.1897097,12.9601337,0 80.1896639,12.9600422,0 80.1896638,12.9599282,0 80.1896409,12.9599281,0 80.1896409,12.9598140,0 80.1895950,12.9597226,0 80.1895950,12.9596085,0 80.1895721,12.9596084,0 80.1895720,12.9594943,0 80.1895261,12.9594029,0 80.1895261,12.9592888,0 80.1895032,12.9592887,0 80.1894802,12.9591746,0 80.1893886,12.9591058,0 80.1892741,12.9591053,0 80.1892741,12.9590825,0 80.1891596,12.9590820,0 80.1891596,12.9590136,0 80.1891138,12.9589678,0 80.1891137,12.9588993,0 80.1890450,12.9588078,0 80.1890449,12.9587394,0 80.1889762,12.9586706,0 80.1889762,12.9585794,0 80.1889303,12.9585336,0 80.1889303,12.9584651,0 80.1888845,12.9584193,0 80.1888844,12.9583509,0 80.1888157,12.9582822,0 80.1888157,12.9581909,0 80.1887240,12.9580537,0 80.1890902,12.9578955,0 80.1891589,12.9578273,0 80.1892505,12.9578277,0 80.1892962,12.9577823,0 80.1893878,12.9577598,0 80.1895481,12.9577605,0 80.1895481,12.9577377,0 80.1897083,12.9577383,0 80.1897083,12.9577155,0 80.1898686,12.9577162,0 80.1898686,12.9576934,0 80.1900060,12.9576939,0 80.1900059,12.9576711,0 80.1901662,12.9576718,0 80.1901662,12.9576490,0 80.1903036,12.9576496,0 80.1903036,12.9576267,0 80.1904638,12.9576274,0 80.1904638,12.9576046,0 80.1906241,12.9576053,0 80.1906241,12.9575824,0 80.1907615,12.9575830,0 80.1907615,12.9575602,0 80.1909217,12.9575609,0 80.1909217,12.9575380,0 80.1910820,12.9575387,0 80.1910820,12.9575159,0 80.1912193,12.9575165,0 80.1912193,12.9574936,0 80.1913567,12.9574942,0 80.1914483,12.9575402,0 80.1915628,12.9575407,0 80.1915628,12.9575635,0 80.1916773,12.9575640,0 80.1917689,12.9576100,0 80.1918834,12.9576105,0 80.1918834,12.9576333,0 80.1919979,12.9576337,0 80.1919979,12.9576566,0 80.1922040,12.9576574,0 80.1923184,12.9575210,0 80.1923183,12.9573841,0 80.1922954,12.9573840,0 80.1922953,12.9572015,0 80.1922724,12.9572014,0 80.1922723,12.9570418,0 80.1922494,12.9570417,0 80.1922493,12.9568592,0 80.1922264,12.9568591,0 80.1922263,12.9566766,0 80.1922034,12.9566765,0 80.1922033,12.9565168,0 80.1921804,12.9565167,0 80.1921574,12.9563341,0 80.1920429,12.9562424,0 80.1919284,12.9562191,0 80.1918825,12.9560364,0 80.1917451,12.9559674,0 80.1917451,12.9560358,0 80.1918138,12.9560361,0 80.1918367,12.9560818,0 80.1918139,12.9561958,0 80.1916994,12.9561953,0 80.1916993,12.9561041,0 80.1916307,12.9561038,0 80.1916307,12.9561722,0 80.1915162,12.9561489,0 80.1915162,12.9561033,0 80.1913559,12.9561255,0 80.1913101,12.9560797,0 80.1910811,12.9560787,0 80.1910811,12.9560559,0 80.1909666,12.9560554,0 80.1909666,12.9559414,0 80.1909437,12.9559413,0 80.1909435,12.9557131,0 80.1909206,12.9557130,0 80.1909205,12.9554849,0 80.1908976,12.9554848,0 80.1908975,12.9553251,0 80.1908288,12.9552108,0 80.1908287,12.9550739,0 80.1907829,12.9550053,0 80.1907599,12.9549140,0 80.1907598,12.9547999,0 80.1907369,12.9547998,0 80.1907368,12.9546401,0 80.1907140,12.9546400,0 80.1907139,12.9545259,0 80.1906452,12.9545029,0 80.1906451,12.9543432,0 80.1907824,12.9542981,0 80.1911259,12.9542995,0 80.1911259,12.9542767,0 80.1914693,12.9542781,0 80.1914693,12.9542553,0 80.1918127,12.9542567,0 80.1918127,12.9542339,0 80.1921562,12.9542353,0 80.1922935,12.9541675,0 80.1923621,12.9540537,0 80.1923621,12.9539396,0 80.1924078,12.9538486,0 80.1924077,12.9537345,0 80.1924535,12.9536435,0 80.1924534,12.9535294,0 80.1924763,12.9535295,0 80.1924762,12.9533926,0 80.1924991,12.9533927,0 80.1924990,12.9532786,0 80.1925219,12.9532787,0 80.1925219,12.9531419,0 80.1925448,12.9531420,0 80.1925447,12.9530279,0 80.1925676,12.9530280,0 80.1925675,12.9529139,0 80.1925904,12.9529140,0 80.1925898,12.9519331,0 80.1925670,12.9519330,0 80.1925664,12.9510205,0 80.1925435,12.9510204,0 80.1925434,12.9508607,0 80.1924518,12.9507463,0 80.1924060,12.9507233,0 80.1922457,12.9507226,0 80.1922457,12.9507454,0 80.1920168,12.9507445,0 80.1920168,12.9507673,0 80.1911696,12.9507638,0 80.1911696,12.9507410,0 80.1904140,12.9507379,0 80.1904140,12.9507150,0 80.1897042,12.9507121,0 80.1897042,12.9506893,0 80.1890173,12.9506865,0 80.1890173,12.9506636,0 80.1884449,12.9506613,0 80.1884449,12.9506385,0 80.1881244,12.9506371,0 80.1880556,12.9505912,0 80.1879641,12.9505909,0 80.1878953,12.9505450,0 80.1877580,12.9505444,0 80.1877350,12.9504987,0 80.1875519,12.9504751,0 80.1874831,12.9504292,0 80.1873000,12.9504056,0 80.1872312,12.9503597,0 80.1870481,12.9503361,0 80.1869793,12.9502902,0 80.1867962,12.9502667,0 80.1866588,12.9501977,0 80.1865443,12.9501972,0 80.1865213,12.9501515,0 80.1864756,12.9501741,0 80.1864526,12.9501284,0 80.1863611,12.9501280,0 80.1862923,12.9500821,0 80.1862008,12.9500817,0 80.1861320,12.9500358,0 80.1859947,12.9500352,0 80.1859489,12.9499894,0 80.1858344,12.9499889,0 80.1858343,12.9498749,0 80.1857198,12.9498516,0 80.1855824,12.9497826,0 80.1853305,12.9497359,0 80.1853076,12.9496902,0 80.1851702,12.9496440,0 80.1851473,12.9495983,0 80.1850557,12.9495751,0 80.1850327,12.9495294,0 80.1849641,12.9495291,0 80.1849871,12.9497117,0 80.1849184,12.9496886,0 80.1848039,12.9496881,0 80.1847809,12.9496424,0 80.1846894,12.9496420,0 80.1846206,12.9495961,0 80.1845291,12.9495957,0 80.1844603,12.9495498,0 80.1843459,12.9495494,0 80.1842543,12.9495034,0 80.1842771,12.9494350,0 80.1842770,12.9492297,0 80.1842541,12.9492296,0 80.1842082,12.9490697,0 80.1841395,12.9490238,0 80.1841394,12.9489326,0 80.1840936,12.9488868,0 80.1840477,12.9486128,0 80.1839560,12.9485440,0 80.1836813,12.9485429,0 80.1836813,12.9485657,0 80.1834752,12.9485648,0 80.1834753,12.9485876,0 80.1833608,12.9485872,0 80.1833149,12.9484957,0 80.1833149,12.9484045,0 80.1832461,12.9482673,0 80.1832232,12.9481760,0 80.1832229,12.9478110,0 80.1832458,12.9478111,0 80.1832457,12.9475145,0 80.1832686,12.9475146,0 80.1832684,12.9472180,0 80.1832913,12.9472181,0 80.1832911,12.9469216,0 80.1833140,12.9469217,0 80.1833139,12.9467392,0 80.1832910,12.9466478,0 80.1831764,12.9465561,0 80.1829475,12.9465552,0 80.1829474,12.9465323,0 80.1824666,12.9465304,0 80.1824666,12.9465075,0 80.1822834,12.9465068,0 80.1822835,12.9465296,0 80.1814821,12.9465263,0 80.1814592,12.9464806,0 80.1813676,12.9464346,0 80.1812989,12.9464343,0 80.1811614,12.9463197,0 80.1810927,12.9463194,0 80.1809553,12.9462047,0 80.1808866,12.9462045,0 80.1807492,12.9460898,0 80.1805889,12.9460892,0 80.1805889,12.9461120,0 80.1804515,12.9461114,0 80.1804515,12.9461342,0 80.1803142,12.9461337,0 80.1803142,12.9461565,0 80.1801997,12.9461560,0 80.1801997,12.9461788,0 80.1800623,12.9461782,0 80.1800623,12.9462011,0 80.1799250,12.9462005,0 80.1799250,12.9462233,0 80.1797876,12.9462227,0 80.1797876,12.9462455,0 80.1796502,12.9462450,0 80.1796503,12.9462678,0 80.1795129,12.9462672,0 80.1795129,12.9462900,0 80.1793755,12.9462895,0 80.1793755,12.9463123,0 80.1792382,12.9463117,0 80.1792382,12.9463345,0 80.1791237,12.9463341,0 80.1791237,12.9463569,0 80.1790092,12.9463564,0 80.1790092,12.9463792,0 80.1788947,12.9463787,0 80.1788948,12.9464015,0 80.1787803,12.9464011,0 80.1786887,12.9464463,0 80.1785742,12.9464458,0 80.1785743,12.9464687,0 80.1784598,12.9464682,0 80.1784598,12.9464910,0 80.1783453,12.9464905,0 80.1782995,12.9465360,0 80.1781393,12.9465353,0 80.1781393,12.9465581,0 80.1780248,12.9465576,0 80.1780248,12.9465805,0 80.1779103,12.9465800,0 80.1779103,12.9466028,0 80.1777959,12.9466023,0 80.1777043,12.9466248,0 80.1776128,12.9467156,0 80.1775670,12.9467154,0 80.1775212,12.9468065,0 80.1775213,12.9469206,0 80.1774984,12.9469205,0 80.1774985,12.9470802,0 80.1774756,12.9470801,0 80.1774757,12.9472169,0 80.1774528,12.9471940,0 80.1773383,12.9472392,0 80.1771780,12.9472385,0 80.1771552,12.9472612,0 80.1769949,12.9472606,0 80.1769262,12.9472147,0 80.1768346,12.9472143,0 80.1768117,12.9471686,0 80.1767659,12.9471912,0 80.1767430,12.9471455,0 80.1766056,12.9471221,0 80.1765598,12.9470763,0 80.1764682,12.9470759,0 80.1763995,12.9470300,0 80.1762850,12.9470067,0 80.1762391,12.9469609,0 80.1761247,12.9469604,0 80.1761017,12.9469147,0 80.1760560,12.9469373,0 80.1760330,12.9468916,0 80.1759644,12.9468913,0 80.1757582,12.9467992,0 80.1753919,12.9467977,0 80.1753003,12.9467745,0 80.1752087,12.9468198,0 80.1752087,12.9467513,0 80.1751171,12.9467281,0 80.1751400,12.9467967,0 80.1750027,12.9467961,0 80.1749798,12.9468416,0 80.1749111,12.9468413,0 80.1749111,12.9467729,0 80.1748195,12.9468182,0 80.1747966,12.9467724,0 80.1746821,12.9467720,0 80.1746364,12.9468402,0 80.1745905,12.9467716,0 80.1745218,12.9467713,0 80.1744990,12.9468168,0 80.1744532,12.9467938,0 80.1741555,12.9467926,0 80.1741555,12.9467698,0 80.1738349,12.9467685,0 80.1738349,12.9467456,0 80.1735373,12.9467444,0 80.1735373,12.9467216,0 80.1732396,12.9467204,0 80.1732396,12.9466976,0 80.1731251,12.9466971,0 80.1731022,12.9467198,0 80.1731022,12.9466057,0 80.1730563,12.9465371,0 80.1729876,12.9464912,0 80.1728503,12.9464906,0 80.1728502,12.9464678,0 80.1725297,12.9464665,0 80.1725297,12.9464437,0 80.1721862,12.9464423,0 80.1721862,12.9464195,0 80.1718657,12.9464181,0 80.1718657,12.9463953,0 80.1715451,12.9463940,0 80.1715451,12.9463712,0 80.1712017,12.9463698,0 80.1712017,12.9463470,0 80.1708811,12.9463456,0 80.1708811,12.9463228,0 80.1705377,12.9463214,0 80.1704917,12.9461159,0 80.1704001,12.9460471,0 80.1698277,12.9460447,0 80.1698277,12.9460675,0 80.1694843,12.9460661,0 80.1694843,12.9460889,0 80.1693240,12.9460883,0 80.1692782,12.9461109,0 80.1691867,12.9462246,0 80.1691409,12.9462244,0 80.1689578,12.9463377,0 80.1688662,12.9463373,0 80.1687289,12.9464052,0 80.1686373,12.9464048,0 80.1685687,12.9464501,0 80.1684771,12.9464498,0 80.1683397,12.9465176,0 80.1682482,12.9465173,0 80.1681108,12.9465851,0 80.1680192,12.9465848,0 80.1679506,12.9466301,0 80.1678590,12.9466297,0 80.1677217,12.9466976,0 80.1676301,12.9466972,0 80.1675614,12.9467426,0 80.1674698,12.9467422,0 80.1673325,12.9468100,0 80.1672409,12.9468097,0 80.1671036,12.9468775,0 80.1670120,12.9468772,0 80.1669433,12.9469225,0 80.1668517,12.9469221,0 80.1667144,12.9469900,0 80.1666228,12.9469896,0 80.1665542,12.9470350,0 80.1664626,12.9470574,0 80.1663481,12.9471254,0 80.1663253,12.9471709,0 80.1663253,12.9472849,0 80.1662339,12.9475583,0 80.1662340,12.9476724,0 80.1661654,12.9478546,0 80.1661655,12.9479687,0 80.1660969,12.9481509,0 80.1660970,12.9482649,0 80.1660284,12.9484471,0 80.1660284,12.9485612,0 80.1659370,12.9488346,0 80.1659371,12.9489486,0 80.1658685,12.9491309,0 80.1658686,12.9492449,0 80.1658000,12.9494271,0 80.1658000,12.9495412,0 80.1657315,12.9497234,0 80.1657316,12.9499287,0 80.1658232,12.9499975,0 80.1658232,12.9500432,0 80.1658920,12.9500891,0 80.1658920,12.9501347,0 80.1659836,12.9502035,0 80.1659836,12.9502491,0 80.1660753,12.9503180,0 80.1660753,12.9503636,0 80.1661669,12.9504324,0 80.1661669,12.9504780,0 80.1662356,12.9505239,0 80.1662357,12.9505696,0 80.1663044,12.9506155,0 80.1663273,12.9507068,0 80.1663275,12.9509577,0 80.1663504,12.9509578,0 80.1663506,12.9512772,0 80.1663735,12.9512773,0 80.1663737,12.9515967,0 80.1663965,12.9515968,0 80.1663967,12.9519162,0 80.1664196,12.9519163,0 80.1664198,12.9522356,0 80.1664427,12.9522357,0 80.1664429,12.9525551,0 80.1664658,12.9525552,0 80.1664659,12.9526693,0 80.1664430,12.9526692,0 80.1664430,12.9528060,0 80.1663057,12.9528967,0 80.1661912,12.9528962,0 80.1661913,12.9529191,0 80.1660768,12.9529186,0 80.1659852,12.9529638,0 80.1658707,12.9529634,0 80.1658708,12.9529862,0 80.1657563,12.9529857,0 80.1656647,12.9530309,0 80.1655502,12.9530305,0 80.1655502,12.9530533,0 80.1654358,12.9530528,0 80.1653442,12.9530981,0 80.1652297,12.9530976,0 80.1652297,12.9531204,0 80.1651153,12.9531199,0 80.1650237,12.9531652,0 80.1649092,12.9531647,0 80.1649092,12.9531875,0 80.1647948,12.9531870,0 80.1647032,12.9532323,0 80.1645887,12.9532318,0 80.1645887,12.9532546,0 80.1644742,12.9532541,0 80.1643827,12.9532994,0 80.1642682,12.9532989,0 80.1642682,12.9533217,0 80.1641537,12.9533213,0 80.1640622,12.9533665,0 80.1639477,12.9533660,0 80.1638561,12.9534113,0 80.1637417,12.9534108,0 80.1637417,12.9534336,0 80.1636272,12.9534331,0 80.1635356,12.9534784,0 80.1634212,12.9534779,0 80.1634212,12.9535007,0 80.1633067,12.9535003,0 80.1632151,12.9535455,0 80.1631007,12.9535450,0 80.1631007,12.9535678,0 80.1629862,12.9535674,0 80.1628946,12.9536126,0 80.1627801,12.9536122,0 80.1627802,12.9536350,0 80.1626657,12.9536345,0 80.1625741,12.9536797,0 80.1624596,12.9536793,0 80.1624597,12.9537021,0 80.1623452,12.9537016,0 80.1622536,12.9537468,0 80.1621391,12.9537464,0 80.1621392,12.9537692,0 80.1620247,12.9537687,0 80.1619331,12.9538140,0 80.1618186,12.9538135,0 80.1617271,12.9538587,0 80.1616126,12.9538583,0 80.1616126,12.9538811,0 80.1614981,12.9538806,0 80.1614066,12.9539259,0 80.1612921,12.9539254,0 80.1612921,12.9539482,0 80.1611776,12.9539477,0 80.1610861,12.9539930,0 80.1609716,12.9539925,0 80.1609716,12.9540153,0 80.1608571,12.9540148,0 80.1607656,12.9540601,0 80.1606511,12.9540596,0 80.1606511,12.9540824,0 80.1605366,12.9540819,0 80.1605366,12.9541048,0 80.1604221,12.9541043,0 80.1603306,12.9541495,0 80.1602161,12.9541491,0 80.1601245,12.9541943,0 80.1600101,12.9541938,0 80.1600101,12.9542166,0 80.1598956,12.9542162,0 80.1598956,12.9542390,0 80.1597582,12.9542384,0 80.1595751,12.9543061,0 80.1594377,12.9543055,0 80.1594377,12.9543283,0 80.1593004,12.9543278,0 80.1592088,12.9543502,0 80.1591401,12.9543956,0 80.1589799,12.9543949,0 80.1589799,12.9544177,0 80.1587967,12.9544626,0 80.1586594,12.9544620,0 80.1584762,12.9545297,0 80.1582473,12.9545287,0 80.1582014,12.9544145,0 80.1581785,12.9544144,0 80.1581784,12.9542091,0 80.1581555,12.9542090,0 80.1581554,12.9540265,0 80.1581325,12.9540264,0 80.1581324,12.9539123,0 80.1581095,12.9538210,0 80.1580407,12.9536838,0 80.1580407,12.9535926,0 80.1579948,12.9535239,0 80.1579718,12.9533414,0 80.1578801,12.9531357,0 80.1578801,12.9530672,0 80.1578343,12.9530214,0 80.1577883,12.9528159,0 80.1577425,12.9527701,0 80.1576966,12.9525646,0 80.1576508,12.9525188,0 80.1576507,12.9524503,0 80.1575362,12.9522674,0 80.1573072,12.9522664,0 80.1571241,12.9523341,0 80.1570096,12.9523336,0 80.1569180,12.9523789,0 80.1568036,12.9523784,0 80.1566204,12.9524461,0 80.1564602,12.9524454,0 80.1564601,12.9523998,0 80.1563914,12.9523539,0 80.1563455,12.9521484,0 80.1562997,12.9521026,0 80.1562538,12.9518971,0 80.1562079,12.9518513,0 80.1561620,12.9516458,0 80.1561162,12.9515999,0 80.1560703,12.9513944,0 80.1560245,12.9513486,0 80.1559786,12.9511431,0 80.1559328,12.9510973,0 80.1558868,12.9508918,0 80.1558410,12.9508460,0 80.1558180,12.9507090,0 80.1557722,12.9506632,0 80.1557034,12.9503892,0 80.1556576,12.9503434,0 80.1556346,12.9502064,0 80.1555888,12.9501606,0 80.1555429,12.9499551,0 80.1554970,12.9499093,0 80.1554511,12.9497038,0 80.1554053,12.9496580,0 80.1553594,12.9494525,0 80.1553136,12.9494066,0 80.1552677,12.9492011,0 80.1552218,12.9491097,0 80.1551531,12.9490410,0 80.1550386,12.9490405,0 80.1550386,12.9490177,0 80.1547180,12.9490164,0 80.1547180,12.9489936,0 80.1542830,12.9489918,0 80.1541456,12.9488771,0 80.1539853,12.9488765,0 80.1539853,12.9488993,0 80.1538708,12.9489444,0 80.1538479,12.9488987,0 80.1537334,12.9488982,0 80.1536419,12.9489207,0 80.1535732,12.9489888,0 80.1535275,12.9490799,0 80.1534130,12.9490794,0 80.1534130,12.9491022,0 80.1532298,12.9491015,0 80.1532299,12.9491243,0 80.1530695,12.9490324,0 80.1530237,12.9488953,0 80.1529091,12.9488264,0 80.1522681,12.9488238,0 80.1522681,12.9488466,0 80.1521307,12.9488460,0 80.1521307,12.9488688,0 80.1519704,12.9488682,0 80.1518789,12.9489134,0 80.1515812,12.9489122,0 80.1515812,12.9489350,0 80.1513981,12.9489342,0 80.1513751,12.9488885,0 80.1510546,12.9488872,0 80.1508715,12.9490461,0 80.1508487,12.9491145,0 80.1507571,12.9491141,0 80.1505740,12.9491818,0 80.1504595,12.9491813,0 80.1503679,12.9492037,0 80.1502993,12.9492719,0 80.1502306,12.9492944,0 80.1500932,12.9492938,0 80.1500016,12.9493391,0 80.1497498,12.9493380,0 80.1497498,12.9493609,0 80.1496353,12.9493604,0 80.1495438,12.9494056,0 80.1494293,12.9494052,0 80.1494293,12.9494280,0 80.1489485,12.9495400,0 80.1489028,12.9495855,0 80.1486967,12.9496303,0 80.1485823,12.9496982,0 80.1484678,12.9496977,0 80.1484678,12.9497206,0 80.1483076,12.9497199,0 80.1483076,12.9497427,0 80.1479870,12.9497414,0 80.1478955,12.9497638,0 80.1478497,12.9498777,0 80.1478498,12.9499918,0 80.1478727,12.9499918,0 80.1478728,12.9502428,0 80.1478957,12.9502429,0 80.1478959,12.9504710,0 80.1479188,12.9504711,0 80.1479189,12.9507677,0 80.1477816,12.9508812,0 80.1477129,12.9508809,0 80.1476672,12.9509263,0 80.1475985,12.9509260,0 80.1475527,12.9509715,0 80.1474840,12.9509712,0 80.1474383,12.9510166,0 80.1473696,12.9510163,0 80.1473238,12.9510618,0 80.1472551,12.9510615,0 80.1472094,12.9511069,0 80.1470720,12.9511292,0 80.1470491,12.9511747,0 80.1469804,12.9511744,0 80.1469118,12.9512426,0 80.1468202,12.9512650,0 80.1467058,12.9514014,0 80.1466142,12.9514238,0 80.1463624,12.9514228,0 80.1462709,12.9515137,0 80.1461563,12.9514676,0 80.1460188,12.9512389,0 80.1459959,12.9511703,0 80.1459272,12.9511472,0 80.1459043,12.9510787,0 80.1459042,12.9508962,0 80.1457896,12.9508045,0 80.1457438,12.9507359,0 80.1454228,12.9500502,0 80.1453541,12.9499358,0 80.1453540,12.9498674,0 80.1452853,12.9497530,0 80.1452852,12.9496162,0 80.1455599,12.9494576,0 80.1456286,12.9494579,0 80.1456743,12.9494125,0 80.1457430,12.9494127,0 80.1458346,12.9493447,0 80.1459032,12.9493450,0 80.1459948,12.9492769,0 80.1460635,12.9492772,0 80.1461550,12.9492091,0 80.1462237,12.9492094,0 80.1463153,12.9491414,0 80.1463611,12.9491415,0 80.1464068,12.9490733,0 80.1464526,12.9490735,0 80.1464525,12.9489138,0 80.1464296,12.9488225,0 80.1463608,12.9487309,0 80.1463608,12.9486625,0 80.1462920,12.9485710,0 80.1462920,12.9485025,0 80.1462232,12.9484110,0 80.1462232,12.9483425,0 80.1461545,12.9482510,0 80.1461544,12.9481826,0 80.1460857,12.9480682,0 80.1460627,12.9479769,0 80.1460627,12.9478628,0 80.1460398,12.9478627,0 80.1460397,12.9477487,0 80.1459938,12.9476572,0 80.1459938,12.9475432,0 80.1459709,12.9475431,0 80.1459708,12.9474290,0 80.1459479,12.9474289,0 80.1459479,12.9473148,0 80.1459250,12.9473148,0 80.1459249,12.9472007,0 80.1459020,12.9472006,0 80.1459019,12.9470865,0 80.1458790,12.9470864,0 80.1458790,12.9469724,0 80.1458561,12.9469723,0 80.1458560,12.9468582,0 80.1458331,12.9468581,0 80.1458330,12.9467441,0 80.1457872,12.9466526,0 80.1457871,12.9465614,0 80.1457184,12.9464470,0 80.1456726,12.9464240,0 80.1450773,12.9464216,0 80.1450773,12.9464444,0 80.1444820,12.9464419,0 80.1444820,12.9464647,0 80.1439096,12.9464624,0 80.1439096,12.9464852,0 80.1437036,12.9464843,0 80.1437036,12.9465071,0 80.1435891,12.9465067,0 80.1435891,12.9465295,0 80.1434289,12.9465973,0 80.1434518,12.9466886,0 80.1437498,12.9472373,0 80.1437727,12.9473287,0 80.1437728,12.9474656,0 80.1437499,12.9474655,0 80.1437500,12.9475795,0 80.1436584,12.9476248,0 80.1436127,12.9476930,0 80.1435440,12.9477384,0 80.1434524,12.9477608,0 80.1433609,12.9478517,0 80.1432693,12.9478741,0 80.1432007,12.9479422,0 80.1430633,12.9479645,0 80.1429947,12.9480326,0 80.1429489,12.9480325,0 80.1428345,12.9481689,0 80.1427887,12.9481687,0 80.1426972,12.9482595,0 80.1426056,12.9482820,0 80.1425827,12.9483275,0 80.1424912,12.9483499,0 80.1423310,12.9485318,0 80.1422394,12.9485770,0 80.1421707,12.9485767,0 80.1421479,12.9486223,0 80.1420105,12.9486673,0 80.1419877,12.9487129,0 80.1418732,12.9487352,0 80.1418503,12.9487807,0 80.1417587,12.9488032,0 80.1416672,12.9488940,0 80.1415756,12.9489165,0 80.1414841,12.9490073,0 80.1413925,12.9490298,0 80.1413697,12.9490753,0 80.1412781,12.9490977,0 80.1411866,12.9491886,0 80.1410950,12.9492110,0 80.1410721,12.9492566,0 80.1409806,12.9492790,0 80.1408890,12.9493699,0 80.1407975,12.9493923,0 80.1407746,12.9494378,0 80.1406830,12.9494603,0 80.1406601,12.9495058,0 80.1405686,12.9495282,0 80.1405457,12.9495738,0 80.1404541,12.9495962,0 80.1404313,12.9496417,0 80.1403397,12.9496642,0 80.1402482,12.9497550,0 80.1401566,12.9497775,0 80.1401337,12.9498230,0 80.1399277,12.9498906,0 80.1397903,12.9497988,0 80.1397902,12.9497532,0 80.1397215,12.9497072,0</coordinates></LinearRing></outerBoundaryIs></Polygon></MultiGeometry></Placemark>
<Placemark><name>SEMBAKKAM</name><ExtendedData><SchemaData schemaUrl="#tambaram_zones"><SimpleData name="Region">TAMBARAM</SimpleData><SimpleData name="ZONE">III</SimpleData><SimpleData name="ZONE_NAME">SEMBAKKAM</SimpleData></SchemaData></ExtendedData><MultiGeometry><Polygon><outerBoundaryIs><LinearRing><coordinates>80.1477220,12.9271788,0 80.1476533,12.9271785,0 80.1474244,12.9273145,0 80.1473557,12.9273142,0 80.1472413,12.9273822,0 80.1470581,12.9274042,0 80.1470124,12.9274725,0 80.1469666,12.9274723,0 80.1468750,12.9275403,0 80.1468063,12.9275400,0 80.1467606,12.9275855,0 80.1465545,12.9276303,0 80.1464859,12.9276984,0 80.1464859,12.9277440,0 80.1464173,12.9278350,0 80.1463257,12.9278802,0 80.1461883,12.9278797,0 80.1461884,12.9279025,0 80.1460739,12.9279020,0 80.1460739,12.9279248,0 80.1459594,12.9279244,0 80.1459594,12.9279472,0 80.1458449,12.9279467,0 80.1458450,12.9279695,0 80.1457305,12.9279690,0 80.1457305,12.9279918,0 80.1456160,12.9279914,0 80.1456160,12.9280142,0 80.1455015,12.9279909,0 80.1454557,12.9279223,0 80.1452725,12.9278531,0 80.1451122,12.9278524,0 80.1451122,12.9278296,0 80.1449748,12.9278290,0 80.1449748,12.9278062,0 80.1448145,12.9278056,0 80.1448145,12.9277828,0 80.1446542,12.9277821,0 80.1446542,12.9277593,0 80.1445169,12.9277587,0 80.1445168,12.9277359,0 80.1443795,12.9277353,0 80.1443795,12.9277125,0 80.1442192,12.9277119,0 80.1442192,12.9276890,0 80.1440818,12.9276885,0 80.1440818,12.9276657,0 80.1439215,12.9276650,0 80.1439215,12.9276422,0 80.1437612,12.9276415,0 80.1437612,12.9276187,0 80.1436009,12.9276181,0 80.1436009,12.9275952,0 80.1434406,12.9275946,0 80.1433490,12.9275258,0 80.1432574,12.9273885,0 80.1431429,12.9273880,0 80.1431429,12.9273652,0 80.1428452,12.9273640,0 80.1427765,12.9273181,0 80.1425933,12.9272945,0 80.1425246,12.9272486,0 80.1422956,12.9272020,0 80.1421582,12.9270874,0 80.1420666,12.9270642,0 80.1420437,12.9270185,0 80.1415628,12.9270165,0 80.1415628,12.9270393,0 80.1414026,12.9270387,0 80.1411278,12.9269235,0 80.1410362,12.9269231,0 80.1409446,12.9268771,0 80.1408301,12.9268766,0 80.1408072,12.9268537,0 80.1406240,12.9268529,0 80.1406240,12.9268301,0 80.1404179,12.9268293,0 80.1403263,12.9267377,0 80.1400057,12.9267363,0 80.1398226,12.9268040,0 80.1397997,12.9268495,0 80.1397082,12.9268720,0 80.1396853,12.9269175,0 80.1393648,12.9269162,0 80.1393648,12.9269390,0 80.1389755,12.9269374,0 80.1389068,12.9268687,0 80.1388152,12.9268911,0 80.1386321,12.9268903,0 80.1385863,12.9269358,0 80.1384260,12.9269351,0 80.1384260,12.9269579,0 80.1382886,12.9269346,0 80.1382199,12.9268658,0 80.1381054,12.9268654,0 80.1381055,12.9268882,0 80.1378994,12.9269558,0 80.1378079,12.9271151,0 80.1378080,12.9272519,0 80.1377623,12.9273430,0 80.1376707,12.9274111,0 80.1375104,12.9273648,0 80.1373960,12.9273643,0 80.1373044,12.9274095,0 80.1369382,12.9276818,0 80.1367551,12.9277038,0 80.1366864,12.9277492,0 80.1365948,12.9277488,0 80.1365262,12.9277941,0 80.1364346,12.9277938,0 80.1363659,12.9278391,0 80.1362743,12.9278387,0 80.1362057,12.9278841,0 80.1361141,12.9278837,0 80.1360225,12.9279518,0 80.1359538,12.9279515,0 80.1356792,12.9281100,0 80.1356105,12.9281097,0 80.1354274,12.9282230,0 80.1353129,12.9282454,0 80.1352901,12.9283137,0 80.1351757,12.9284958,0 80.1351762,12.9292942,0 80.1351533,12.9292941,0 80.1351534,12.9295907,0 80.1350848,12.9297044,0 80.1350849,12.9298185,0 80.1351537,12.9299557,0 80.1351080,12.9301608,0 80.1350851,12.9302519,0 80.1350854,12.9306169,0 80.1350625,12.9306168,0 80.1350625,12.9307537,0 80.1350397,12.9308221,0 80.1349939,12.9308447,0 80.1349482,12.9309586,0 80.1348795,12.9310039,0 80.1348338,12.9311178,0 80.1347651,12.9311631,0 80.1346279,12.9314135,0 80.1345592,12.9314588,0 80.1345135,12.9315727,0 80.1344448,12.9316180,0 80.1343534,12.9318002,0 80.1342847,12.9318455,0 80.1342390,12.9319594,0 80.1341703,12.9320047,0 80.1341703,12.9320503,0 80.1340788,12.9321412,0 80.1340560,12.9322324,0 80.1339644,12.9323232,0 80.1339416,12.9324144,0 80.1338958,12.9324826,0 80.1338043,12.9325507,0 80.1337814,12.9325962,0 80.1334153,12.9329825,0 80.1333695,12.9329823,0 80.1332780,12.9330732,0 80.1331864,12.9330956,0 80.1331178,12.9331638,0 80.1329804,12.9331860,0 80.1329118,12.9332542,0 80.1328660,12.9332540,0 80.1327973,12.9333450,0 80.1325456,12.9334808,0 80.1325227,12.9335948,0 80.1324541,12.9336401,0 80.1322709,12.9337078,0 80.1322252,12.9337760,0 80.1321336,12.9337985,0 80.1320421,12.9338893,0 80.1318361,12.9339569,0 80.1311951,12.9340912,0 80.1311264,12.9341365,0 80.1309432,12.9341586,0 80.1308516,12.9340897,0 80.1307829,12.9340666,0 80.1306455,12.9340661,0 80.1306455,12.9340889,0 80.1304166,12.9340879,0 80.1304166,12.9341108,0 80.1301876,12.9341098,0 80.1301876,12.9341326,0 80.1299587,12.9341317,0 80.1299587,12.9341545,0 80.1297297,12.9341535,0 80.1297298,12.9341764,0 80.1295008,12.9341754,0 80.1295008,12.9341982,0 80.1293634,12.9341977,0 80.1293405,12.9342204,0 80.1292032,12.9342426,0 80.1291574,12.9342881,0 80.1292033,12.9344936,0 80.1295700,12.9350654,0 80.1296387,12.9351113,0 80.1299596,12.9356373,0 80.1300283,12.9356832,0 80.1303491,12.9362092,0 80.1304179,12.9362551,0 80.1307387,12.9367811,0 80.1308074,12.9368271,0 80.1308533,12.9369413,0 80.1308991,12.9369643,0 80.1308992,12.9371240,0 80.1308763,12.9372151,0 80.1309451,12.9372839,0 80.1309680,12.9373752,0 80.1311055,12.9375355,0 80.1311284,12.9376268,0 80.1312659,12.9377871,0 80.1312889,12.9378784,0 80.1314034,12.9379701,0 80.1314950,12.9380161,0 80.1316324,12.9380395,0 80.1319074,12.9384969,0 80.1319761,12.9385428,0 80.1322970,12.9390688,0 80.1323657,12.9391147,0 80.1326865,12.9396407,0 80.1327553,12.9396866,0 80.1330761,12.9402127,0 80.1331448,12.9402586,0 80.1332365,12.9404414,0 80.1333052,12.9404874,0 80.1333282,12.9405787,0 80.1334198,12.9406703,0 80.1334198,12.9407159,0 80.1334886,12.9407619,0 80.1334886,12.9408075,0 80.1335573,12.9408534,0 80.1335803,12.9409447,0 80.1338094,12.9412422,0 80.1338094,12.9412879,0 80.1338781,12.9413338,0 80.1342448,12.9419284,0 80.1343135,12.9419743,0 80.1346344,12.9425003,0 80.1347031,12.9425462,0 80.1348406,12.9427977,0 80.1349322,12.9427981,0 80.1350238,12.9428441,0 80.1351842,12.9431185,0 80.1352072,12.9432099,0 80.1352073,12.9433924,0 80.1352302,12.9433925,0 80.1353218,12.9434613,0 80.1353219,12.9435069,0 80.1353906,12.9435528,0 80.1353906,12.9435984,0 80.1354593,12.9436444,0 80.1355052,12.9437586,0 80.1355739,12.9438045,0 80.1356656,12.9439874,0 80.1357343,12.9440333,0 80.1357801,12.9441476,0 80.1358489,12.9441935,0 80.1359406,12.9443763,0 80.1360093,12.9444223,0 80.1360551,12.9445365,0 80.1361238,12.9445824,0 80.1361697,12.9446967,0 80.1362384,12.9447426,0 80.1363301,12.9449254,0 80.1363988,12.9449714,0 80.1364447,12.9450856,0 80.1365134,12.9451315,0 80.1366051,12.9453144,0 80.1366738,12.9453603,0 80.1367197,12.9454746,0 80.1367884,12.9455205,0 80.1368342,12.9456347,0 80.1369030,12.9456806,0 80.1369946,12.9458635,0 80.1370634,12.9459094,0 80.1371092,12.9460237,0 80.1371779,12.9460696,0 80.1372696,12.9462524,0 80.1373383,12.9462984,0 80.1373842,12.9464126,0 80.1374529,12.9464585,0 80.1375446,12.9466414,0 80.1376133,12.9466873,0 80.1376592,12.9468016,0 80.1377279,12.9468475,0 80.1377738,12.9469617,0 80.1378425,12.9470076,0 80.1378883,12.9471219,0 80.1379570,12.9471678,0 80.1380487,12.9473507,0 80.1381174,12.9473966,0 80.1381633,12.9475108,0 80.1382320,12.9475567,0 80.1383237,12.9477396,0 80.1383924,12.9477855,0 80.1384383,12.9478998,0 80.1385070,12.9479457,0 80.1385987,12.9481286,0 80.1386674,12.9481745,0 80.1387133,12.9482887,0 80.1387820,12.9483346,0 80.1388737,12.9485175,0 80.1389424,12.9485634,0 80.1389882,12.9486777,0 80.1390570,12.9487236,0 80.1391028,12.9488378,0 80.1391715,12.9488837,0 80.1392632,12.9490666,0 80.1393319,12.9491125,0 80.1393778,12.9492268,0 80.1394465,12.9492727,0 80.1395382,12.9494556,0 80.1396069,12.9495015,0 80.1396528,12.9496157,0 80.1397215,12.9496616,0 80.1397215,12.9497072,0 80.1397902,12.9497532,0 80.1397903,12.9497988,0 80.1399277,12.9498906,0 80.1401337,12.9498230,0 80.1401566,12.9497775,0 80.1402482,12.9497550,0 80.1403397,12.9496642,0 80.1404313,12.9496417,0 80.1404541,12.9495962,0 80.1405457,12.9495738,0 80.1405686,12.9495282,0 80.1406601,12.9495058,0 80.1406830,12.9494603,0 80.1407746,12.9494378,0 80.1407975,12.9493923,0 80.1408890,12.9493699,0 80.1409806,12.9492790,0 80.1410721,12.9492566,0 80.1410950,12.9492110,0 80.1411866,12.9491886,0 80.1412781,12.9490977,0 80.1413697,12.9490753,0 80.1413925,12.9490298,0 80.1414841,12.9490073,0 80.1415756,12.9489165,0 80.1416672,12.9488940,0 80.1417587,12.9488032,0 80.1418503,12.9487807,0 80.1418732,12.9487352,0 80.1419877,12.9487129,0 80.1420105,12.9486673,0 80.1421479,12.9486223,0 80.1421707,12.9485767,0 80.1422394,12.9485770,0 80.1423310,12.9485318,0 80.1424912,12.9483499,0 80.1425827,12.9483275,0 80.1426056,12.9482820,0 80.1426972,12.9482595,0 80.1427887,12.9481687,0 80.1428345,12.9481689,0 80.1429489,12.9480325,0 80.1429947,12.9480326,0 80.1430633,12.9479645,0 80.1432007,12.9479422,0 80.1432693,12.9478741,0 80.1433609,12.9478517,0 80.1434524,12.9477608,0 80.1435440,12.9477384,0 80.1436127,12.9476930,0 80.1436584,12.9476248,0 80.1437500,12.9475795,0 80.1437499,12.9474655,0 80.1437728,12.9474656,0 80.1437727,12.9473287,0 80.1437498,12.9472373,0 80.1434518,12.9466886,0 80.1434289,12.9465973,0 80.1435891,12.9465295,0 80.1435891,12.9465067,0 80.1437036,12.9465071,0 80.1437036,12.9464843,0 80.1439096,12.9464852,0 80.1439096,12.9464624,0 80.1444820,12.9464647,0 80.1444820,12.9464419,0 80.1450773,12.9464444,0 80.1450773,12.9464216,0 80.1456726,12.9464240,0 80.1457184,12.9464470,0 80.1457871,12.9465614,0 80.1457872,12.9466526,0 80.1458330,12.9467441,0 80.1458331,12.9468581,0 80.1458560,12.9468582,0 80.1458561,12.9469723,0 80.1458790,12.9469724,0 80.1458790,12.9470864,0 80.1459019,12.9470865,0 80.1459020,12.9472006,0 80.1459249,12.9472007,0 80.1459250,12.9473148,0 80.1459479,12.9473148,0 80.1459479,12.9474289,0 80.1459708,12.9474290,0 80.1459709,12.9475431,0 80.1459938,12.9475432,0 80.1459938,12.9476572,0 80.1460397,12.9477487,0 80.1460398,12.9478627,0 80.1460627,12.9478628,0 80.1460627,12.9479769,0 80.1460857,12.9480682,0 80.1461544,12.9481826,0 80.1461545,12.9482510,0 80.1462232,12.9483425,0 80.1462232,12.9484110,0 80.1462920,12.9485025,0 80.1462920,12.9485710,0 80.1463608,12.9486625,0 80.1463608,12.9487309,0 80.1464296,12.9488225,0 80.1464525,12.9489138,0 80.1464526,12.9490735,0 80.1464068,12.9490733,0 80.1463611,12.9491415,0 80.1463153,12.9491414,0 80.1462237,12.9492094,0 80.1461550,12.9492091,0 80.1460635,12.9492772,0 80.1459948,12.9492769,0 80.1459032,12.9493450,0 80.1458346,12.9493447,0 80.1457430,12.9494127,0 80.1456743,12.9494125,0 80.1456286,12.9494579,0 80.1455599,12.9494576,0 80.1452852,12.9496162,0 80.1452853,12.9497530,0 80.1453540,12.9498674,0 80.1453541,12.9499358,0 80.1454228,12.9500502,0 80.1457438,12.9507359,0 80.1457896,12.9508045,0 80.1459042,12.9508962,0 80.1459043,12.9510787,0 80.1459272,12.9511472,0 80.1459959,12.9511703,0 80.1460188,12.9512389,0 80.1461563,12.9514676,0 80.1462709,12.9515137,0 80.1463624,12.9514228,0 80.1466142,12.9514238,0 80.1467058,12.9514014,0 80.1468202,12.9512650,0 80.1469118,12.9512426,0 80.1469804,12.9511744,0 80.1470491,12.9511747,0 80.1470720,12.9511292,0 80.1472094,12.9511069,0 80.1472551,12.9510615,0 80.1473238,12.9510618,0 80.1473696,12.9510163,0 80.1474383,12.9510166,0 80.1474840,12.9509712,0 80.1475527,12.9509715,0 80.1475985,12.9509260,0 80.1476672,12.9509263,0 80.1477129,12.9508809,0 80.1477816,12.9508812,0 80.1479189,12.9507677,0 80.1479188,12.9504711,0 80.1478959,12.9504710,0 80.1478957,12.9502429,0 80.1478728,12.9502428,0 80.1478727,12.9499918,0 80.1478498,12.9499918,0 80.1478497,12.9498777,0 80.1478955,12.9497638,0 80.1479870,12.9497414,0 80.1483076,12.9497427,0 80.1483076,12.9497199,0 80.1484678,12.9497206,0 80.1484678,12.9496977,0 80.1485823,12.9496982,0 80.1486967,12.9496303,0 80.1489028,12.9495855,0 80.1489485,12.9495400,0 80.1494293,12.9494280,0 80.1494293,12.9494052,0 80.1495438,12.9494056,0 80.1496353,12.9493604,0 80.1497498,12.9493609,0 80.1497498,12.9493380,0 80.1500016,12.9493391,0 80.1500932,12.9492938,0 80.1502306,12.9492944,0 80.1502993,12.9492719,0 80.1503679,12.9492037,0 80.1504595,12.9491813,0 80.1505740,12.9491818,0 80.1507571,12.9491141,0 80.1508487,12.9491145,0 80.1508715,12.9490461,0 80.1510546,12.9488872,0 80.1513751,12.9488885,0 80.1513981,12.9489342,0 80.1515812,12.9489350,0 80.1515812,12.9489122,0 80.1518789,12.9489134,0 80.1519704,12.9488682,0 80.1521307,12.9488688,0 80.1521307,12.9488460,0 80.1522681,12.9488466,0 80.1522681,12.9488238,0 80.1529091,12.9488264,0 80.1530237,12.9488953,0 80.1530695,12.9490324,0 80.1532299,12.9491243,0 80.1532298,12.9491015,0 80.1534130,12.9491022,0 80.1534130,12.9490794,0 80.1535275,12.9490799,0 80.1535732,12.9489888,0 80.1536419,12.9489207,0 80.1537334,12.9488982,0 80.1538479,12.9488987,0 80.1538708,12.9489444,0 80.1539853,12.9488993,0 80.1539853,12.9488765,0 80.1541456,12.9488771,0 80.1542830,12.9489918,0 80.1547180,12.9489936,0 80.1547180,12.9490164,0 80.1550386,12.9490177,0 80.1550386,12.9490405,0 80.1551531,12.9490410,0 80.1552218,12.9491097,0 80.1552677,12.9492011,0 80.1553136,12.9494066,0 80.1553594,12.9494525,0 80.1554053,12.9496580,0 80.1554511,12.9497038,0 80.1554970,12.9499093,0 80.1555429,12.9499551,0 80.1555888,12.9501606,0 80.1556346,12.9502064,0 80.1556576,12.9503434,0 80.1557034,12.9503892,0 80.1557722,12.9506632,0 80.1558180,12.9507090,0 80.1558410,12.9508460,0 80.1558868,12.9508918,0 80.1559328,12.9510973,0 80.1559786,12.9511431,0 80.1560245,12.9513486,0 80.1560703,12.9513944,0 80.1561162,12.9515999,0 80.1561620,12.9516458,0 80.1562079,12.9518513,0 80.1562538,12.9518971,0 80.1562997,12.9521026,0 80.1563455,12.9521484,0 80.1563914,12.9523539,0 80.1564601,12.9523998,0 80.1564602,12.9524454,0 80.1566204,12.9524461,0 80.1568036,12.9523784,0 80.1569180,12.9523789,0 80.1570096,12.9523336,0 80.1571241,12.9523341,0 80.1573072,12.9522664,0 80.1575362,12.9522674,0 80.1576507,12.9524503,0 80.1576508,12.9525188,0 80.1576966,12.9525646,0 80.1577425,12.9527701,0 80.1577883,12.9528159,0 80.1578343,12.9530214,0 80.1578801,12.9530672,0 80.1578801,12.9531357,0 80.1579718,12.9533414,0 80.1579948,12.9535239,0 80.1580407,12.9535926,0 80.1580407,12.9536838,0 80.1581095,12.9538210,0 80.1581324,12.9539123,0 80.1581325,12.9540264,0 80.1581554,12.9540265,0 80.1581555,12.9542090,0 80.1581784,12.9542091,0 80.1581785,12.9544144,0 80.1582014,12.9544145,0 80.1582473,12.9545287,0 80.1584762,12.9545297,0 80.1586594,12.9544620,0 80.1587967,12.9544626,0 80.1589799,12.9544177,0 80.1589799,12.9543949,0 80.1591401,12.9543956,0 80.1592088,12.9543502,0 80.1593004,12.9543278,0 80.1594377,12.9543283,0 80.1594377,12.9543055,0 80.1595751,12.9543061,0 80.1597582,12.9542384,0 80.1598956,12.9542390,0 80.1598956,12.9542162,0 80.1600101,12.9542166,0 80.1600101,12.9541938,0 80.1601245,12.9541943,0 80.1602161,12.9541491,0 80.1603306,12.9541495,0 80.1604221,12.9541043,0 80.1605366,12.9541048,0 80.1605366,12.9540819,0 80.1606511,12.9540824,0 80.1606511,12.9540596,0 80.1607656,12.9540601,0 80.1608571,12.9540148,0 80.1609716,12.9540153,0 80.1609716,12.9539925,0 80.1610861,12.9539930,0 80.1611776,12.9539477,0 80.1612921,12.9539482,0 80.1612921,12.9539254,0 80.1614066,12.9539259,0 80.1614981,12.9538806,0 80.1616126,12.9538811,0 80.1616126,12.9538583,0 80.1617271,12.9538587,0 80.1618186,12.9538135,0 80.1619331,12.9538140,0 80.1620247,12.9537687,0 80.1621392,12.9537692,0 80.1621391,12.9537464,0 80.1622536,12.9537468,0 80.1623452,12.9537016,0 80.1624597,12.9537021,0 80.1624596,12.9536793,0 80.1625741,12.9536797,0 80.1626657,12.9536345,0 80.1627802,12.9536350,0 80.1627801,12.9536122,0 80.1628946,12.9536126,0 80.1629862,12.9535674,0 80.1631007,12.9535678,0 80.1631007,12.9535450,0 80.1632151,12.9535455,0 80.1633067,12.9535003,0 80.1634212,12.9535007,0 80.1634212,12.9534779,0 80.1635356,12.9534784,0 80.1636272,12.9534331,0 80.1637417,12.9534336,0 80.1637417,12.9534108,0 80.1638561,12.9534113,0 80.1639477,12.9533660,0 80.1640622,12.9533665,0 80.1641537,12.9533213,0 80.1642682,12.9533217,0 80.1642682,12.9532989,0 80.1643827,12.9532994,0 80.1644742,12.9532541,0 80.1645887,12.9532546,0 80.1645887,12.9532318,0 80.1647032,12.9532323,0 80.1647948,12.9531870,0 80.1649092,12.9531875,0 80.1649092,12.9531647,0 80.1650237,12.9531652,0 80.1651153,12.9531199,0 80.1652297,12.9531204,0 80.1652297,12.9530976,0 80.1653442,12.9530981,0 80.1654358,12.9530528,0 80.1655502,12.9530533,0 80.1655502,12.9530305,0 80.1656647,12.9530309,0 80.1657563,12.9529857,0 80.1658708,12.9529862,0 80.1658707,12.9529634,0 80.1659852,12.9529638,0 80.1660768,12.9529186,0 80.1661913,12.9529191,0 80.1661912,12.9528962,0 80.1663057,12.9528967,0 80.1664430,12.9528060,0 80.1664430,12.9526692,0 80.1664659,12.9526693,0 80.1664658,12.9525552,0 80.1664429,12.9525551,0 80.1664427,12.9522357,0 80.1664198,12.9522356,0 80.1664196,12.9519163,0 80.1663967,12.9519162,0 80.1663965,12.9515968,0 80.1663737,12.9515967,0 80.1663735,12.9512773,0 80.1663506,12.9512772,0 80.1663504,12.9509578,0 80.1663275,12.9509577,0 80.1663273,12.9507068,0 80.1663044,12.9506155,0 80.1662357,12.9505696,0 80.1662356,12.9505239,0 80.1661669,12.9504780,0 80.1661669,12.9504324,0 80.1660753,12.9503636,0 80.1660753,12.9503180,0 80.1659836,12.9502491,0 80.1659836,12.9502035,0 80.1658920,12.9501347,0 80.1658920,12.9500891,0 80.1658232,12.9500432,0 80.1658232,12.9499975,0 80.1657316,12.9499287,0 80.1657315,12.9497234,0 80.1658000,12.9495412,0 80.1658000,12.9494271,0 80.1658686,12.9492449,0 80.1658685,12.9491309,0 80.1659371,12.9489486,0 80.1659370,12.9488346,0 80.1660284,12.9485612,0 80.1660284,12.9484471,0 80.1660970,12.9482649,0 80.1660969,12.9481509,0 80.1661655,12.9479687,0 80.1661654,12.9478546,0 80.1662340,12.9476724,0 80.1662339,12.9475583,0 80.1663253,12.9472849,0 80.1663253,12.9471709,0 80.1663481,12.9471254,0 80.1664626,12.9470574,0 80.1665542,12.9470350,0 80.1666228,12.9469896,0 80.1667144,12.9469900,0 80.1668517,12.9469221,0 80.1669433,12.9469225,0 80.1670120,12.9468772,0 80.1671036,12.9468775,0 80.1672409,12.9468097,0 80.1673325,12.9468100,0 80.1674698,12.9467422,0 80.1675614,12.9467426,0 80.1676301,12.9466972,0 80.1677217,12.9466976,0 80.1678590,12.9466297,0 80.1679506,12.9466301,0 80.1680192,12.9465848,0 80.1681108,12.9465851,0 80.1682482,12.9465173,0 80.1683397,12.9465176,0 80.1684771,12.9464498,0 80.1685687,12.9464501,0 80.1686373,12.9464048,0 80.1687289,12.9464052,0 80.1688662,12.9463373,0 80.1689578,12.9463377,0 80.1691409,12.9462244,0 80.1691867,12.9462246,0 80.1692782,12.9461109,0 80.1693240,12.9460883,0 80.1693469,12.9460656,0 80.1693240,12.9459742,0 80.1693238,12.9457461,0 80.1693009,12.9457460,0 80.1693008,12.9455863,0 80.1692779,12.9455862,0 80.1692778,12.9453809,0 80.1692320,12.9453579,0 80.1692320,12.9452666,0 80.1691862,12.9452436,0 80.1691861,12.9451524,0 80.1691403,12.9451294,0 80.1690715,12.9448782,0 80.1691630,12.9448557,0 80.1691401,12.9447872,0 80.1690943,12.9447642,0 80.1690485,12.9448096,0 80.1690027,12.9447410,0 80.1690026,12.9445129,0 80.1689110,12.9445125,0 80.1689109,12.9444441,0 80.1688651,12.9443983,0 80.1688651,12.9443298,0 80.1687276,12.9442152,0 80.1684758,12.9442142,0 80.1684071,12.9441682,0 80.1683611,12.9439399,0 80.1682465,12.9437570,0 80.1681092,12.9437336,0 80.1680633,12.9436878,0 80.1679259,12.9436644,0 80.1679259,12.9436188,0 80.1678572,12.9435957,0 80.1677656,12.9435040,0 80.1677426,12.9433214,0 80.1676738,12.9432299,0 80.1676280,12.9432297,0 80.1676051,12.9431612,0 80.1675364,12.9431609,0 80.1675364,12.9431153,0 80.1673990,12.9430463,0 80.1672386,12.9429087,0 80.1671470,12.9428855,0 80.1671241,12.9428398,0 80.1670554,12.9428167,0 80.1668951,12.9428161,0 80.1668951,12.9427933,0 80.1666433,12.9427922,0 80.1666432,12.9427694,0 80.1663914,12.9427684,0 80.1663914,12.9427455,0 80.1662082,12.9427448,0 80.1662082,12.9427220,0 80.1659334,12.9427208,0 80.1659334,12.9427437,0 80.1655213,12.9427420,0 80.1653152,12.9426499,0 80.1652007,12.9426494,0 80.1651778,12.9426037,0 80.1651091,12.9426034,0 80.1649717,12.9425344,0 80.1648801,12.9425340,0 80.1648572,12.9424883,0 80.1647885,12.9424880,0 80.1647427,12.9424422,0 80.1646282,12.9424417,0 80.1646053,12.9423960,0 80.1645366,12.9423957,0 80.1644679,12.9423498,0 80.1642160,12.9423488,0 80.1642160,12.9423259,0 80.1640328,12.9423252,0 80.1640328,12.9423024,0 80.1638268,12.9423015,0 80.1638267,12.9422787,0 80.1635978,12.9422778,0 80.1635978,12.9422550,0 80.1634375,12.9422543,0 80.1634375,12.9422315,0 80.1633001,12.9422309,0 80.1633001,12.9422081,0 80.1630711,12.9422072,0 80.1630711,12.9421843,0 80.1629108,12.9421837,0 80.1628193,12.9422289,0 80.1627048,12.9422285,0 80.1626132,12.9422509,0 80.1628648,12.9418413,0 80.1630022,12.9418419,0 80.1630709,12.9417965,0 80.1632998,12.9417518,0 80.1634829,12.9416385,0 80.1635058,12.9415930,0 80.1635056,12.9413193,0 80.1634827,12.9413192,0 80.1634826,12.9410226,0 80.1634597,12.9410225,0 80.1634595,12.9407944,0 80.1634366,12.9407943,0 80.1634365,12.9405662,0 80.1634136,12.9405661,0 80.1634135,12.9403608,0 80.1633906,12.9403607,0 80.1633905,12.9401554,0 80.1633676,12.9401553,0 80.1633675,12.9399499,0 80.1633446,12.9399499,0 80.1633444,12.9397217,0 80.1633215,12.9397216,0 80.1633214,12.9394935,0 80.1632985,12.9394934,0 80.1632984,12.9392425,0 80.1632755,12.9392424,0 80.1632753,12.9390371,0 80.1632524,12.9390370,0 80.1632523,12.9388317,0 80.1632294,12.9388316,0 80.1632293,12.9386491,0 80.1632522,12.9386264,0 80.1633667,12.9386268,0 80.1634353,12.9385815,0 80.1641678,12.9382423,0 80.1643509,12.9381062,0 80.1644196,12.9380837,0 80.1664796,12.9370884,0 80.1666627,12.9369523,0 80.1667314,12.9369298,0 80.1673037,12.9366584,0 80.1673723,12.9366131,0 80.1677386,12.9364549,0 80.1677385,12.9364093,0 80.1678072,12.9364095,0 80.1678758,12.9362958,0 80.1678757,12.9361133,0 80.1678986,12.9361134,0 80.1678985,12.9359081,0 80.1679214,12.9359081,0 80.1679213,12.9357256,0 80.1679442,12.9357257,0 80.1679441,12.9355204,0 80.1679670,12.9355205,0 80.1679669,12.9353380,0 80.1679898,12.9353381,0 80.1679897,12.9351556,0 80.1680126,12.9351557,0 80.1680124,12.9349504,0 80.1680353,12.9349505,0 80.1680352,12.9347680,0 80.1680581,12.9347681,0 80.1680580,12.9345628,0 80.1680809,12.9345629,0 80.1680808,12.9343804,0 80.1681037,12.9343805,0 80.1681036,12.9341752,0 80.1681265,12.9341753,0 80.1681264,12.9339928,0 80.1681492,12.9339928,0 80.1681491,12.9338103,0 80.1681720,12.9338104,0 80.1681719,12.9336051,0 80.1681948,12.9336052,0 80.1681947,12.9334227,0 80.1682176,12.9334228,0 80.1682175,12.9332175,0 80.1682404,12.9332176,0 80.1682403,12.9330351,0 80.1682632,12.9330352,0 80.1682630,12.9328299,0 80.1682859,12.9328300,0 80.1682858,12.9326475,0 80.1683087,12.9326476,0 80.1683086,12.9324651,0 80.1683315,12.9324652,0 80.1683314,12.9322599,0 80.1683543,12.9322600,0 80.1686971,12.9311664,0 80.1687429,12.9311209,0 80.1687428,12.9310525,0 80.1690171,12.9303008,0 80.1690171,12.9302096,0 80.1691542,12.9297539,0 80.1691541,12.9296398,0 80.1692912,12.9291841,0 80.1692912,12.9290701,0 80.1694511,12.9285232,0 80.1694511,12.9284092,0 80.1696110,12.9278623,0 80.1696109,12.9277483,0 80.1697481,12.9272926,0 80.1697480,12.9271785,0 80.1699079,12.9266317,0 80.1699079,12.9265176,0 80.1699993,12.9262443,0 80.1699992,12.9260618,0 80.1699763,12.9260617,0 80.1699762,12.9258336,0 80.1699533,12.9258335,0 80.1699531,12.9256053,0 80.1699302,12.9256052,0 80.1699301,12.9253771,0 80.1699072,12.9253770,0 80.1699071,12.9251489,0 80.1698842,12.9251488,0 80.1698840,12.9248979,0 80.1698611,12.9248978,0 80.1698610,12.9246696,0 80.1698381,12.9246695,0 80.1698380,12.9244414,0 80.1698151,12.9244413,0 80.1698149,12.9242132,0 80.1697920,12.9242131,0 80.1697919,12.9239850,0 80.1697690,12.9239849,0 80.1697689,12.9237568,0 80.1697460,12.9237567,0 80.1697458,12.9235057,0 80.1697229,12.9235056,0 80.1697228,12.9232775,0 80.1696999,12.9232774,0 80.1696998,12.9230493,0 80.1696769,12.9230492,0 80.1696768,12.9228211,0 80.1696539,12.9228210,0 80.1696537,12.9225929,0 80.1696308,12.9225928,0 80.1696307,12.9223418,0 80.1696078,12.9223417,0 80.1696076,12.9221136,0 80.1695847,12.9220223,0 80.1694473,12.9219076,0 80.1693099,12.9219071,0 80.1693099,12.9219299,0 80.1691496,12.9219292,0 80.1691267,12.9218835,0 80.1691266,12.9217466,0 80.1691037,12.9216553,0 80.1690578,12.9215867,0 80.1690348,12.9214041,0 80.1689661,12.9212897,0 80.1689660,12.9211528,0 80.1689430,12.9210615,0 80.1688743,12.9209471,0 80.1688742,12.9207875,0 80.1688971,12.9207876,0 80.1688970,12.9206735,0 80.1688741,12.9206734,0 80.1688053,12.9204450,0 80.1687137,12.9203534,0 80.1687136,12.9202165,0 80.1686906,12.9201251,0 80.1686219,12.9200108,0 80.1686218,12.9198739,0 80.1685989,12.9197826,0 80.1686904,12.9197373,0 80.1687820,12.9197377,0 80.1689880,12.9196473,0 80.1690796,12.9196477,0 80.1692169,12.9195798,0 80.1693085,12.9195802,0 80.1693314,12.9195347,0 80.1694459,12.9195351,0 80.1695374,12.9195127,0 80.1695603,12.9194672,0 80.1696748,12.9194676,0 80.1696748,12.9194448,0 80.1697892,12.9194225,0 80.1698121,12.9193542,0 80.1698579,12.9193315,0 80.1698578,12.9191718,0 80.1698348,12.9190805,0 80.1697661,12.9189662,0 80.1697660,12.9188293,0 80.1696972,12.9187149,0 80.1696972,12.9185781,0 80.1696284,12.9184637,0 80.1696283,12.9183268,0 80.1695596,12.9182125,0 80.1695595,12.9180756,0 80.1694907,12.9179613,0 80.1694907,12.9178244,0 80.1694219,12.9177100,0 80.1694218,12.9175732,0 80.1693760,12.9175045,0 80.1693988,12.9174134,0 80.1693987,12.9171625,0 80.1694216,12.9171625,0 80.1694215,12.9170029,0 80.1693757,12.9169342,0 80.1691693,12.9164771,0 80.1691235,12.9164541,0 80.1690318,12.9162713,0 80.1689631,12.9162253,0 80.1685964,12.9156307,0 80.1685048,12.9155619,0 80.1684819,12.9154705,0 80.1684818,12.9153337,0 80.1684589,12.9153336,0 80.1684588,12.9151967,0 80.1684359,12.9151966,0 80.1684358,12.9150597,0 80.1684129,12.9150596,0 80.1684128,12.9149228,0 80.1683900,12.9149227,0 80.1683899,12.9147858,0 80.1683669,12.9146945,0 80.1683211,12.9146258,0 80.1682295,12.9145798,0 80.1680921,12.9145793,0 80.1680921,12.9145564,0 80.1678860,12.9145556,0 80.1677945,12.9146465,0 80.1677029,12.9146689,0 80.1675884,12.9146684,0 80.1675884,12.9146456,0 80.1666955,12.9146419,0 80.1666955,12.9146647,0 80.1665352,12.9146641,0 80.1664664,12.9145269,0 80.1663977,12.9145038,0 80.1663977,12.9144582,0 80.1663290,12.9144351,0 80.1660772,12.9145025,0 80.1660543,12.9145480,0 80.1659627,12.9145476,0 80.1658712,12.9146157,0 80.1658025,12.9146154,0 80.1657110,12.9146835,0 80.1655507,12.9147284,0 80.1655279,12.9147740,0 80.1654363,12.9147736,0 80.1653676,12.9148646,0 80.1652761,12.9148870,0 80.1651387,12.9148864,0 80.1651387,12.9149092,0 80.1650013,12.9149087,0 80.1650013,12.9149315,0 80.1648640,12.9149309,0 80.1648640,12.9149537,0 80.1647266,12.9149532,0 80.1647266,12.9149760,0 80.1645892,12.9149754,0 80.1645892,12.9149982,0 80.1644519,12.9149977,0 80.1644519,12.9150205,0 80.1643145,12.9150199,0 80.1643145,12.9150427,0 80.1641771,12.9150421,0 80.1641772,12.9150650,0 80.1640398,12.9150644,0 80.1640398,12.9150872,0 80.1639253,12.9150867,0 80.1639253,12.9151095,0 80.1637422,12.9151316,0 80.1637192,12.9149946,0 80.1636734,12.9149260,0 80.1636733,12.9148348,0 80.1636275,12.9147661,0 80.1636274,12.9146749,0 80.1635816,12.9146519,0 80.1635815,12.9145150,0 80.1635357,12.9144920,0 80.1635357,12.9143551,0 80.1634898,12.9143321,0 80.1634898,12.9142181,0 80.1634440,12.9141722,0 80.1634439,12.9140582,0 80.1634209,12.9139668,0 80.1633751,12.9138982,0 80.1633751,12.9138070,0 80.1633292,12.9137383,0 80.1633292,12.9136471,0 80.1632833,12.9135785,0 80.1632833,12.9134872,0 80.1632145,12.9133729,0 80.1632145,12.9132360,0 80.1631916,12.9132359,0 80.1631915,12.9131218,0 80.1631686,12.9131217,0 80.1631456,12.9129391,0 80.1630998,12.9128933,0 80.1630997,12.9127336,0 80.1630768,12.9127336,0 80.1630538,12.9125510,0 80.1630080,12.9125051,0 80.1630079,12.9123683,0 80.1629850,12.9123682,0 80.1629849,12.9122541,0 80.1629620,12.9122540,0 80.1629390,12.9120714,0 80.1628932,12.9120256,0 80.1628931,12.9118659,0 80.1628702,12.9118658,0 80.1628472,12.9116832,0 80.1628014,12.9116374,0 80.1628013,12.9115005,0 80.1627784,12.9114548,0 80.1626410,12.9114543,0 80.1626410,12.9114314,0 80.1623891,12.9114304,0 80.1623891,12.9114076,0 80.1617938,12.9114051,0 80.1617938,12.9113823,0 80.1610153,12.9113791,0 80.1610153,12.9113563,0 80.1606261,12.9113547,0 80.1606261,12.9113319,0 80.1605116,12.9113314,0 80.1605116,12.9113086,0 80.1603742,12.9113080,0 80.1603742,12.9112852,0 80.1602597,12.9112847,0 80.1602597,12.9112619,0 80.1601223,12.9112614,0 80.1601223,12.9112385,0 80.1600078,12.9112381,0 80.1600078,12.9112153,0 80.1598704,12.9112147,0 80.1598704,12.9111919,0 80.1597560,12.9111914,0 80.1597559,12.9111686,0 80.1596186,12.9111680,0 80.1596185,12.9111452,0 80.1594812,12.9111446,0 80.1594812,12.9111218,0 80.1593667,12.9111214,0 80.1593667,12.9110985,0 80.1592293,12.9110980,0 80.1592293,12.9110752,0 80.1591148,12.9110747,0 80.1591148,12.9110519,0 80.1589774,12.9110513,0 80.1589774,12.9110285,0 80.1588629,12.9110280,0 80.1588629,12.9110052,0 80.1587255,12.9110047,0 80.1587255,12.9109818,0 80.1586110,12.9109814,0 80.1586110,12.9109586,0 80.1584736,12.9109580,0 80.1584736,12.9109352,0 80.1583362,12.9109346,0 80.1583362,12.9109118,0 80.1582218,12.9109113,0 80.1581301,12.9107969,0 80.1580385,12.9107509,0 80.1579698,12.9107506,0 80.1578324,12.9106816,0 80.1577408,12.9106812,0 80.1576951,12.9107723,0 80.1576264,12.9107720,0 80.1576034,12.9107263,0 80.1575118,12.9106803,0 80.1574431,12.9106800,0 80.1574203,12.9107255,0 80.1573516,12.9107252,0 80.1572829,12.9106565,0 80.1572828,12.9106109,0 80.1571913,12.9106105,0 80.1570997,12.9106786,0 80.1569852,12.9106781,0 80.1569852,12.9106553,0 80.1568707,12.9106548,0 80.1567791,12.9106088,0 80.1566646,12.9106083,0 80.1565502,12.9107447,0 80.1564817,12.9109269,0 80.1564359,12.9109496,0 80.1563673,12.9111318,0 80.1563215,12.9111544,0 80.1562301,12.9113822,0 80.1561843,12.9114048,0 80.1561157,12.9115870,0 80.1560699,12.9116096,0 80.1560013,12.9117918,0 80.1559556,12.9118145,0 80.1558870,12.9119967,0 80.1558412,12.9120193,0 80.1557498,12.9122470,0 80.1557040,12.9122697,0 80.1556354,12.9124519,0 80.1555896,12.9124745,0 80.1555210,12.9126567,0 80.1554753,12.9126793,0 80.1554067,12.9128616,0 80.1553609,12.9128842,0 80.1552923,12.9130664,0 80.1552465,12.9130890,0 80.1552008,12.9132257,0 80.1551550,12.9132483,0 80.1551322,12.9133395,0 80.1550864,12.9133621,0 80.1550407,12.9134988,0 80.1549949,12.9135214,0 80.1549721,12.9136126,0 80.1549263,12.9136352,0 80.1548806,12.9137719,0 80.1548348,12.9137945,0 80.1547891,12.9139312,0 80.1547433,12.9139538,0 80.1546747,12.9141360,0 80.1545832,12.9142269,0 80.1545604,12.9143181,0 80.1545146,12.9143407,0 80.1543773,12.9144770,0 80.1542857,12.9144994,0 80.1542629,12.9145450,0 80.1541255,12.9145900,0 80.1541026,12.9146355,0 80.1539653,12.9146806,0 80.1539424,12.9147261,0 80.1538051,12.9147712,0 80.1537822,12.9148167,0 80.1536448,12.9148618,0 80.1536220,12.9149073,0 80.1534846,12.9149524,0 80.1534618,12.9149979,0 80.1533244,12.9150430,0 80.1533015,12.9150885,0 80.1531642,12.9151335,0 80.1531413,12.9151791,0 80.1530497,12.9152015,0 80.1530269,12.9152470,0 80.1528895,12.9152921,0 80.1528667,12.9153376,0 80.1527293,12.9153827,0 80.1527064,12.9154282,0 80.1525691,12.9154733,0 80.1525462,12.9155188,0 80.1524089,12.9155639,0 80.1523860,12.9156094,0 80.1522944,12.9156318,0 80.1522258,12.9156772,0 80.1521572,12.9158138,0 80.1521572,12.9159278,0 80.1521343,12.9159277,0 80.1521344,12.9160646,0 80.1521115,12.9160645,0 80.1521116,12.9162926,0 80.1521345,12.9162927,0 80.1521347,12.9164752,0 80.1521575,12.9164753,0 80.1521577,12.9166806,0 80.1521806,12.9166807,0 80.1521807,12.9168860,0 80.1522036,12.9168861,0 80.1522037,12.9170914,0 80.1522266,12.9170915,0 80.1522267,12.9172740,0 80.1522496,12.9172741,0 80.1522497,12.9174794,0 80.1522726,12.9174795,0 80.1522727,12.9176848,0 80.1522956,12.9176849,0 80.1522958,12.9178903,0 80.1523186,12.9178903,0 80.1523187,12.9180500,0 80.1522958,12.9180499,0 80.1522962,12.9185746,0 80.1522733,12.9185745,0 80.1522735,12.9189395,0 80.1522506,12.9189394,0 80.1522509,12.9195554,0 80.1522280,12.9195553,0 80.1522283,12.9200115,0 80.1522054,12.9200114,0 80.1522056,12.9203080,0 80.1521827,12.9203079,0 80.1521829,12.9206045,0 80.1521600,12.9206044,0 80.1521601,12.9208781,0 80.1521372,12.9208780,0 80.1521374,12.9211518,0 80.1521145,12.9211517,0 80.1521146,12.9214026,0 80.1520689,12.9214937,0 80.1520690,12.9216077,0 80.1520461,12.9216076,0 80.1520462,12.9218814,0 80.1520691,12.9218815,0 80.1520692,12.9219956,0 80.1520005,12.9220409,0 80.1520006,12.9220865,0 80.1519090,12.9221774,0 80.1518862,12.9222685,0 80.1518862,12.9223826,0 80.1518634,12.9223825,0 80.1517262,12.9228382,0 80.1508333,12.9228345,0 80.1508333,12.9228117,0 80.1499403,12.9228080,0 80.1499403,12.9227852,0 80.1490703,12.9227816,0 80.1490703,12.9227588,0 80.1482689,12.9227555,0 80.1482002,12.9227780,0 80.1481545,12.9228919,0 80.1481546,12.9230972,0 80.1482004,12.9231430,0 80.1482005,12.9232114,0 80.1482921,12.9233487,0 80.1483380,12.9235086,0 80.1485213,12.9236690,0 80.1485671,12.9237376,0 80.1486130,12.9238975,0 80.1486131,12.9240116,0 80.1486360,12.9240117,0 80.1486360,12.9241257,0 80.1486589,12.9241258,0 80.1486590,12.9243083,0 80.1485904,12.9243765,0 80.1485217,12.9243762,0 80.1484530,12.9244215,0 80.1483615,12.9244440,0 80.1482470,12.9244435,0 80.1481554,12.9244888,0 80.1480409,12.9244883,0 80.1480410,12.9245111,0 80.1479265,12.9245106,0 80.1479265,12.9245334,0 80.1476289,12.9246235,0 80.1476291,12.9248972,0 80.1476519,12.9248973,0 80.1476521,12.9250798,0 80.1476750,12.9250799,0 80.1476751,12.9252852,0 80.1476980,12.9252853,0 80.1476981,12.9254678,0 80.1477210,12.9254679,0 80.1477211,12.9256504,0 80.1477440,12.9256505,0 80.1477441,12.9258330,0 80.1477670,12.9258331,0 80.1477671,12.9260156,0 80.1477900,12.9260157,0 80.1477901,12.9262210,0 80.1478130,12.9262211,0 80.1478131,12.9264036,0 80.1478360,12.9264037,0 80.1478361,12.9265862,0 80.1478590,12.9265863,0 80.1478591,12.9267688,0 80.1478820,12.9267689,0 80.1478822,12.9270426,0 80.1477220,12.9271788,0</coordinates></LinearRing></outerBoundaryIs></Polygon></MultiGeometry></Placemark>
<Placemark><name>PERUNGALATHUR</name><ExtendedData><SchemaData schemaUrl="#tambaram_zones"><SimpleData name="Region">TAMBARAM</SimpleData><SimpleData name="ZONE">IV</SimpleData><SimpleData name="ZONE_NAME">PERUNGALATHUR</SimpleData></SchemaData></ExtendedData><MultiGeometry><Polygon><outerBoundaryIs><LinearRing><coordinates>80.1021956,12.9118206,0 80.1022414,12.9118207,0 80.1023100,12.9117298,0 80.1023558,12.9117300,0 80.1024473,12.9115935,0 80.1025160,12.9115481,0 80.1026762,12.9115032,0 80.1026991,12.9114576,0 80.1028593,12.9113442,0 80.1028593,12.9112530,0 80.1029050,12.9111619,0 80.1029049,12.9110479,0 80.1029278,12.9110480,0 80.1029735,12.9107744,0 80.1030192,12.9107061,0 80.1031108,12.9106837,0 80.1031336,12.9106382,0 80.1033168,12.9105705,0 80.1033396,12.9105250,0 80.1035228,12.9104573,0 80.1035456,12.9104118,0 80.1037288,12.9103441,0 80.1037516,12.9102985,0 80.1039348,12.9102309,0 80.1039576,12.9101853,0 80.1041408,12.9101177,0 80.1041636,12.9100721,0 80.1043468,12.9100044,0 80.1043696,12.9099589,0 80.1045528,12.9098912,0 80.1046214,12.9098459,0 80.1050792,12.9095968,0 80.1051479,12.9095971,0 80.1054226,12.9094386,0 80.1056286,12.9093710,0 80.1056514,12.9093255,0 80.1057659,12.9092575,0 80.1057656,12.9088241,0 80.1057427,12.9088240,0 80.1057425,12.9084133,0 80.1057654,12.9084134,0 80.1062225,12.9069781,0 80.1062911,12.9069100,0 80.1063598,12.9069103,0 80.1065887,12.9067287,0 80.1065886,12.9066831,0 80.1066573,12.9066378,0 80.1067030,12.9065239,0 80.1066801,12.9064553,0 80.1066343,12.9064323,0 80.1065426,12.9062495,0 80.1064510,12.9061807,0 80.1064509,12.9061122,0 80.1064051,12.9061120,0 80.1064051,12.9060436,0 80.1062218,12.9058147,0 80.1061988,12.9057234,0 80.1061301,12.9056775,0 80.1061301,12.9056318,0 80.1060385,12.9055630,0 80.1060384,12.9054946,0 80.1059926,12.9054260,0 80.1058781,12.9053342,0 80.1058780,12.9052658,0 80.1058322,12.9051972,0 80.1057635,12.9051513,0 80.1056718,12.9049684,0 80.1056031,12.9049225,0 80.1056031,12.9048768,0 80.1055114,12.9048080,0 80.1055114,12.9047396,0 80.1054656,12.9046710,0 80.1053968,12.9046251,0 80.1053968,12.9045794,0 80.1053052,12.9045106,0 80.1053052,12.9044422,0 80.1052593,12.9044192,0 80.1052135,12.9043049,0 80.1051448,12.9042590,0 80.1051447,12.9042134,0 80.1050531,12.9041446,0 80.1050531,12.9040761,0 80.1050072,12.9040075,0 80.1049385,12.9039616,0 80.1048468,12.9037787,0 80.1047323,12.9036870,0 80.1047323,12.9036186,0 80.1046177,12.9035268,0 80.1046177,12.9034584,0 80.1045032,12.9033667,0 80.1045031,12.9032982,0 80.1044344,12.9032523,0 80.1043885,12.9031381,0 80.1043198,12.9030922,0 80.1042052,12.9029092,0 80.1040907,12.9028631,0 80.1040449,12.9027945,0 80.1039991,12.9027943,0 80.1039533,12.9027257,0 80.1038846,12.9027254,0 80.1037929,12.9026109,0 80.1037471,12.9026108,0 80.1037013,12.9025421,0 80.1035868,12.9024960,0 80.1035410,12.9024274,0 80.1033578,12.9023354,0 80.1033119,12.9022668,0 80.1032432,12.9022665,0 80.1031516,12.9021520,0 80.1030829,12.9021518,0 80.1029912,12.9020373,0 80.1028080,12.9019453,0 80.1027622,12.9018767,0 80.1026935,12.9018764,0 80.1026018,12.9017620,0 80.1024186,12.9016700,0 80.1023728,12.9016013,0 80.1023041,12.9016010,0 80.1022583,12.9015552,0 80.1022124,12.9013725,0 80.1021666,12.9013267,0 80.1021436,12.9011898,0 80.1020978,12.9011439,0 80.1020748,12.9010070,0 80.1020290,12.9009612,0 80.1020289,12.9008927,0 80.1019831,12.9008469,0 80.1019831,12.9007785,0 80.1019373,12.9007555,0 80.1019143,12.9005957,0 80.1018685,12.9005727,0 80.1018455,12.9004129,0 80.1017997,12.9003899,0 80.1017538,12.9001616,0 80.1017079,12.9001158,0 80.1016850,12.8999788,0 80.1016391,12.8999330,0 80.1016391,12.8998646,0 80.1015933,12.8998187,0 80.1015932,12.8997503,0 80.1015474,12.8997273,0 80.1015244,12.8995675,0 80.1014786,12.8995445,0 80.1014557,12.8993847,0 80.1014098,12.8993617,0 80.1013639,12.8991334,0 80.1013181,12.8990876,0 80.1012951,12.8989506,0 80.1012493,12.8989048,0 80.1012493,12.8988364,0 80.1012035,12.8987906,0 80.1012034,12.8987221,0 80.1011576,12.8986991,0 80.1011346,12.8985394,0 80.1010888,12.8985164,0 80.1010658,12.8983566,0 80.1010200,12.8983336,0 80.1009741,12.8981053,0 80.1009283,12.8980594,0 80.1009053,12.8979225,0 80.1008595,12.8978767,0 80.1008594,12.8978082,0 80.1008136,12.8977624,0 80.1007906,12.8976254,0 80.1007448,12.8975796,0 80.1007448,12.8975112,0 80.1006990,12.8974882,0 80.1006760,12.8973284,0 80.1006302,12.8973054,0 80.1005843,12.8970771,0 80.1005384,12.8970313,0 80.1005155,12.8968943,0 80.1004696,12.8968485,0 80.1004696,12.8967801,0 80.1004238,12.8967342,0 80.1004008,12.8965973,0 80.1003550,12.8965515,0 80.1003549,12.8964830,0 80.1003091,12.8964600,0 80.1002862,12.8963002,0 80.1002403,12.8962772,0 80.1001257,12.8959118,0 80.1000569,12.8958659,0 80.0996219,12.8958641,0 80.0996219,12.8958412,0 80.0984542,12.8958364,0 80.0984542,12.8958592,0 80.0982939,12.8958586,0 80.0982939,12.8958358,0 80.0965538,12.8958286,0 80.0965538,12.8958514,0 80.0964393,12.8958509,0 80.0963478,12.8958962,0 80.0962333,12.8958957,0 80.0961418,12.8959409,0 80.0960273,12.8959405,0 80.0959357,12.8959857,0 80.0958212,12.8959852,0 80.0957297,12.8960305,0 80.0956152,12.8960300,0 80.0955236,12.8960753,0 80.0954092,12.8960748,0 80.0953176,12.8961200,0 80.0952031,12.8961196,0 80.0951116,12.8961648,0 80.0949971,12.8961643,0 80.0949055,12.8962096,0 80.0947910,12.8962091,0 80.0946995,12.8962543,0 80.0945850,12.8962539,0 80.0944934,12.8962991,0 80.0943790,12.8962987,0 80.0942874,12.8963439,0 80.0941729,12.8963434,0 80.0940814,12.8963887,0 80.0939669,12.8963882,0 80.0938753,12.8964334,0 80.0937608,12.8964330,0 80.0937151,12.8964784,0 80.0935548,12.8964777,0 80.0935090,12.8965232,0 80.0933488,12.8965225,0 80.0933030,12.8965680,0 80.0931427,12.8965673,0 80.0930970,12.8966127,0 80.0929367,12.8966121,0 80.0928909,12.8966575,0 80.0927307,12.8966568,0 80.0926849,12.8967023,0 80.0925246,12.8967016,0 80.0924789,12.8967471,0 80.0923186,12.8967464,0 80.0922728,12.8967918,0 80.0920896,12.8967911,0 80.0920897,12.8968139,0 80.0918836,12.8968130,0 80.0918836,12.8968358,0 80.0916775,12.8968350,0 80.0916776,12.8968578,0 80.0914486,12.8968569,0 80.0914486,12.8968797,0 80.0912425,12.8968788,0 80.0912426,12.8969016,0 80.0911052,12.8969011,0 80.0911052,12.8969239,0 80.0909678,12.8969233,0 80.0909678,12.8969461,0 80.0908305,12.8969456,0 80.0908305,12.8969684,0 80.0907160,12.8969679,0 80.0907160,12.8969907,0 80.0906015,12.8969902,0 80.0906015,12.8970130,0 80.0904642,12.8970125,0 80.0904642,12.8970353,0 80.0903497,12.8970348,0 80.0903497,12.8970576,0 80.0902352,12.8970572,0 80.0902352,12.8970800,0 80.0901208,12.8970795,0 80.0901208,12.8971023,0 80.0899834,12.8971017,0 80.0899147,12.8971471,0 80.0898231,12.8971467,0 80.0898002,12.8970782,0 80.0896399,12.8970775,0 80.0896399,12.8971003,0 80.0895026,12.8970998,0 80.0895026,12.8971226,0 80.0893881,12.8971221,0 80.0893881,12.8971449,0 80.0892736,12.8971444,0 80.0891821,12.8971897,0 80.0890447,12.8971891,0 80.0890905,12.8972349,0 80.0890448,12.8973032,0 80.0889303,12.8973027,0 80.0888387,12.8973480,0 80.0887242,12.8973475,0 80.0887243,12.8973703,0 80.0884495,12.8974148,0 80.0884038,12.8974602,0 80.0883122,12.8974827,0 80.0881519,12.8974820,0 80.0881519,12.8975048,0 80.0877856,12.8975717,0 80.0877399,12.8976172,0 80.0876483,12.8976396,0 80.0874880,12.8976389,0 80.0874880,12.8976617,0 80.0872362,12.8977063,0 80.0872133,12.8977291,0 80.0870760,12.8977513,0 80.0870302,12.8977967,0 80.0868928,12.8977962,0 80.0867784,12.8978641,0 80.0865723,12.8978633,0 80.0865266,12.8979315,0 80.0863892,12.8979310,0 80.0862976,12.8979534,0 80.0862290,12.8979987,0 80.0860916,12.8979982,0 80.0860458,12.8980436,0 80.0859771,12.8980433,0 80.0859085,12.8980887,0 80.0859084,12.8979974,0 80.0858397,12.8979971,0 80.0858398,12.8980884,0 80.0857253,12.8981107,0 80.0856795,12.8981562,0 80.0855422,12.8981556,0 80.0855193,12.8982011,0 80.0853819,12.8982005,0 80.0853591,12.8982461,0 80.0852217,12.8982455,0 80.0851530,12.8982909,0 80.0850614,12.8982905,0 80.0849928,12.8983358,0 80.0849012,12.8983354,0 80.0848325,12.8983808,0 80.0847409,12.8983804,0 80.0846723,12.8984257,0 80.0845807,12.8984254,0 80.0844663,12.8984933,0 80.0840541,12.8984916,0 80.0840541,12.8984688,0 80.0838481,12.8985136,0 80.0838023,12.8985590,0 80.0836421,12.8986040,0 80.0835047,12.8986034,0 80.0835047,12.8986262,0 80.0833444,12.8986256,0 80.0833444,12.8986484,0 80.0831842,12.8986477,0 80.0831842,12.8986705,0 80.0830239,12.8986699,0 80.0830239,12.8986927,0 80.0828865,12.8986921,0 80.0828866,12.8987149,0 80.0819938,12.8989850,0 80.0819709,12.8990305,0 80.0819251,12.8990075,0 80.0819022,12.8990530,0 80.0818564,12.8990300,0 80.0818335,12.8990756,0 80.0817877,12.8990526,0 80.0817649,12.8990981,0 80.0816504,12.8990976,0 80.0816504,12.8991204,0 80.0813757,12.8991877,0 80.0813299,12.8992332,0 80.0810323,12.8993232,0 80.0810095,12.8993687,0 80.0809179,12.8993912,0 80.0809179,12.8994368,0 80.0808492,12.8994365,0 80.0808264,12.8994820,0 80.0807348,12.8995045,0 80.0807348,12.8995501,0 80.0806661,12.8995498,0 80.0806433,12.8995953,0 80.0805517,12.8996178,0 80.0805517,12.8996634,0 80.0804830,12.8996631,0 80.0804601,12.8997087,0 80.0803686,12.8997311,0 80.0803686,12.8997767,0 80.0802999,12.8997764,0 80.0802770,12.8998220,0 80.0801855,12.8998444,0 80.0801855,12.8998900,0 80.0801168,12.8998897,0 80.0800939,12.8999353,0 80.0800024,12.8999577,0 80.0800024,12.9000033,0 80.0799337,12.9000030,0 80.0799108,12.9000486,0 80.0798193,12.9000710,0 80.0798193,12.9001166,0 80.0797506,12.9001163,0 80.0797277,12.9001619,0 80.0796362,12.9001843,0 80.0796362,12.9002299,0 80.0795675,12.9002296,0 80.0795446,12.9002752,0 80.0794531,12.9002976,0 80.0794531,12.9003432,0 80.0793844,12.9003430,0 80.0793615,12.9003885,0 80.0791784,12.9005018,0 80.0791785,12.9006615,0 80.0792014,12.9006616,0 80.0792932,12.9009357,0 80.0793390,12.9009587,0 80.0793390,12.9010500,0 80.0794995,12.9013244,0 80.0796370,12.9016671,0 80.0796828,12.9016901,0 80.0797058,12.9017815,0 80.0798204,12.9020557,0 80.0798662,12.9020787,0 80.0798892,12.9021700,0 80.0800497,12.9025357,0 80.0801184,12.9026044,0 80.0801414,12.9026958,0 80.0803248,12.9031071,0 80.0803935,12.9031759,0 80.0804623,12.9034043,0 80.0805081,12.9034273,0 80.0805769,12.9036557,0 80.0806457,12.9037244,0 80.0806686,12.9038157,0 80.0808062,12.9041357,0 80.0808520,12.9041587,0 80.0808749,12.9042500,0 80.0810125,12.9045700,0 80.0810583,12.9045930,0 80.0810813,12.9046843,0 80.0811730,12.9049128,0 80.0812188,12.9049358,0 80.0812189,12.9050955,0 80.0812647,12.9051870,0 80.0812648,12.9053010,0 80.0812877,12.9053011,0 80.0812878,12.9054836,0 80.0813107,12.9054837,0 80.0813107,12.9055978,0 80.0812879,12.9055977,0 80.0812885,12.9067611,0 80.0812428,12.9068065,0 80.0812426,12.9064872,0 80.0811968,12.9064870,0 80.0811971,12.9069889,0 80.0812657,12.9069435,0 80.0812659,12.9072629,0 80.0811972,12.9072398,0 80.0811975,12.9077188,0 80.0812891,12.9077192,0 80.0812892,12.9078333,0 80.0812663,12.9078332,0 80.0812663,12.9079701,0 80.0812206,12.9079927,0 80.0812206,12.9080839,0 80.0811749,12.9081522,0 80.0811749,12.9082434,0 80.0811292,12.9083117,0 80.0811063,12.9084028,0 80.0811064,12.9085169,0 80.0810606,12.9085395,0 80.0810607,12.9086764,0 80.0810149,12.9086990,0 80.0810150,12.9087903,0 80.0809692,12.9088585,0 80.0809694,12.9091323,0 80.0809923,12.9091324,0 80.0809924,12.9092921,0 80.0810153,12.9092922,0 80.0810154,12.9094518,0 80.0810382,12.9094519,0 80.0810383,12.9096116,0 80.0810612,12.9096117,0 80.0810613,12.9097942,0 80.0810156,12.9097940,0 80.0810157,12.9100906,0 80.0810386,12.9100907,0 80.0810387,12.9102504,0 80.0810845,12.9102734,0 80.0810843,12.9099540,0 80.0811072,12.9099541,0 80.0811073,12.9101138,0 80.0811302,12.9101139,0 80.0811303,12.9102736,0 80.0811532,12.9102737,0 80.0811533,12.9104333,0 80.0811762,12.9104334,0 80.0811763,12.9106159,0 80.0811992,12.9106160,0 80.0811993,12.9107757,0 80.0812222,12.9107758,0 80.0812223,12.9109355,0 80.0812452,12.9109356,0 80.0812453,12.9110953,0 80.0812682,12.9110954,0 80.0812683,12.9112779,0 80.0812912,12.9112780,0 80.0812913,12.9114377,0 80.0813142,12.9114378,0 80.0813143,12.9115974,0 80.0813372,12.9115975,0 80.0813372,12.9117572,0 80.0813601,12.9117573,0 80.0813602,12.9119170,0 80.0813831,12.9119171,0 80.0813832,12.9120768,0 80.0814061,12.9120769,0 80.0814062,12.9122366,0 80.0814291,12.9122367,0 80.0814292,12.9123963,0 80.0814521,12.9123964,0 80.0814522,12.9125561,0 80.0814751,12.9125562,0 80.0814752,12.9127159,0 80.0814981,12.9127160,0 80.0814982,12.9128529,0 80.0815211,12.9128758,0 80.0815440,12.9130128,0 80.0816127,12.9130359,0 80.0816129,12.9132640,0 80.0816816,12.9134011,0 80.0816817,12.9135380,0 80.0816588,12.9135379,0 80.0816589,12.9136976,0 80.0817048,12.9137662,0 80.0816590,12.9137889,0 80.0816361,12.9138572,0 80.0816591,12.9139485,0 80.0816593,12.9142679,0 80.0816135,12.9142905,0 80.0816364,12.9143363,0 80.0815906,12.9143589,0 80.0816135,12.9144046,0 80.0814533,12.9144496,0 80.0814533,12.9144952,0 80.0813618,12.9145404,0 80.0813161,12.9146999,0 80.0813161,12.9148140,0 80.0812932,12.9148139,0 80.0812704,12.9149279,0 80.0810643,12.9149270,0 80.0810644,12.9149498,0 80.0808812,12.9149491,0 80.0807896,12.9150171,0 80.0807439,12.9150854,0 80.0807440,12.9152451,0 80.0806525,12.9153359,0 80.0806526,12.9155184,0 80.0806297,12.9155183,0 80.0806298,12.9157008,0 80.0806069,12.9157008,0 80.0806070,12.9158833,0 80.0805841,12.9158832,0 80.0805842,12.9160657,0 80.0805613,12.9160656,0 80.0805614,12.9162481,0 80.0805385,12.9162480,0 80.0805386,12.9164305,0 80.0805157,12.9164304,0 80.0805159,12.9167497,0 80.0805388,12.9167498,0 80.0805390,12.9170008,0 80.0805618,12.9170009,0 80.0805620,12.9172290,0 80.0805849,12.9172291,0 80.0805850,12.9173660,0 80.0806079,12.9174573,0 80.0806537,12.9175031,0 80.0806539,12.9177541,0 80.0806310,12.9177540,0 80.0806769,12.9179367,0 80.0807456,12.9179598,0 80.0807456,12.9180510,0 80.0807914,12.9180968,0 80.0807915,12.9182565,0 80.0808144,12.9182566,0 80.0808146,12.9184619,0 80.0807917,12.9184618,0 80.0807919,12.9189181,0 80.0808148,12.9189182,0 80.0808149,12.9190550,0 80.0808378,12.9190551,0 80.0808379,12.9191692,0 80.0808608,12.9191693,0 80.0808608,12.9192833,0 80.0808837,12.9192834,0 80.0808609,12.9194202,0 80.0808151,12.9194428,0 80.0806549,12.9194422,0 80.0805633,12.9194874,0 80.0804488,12.9194870,0 80.0804488,12.9195098,0 80.0802886,12.9195319,0 80.0799224,12.9198726,0 80.0799225,12.9199410,0 80.0798767,12.9199865,0 80.0796937,12.9203051,0 80.0796938,12.9203735,0 80.0796480,12.9203733,0 80.0795565,12.9206011,0 80.0794650,12.9206235,0 80.0794650,12.9206691,0 80.0792820,12.9209649,0 80.0792820,12.9210334,0 80.0792134,12.9210787,0 80.0791676,12.9211926,0 80.0789845,12.9213059,0 80.0789846,12.9213515,0 80.0788015,12.9214648,0 80.0788015,12.9215105,0 80.0786870,12.9215556,0 80.0785498,12.9217147,0 80.0784353,12.9217827,0 80.0784124,12.9218282,0 80.0784125,12.9220107,0 80.0784354,12.9220108,0 80.0785729,12.9221711,0 80.0786187,12.9221713,0 80.0787333,12.9223086,0 80.0788249,12.9223318,0 80.0788249,12.9223774,0 80.0789165,12.9224234,0 80.0790311,12.9225608,0 80.0791227,12.9225840,0 80.0791227,12.9226296,0 80.0792143,12.9226756,0 80.0793289,12.9228129,0 80.0794434,12.9228590,0 80.0795350,12.9229963,0 80.0795808,12.9229965,0 80.0797641,12.9232026,0 80.0798786,12.9232486,0 80.0799703,12.9233859,0 80.0801306,12.9235006,0 80.0801307,12.9236375,0 80.0803368,12.9236384,0 80.0804971,12.9237759,0 80.0805658,12.9237762,0 80.0806575,12.9238906,0 80.0807262,12.9239365,0 80.0807949,12.9239368,0 80.0808865,12.9240512,0 80.0809552,12.9240972,0 80.0810239,12.9240974,0 80.0811156,12.9242119,0 80.0811843,12.9242578,0 80.0812530,12.9242581,0 80.0813446,12.9243725,0 80.0814133,12.9243728,0 80.0815050,12.9244872,0 80.0816882,12.9245792,0 80.0817340,12.9246479,0 80.0818027,12.9246482,0 80.0818944,12.9247626,0 80.0819631,12.9248085,0 80.0820318,12.9248088,0 80.0820318,12.9248544,0 80.0821463,12.9249005,0 80.0821921,12.9249691,0 80.0823066,12.9250152,0 80.0823525,12.9250839,0 80.0824212,12.9250841,0 80.0824212,12.9251298,0 80.0824899,12.9251529,0 80.0825357,12.9252215,0 80.0826273,12.9252447,0 80.0827190,12.9253591,0 80.0827648,12.9253593,0 80.0828335,12.9254508,0 80.0829251,12.9254740,0 80.0829480,12.9255426,0 80.0830167,12.9255428,0 80.0830397,12.9256114,0 80.0831083,12.9256117,0 80.0831313,12.9256802,0 80.0832000,12.9256805,0 80.0832229,12.9257490,0 80.0832916,12.9257493,0 80.0833145,12.9258178,0 80.0833832,12.9258181,0 80.0834062,12.9258866,0 80.0834748,12.9258869,0 80.0834978,12.9259555,0 80.0835665,12.9259557,0 80.0835894,12.9260243,0 80.0835895,12.9261383,0 80.0835666,12.9262523,0 80.0834980,12.9262976,0 80.0834522,12.9263659,0 80.0834294,12.9264570,0 80.0833379,12.9265479,0 80.0833379,12.9266164,0 80.0831320,12.9268664,0 80.0831320,12.9269805,0 80.0831549,12.9269806,0 80.0831550,12.9271175,0 80.0832238,12.9273003,0 80.0832239,12.9274143,0 80.0834074,12.9280538,0 80.0834075,12.9282135,0 80.0833846,12.9282134,0 80.0833847,12.9284187,0 80.0833618,12.9284186,0 80.0833620,12.9286011,0 80.0833391,12.9286010,0 80.0833392,12.9287835,0 80.0833163,12.9287834,0 80.0833164,12.9289888,0 80.0832935,12.9289887,0 80.0832936,12.9291940,0 80.0833394,12.9292398,0 80.0833395,12.9293082,0 80.0833853,12.9293540,0 80.0833854,12.9294681,0 80.0833396,12.9295135,0 80.0833396,12.9295820,0 80.0832938,12.9295818,0 80.0832710,12.9296958,0 80.0832252,12.9297412,0 80.0832939,12.9297415,0 80.0833168,12.9296959,0 80.0835000,12.9296739,0 80.0834771,12.9297194,0 80.0833627,12.9298102,0 80.0833627,12.9299243,0 80.0832940,12.9299240,0 80.0833170,12.9300153,0 80.0834085,12.9299244,0 80.0834772,12.9299247,0 80.0834544,12.9300387,0 80.0834544,12.9301528,0 80.0835003,12.9302442,0 80.0836148,12.9302219,0 80.0835919,12.9302674,0 80.0835232,12.9302671,0 80.0835232,12.9303127,0 80.0836148,12.9303131,0 80.0835690,12.9303585,0 80.0835920,12.9305183,0 80.0836607,12.9304730,0 80.0837980,12.9304279,0 80.0838668,12.9304967,0 80.0838668,12.9305879,0 80.0839126,12.9306109,0 80.0839356,12.9307707,0 80.0840044,12.9308622,0 80.0840044,12.9309307,0 80.0840502,12.9309765,0 80.0840503,12.9310449,0 80.0840961,12.9310907,0 80.0840961,12.9311592,0 80.0841649,12.9312279,0 80.0841649,12.9313191,0 80.0842107,12.9313421,0 80.0842337,12.9315019,0 80.0843024,12.9315934,0 80.0843025,12.9316619,0 80.0843483,12.9316849,0 80.0843942,12.9318904,0 80.0844400,12.9319134,0 80.0844629,12.9319819,0 80.0846234,12.9323476,0 80.0846692,12.9323706,0 80.0846693,12.9324618,0 80.0848068,12.9326905,0 80.0848068,12.9327590,0 80.0848756,12.9328505,0 80.0849215,12.9330104,0 80.0849673,12.9330334,0 80.0849673,12.9331246,0 80.0850361,12.9332162,0 80.0850361,12.9332846,0 80.0851048,12.9333761,0 80.0851507,12.9335360,0 80.0851965,12.9335590,0 80.0851966,12.9336503,0 80.0852653,12.9337418,0 80.0852654,12.9338102,0 80.0853341,12.9339018,0 80.0853800,12.9340616,0 80.0854258,12.9340846,0 80.0854259,12.9341759,0 80.0854946,12.9342674,0 80.0855405,12.9344273,0 80.0855863,12.9344503,0 80.0855863,12.9345415,0 80.0856551,12.9346103,0 80.0856551,12.9347015,0 80.0857239,12.9347931,0 80.0857698,12.9349529,0 80.0858156,12.9349759,0 80.0858156,12.9350672,0 80.0858844,12.9351587,0 80.0858844,12.9352272,0 80.0859531,12.9353187,0 80.0859990,12.9354786,0 80.0860448,12.9355016,0 80.0860449,12.9355928,0 80.0860907,12.9356843,0 80.0861365,12.9357073,0 80.0861366,12.9357985,0 80.0862053,12.9358900,0 80.0862054,12.9359585,0 80.0862741,12.9360500,0 80.0862742,12.9361413,0 80.0863200,12.9362099,0 80.0863201,12.9363011,0 80.0863659,12.9363241,0 80.0863659,12.9364610,0 80.0863889,12.9365295,0 80.0864347,12.9365525,0 80.0864347,12.9366666,0 80.0864806,12.9367352,0 80.0865036,12.9368950,0 80.0865494,12.9369180,0 80.0865494,12.9370321,0 80.0866182,12.9371692,0 80.0866183,12.9372605,0 80.0866641,12.9372835,0 80.0866641,12.9373975,0 80.0866871,12.9374889,0 80.0867329,12.9375575,0 80.0867330,12.9376488,0 80.0867788,12.9376718,0 80.0867789,12.9378086,0 80.0868247,12.9378316,0 80.0868247,12.9379685,0 80.0868705,12.9379915,0 80.0868706,12.9381056,0 80.0868936,12.9381969,0 80.0869394,12.9382199,0 80.0869394,12.9383340,0 80.0869853,12.9384026,0 80.0870083,12.9385624,0 80.0870541,12.9385854,0 80.0870541,12.9386995,0 80.0871000,12.9387681,0 80.0871000,12.9388593,0 80.0871458,12.9388823,0 80.0871459,12.9390192,0 80.0871917,12.9390650,0 80.0872606,12.9393619,0 80.0873064,12.9393849,0 80.0873065,12.9394989,0 80.0873752,12.9396133,0 80.0873752,12.9396817,0 80.0874670,12.9398874,0 80.0874670,12.9399787,0 80.0875128,12.9400473,0 80.0875129,12.9401385,0 80.0875587,12.9401844,0 80.0875588,12.9403212,0 80.0875817,12.9403213,0 80.0876276,12.9405953,0 80.0876735,12.9406639,0 80.0876735,12.9407551,0 80.0877194,12.9408238,0 80.0877194,12.9409150,0 80.0877652,12.9409836,0 80.0877653,12.9410749,0 80.0878111,12.9411435,0 80.0878571,12.9413718,0 80.0879029,12.9413948,0 80.0880175,12.9416919,0 80.0880633,12.9416921,0 80.0881780,12.9419891,0 80.0882238,12.9420121,0 80.0882696,12.9421492,0 80.0883154,12.9421722,0 80.0883842,12.9423549,0 80.0884300,12.9423551,0 80.0884759,12.9425150,0 80.0885217,12.9425380,0 80.0885905,12.9427208,0 80.0886363,12.9427210,0 80.0886822,12.9428809,0 80.0887509,12.9429268,0 80.0887739,12.9430181,0 80.0890490,12.9436124,0 80.0891177,12.9436811,0 80.0891406,12.9437724,0 80.0894157,12.9443667,0 80.0894845,12.9444354,0 80.0895074,12.9445268,0 80.0897596,12.9450753,0 80.0898054,12.9450983,0 80.0898283,12.9451896,0 80.0899659,12.9455096,0 80.0900117,12.9455326,0 80.0900118,12.9456238,0 80.0900576,12.9456697,0 80.0900576,12.9457381,0 80.0901264,12.9458296,0 80.0901264,12.9458981,0 80.0901952,12.9459896,0 80.0901952,12.9460580,0 80.0902639,12.9461496,0 80.0902640,12.9462180,0 80.0903327,12.9463095,0 80.0903328,12.9463780,0 80.0904473,12.9465153,0 80.0904703,12.9466067,0 80.0905161,12.9466069,0 80.0905161,12.9466753,0 80.0905848,12.9467440,0 80.0906078,12.9468354,0 80.0906994,12.9469270,0 80.0907224,12.9470183,0 80.0907682,12.9470185,0 80.0907911,12.9471327,0 80.0908369,12.9471329,0 80.0908370,12.9472013,0 80.0909515,12.9473387,0 80.0909745,12.9474300,0 80.0910203,12.9474530,0 80.0910432,12.9475443,0 80.0910890,12.9475445,0 80.0911807,12.9477274,0 80.0912265,12.9477504,0 80.0914097,12.9477512,0 80.0914097,12.9477740,0 80.0919134,12.9477761,0 80.0919134,12.9477989,0 80.0923027,12.9478005,0 80.0923026,12.9477777,0 80.0924858,12.9477784,0 80.0924858,12.9477556,0 80.0926690,12.9477564,0 80.0926689,12.9477336,0 80.0928521,12.9477343,0 80.0928521,12.9477115,0 80.0929895,12.9477121,0 80.0930582,12.9476895,0 80.0931955,12.9475989,0 80.0932642,12.9475991,0 80.0934015,12.9475085,0 80.0936075,12.9474409,0 80.0936304,12.9473953,0 80.0937220,12.9473957,0 80.0938593,12.9473050,0 80.0939280,12.9473053,0 80.0940653,12.9472146,0 80.0942027,12.9471924,0 80.0942484,12.9471470,0 80.0944087,12.9471476,0 80.0944087,12.9471248,0 80.0945232,12.9471253,0 80.0945232,12.9471025,0 80.0946376,12.9471029,0 80.0946376,12.9470801,0 80.0947521,12.9470806,0 80.0947521,12.9470578,0 80.0948666,12.9470583,0 80.0949581,12.9470130,0 80.0950726,12.9470135,0 80.0950726,12.9469907,0 80.0951871,12.9469911,0 80.0951871,12.9469683,0 80.0953015,12.9469688,0 80.0953015,12.9469460,0 80.0954160,12.9469465,0 80.0954160,12.9469237,0 80.0955534,12.9469242,0 80.0955534,12.9469014,0 80.0957823,12.9469024,0 80.0957823,12.9468795,0 80.0959884,12.9468804,0 80.0959884,12.9468576,0 80.0962173,12.9468585,0 80.0962173,12.9468357,0 80.0963776,12.9468364,0 80.0963776,12.9468136,0 80.0965378,12.9468142,0 80.0965378,12.9467914,0 80.0966981,12.9467921,0 80.0966981,12.9467693,0 80.0968355,12.9467698,0 80.0968355,12.9467470,0 80.0969957,12.9467477,0 80.0969957,12.9467249,0 80.0971331,12.9467254,0 80.0971331,12.9467026,0 80.0972705,12.9467032,0 80.0972704,12.9466804,0 80.0973849,12.9466808,0 80.0973849,12.9466580,0 80.0975223,12.9466586,0 80.0975223,12.9466358,0 80.0976596,12.9466364,0 80.0976596,12.9466135,0 80.0977970,12.9466141,0 80.0977970,12.9465913,0 80.0979344,12.9465919,0 80.0979344,12.9465691,0 80.0980488,12.9465695,0 80.0980488,12.9465467,0 80.0981862,12.9465473,0 80.0981862,12.9465245,0 80.0983236,12.9465250,0 80.0983236,12.9465022,0 80.0984609,12.9465028,0 80.0984609,12.9464800,0 80.0985983,12.9464805,0 80.0985983,12.9464577,0 80.0987128,12.9464582,0 80.0987128,12.9464354,0 80.0988501,12.9464360,0 80.0988501,12.9464132,0 80.0989875,12.9464137,0 80.0990791,12.9463913,0 80.0994459,12.9471684,0 80.0994916,12.9471686,0 80.0995375,12.9472600,0 80.0996063,12.9474656,0 80.0996750,12.9475116,0 80.0997209,12.9476258,0 80.0997896,12.9476489,0 80.0997896,12.9477173,0 80.0998583,12.9477404,0 80.0998584,12.9478089,0 80.0999271,12.9478320,0 80.0999271,12.9479004,0 80.0999958,12.9479235,0 80.0999958,12.9479919,0 80.1000645,12.9480150,0 80.1000646,12.9480835,0 80.1001333,12.9481294,0 80.1001333,12.9481750,0 80.1002020,12.9482209,0 80.1002021,12.9482665,0 80.1002708,12.9483124,0 80.1002708,12.9483581,0 80.1003395,12.9484040,0 80.1003395,12.9484496,0 80.1004083,12.9484955,0 80.1004084,12.9487236,0 80.1004313,12.9487237,0 80.1004315,12.9490431,0 80.1004544,12.9490432,0 80.1004546,12.9493626,0 80.1004775,12.9493627,0 80.1004775,12.9494767,0 80.1005463,12.9495683,0 80.1006151,12.9497739,0 80.1006609,12.9497969,0 80.1006609,12.9498881,0 80.1007068,12.9499796,0 80.1007526,12.9500026,0 80.1007526,12.9500938,0 80.1007985,12.9501852,0 80.1008443,12.9502082,0 80.1009131,12.9504367,0 80.1010048,12.9505511,0 80.1010506,12.9505741,0 80.1012337,12.9505520,0 80.1013024,12.9504839,0 80.1015313,12.9503480,0 80.1016227,12.9501202,0 80.1018515,12.9499158,0 80.1024466,12.9495533,0 80.1024695,12.9495078,0 80.1025611,12.9494853,0 80.1026068,12.9494171,0 80.1035452,12.9488278,0 80.1035681,12.9487823,0 80.1036597,12.9487599,0 80.1040258,12.9484876,0 80.1040716,12.9484878,0 80.1041174,12.9484196,0 80.1043005,12.9483291,0 80.1043234,12.9482836,0 80.1046896,12.9481710,0 80.1048041,12.9481715,0 80.1048957,12.9481262,0 80.1050102,12.9481267,0 80.1050101,12.9481039,0 80.1051246,12.9481044,0 80.1052162,12.9480591,0 80.1053307,12.9480596,0 80.1053307,12.9480368,0 80.1054451,12.9480373,0 80.1054451,12.9480144,0 80.1055825,12.9480150,0 80.1057198,12.9479700,0 80.1058113,12.9477878,0 80.1058800,12.9476969,0 80.1059028,12.9475373,0 80.1059943,12.9474464,0 80.1060400,12.9473097,0 80.1061315,12.9472188,0 80.1061544,12.9471277,0 80.1062230,12.9470823,0 80.1064062,12.9470603,0 80.1064062,12.9470375,0 80.1065436,12.9470380,0 80.1065435,12.9470152,0 80.1066580,12.9470157,0 80.1066580,12.9469929,0 80.1067725,12.9469934,0 80.1067725,12.9469706,0 80.1068870,12.9469710,0 80.1068869,12.9469482,0 80.1070930,12.9469491,0 80.1070930,12.9469719,0 80.1072533,12.9469725,0 80.1072533,12.9469954,0 80.1074136,12.9469960,0 80.1074136,12.9470188,0 80.1075281,12.9470193,0 80.1075968,12.9470652,0 80.1077800,12.9470660,0 80.1077799,12.9470432,0 80.1079173,12.9470437,0 80.1079173,12.9470209,0 80.1080318,12.9470214,0 80.1080318,12.9469986,0 80.1081692,12.9469991,0 80.1081691,12.9469763,0 80.1082836,12.9469768,0 80.1082836,12.9469540,0 80.1084210,12.9469546,0 80.1084210,12.9469317,0 80.1085355,12.9469322,0 80.1085354,12.9469094,0 80.1086499,12.9469099,0 80.1086499,12.9468871,0 80.1087644,12.9468875,0 80.1087644,12.9468647,0 80.1088789,12.9468652,0 80.1088788,12.9468424,0 80.1089933,12.9468429,0 80.1089933,12.9468200,0 80.1091078,12.9468205,0 80.1091078,12.9467977,0 80.1092223,12.9467982,0 80.1092222,12.9467754,0 80.1093596,12.9467759,0 80.1093596,12.9467531,0 80.1094741,12.9467536,0 80.1094741,12.9467308,0 80.1096801,12.9467316,0 80.1096801,12.9467088,0 80.1098862,12.9467097,0 80.1098862,12.9466869,0 80.1100693,12.9466876,0 80.1100693,12.9466648,0 80.1103899,12.9466661,0 80.1104357,12.9467119,0 80.1110310,12.9467144,0 80.1110768,12.9468058,0 80.1111227,12.9468288,0 80.1111456,12.9468974,0 80.1111914,12.9469204,0 80.1113288,12.9469209,0 80.1113288,12.9469437,0 80.1115806,12.9469448,0 80.1115807,12.9469676,0 80.1118325,12.9469686,0 80.1118325,12.9469915,0 80.1124049,12.9469938,0 80.1124507,12.9469484,0 80.1125194,12.9469487,0 80.1126109,12.9468806,0 80.1126796,12.9468581,0 80.1128628,12.9468588,0 80.1128628,12.9468360,0 80.1130459,12.9468368,0 80.1130459,12.9468140,0 80.1131604,12.9468144,0 80.1131604,12.9467916,0 80.1133207,12.9467923,0 80.1133206,12.9467695,0 80.1136183,12.9467707,0 80.1136183,12.9467935,0 80.1138015,12.9467943,0 80.1138015,12.9468171,0 80.1139847,12.9468178,0 80.1139847,12.9468407,0 80.1141449,12.9468413,0 80.1141450,12.9468641,0 80.1143281,12.9468649,0 80.1143281,12.9468877,0 80.1145113,12.9468885,0 80.1145113,12.9469113,0 80.1147174,12.9469121,0 80.1147174,12.9469349,0 80.1148777,12.9469356,0 80.1148777,12.9469584,0 80.1149922,12.9469589,0 80.1150609,12.9470960,0 80.1151067,12.9471190,0 80.1151297,12.9472104,0 80.1152672,12.9473706,0 80.1152901,12.9474620,0 80.1153359,12.9474850,0 80.1153818,12.9476220,0 80.1154276,12.9476907,0 80.1154963,12.9477366,0 80.1155193,12.9478279,0 80.1155651,12.9478509,0 80.1156110,12.9479880,0 80.1156339,12.9479881,0 80.1156339,12.9481021,0 80.1155653,12.9481703,0 80.1155653,12.9482159,0 80.1154966,12.9482613,0 80.1154509,12.9483751,0 80.1153822,12.9484205,0 80.1153823,12.9484661,0 80.1153136,12.9485114,0 80.1153136,12.9485571,0 80.1152450,12.9486024,0 80.1152450,12.9486480,0 80.1151535,12.9487389,0 80.1151535,12.9488302,0 80.1152223,12.9489673,0 80.1152453,12.9490815,0 80.1154743,12.9492193,0 80.1154972,12.9492650,0 80.1157720,12.9493802,0 80.1157720,12.9493574,0 80.1159094,12.9493580,0 80.1159094,12.9493352,0 80.1161613,12.9493362,0 80.1162300,12.9493593,0 80.1162987,12.9494964,0 80.1163217,12.9495878,0 80.1163219,12.9499300,0 80.1163448,12.9499301,0 80.1163448,12.9500441,0 80.1164136,12.9501813,0 80.1164823,12.9501588,0 80.1166426,12.9501594,0 80.1167112,12.9501369,0 80.1168028,12.9500460,0 80.1169859,12.9500240,0 80.1170317,12.9500470,0 80.1171004,12.9499788,0 80.1172148,12.9499793,0 80.1172148,12.9499565,0 80.1173522,12.9499570,0 80.1173522,12.9499342,0 80.1175125,12.9499349,0 80.1175811,12.9498896,0 80.1176727,12.9498899,0 80.1178101,12.9498221,0 80.1179016,12.9498224,0 80.1180390,12.9497546,0 80.1181306,12.9497550,0 80.1182679,12.9496871,0 80.1183595,12.9496875,0 80.1184968,12.9496196,0 80.1185884,12.9496200,0 80.1187257,12.9495521,0 80.1188173,12.9495525,0 80.1189547,12.9494846,0 80.1190462,12.9494850,0 80.1190920,12.9494395,0 80.1192065,12.9494172,0 80.1194812,12.9493499,0 80.1196872,12.9492595,0 80.1197788,12.9492599,0 80.1198474,12.9492145,0 80.1199390,12.9492149,0 80.1200077,12.9491696,0 80.1200993,12.9491700,0 80.1202366,12.9491021,0 80.1203282,12.9491025,0 80.1204655,12.9490346,0 80.1205571,12.9490350,0 80.1206945,12.9489671,0 80.1207860,12.9489675,0 80.1208547,12.9489221,0 80.1209463,12.9489225,0 80.1210836,12.9488547,0 80.1211752,12.9488550,0 80.1213125,12.9487872,0 80.1214728,12.9487650,0 80.1215186,12.9487196,0 80.1215873,12.9487199,0 80.1216788,12.9486518,0 80.1217475,12.9486293,0 80.1218620,12.9486297,0 80.1219077,12.9486071,0 80.1219765,12.9487443,0 80.1220223,12.9487673,0 80.1220224,12.9488357,0 80.1220911,12.9488816,0 80.1220911,12.9489272,0 80.1222743,12.9489280,0 80.1224574,12.9488603,0 80.1225719,12.9488608,0 80.1225719,12.9488380,0 80.1226863,12.9488385,0 80.1227779,12.9487932,0 80.1228924,12.9487937,0 80.1229839,12.9487484,0 80.1230984,12.9487489,0 80.1231900,12.9487037,0 80.1233045,12.9487041,0 80.1233960,12.9486589,0 80.1235105,12.9486594,0 80.1236021,12.9486141,0 80.1236936,12.9486145,0 80.1238081,12.9485922,0 80.1238081,12.9485693,0 80.1239226,12.9485698,0 80.1239226,12.9485470,0 80.1240370,12.9485475,0 80.1241286,12.9485022,0 80.1242431,12.9485027,0 80.1243346,12.9484575,0 80.1244491,12.9484579,0 80.1245407,12.9484127,0 80.1246552,12.9484132,0 80.1248383,12.9483455,0 80.1249528,12.9483459,0 80.1250443,12.9483007,0 80.1251588,12.9483012,0 80.1251588,12.9482784,0 80.1252733,12.9482788,0 80.1253648,12.9482336,0 80.1254793,12.9482341,0 80.1255709,12.9481888,0 80.1256853,12.9481893,0 80.1256853,12.9481665,0 80.1257998,12.9481669,0 80.1258914,12.9481217,0 80.1260059,12.9481222,0 80.1260974,12.9480769,0 80.1262577,12.9480548,0 80.1263263,12.9480094,0 80.1263263,12.9479638,0 80.1264178,12.9478957,0 80.1264178,12.9478501,0 80.1265094,12.9477821,0 80.1265093,12.9477364,0 80.1266009,12.9476684,0 80.1266009,12.9476228,0 80.1266924,12.9475547,0 80.1266924,12.9475091,0 80.1268068,12.9474183,0 80.1268068,12.9473727,0 80.1268983,12.9473046,0 80.1268983,12.9472590,0 80.1270127,12.9471682,0 80.1270127,12.9471226,0 80.1271042,12.9470545,0 80.1271042,12.9470089,0 80.1272186,12.9469181,0 80.1272186,12.9468725,0 80.1273102,12.9468044,0 80.1273101,12.9467588,0 80.1274017,12.9466908,0 80.1274016,12.9466451,0 80.1274932,12.9465771,0 80.1274932,12.9465314,0 80.1276763,12.9463953,0 80.1277678,12.9462816,0 80.1278136,12.9462818,0 80.1280195,12.9460089,0 80.1280881,12.9459636,0 80.1284084,12.9454402,0 80.1284770,12.9453949,0 80.1286143,12.9451445,0 80.1287516,12.9450538,0 80.1288889,12.9450316,0 80.1289347,12.9449862,0 80.1292094,12.9449189,0 80.1292552,12.9448734,0 80.1295986,12.9447836,0 80.1296443,12.9447382,0 80.1298275,12.9447161,0 80.1298275,12.9446933,0 80.1299420,12.9446938,0 80.1300335,12.9446485,0 80.1301480,12.9446490,0 80.1302396,12.9446037,0 80.1303540,12.9446042,0 80.1305372,12.9445365,0 80.1306517,12.9445370,0 80.1307432,12.9444918,0 80.1308577,12.9444922,0 80.1309493,12.9444470,0 80.1310637,12.9444475,0 80.1311553,12.9444022,0 80.1312698,12.9444027,0 80.1312698,12.9443799,0 80.1313842,12.9443803,0 80.1313843,12.9444031,0 80.1314987,12.9444036,0 80.1314987,12.9444264,0 80.1316132,12.9444269,0 80.1316132,12.9444497,0 80.1318422,12.9444507,0 80.1318422,12.9444279,0 80.1320025,12.9444285,0 80.1320024,12.9444057,0 80.1321169,12.9444062,0 80.1322314,12.9444523,0 80.1323687,12.9442703,0 80.1324602,12.9441795,0 80.1326434,12.9441802,0 80.1326434,12.9442030,0 80.1327579,12.9442035,0 80.1327579,12.9442263,0 80.1328724,12.9442268,0 80.1329640,12.9442728,0 80.1330785,12.9442733,0 80.1330785,12.9442961,0 80.1333304,12.9442971,0 80.1333532,12.9442516,0 80.1338568,12.9440256,0 80.1339255,12.9439802,0 80.1339941,12.9438664,0 80.1340628,12.9438211,0 80.1341314,12.9438214,0 80.1342688,12.9437307,0 80.1343375,12.9437310,0 80.1343832,12.9436855,0 80.1344519,12.9436858,0 80.1345664,12.9437547,0 80.1347038,12.9437553,0 80.1347953,12.9436644,0 80.1348411,12.9436646,0 80.1348869,12.9435964,0 80.1349327,12.9435966,0 80.1350700,12.9434374,0 80.1352073,12.9433924,0 80.1352072,12.9432099,0 80.1351842,12.9431185,0 80.1350238,12.9428441,0 80.1349322,12.9427981,0 80.1348406,12.9427977,0 80.1347031,12.9425462,0 80.1346344,12.9425003,0 80.1343135,12.9419743,0 80.1342448,12.9419284,0 80.1338781,12.9413338,0 80.1338094,12.9412879,0 80.1338094,12.9412422,0 80.1335803,12.9409447,0 80.1335573,12.9408534,0 80.1334886,12.9408075,0 80.1334886,12.9407619,0 80.1334198,12.9407159,0 80.1334198,12.9406703,0 80.1333282,12.9405787,0 80.1333052,12.9404874,0 80.1332365,12.9404414,0 80.1331448,12.9402586,0 80.1330761,12.9402127,0 80.1327553,12.9396866,0 80.1326865,12.9396407,0 80.1323657,12.9391147,0 80.1322970,12.9390688,0 80.1319761,12.9385428,0 80.1319074,12.9384969,0 80.1316324,12.9380395,0 80.1314950,12.9380161,0 80.1314034,12.9379701,0 80.1312889,12.9378784,0 80.1312659,12.9377871,0 80.1311284,12.9376268,0 80.1311055,12.9375355,0 80.1309680,12.9373752,0 80.1309451,12.9372839,0 80.1308763,12.9372151,0 80.1308992,12.9371240,0 80.1308991,12.9369643,0 80.1308533,12.9369413,0 80.1308074,12.9368271,0 80.1307387,12.9367811,0 80.1304179,12.9362551,0 80.1303491,12.9362092,0 80.1300283,12.9356832,0 80.1299596,12.9356373,0 80.1296387,12.9351113,0 80.1295700,12.9350654,0 80.1292033,12.9344936,0 80.1291574,12.9342881,0 80.1291345,12.9342652,0 80.1289971,12.9342418,0 80.1289513,12.9341960,0 80.1288368,12.9341727,0 80.1287681,12.9340811,0 80.1287223,12.9340810,0 80.1286535,12.9339894,0 80.1286077,12.9339892,0 80.1285161,12.9338748,0 80.1284703,12.9338746,0 80.1284016,12.9337831,0 80.1283558,12.9337829,0 80.1282870,12.9336913,0 80.1282412,12.9336912,0 80.1281725,12.9335996,0 80.1281267,12.9335994,0 80.1280579,12.9335079,0 80.1280122,12.9335077,0 80.1279434,12.9334162,0 80.1278976,12.9334160,0 80.1278060,12.9333015,0 80.1277602,12.9333014,0 80.1276914,12.9332098,0 80.1276456,12.9332096,0 80.1275769,12.9331181,0 80.1275311,12.9331179,0 80.1274624,12.9330264,0 80.1274166,12.9330262,0 80.1273478,12.9329347,0 80.1273020,12.9329345,0 80.1272333,12.9328429,0 80.1271875,12.9328427,0 80.1270959,12.9327283,0 80.1270501,12.9327281,0 80.1269813,12.9326366,0 80.1269355,12.9326364,0 80.1268897,12.9325678,0 80.1268439,12.9325676,0 80.1267981,12.9324989,0 80.1267523,12.9324988,0 80.1266377,12.9323614,0 80.1265919,12.9323612,0 80.1265232,12.9322697,0 80.1264774,12.9322695,0 80.1263857,12.9321551,0 80.1263400,12.9321549,0 80.1262483,12.9320404,0 80.1262025,12.9320402,0 80.1260650,12.9318800,0 80.1260192,12.9318798,0 80.1258818,12.9317195,0 80.1258360,12.9317194,0 80.1257214,12.9315820,0 80.1256756,12.9315818,0 80.1255382,12.9314216,0 80.1254924,12.9314214,0 80.1253549,12.9312611,0 80.1253091,12.9312609,0 80.1251945,12.9311236,0 80.1251488,12.9311234,0 80.1250113,12.9309631,0 80.1249655,12.9309629,0 80.1248509,12.9308256,0 80.1248051,12.9308254,0 80.1246677,12.9306652,0 80.1246219,12.9306650,0 80.1244844,12.9305047,0 80.1244386,12.9305045,0 80.1243241,12.9303672,0 80.1242783,12.9303670,0 80.1241408,12.9302067,0 80.1240950,12.9302065,0 80.1239575,12.9300463,0 80.1239117,12.9300461,0 80.1237972,12.9299088,0 80.1237514,12.9299086,0 80.1236139,12.9297483,0 80.1235681,12.9297481,0 80.1234307,12.9295879,0 80.1233849,12.9295877,0 80.1232703,12.9294503,0 80.1232245,12.9294501,0 80.1230870,12.9292899,0 80.1230412,12.9292897,0 80.1229267,12.9291523,0 80.1228809,12.9291522,0 80.1227205,12.9289690,0 80.1226747,12.9289688,0 80.1224456,12.9287169,0 80.1223998,12.9287167,0 80.1222853,12.9285794,0 80.1222395,12.9285792,0 80.1222165,12.9285107,0 80.1220562,12.9283731,0 80.1220104,12.9283501,0 80.1217125,12.9280295,0 80.1216667,12.9280293,0 80.1213689,12.9277087,0 80.1213231,12.9277085,0 80.1210253,12.9273879,0 80.1209795,12.9273878,0 80.1206129,12.9269984,0 80.1205900,12.9268843,0 80.1205213,12.9268612,0 80.1204754,12.9267925,0 80.1203609,12.9267693,0 80.1202693,12.9267233,0 80.1201089,12.9265401,0 80.1200402,12.9265398,0 80.1199944,12.9264940,0 80.1198799,12.9264935,0 80.1198570,12.9264250,0 80.1197654,12.9263562,0 80.1197425,12.9262876,0 80.1196967,12.9262875,0 80.1196508,12.9262188,0 80.1195363,12.9261727,0 80.1194905,12.9261041,0 80.1193760,12.9260580,0 80.1193301,12.9259894,0 80.1190782,12.9258515,0 80.1190324,12.9257828,0 80.1189179,12.9257367,0 80.1188720,12.9256681,0 80.1186888,12.9255761,0 80.1186430,12.9255075,0 80.1185285,12.9254614,0 80.1184826,12.9253928,0 80.1183681,12.9253467,0 80.1183223,12.9252780,0 80.1181391,12.9251860,0 80.1180933,12.9251174,0 80.1179787,12.9250713,0 80.1179329,12.9250027,0 80.1177497,12.9249107,0 80.1177039,12.9248420,0 80.1175206,12.9247500,0 80.1174748,12.9246814,0 80.1173603,12.9246353,0 80.1173145,12.9245667,0 80.1171312,12.9244747,0 80.1170854,12.9244061,0 80.1169709,12.9243600,0 80.1169251,12.9242913,0 80.1167418,12.9241993,0 80.1166960,12.9241307,0 80.1164441,12.9239928,0 80.1163524,12.9238783,0 80.1163295,12.9238782,0 80.1161691,12.9236951,0 80.1161234,12.9236949,0 80.1160317,12.9235805,0 80.1159859,12.9235803,0 80.1159172,12.9234887,0 80.1158714,12.9234885,0 80.1158255,12.9234199,0 80.1157798,12.9234197,0 80.1157110,12.9233282,0 80.1156652,12.9233280,0 80.1155965,12.9232365,0 80.1155507,12.9232363,0 80.1154819,12.9231448,0 80.1154362,12.9231446,0 80.1153674,12.9230530,0 80.1153216,12.9230528,0 80.1152529,12.9229613,0 80.1152071,12.9229611,0 80.1151383,12.9228696,0 80.1150926,12.9228694,0 80.1150238,12.9227779,0 80.1149780,12.9227777,0 80.1149093,12.9226861,0 80.1148635,12.9226860,0 80.1147947,12.9225944,0 80.1147489,12.9225942,0 80.1146802,12.9225027,0 80.1146344,12.9225025,0 80.1145657,12.9224110,0 80.1145199,12.9224108,0 80.1144511,12.9223192,0 80.1144053,12.9223191,0 80.1143366,12.9222275,0 80.1142908,12.9222273,0 80.1142221,12.9221358,0 80.1141763,12.9221356,0 80.1140846,12.9220212,0 80.1140388,12.9220210,0 80.1139701,12.9219295,0 80.1138785,12.9219063,0 80.1137410,12.9217460,0 80.1135807,12.9216541,0 80.1133974,12.9214480,0 80.1133516,12.9214478,0 80.1132829,12.9213563,0 80.1132371,12.9213561,0 80.1131225,12.9212188,0 80.1130767,12.9212186,0 80.1130080,12.9211270,0 80.1129622,12.9211269,0 80.1128705,12.9210124,0 80.1128248,12.9210122,0 80.1127331,12.9208978,0 80.1126873,12.9208976,0 80.1125957,12.9207832,0 80.1125499,12.9207830,0 80.1124582,12.9206685,0 80.1124124,12.9206683,0 80.1123437,12.9205768,0 80.1122979,12.9205766,0 80.1122062,12.9204622,0 80.1121604,12.9204620,0 80.1120688,12.9203475,0 80.1120230,12.9203474,0 80.1119314,12.9202329,0 80.1118856,12.9202327,0 80.1117939,12.9201183,0 80.1117481,12.9201181,0 80.1116794,12.9200266,0 80.1116336,12.9200264,0 80.1115419,12.9199119,0 80.1114961,12.9199117,0 80.1114274,12.9198202,0 80.1113129,12.9197741,0 80.1112442,12.9197966,0 80.1111527,12.9198647,0 80.1110382,12.9198642,0 80.1110382,12.9198414,0 80.1108779,12.9197495,0 80.1107862,12.9196579,0 80.1107404,12.9196577,0 80.1106030,12.9194974,0 80.1105114,12.9194742,0 80.1104426,12.9193827,0 80.1103968,12.9193825,0 80.1103281,12.9192910,0 80.1102823,12.9192908,0 80.1102135,12.9191993,0 80.1101678,12.9191991,0 80.1100990,12.9191075,0 80.1100532,12.9191073,0 80.1099845,12.9190158,0 80.1099387,12.9190156,0 80.1098699,12.9189241,0 80.1098241,12.9189239,0 80.1097554,12.9188324,0 80.1097096,12.9188322,0 80.1096409,12.9187406,0 80.1095951,12.9187405,0 80.1095263,12.9186489,0 80.1094805,12.9186487,0 80.1094118,12.9185572,0 80.1093660,12.9185570,0 80.1092973,12.9184655,0 80.1092515,12.9184653,0 80.1091827,12.9183738,0 80.1091369,12.9183736,0 80.1090682,12.9182820,0 80.1090224,12.9182818,0 80.1089537,12.9181903,0 80.1089079,12.9181901,0 80.1088391,12.9180986,0 80.1087933,12.9180984,0 80.1087246,12.9180069,0 80.1086788,12.9180067,0 80.1086101,12.9179151,0 80.1084956,12.9178690,0 80.1084497,12.9178004,0 80.1084039,12.9178002,0 80.1083581,12.9177316,0 80.1083123,12.9177314,0 80.1082665,12.9176628,0 80.1081520,12.9176167,0 80.1081061,12.9175481,0 80.1080603,12.9175479,0 80.1080145,12.9174792,0 80.1079687,12.9174791,0 80.1079229,12.9174104,0 80.1078084,12.9173643,0 80.1077625,12.9172957,0 80.1077168,12.9172955,0 80.1076709,12.9172269,0 80.1076251,12.9172267,0 80.1075793,12.9171581,0 80.1074648,12.9171120,0 80.1074190,12.9170434,0 80.1073732,12.9170432,0 80.1073273,12.9169745,0 80.1072815,12.9169743,0 80.1069379,12.9166079,0 80.1068921,12.9166077,0 80.1065484,12.9162413,0 80.1065026,12.9162411,0 80.1061590,12.9158747,0 80.1061132,12.9158745,0 80.1057925,12.9155310,0 80.1057467,12.9155308,0 80.1052426,12.9150041,0 80.1051968,12.9150039,0 80.1051052,12.9149122,0 80.1049678,12.9148661,0 80.1049449,12.9148203,0 80.1049448,12.9147063,0 80.1048303,12.9146602,0 80.1047616,12.9145686,0 80.1047158,12.9145685,0 80.1046699,12.9144998,0 80.1045325,12.9144536,0 80.1045096,12.9143623,0 80.1044180,12.9142935,0 80.1043950,12.9142478,0 80.1041430,12.9139730,0 80.1040972,12.9139728,0 80.1039827,12.9138354,0 80.1038682,12.9137893,0 80.1036849,12.9136745,0 80.1036849,12.9136289,0 80.1036162,12.9135830,0 80.1035017,12.9135825,0 80.1034330,12.9135366,0 80.1034558,12.9134454,0 80.1034557,12.9132401,0 80.1034328,12.9131488,0 80.1033411,12.9130800,0 80.1032725,12.9130797,0 80.1032266,12.9130339,0 80.1030892,12.9130105,0 80.1030205,12.9129646,0 80.1029747,12.9128960,0 80.1028144,12.9128953,0 80.1028144,12.9128725,0 80.1026770,12.9127807,0 80.1026540,12.9127121,0 80.1026540,12.9125981,0 80.1026310,12.9125295,0 80.1024478,12.9124375,0 80.1023562,12.9123003,0 80.1023104,12.9123001,0 80.1020813,12.9120938,0 80.1020583,12.9120253,0 80.1021956,12.9118206,0</coordinates></LinearRing></outerBoundaryIs></Polygon></MultiGeometry></Placemark>
<Placemark><name>EAST TAMBARAM</name><ExtendedData><SchemaData schemaUrl="#tambaram_zones"><SimpleData name="Region">TAMBARAM</SimpleData><SimpleData name="ZONE">V</SimpleData><SimpleData name="ZONE_NAME">EAST TAMBARAM</SimpleData></SchemaData></ExtendedData><MultiGeometry><Polygon><outerBoundaryIs><LinearRing><coordinates>80.1023562,12.9123003,0 80.1024478,12.9124375,0 80.1026310,12.9125295,0 80.1026540,12.9125981,0 80.1026540,12.9127121,0 80.1026770,12.9127807,0 80.1028144,12.9128725,0 80.1028144,12.9128953,0 80.1029747,12.9128960,0 80.1030205,12.9129646,0 80.1030892,12.9130105,0 80.1032266,12.9130339,0 80.1032725,12.9130797,0 80.1033411,12.9130800,0 80.1034328,12.9131488,0 80.1034557,12.9132401,0 80.1034558,12.9134454,0 80.1034330,12.9135366,0 80.1035017,12.9135825,0 80.1036162,12.9135830,0 80.1036849,12.9136289,0 80.1036849,12.9136745,0 80.1038682,12.9137893,0 80.1039827,12.9138354,0 80.1040972,12.9139728,0 80.1041430,12.9139730,0 80.1043950,12.9142478,0 80.1044180,12.9142935,0 80.1045096,12.9143623,0 80.1045325,12.9144536,0 80.1046699,12.9144998,0 80.1047158,12.9145685,0 80.1047616,12.9145686,0 80.1048303,12.9146602,0 80.1049448,12.9147063,0 80.1049449,12.9148203,0 80.1049678,12.9148661,0 80.1051052,12.9149122,0 80.1051968,12.9150039,0 80.1052426,12.9150041,0 80.1057467,12.9155308,0 80.1057925,12.9155310,0 80.1061132,12.9158745,0 80.1061590,12.9158747,0 80.1065026,12.9162411,0 80.1065484,12.9162413,0 80.1068921,12.9166077,0 80.1069379,12.9166079,0 80.1072815,12.9169743,0 80.1073273,12.9169745,0 80.1073732,12.9170432,0 80.1074190,12.9170434,0 80.1074648,12.9171120,0 80.1075793,12.9171581,0 80.1076251,12.9172267,0 80.1076709,12.9172269,0 80.1077168,12.9172955,0 80.1077625,12.9172957,0 80.1078084,12.9173643,0 80.1079229,12.9174104,0 80.1079687,12.9174791,0 80.1080145,12.9174792,0 80.1080603,12.9175479,0 80.1081061,12.9175481,0 80.1081520,12.9176167,0 80.1082665,12.9176628,0 80.1083123,12.9177314,0 80.1083581,12.9177316,0 80.1084039,12.9178002,0 80.1084497,12.9178004,0 80.1084956,12.9178690,0 80.1086101,12.9179151,0 80.1086788,12.9180067,0 80.1087246,12.9180069,0 80.1087933,12.9180984,0 80.1088391,12.9180986,0 80.1089079,12.9181901,0 80.1089537,12.9181903,0 80.1090224,12.9182818,0 80.1090682,12.9182820,0 80.1091369,12.9183736,0 80.1091827,12.9183738,0 80.1092515,12.9184653,0 80.1092973,12.9184655,0 80.1093660,12.9185570,0 80.1094118,12.9185572,0 80.1094805,12.9186487,0 80.1095263,12.9186489,0 80.1095951,12.9187405,0 80.1096409,12.9187406,0 80.1097096,12.9188322,0 80.1097554,12.9188324,0 80.1098241,12.9189239,0 80.1098699,12.9189241,0 80.1099387,12.9190156,0 80.1099845,12.9190158,0 80.1100532,12.9191073,0 80.1100990,12.9191075,0 80.1101678,12.9191991,0 80.1102135,12.9191993,0 80.1102823,12.9192908,0 80.1103281,12.9192910,0 80.1103968,12.9193825,0 80.1104426,12.9193827,0 80.1105114,12.9194742,0 80.1106030,12.9194974,0 80.1107404,12.9196577,0 80.1107862,12.9196579,0 80.1108779,12.9197495,0 80.1110382,12.9198414,0 80.1110382,12.9198642,0 80.1111527,12.9198647,0 80.1112442,12.9197966,0 80.1113129,12.9197741,0 80.1114274,12.9198202,0 80.1114961,12.9199117,0 80.1115419,12.9199119,0 80.1116336,12.9200264,0 80.1116794,12.9200266,0 80.1117481,12.9201181,0 80.1117939,12.9201183,0 80.1118856,12.9202327,0 80.1119314,12.9202329,0 80.1120230,12.9203474,0 80.1120688,12.9203475,0 80.1121604,12.9204620,0 80.1122062,12.9204622,0 80.1122979,12.9205766,0 80.1123437,12.9205768,0 80.1124124,12.9206683,0 80.1124582,12.9206685,0 80.1125499,12.9207830,0 80.1125957,12.9207832,0 80.1126873,12.9208976,0 80.1127331,12.9208978,0 80.1128248,12.9210122,0 80.1128705,12.9210124,0 80.1129622,12.9211269,0 80.1130080,12.9211270,0 80.1130767,12.9212186,0 80.1131225,12.9212188,0 80.1132371,12.9213561,0 80.1132829,12.9213563,0 80.1133516,12.9214478,0 80.1133974,12.9214480,0 80.1135807,12.9216541,0 80.1137410,12.9217460,0 80.1138785,12.9219063,0 80.1139701,12.9219295,0 80.1140388,12.9220210,0 80.1140846,12.9220212,0 80.1141763,12.9221356,0 80.1142221,12.9221358,0 80.1142908,12.9222273,0 80.1143366,12.9222275,0 80.1144053,12.9223191,0 80.1144511,12.9223192,0 80.1145199,12.9224108,0 80.1145657,12.9224110,0 80.1146344,12.9225025,0 80.1146802,12.9225027,0 80.1147489,12.9225942,0 80.1147947,12.9225944,0 80.1148635,12.9226860,0 80.1149093,12.9226861,0 80.1149780,12.9227777,0 80.1150238,12.9227779,0 80.1150926,12.9228694,0 80.1151383,12.9228696,0 80.1152071,12.9229611,0 80.1152529,12.9229613,0 80.1153216,12.9230528,0 80.1153674,12.9230530,0 80.1154362,12.9231446,0 80.1154819,12.9231448,0 80.1155507,12.9232363,0 80.1155965,12.9232365,0 80.1156652,12.9233280,0 80.1157110,12.9233282,0 80.1157798,12.9234197,0 80.1158255,12.9234199,0 80.1158714,12.9234885,0 80.1159172,12.9234887,0 80.1159859,12.9235803,0 80.1160317,12.9235805,0 80.1161234,12.9236949,0 80.1161691,12.9236951,0 80.1163295,12.9238782,0 80.1163524,12.9238783,0 80.1164441,12.9239928,0 80.1166960,12.9241307,0 80.1167418,12.9241993,0 80.1169251,12.9242913,0 80.1169709,12.9243600,0 80.1170854,12.9244061,0 80.1171312,12.9244747,0 80.1173145,12.9245667,0 80.1173603,12.9246353,0 80.1174748,12.9246814,0 80.1175206,12.9247500,0 80.1177039,12.9248420,0 80.1177497,12.9249107,0 80.1179329,12.9250027,0 80.1179787,12.9250713,0 80.1180933,12.9251174,0 80.1181391,12.9251860,0 80.1183223,12.9252780,0 80.1183681,12.9253467,0 80.1184826,12.9253928,0 80.1185285,12.9254614,0 80.1186430,12.9255075,0 80.1186888,12.9255761,0 80.1188720,12.9256681,0 80.1189179,12.9257367,0 80.1190324,12.9257828,0 80.1190782,12.9258515,0 80.1193301,12.9259894,0 80.1193760,12.9260580,0 80.1194905,12.9261041,0 80.1195363,12.9261727,0 80.1196508,12.9262188,0 80.1196967,12.9262875,0 80.1197425,12.9262876,0 80.1197654,12.9263562,0 80.1198570,12.9264250,0 80.1198799,12.9264935,0 80.1199944,12.9264940,0 80.1200402,12.9265398,0 80.1201089,12.9265401,0 80.1202693,12.9267233,0 80.1203609,12.9267693,0 80.1204754,12.9267925,0 80.1205213,12.9268612,0 80.1205900,12.9268843,0 80.1206129,12.9269984,0 80.1209795,12.9273878,0 80.1210253,12.9273879,0 80.1213231,12.9277085,0 80.1213689,12.9277087,0 80.1216667,12.9280293,0 80.1217125,12.9280295,0 80.1220104,12.9283501,0 80.1220562,12.9283731,0 80.1222165,12.9285107,0 80.1222395,12.9285792,0 80.1222853,12.9285794,0 80.1223998,12.9287167,0 80.1224456,12.9287169,0 80.1226747,12.9289688,0 80.1227205,12.9289690,0 80.1228809,12.9291522,0 80.1229267,12.9291523,0 80.1230412,12.9292897,0 80.1230870,12.9292899,0 80.1232245,12.9294501,0 80.1232703,12.9294503,0 80.1233849,12.9295877,0 80.1234307,12.9295879,0 80.1235681,12.9297481,0 80.1236139,12.9297483,0 80.1237514,12.9299086,0 80.1237972,12.9299088,0 80.1239117,12.9300461,0 80.1239575,12.9300463,0 80.1240950,12.9302065,0 80.1241408,12.9302067,0 80.1242783,12.9303670,0 80.1243241,12.9303672,0 80.1244386,12.9305045,0 80.1244844,12.9305047,0 80.1246219,12.9306650,0 80.1246677,12.9306652,0 80.1248051,12.9308254,0 80.1248509,12.9308256,0 80.1249655,12.9309629,0 80.1250113,12.9309631,0 80.1251488,12.9311234,0 80.1251945,12.9311236,0 80.1253091,12.9312609,0 80.1253549,12.9312611,0 80.1254924,12.9314214,0 80.1255382,12.9314216,0 80.1256756,12.9315818,0 80.1257214,12.9315820,0 80.1258360,12.9317194,0 80.1258818,12.9317195,0 80.1260192,12.9318798,0 80.1260650,12.9318800,0 80.1262025,12.9320402,0 80.1262483,12.9320404,0 80.1263400,12.9321549,0 80.1263857,12.9321551,0 80.1264774,12.9322695,0 80.1265232,12.9322697,0 80.1265919,12.9323612,0 80.1266377,12.9323614,0 80.1267523,12.9324988,0 80.1267981,12.9324989,0 80.1268439,12.9325676,0 80.1268897,12.9325678,0 80.1269355,12.9326364,0 80.1269813,12.9326366,0 80.1270501,12.9327281,0 80.1270959,12.9327283,0 80.1271875,12.9328427,0 80.1272333,12.9328429,0 80.1273020,12.9329345,0 80.1273478,12.9329347,0 80.1274166,12.9330262,0 80.1274624,12.9330264,0 80.1275311,12.9331179,0 80.1275769,12.9331181,0 80.1276456,12.9332096,0 80.1276914,12.9332098,0 80.1277602,12.9333014,0 80.1278060,12.9333015,0 80.1278976,12.9334160,0 80.1279434,12.9334162,0 80.1280122,12.9335077,0 80.1280579,12.9335079,0 80.1281267,12.9335994,0 80.1281725,12.9335996,0 80.1282412,12.9336912,0 80.1282870,12.9336913,0 80.1283558,12.9337829,0 80.1284016,12.9337831,0 80.1284703,12.9338746,0 80.1285161,12.9338748,0 80.1286077,12.9339892,0 80.1286535,12.9339894,0 80.1287223,12.9340810,0 80.1287681,12.9340811,0 80.1288368,12.9341727,0 80.1289513,12.9341960,0 80.1289971,12.9342418,0 80.1291345,12.9342652,0 80.1291574,12.9342881,0 80.1292032,12.9342426,0 80.1293405,12.9342204,0 80.1293634,12.9341977,0 80.1295008,12.9341982,0 80.1295008,12.9341754,0 80.1297298,12.9341764,0 80.1297297,12.9341535,0 80.1299587,12.9341545,0 80.1299587,12.9341317,0 80.1301876,12.9341326,0 80.1301876,12.9341098,0 80.1304166,12.9341108,0 80.1304166,12.9340879,0 80.1306455,12.9340889,0 80.1306455,12.9340661,0 80.1307829,12.9340666,0 80.1308516,12.9340897,0 80.1309432,12.9341586,0 80.1311264,12.9341365,0 80.1311951,12.9340912,0 80.1318361,12.9339569,0 80.1320421,12.9338893,0 80.1321336,12.9337985,0 80.1322252,12.9337760,0 80.1322709,12.9337078,0 80.1324541,12.9336401,0 80.1325227,12.9335948,0 80.1325456,12.9334808,0 80.1327973,12.9333450,0 80.1328660,12.9332540,0 80.1329118,12.9332542,0 80.1329804,12.9331860,0 80.1331178,12.9331638,0 80.1331864,12.9330956,0 80.1332780,12.9330732,0 80.1333695,12.9329823,0 80.1334153,12.9329825,0 80.1337814,12.9325962,0 80.1338043,12.9325507,0 80.1338958,12.9324826,0 80.1339416,12.9324144,0 80.1339644,12.9323232,0 80.1340560,12.9322324,0 80.1340788,12.9321412,0 80.1341703,12.9320503,0 80.1341703,12.9320047,0 80.1342390,12.9319594,0 80.1342847,12.9318455,0 80.1343534,12.9318002,0 80.1344448,12.9316180,0 80.1345135,12.9315727,0 80.1345592,12.9314588,0 80.1346279,12.9314135,0 80.1347651,12.9311631,0 80.1348338,12.9311178,0 80.1348795,12.9310039,0 80.1349482,12.9309586,0 80.1349939,12.9308447,0 80.1350397,12.9308221,0 80.1350625,12.9307537,0 80.1350625,12.9306168,0 80.1350854,12.9306169,0 80.1350851,12.9302519,0 80.1351080,12.9301608,0 80.1351537,12.9299557,0 80.1350849,12.9298185,0 80.1350848,12.9297044,0 80.1351534,12.9295907,0 80.1351533,12.9292941,0 80.1351762,12.9292942,0 80.1351757,12.9284958,0 80.1352901,12.9283137,0 80.1353129,12.9282454,0 80.1354274,12.9282230,0 80.1356105,12.9281097,0 80.1356792,12.9281100,0 80.1359538,12.9279515,0 80.1360225,12.9279518,0 80.1361141,12.9278837,0 80.1362057,12.9278841,0 80.1362743,12.9278387,0 80.1363659,12.9278391,0 80.1364346,12.9277938,0 80.1365262,12.9277941,0 80.1365948,12.9277488,0 80.1366864,12.9277492,0 80.1367551,12.9277038,0 80.1369382,12.9276818,0 80.1373044,12.9274095,0 80.1373960,12.9273643,0 80.1375104,12.9273648,0 80.1376707,12.9274111,0 80.1377623,12.9273430,0 80.1378080,12.9272519,0 80.1378079,12.9271151,0 80.1378994,12.9269558,0 80.1381055,12.9268882,0 80.1381054,12.9268654,0 80.1382199,12.9268658,0 80.1382886,12.9269346,0 80.1384260,12.9269579,0 80.1384260,12.9269351,0 80.1385863,12.9269358,0 80.1386321,12.9268903,0 80.1388152,12.9268911,0 80.1389068,12.9268687,0 80.1389755,12.9269374,0 80.1393648,12.9269390,0 80.1393648,12.9269162,0 80.1396853,12.9269175,0 80.1397082,12.9268720,0 80.1397997,12.9268495,0 80.1398226,12.9268040,0 80.1400057,12.9267363,0 80.1403263,12.9267377,0 80.1404179,12.9268293,0 80.1406240,12.9268301,0 80.1406240,12.9268529,0 80.1408072,12.9268537,0 80.1408301,12.9268766,0 80.1409446,12.9268771,0 80.1410362,12.9269231,0 80.1411278,12.9269235,0 80.1414026,12.9270387,0 80.1415628,12.9270393,0 80.1415628,12.9270165,0 80.1420437,12.9270185,0 80.1420666,12.9270642,0 80.1421582,12.9270874,0 80.1422956,12.9272020,0 80.1425246,12.9272486,0 80.1425933,12.9272945,0 80.1427765,12.9273181,0 80.1428452,12.9273640,0 80.1431429,12.9273652,0 80.1431429,12.9273880,0 80.1432574,12.9273885,0 80.1433490,12.9275258,0 80.1434406,12.9275946,0 80.1436009,12.9275952,0 80.1436009,12.9276181,0 80.1437612,12.9276187,0 80.1437612,12.9276415,0 80.1439215,12.9276422,0 80.1439215,12.9276650,0 80.1440818,12.9276657,0 80.1440818,12.9276885,0 80.1442192,12.9276890,0 80.1442192,12.9277119,0 80.1443795,12.9277125,0 80.1443795,12.9277353,0 80.1445168,12.9277359,0 80.1445169,12.9277587,0 80.1446542,12.9277593,0 80.1446542,12.9277821,0 80.1448145,12.9277828,0 80.1448145,12.9278056,0 80.1449748,12.9278062,0 80.1449748,12.9278290,0 80.1451122,12.9278296,0 80.1451122,12.9278524,0 80.1452725,12.9278531,0 80.1454557,12.9279223,0 80.1455015,12.9279909,0 80.1456160,12.9280142,0 80.1456160,12.9279914,0 80.1457305,12.9279918,0 80.1457305,12.9279690,0 80.1458450,12.9279695,0 80.1458449,12.9279467,0 80.1459594,12.9279472,0 80.1459594,12.9279244,0 80.1460739,12.9279248,0 80.1460739,12.9279020,0 80.1461884,12.9279025,0 80.1461883,12.9278797,0 80.1463257,12.9278802,0 80.1464173,12.9278350,0 80.1464859,12.9277440,0 80.1464859,12.9276984,0 80.1465545,12.9276303,0 80.1467606,12.9275855,0 80.1468063,12.9275400,0 80.1468750,12.9275403,0 80.1469666,12.9274723,0 80.1470124,12.9274725,0 80.1470581,12.9274042,0 80.1472413,12.9273822,0 80.1473557,12.9273142,0 80.1474244,12.9273145,0 80.1476533,12.9271785,0 80.1477220,12.9271788,0 80.1478822,12.9270426,0 80.1478820,12.9267689,0 80.1478591,12.9267688,0 80.1478590,12.9265863,0 80.1478361,12.9265862,0 80.1478360,12.9264037,0 80.1478131,12.9264036,0 80.1478130,12.9262211,0 80.1477901,12.9262210,0 80.1477900,12.9260157,0 80.1477671,12.9260156,0 80.1477670,12.9258331,0 80.1477441,12.9258330,0 80.1477440,12.9256505,0 80.1477211,12.9256504,0 80.1477210,12.9254679,0 80.1476981,12.9254678,0 80.1476980,12.9252853,0 80.1476751,12.9252852,0 80.1476750,12.9250799,0 80.1476521,12.9250798,0 80.1476519,12.9248973,0 80.1476291,12.9248972,0 80.1476289,12.9246235,0 80.1479265,12.9245334,0 80.1479265,12.9245106,0 80.1480410,12.9245111,0 80.1480409,12.9244883,0 80.1481554,12.9244888,0 80.1482470,12.9244435,0 80.1483615,12.9244440,0 80.1484530,12.9244215,0 80.1485217,12.9243762,0 80.1485904,12.9243765,0 80.1486590,12.9243083,0 80.1486589,12.9241258,0 80.1486360,12.9241257,0 80.1486360,12.9240117,0 80.1486131,12.9240116,0 80.1486130,12.9238975,0 80.1485671,12.9237376,0 80.1485213,12.9236690,0 80.1483380,12.9235086,0 80.1482921,12.9233487,0 80.1482005,12.9232114,0 80.1482004,12.9231430,0 80.1481546,12.9230972,0 80.1481545,12.9228919,0 80.1482002,12.9227780,0 80.1482689,12.9227555,0 80.1490703,12.9227588,0 80.1490703,12.9227816,0 80.1499403,12.9227852,0 80.1499403,12.9228080,0 80.1508333,12.9228117,0 80.1508333,12.9228345,0 80.1517262,12.9228382,0 80.1518634,12.9223825,0 80.1518862,12.9223826,0 80.1518862,12.9222685,0 80.1519090,12.9221774,0 80.1520006,12.9220865,0 80.1520005,12.9220409,0 80.1520692,12.9219956,0 80.1520691,12.9218815,0 80.1520462,12.9218814,0 80.1520461,12.9216076,0 80.1520690,12.9216077,0 80.1520689,12.9214937,0 80.1521146,12.9214026,0 80.1521145,12.9211517,0 80.1521374,12.9211518,0 80.1521372,12.9208780,0 80.1521601,12.9208781,0 80.1521600,12.9206044,0 80.1521829,12.9206045,0 80.1521827,12.9203079,0 80.1522056,12.9203080,0 80.1522054,12.9200114,0 80.1522283,12.9200115,0 80.1522280,12.9195553,0 80.1522509,12.9195554,0 80.1522506,12.9189394,0 80.1522735,12.9189395,0 80.1522733,12.9185745,0 80.1522962,12.9185746,0 80.1522958,12.9180499,0 80.1523187,12.9180500,0 80.1523186,12.9178903,0 80.1522958,12.9178903,0 80.1522956,12.9176849,0 80.1522727,12.9176848,0 80.1522726,12.9174795,0 80.1522497,12.9174794,0 80.1522496,12.9172741,0 80.1522267,12.9172740,0 80.1522266,12.9170915,0 80.1522037,12.9170914,0 80.1522036,12.9168861,0 80.1521807,12.9168860,0 80.1521806,12.9166807,0 80.1521577,12.9166806,0 80.1521575,12.9164753,0 80.1521347,12.9164752,0 80.1521345,12.9162927,0 80.1521116,12.9162926,0 80.1521115,12.9160645,0 80.1521344,12.9160646,0 80.1521343,12.9159277,0 80.1521572,12.9159278,0 80.1521572,12.9158138,0 80.1522258,12.9156772,0 80.1522944,12.9156318,0 80.1523860,12.9156094,0 80.1524089,12.9155639,0 80.1525462,12.9155188,0 80.1525691,12.9154733,0 80.1527064,12.9154282,0 80.1527293,12.9153827,0 80.1528667,12.9153376,0 80.1528895,12.9152921,0 80.1530269,12.9152470,0 80.1530497,12.9152015,0 80.1531413,12.9151791,0 80.1531642,12.9151335,0 80.1533015,12.9150885,0 80.1533244,12.9150430,0 80.1534618,12.9149979,0 80.1534846,12.9149524,0 80.1536220,12.9149073,0 80.1536448,12.9148618,0 80.1537822,12.9148167,0 80.1538051,12.9147712,0 80.1539424,12.9147261,0 80.1539653,12.9146806,0 80.1541026,12.9146355,0 80.1541255,12.9145900,0 80.1542629,12.9145450,0 80.1542857,12.9144994,0 80.1543773,12.9144770,0 80.1545146,12.9143407,0 80.1545604,12.9143181,0 80.1545832,12.9142269,0 80.1546747,12.9141360,0 80.1547433,12.9139538,0 80.1547891,12.9139312,0 80.1548348,12.9137945,0 80.1548806,12.9137719,0 80.1549263,12.9136352,0 80.1549721,12.9136126,0 80.1549949,12.9135214,0 80.1550407,12.9134988,0 80.1550864,12.9133621,0 80.1551322,12.9133395,0 80.1551550,12.9132483,0 80.1552008,12.9132257,0 80.1552465,12.9130890,0 80.1552923,12.9130664,0 80.1553609,12.9128842,0 80.1554067,12.9128616,0 80.1554753,12.9126793,0 80.1555210,12.9126567,0 80.1555896,12.9124745,0 80.1556354,12.9124519,0 80.1557040,12.9122697,0 80.1557498,12.9122470,0 80.1558412,12.9120193,0 80.1558870,12.9119967,0 80.1559556,12.9118145,0 80.1560013,12.9117918,0 80.1560699,12.9116096,0 80.1561157,12.9115870,0 80.1561843,12.9114048,0 80.1562301,12.9113822,0 80.1563215,12.9111544,0 80.1563673,12.9111318,0 80.1564359,12.9109496,0 80.1564817,12.9109269,0 80.1565502,12.9107447,0 80.1566646,12.9106083,0 80.1567791,12.9106088,0 80.1568707,12.9106548,0 80.1569852,12.9106553,0 80.1569852,12.9106781,0 80.1570997,12.9106786,0 80.1571913,12.9106105,0 80.1572828,12.9106109,0 80.1572829,12.9106565,0 80.1573516,12.9107252,0 80.1574203,12.9107255,0 80.1574431,12.9106800,0 80.1575118,12.9106803,0 80.1576034,12.9107263,0 80.1576264,12.9107720,0 80.1576951,12.9107723,0 80.1577408,12.9106812,0 80.1578324,12.9106816,0 80.1579698,12.9107506,0 80.1580385,12.9107509,0 80.1581301,12.9107969,0 80.1582218,12.9109113,0 80.1583362,12.9109118,0 80.1583362,12.9109346,0 80.1584736,12.9109352,0 80.1584736,12.9109580,0 80.1586110,12.9109586,0 80.1586110,12.9109814,0 80.1587255,12.9109818,0 80.1587255,12.9110047,0 80.1588629,12.9110052,0 80.1588629,12.9110280,0 80.1589774,12.9110285,0 80.1589774,12.9110513,0 80.1591148,12.9110519,0 80.1591148,12.9110747,0 80.1592293,12.9110752,0 80.1592293,12.9110980,0 80.1593667,12.9110985,0 80.1593667,12.9111214,0 80.1594812,12.9111218,0 80.1594812,12.9111446,0 80.1596185,12.9111452,0 80.1596186,12.9111680,0 80.1597559,12.9111686,0 80.1597560,12.9111914,0 80.1598704,12.9111919,0 80.1598704,12.9112147,0 80.1600078,12.9112153,0 80.1600078,12.9112381,0 80.1601223,12.9112385,0 80.1601223,12.9112614,0 80.1602597,12.9112619,0 80.1602597,12.9112847,0 80.1603742,12.9112852,0 80.1603742,12.9113080,0 80.1605116,12.9113086,0 80.1605116,12.9113314,0 80.1606261,12.9113319,0 80.1606261,12.9113547,0 80.1610153,12.9113563,0 80.1610153,12.9113791,0 80.1617938,12.9113823,0 80.1617938,12.9114051,0 80.1623891,12.9114076,0 80.1623891,12.9114304,0 80.1626410,12.9114314,0 80.1626410,12.9114543,0 80.1627784,12.9114548,0 80.1628012,12.9113865,0 80.1629156,12.9112045,0 80.1629155,12.9110904,0 80.1629613,12.9110678,0 80.1629841,12.9109082,0 80.1630299,12.9108856,0 80.1630299,12.9108171,0 80.1630756,12.9107717,0 80.1630984,12.9106121,0 80.1631442,12.9105895,0 80.1631442,12.9104982,0 80.1631899,12.9104756,0 80.1631899,12.9103843,0 80.1632357,12.9103617,0 80.1632585,12.9102477,0 80.1633043,12.9102023,0 80.1633042,12.9101339,0 80.1633500,12.9100884,0 80.1633499,12.9099972,0 80.1633957,12.9099746,0 80.1634185,12.9098606,0 80.1634643,12.9098152,0 80.1634643,12.9097239,0 80.1635100,12.9097013,0 80.1635329,12.9095873,0 80.1636015,12.9094964,0 80.1636015,12.9094279,0 80.1636701,12.9093370,0 80.1636700,12.9092457,0 80.1637387,12.9091776,0 80.1637386,12.9090863,0 80.1637844,12.9090637,0 80.1638302,12.9089726,0 80.1638301,12.9089042,0 80.1638987,12.9088132,0 80.1638987,12.9087220,0 80.1640588,12.9084717,0 80.1640588,12.9083804,0 80.1641960,12.9081757,0 80.1641960,12.9080844,0 80.1642646,12.9080163,0 80.1642646,12.9079250,0 80.1643332,12.9078569,0 80.1643332,12.9077656,0 80.1644018,12.9076975,0 80.1644018,12.9076062,0 80.1644704,12.9075381,0 80.1644704,12.9074468,0 80.1645390,12.9073787,0 80.1645389,12.9072874,0 80.1645847,12.9072192,0 80.1646075,12.9070368,0 80.1646532,12.9069685,0 80.1646989,12.9066950,0 80.1647446,12.9066267,0 80.1647674,12.9064443,0 80.1648132,12.9063761,0 80.1648360,12.9061937,0 80.1648817,12.9061254,0 80.1649273,12.9058518,0 80.1649731,12.9057836,0 80.1650187,12.9055100,0 80.1650645,12.9054418,0 80.1651101,12.9051682,0 80.1651559,12.9051000,0 80.1651786,12.9049176,0 80.1652244,12.9048493,0 80.1652472,12.9046669,0 80.1652929,12.9045987,0 80.1653157,12.9044163,0 80.1653615,12.9043480,0 80.1653843,12.9041656,0 80.1654300,12.9040974,0 80.1654529,12.9039834,0 80.1654526,12.9035043,0 80.1654297,12.9035042,0 80.1654295,12.9031849,0 80.1655211,12.9031624,0 80.1655212,12.9034134,0 80.1655899,12.9034137,0 80.1655897,12.9031399,0 80.1656584,12.9031174,0 80.1656586,12.9034139,0 80.1657502,12.9033915,0 80.1657043,12.9032544,0 80.1657042,12.9030948,0 80.1657958,12.9030723,0 80.1659102,12.9029131,0 80.1659100,12.9026394,0 80.1659329,12.9026395,0 80.1659326,12.9022060,0 80.1659097,12.9022059,0 80.1659096,12.9020462,0 80.1658867,12.9020461,0 80.1658866,12.9018636,0 80.1658637,12.9018635,0 80.1658637,12.9017267,0 80.1658407,12.9016353,0 80.1659552,12.9016130,0 80.1659781,12.9015675,0 80.1660925,12.9015679,0 80.1661383,12.9015225,0 80.1663443,12.9014777,0 80.1664359,12.9014097,0 80.1664816,12.9013186,0 80.1664816,12.9012274,0 80.1665273,12.9012047,0 80.1665502,12.9011136,0 80.1666417,12.9010227,0 80.1666646,12.9009315,0 80.1667561,12.9008407,0 80.1667789,12.9007495,0 80.1667789,12.9006355,0 80.1668018,12.9006356,0 80.1668017,12.9005215,0 80.1668246,12.9005216,0 80.1668245,12.9004075,0 80.1669619,12.9004081,0 80.1671450,12.9002948,0 80.1671679,12.9002493,0 80.1671677,12.8999527,0 80.1671906,12.8999528,0 80.1671905,12.8998387,0 80.1672134,12.8997932,0 80.1675797,12.8997947,0 80.1676485,12.8998406,0 80.1679461,12.8998418,0 80.1679461,12.8998647,0 80.1682896,12.8998661,0 80.1682896,12.8998889,0 80.1685872,12.8998901,0 80.1686788,12.8998221,0 80.1687245,12.8997310,0 80.1687930,12.8994803,0 80.1688617,12.8994806,0 80.1689075,12.8994352,0 80.1690449,12.8994129,0 80.1690906,12.8993675,0 80.1691593,12.8993678,0 80.1693653,12.8992774,0 80.1694798,12.8992779,0 80.1695714,12.8992326,0 80.1696858,12.8992331,0 80.1697316,12.8991877,0 80.1698461,12.8991881,0 80.1698461,12.8991425,0 80.1699148,12.8991428,0 80.1700063,12.8990291,0 80.1700750,12.8990294,0 80.1703038,12.8988935,0 80.1705786,12.8988946,0 80.1705786,12.8988718,0 80.1707160,12.8988723,0 80.1707159,12.8988495,0 80.1708762,12.8988502,0 80.1708762,12.8988274,0 80.1709907,12.8988050,0 80.1709906,12.8987594,0 80.1711509,12.8987601,0 80.1711509,12.8987373,0 80.1714486,12.8987385,0 80.1714485,12.8987157,0 80.1717233,12.8987168,0 80.1718606,12.8986490,0 80.1718606,12.8985805,0 80.1719064,12.8985579,0 80.1719521,12.8984212,0 80.1720437,12.8984216,0 80.1721581,12.8983536,0 80.1722955,12.8983542,0 80.1723871,12.8983318,0 80.1725931,12.8982414,0 80.1725930,12.8981729,0 80.1726388,12.8981503,0 80.1726388,12.8980590,0 80.1726845,12.8979908,0 80.1727532,12.8979683,0 80.1727989,12.8979000,0 80.1728676,12.8978775,0 80.1728905,12.8977863,0 80.1729362,12.8977865,0 80.1730734,12.8974677,0 80.1731192,12.8973995,0 80.1732566,12.8973772,0 80.1733023,12.8973318,0 80.1734626,12.8973324,0 80.1735084,12.8972870,0 80.1736457,12.8972876,0 80.1737144,12.8972422,0 80.1738060,12.8972426,0 80.1738746,12.8971973,0 80.1739662,12.8971977,0 80.1740120,12.8971522,0 80.1741036,12.8971526,0 80.1741951,12.8970389,0 80.1741950,12.8968792,0 80.1741492,12.8967878,0 80.1741491,12.8966509,0 80.1741262,12.8966508,0 80.1741261,12.8965139,0 80.1740803,12.8964225,0 80.1740802,12.8963084,0 80.1740573,12.8963083,0 80.1740572,12.8961943,0 80.1740343,12.8961942,0 80.1740343,12.8960801,0 80.1740114,12.8960800,0 80.1740111,12.8956238,0 80.1740340,12.8956239,0 80.1740335,12.8947798,0 80.1740564,12.8947799,0 80.1740562,12.8945062,0 80.1740791,12.8945063,0 80.1740791,12.8943922,0 80.1741020,12.8943923,0 80.1741019,12.8942554,0 80.1741248,12.8942555,0 80.1741247,12.8941186,0 80.1741476,12.8941187,0 80.1741475,12.8939819,0 80.1741704,12.8939819,0 80.1741703,12.8938679,0 80.1741932,12.8938680,0 80.1741932,12.8937311,0 80.1742161,12.8937312,0 80.1742160,12.8935943,0 80.1742389,12.8935944,0 80.1742388,12.8934575,0 80.1742617,12.8934576,0 80.1742616,12.8933208,0 80.1742845,12.8933209,0 80.1742844,12.8931840,0 80.1743073,12.8931841,0 80.1743072,12.8930472,0 80.1743301,12.8930473,0 80.1743300,12.8928876,0 80.1743529,12.8928877,0 80.1743529,12.8927508,0 80.1743758,12.8927509,0 80.1743757,12.8925912,0 80.1743986,12.8925913,0 80.1743985,12.8924545,0 80.1744214,12.8924546,0 80.1744213,12.8922949,0 80.1744442,12.8922950,0 80.1744441,12.8921581,0 80.1744670,12.8921582,0 80.1744669,12.8919985,0 80.1744898,12.8919986,0 80.1744897,12.8918617,0 80.1745126,12.8918618,0 80.1745125,12.8917249,0 80.1745354,12.8917250,0 80.1745354,12.8916110,0 80.1746039,12.8914288,0 80.1746039,12.8913147,0 80.1746496,12.8912236,0 80.1746495,12.8911096,0 80.1746953,12.8910185,0 80.1746952,12.8908816,0 80.1747181,12.8908817,0 80.1747180,12.8906308,0 80.1746951,12.8906307,0 80.1746721,12.8904937,0 80.1746263,12.8904479,0 80.1746262,12.8903795,0 80.1745346,12.8902422,0 80.1745345,12.8901738,0 80.1744199,12.8899908,0 80.1744199,12.8899224,0 80.1742824,12.8896937,0 80.1742823,12.8896252,0 80.1741219,12.8893508,0 80.1741219,12.8892824,0 80.1739614,12.8890080,0 80.1739614,12.8889395,0 80.1738010,12.8886651,0 80.1738009,12.8885967,0 80.1736176,12.8882766,0 80.1736175,12.8882081,0 80.1734112,12.8878423,0 80.1734112,12.8877738,0 80.1733654,12.8877508,0 80.1729298,12.8868365,0 80.1728840,12.8868135,0 80.1724485,12.8858992,0 80.1724027,12.8858762,0 80.1720130,12.8851446,0 80.1719672,12.8851216,0 80.1717840,12.8851209,0 80.1717840,12.8850981,0 80.1715322,12.8850970,0 80.1715551,12.8851884,0 80.1714635,12.8851880,0 80.1710973,12.8853005,0 80.1706622,12.8852987,0 80.1706622,12.8853216,0 80.1703875,12.8853204,0 80.1703875,12.8853432,0 80.1702501,12.8853427,0 80.1702501,12.8853655,0 80.1701128,12.8853649,0 80.1699296,12.8854326,0 80.1699068,12.8854781,0 80.1692657,12.8854755,0 80.1692657,12.8854527,0 80.1687848,12.8854507,0 80.1687849,12.8854735,0 80.1683956,12.8854719,0 80.1683498,12.8854945,0 80.1682582,12.8854029,0 80.1680521,12.8854020,0 80.1680522,12.8854248,0 80.1678690,12.8854241,0 80.1678690,12.8854013,0 80.1677087,12.8854006,0 80.1677087,12.8853778,0 80.1675026,12.8853769,0 80.1675026,12.8853541,0 80.1673194,12.8853534,0 80.1673194,12.8853306,0 80.1668615,12.8853287,0 80.1668615,12.8853059,0 80.1667012,12.8853052,0 80.1667012,12.8852824,0 80.1665409,12.8852817,0 80.1665409,12.8852589,0 80.1663120,12.8852580,0 80.1662204,12.8853032,0 80.1660601,12.8853026,0 80.1660601,12.8852797,0 80.1659456,12.8852793,0 80.1659456,12.8852565,0 80.1658082,12.8852559,0 80.1658082,12.8852331,0 80.1656708,12.8852325,0 80.1656708,12.8852097,0 80.1655106,12.8852090,0 80.1655105,12.8851862,0 80.1653503,12.8851856,0 80.1653503,12.8851627,0 80.1651671,12.8851620,0 80.1651671,12.8851392,0 80.1649839,12.8851384,0 80.1649839,12.8851156,0 80.1647778,12.8851148,0 80.1647549,12.8850690,0 80.1646862,12.8850688,0 80.1646633,12.8850230,0 80.1645488,12.8850226,0 80.1645488,12.8849998,0 80.1643885,12.8849991,0 80.1642969,12.8849759,0 80.1642283,12.8850212,0 80.1640909,12.8850207,0 80.1640909,12.8849979,0 80.1639535,12.8849973,0 80.1638619,12.8850197,0 80.1638391,12.8850653,0 80.1634040,12.8850635,0 80.1633124,12.8850175,0 80.1631979,12.8850170,0 80.1631979,12.8849942,0 80.1630835,12.8849937,0 80.1630834,12.8849709,0 80.1628087,12.8849698,0 80.1627400,12.8849010,0 80.1616409,12.8848965,0 80.1616410,12.8849193,0 80.1606335,12.8849151,0 80.1606335,12.8849380,0 80.1596032,12.8849337,0 80.1596032,12.8849565,0 80.1594659,12.8849559,0 80.1594658,12.8849331,0 80.1593285,12.8849326,0 80.1593284,12.8849098,0 80.1591911,12.8849092,0 80.1591911,12.8848864,0 80.1590308,12.8848857,0 80.1590308,12.8848629,0 80.1588934,12.8848623,0 80.1588934,12.8848395,0 80.1587560,12.8848390,0 80.1587560,12.8848161,0 80.1586415,12.8848157,0 80.1586415,12.8847929,0 80.1585041,12.8847923,0 80.1585041,12.8847695,0 80.1583896,12.8847690,0 80.1583896,12.8847462,0 80.1582751,12.8847457,0 80.1581835,12.8846997,0 80.1580004,12.8846990,0 80.1577256,12.8846978,0 80.1577256,12.8847206,0 80.1575653,12.8847200,0 80.1575654,12.8847428,0 80.1573822,12.8847420,0 80.1573822,12.8847648,0 80.1572677,12.8847644,0 80.1572677,12.8847872,0 80.1571533,12.8847867,0 80.1571533,12.8848095,0 80.1570388,12.8848090,0 80.1569472,12.8848315,0 80.1569243,12.8848770,0 80.1568557,12.8848767,0 80.1568328,12.8849223,0 80.1566496,12.8849215,0 80.1566496,12.8849443,0 80.1565123,12.8849666,0 80.1564894,12.8850121,0 80.1563749,12.8850116,0 80.1563292,12.8850571,0 80.1562605,12.8850568,0 80.1562147,12.8851022,0 80.1561460,12.8851019,0 80.1561002,12.8851474,0 80.1554592,12.8851447,0 80.1554591,12.8851219,0 80.1552073,12.8851209,0 80.1552073,12.8850980,0 80.1549554,12.8850970,0 80.1547723,12.8851647,0 80.1547494,12.8852102,0 80.1546578,12.8852098,0 80.1546579,12.8852555,0 80.1545892,12.8853008,0 80.1544060,12.8853000,0 80.1543602,12.8853227,0 80.1542916,12.8854136,0 80.1542688,12.8854820,0 80.1542689,12.8857329,0 80.1541315,12.8857323,0 80.1541316,12.8858464,0 80.1541545,12.8858465,0 80.1541546,12.8860290,0 80.1541775,12.8860291,0 80.1542234,12.8861890,0 80.1540860,12.8861884,0 80.1540173,12.8862337,0 80.1538342,12.8862558,0 80.1537655,12.8863011,0 80.1534679,12.8862999,0 80.1534679,12.8863227,0 80.1532618,12.8863219,0 80.1532618,12.8862991,0 80.1525291,12.8862960,0 80.1525291,12.8863189,0 80.1523002,12.8863179,0 80.1523002,12.8863407,0 80.1520712,12.8863398,0 80.1520712,12.8863626,0 80.1518652,12.8863617,0 80.1518652,12.8863845,0 80.1516820,12.8863838,0 80.1516820,12.8864066,0 80.1514760,12.8864058,0 80.1514760,12.8864286,0 80.1512928,12.8864278,0 80.1512928,12.8864506,0 80.1510639,12.8864497,0 80.1510639,12.8864725,0 80.1508349,12.8864715,0 80.1508349,12.8864944,0 80.1506747,12.8864937,0 80.1506747,12.8865165,0 80.1505144,12.8865158,0 80.1505144,12.8865387,0 80.1503770,12.8865381,0 80.1503771,12.8865609,0 80.1502168,12.8865602,0 80.1502168,12.8865831,0 80.1500794,12.8865825,0 80.1500794,12.8866053,0 80.1499421,12.8866047,0 80.1499421,12.8866275,0 80.1497818,12.8866269,0 80.1497818,12.8866497,0 80.1496444,12.8866491,0 80.1496444,12.8866719,0 80.1495071,12.8866714,0 80.1495071,12.8866942,0 80.1493697,12.8866936,0 80.1493697,12.8867164,0 80.1492323,12.8867159,0 80.1492324,12.8867387,0 80.1490950,12.8867381,0 80.1490950,12.8867609,0 80.1489576,12.8867604,0 80.1489576,12.8867832,0 80.1488202,12.8867826,0 80.1488203,12.8868054,0 80.1486829,12.8868048,0 80.1486829,12.8868277,0 80.1485455,12.8868271,0 80.1485455,12.8868499,0 80.1484082,12.8868493,0 80.1484082,12.8868721,0 80.1482937,12.8868717,0 80.1482937,12.8868945,0 80.1481563,12.8868939,0 80.1481563,12.8869167,0 80.1480190,12.8869162,0 80.1480190,12.8869390,0 80.1479045,12.8869385,0 80.1479045,12.8869613,0 80.1477671,12.8869607,0 80.1477671,12.8869836,0 80.1476298,12.8869830,0 80.1476298,12.8870058,0 80.1474924,12.8870052,0 80.1474924,12.8870280,0 80.1473779,12.8870276,0 80.1473780,12.8870504,0 80.1472406,12.8870498,0 80.1472406,12.8870726,0 80.1471032,12.8870721,0 80.1471032,12.8870949,0 80.1469887,12.8870944,0 80.1469888,12.8871172,0 80.1468514,12.8871167,0 80.1468514,12.8871395,0 80.1467140,12.8871389,0 80.1467140,12.8871617,0 80.1465767,12.8871611,0 80.1465767,12.8871840,0 80.1464393,12.8871834,0 80.1464393,12.8872062,0 80.1463019,12.8872056,0 80.1463019,12.8872284,0 80.1461646,12.8872279,0 80.1461646,12.8872507,0 80.1460272,12.8872501,0 80.1460272,12.8872729,0 80.1458898,12.8872724,0 80.1458899,12.8872952,0 80.1457525,12.8872946,0 80.1457525,12.8873174,0 80.1456380,12.8873170,0 80.1455693,12.8873395,0 80.1455007,12.8874533,0 80.1453176,12.8875209,0 80.1452947,12.8875665,0 80.1452031,12.8875661,0 80.1449742,12.8877020,0 80.1449056,12.8877017,0 80.1439442,12.8881996,0 80.1438526,12.8881993,0 80.1436695,12.8882669,0 80.1435550,12.8882665,0 80.1435550,12.8882893,0 80.1433719,12.8883113,0 80.1433261,12.8883568,0 80.1431658,12.8883561,0 80.1430743,12.8884014,0 80.1429598,12.8884009,0 80.1428682,12.8884461,0 80.1427538,12.8884457,0 80.1426622,12.8884909,0 80.1425477,12.8884904,0 80.1425477,12.8885132,0 80.1424333,12.8885128,0 80.1423417,12.8885580,0 80.1422272,12.8885575,0 80.1422272,12.8885804,0 80.1421128,12.8885799,0 80.1421128,12.8886027,0 80.1419754,12.8886021,0 80.1419754,12.8886249,0 80.1418151,12.8886243,0 80.1418151,12.8886471,0 80.1416778,12.8886465,0 80.1416778,12.8886693,0 80.1415404,12.8886688,0 80.1415404,12.8886916,0 80.1414030,12.8886910,0 80.1414031,12.8887138,0 80.1412657,12.8887133,0 80.1412657,12.8887361,0 80.1411283,12.8887355,0 80.1411283,12.8887583,0 80.1409909,12.8887578,0 80.1409910,12.8887806,0 80.1408536,12.8887800,0 80.1408536,12.8888028,0 80.1407162,12.8888022,0 80.1407162,12.8888251,0 80.1406018,12.8888246,0 80.1406018,12.8888474,0 80.1404873,12.8888469,0 80.1404873,12.8888697,0 80.1403728,12.8888693,0 80.1402813,12.8889145,0 80.1401668,12.8889140,0 80.1401668,12.8889368,0 80.1400523,12.8889364,0 80.1400523,12.8889592,0 80.1395487,12.8890712,0 80.1394572,12.8891849,0 80.1394573,12.8895042,0 80.1394345,12.8895041,0 80.1394348,12.8901657,0 80.1394119,12.8901656,0 80.1394122,12.8905762,0 80.1393893,12.8905761,0 80.1393899,12.8915571,0 80.1393670,12.8915570,0 80.1393899,12.8916939,0 80.1394587,12.8917855,0 80.1395274,12.8917858,0 80.1395961,12.8918317,0 80.1397106,12.8918321,0 80.1397106,12.8918550,0 80.1400770,12.8919249,0 80.1401457,12.8919708,0 80.1402602,12.8919713,0 80.1402831,12.8920170,0 80.1404434,12.8920405,0 80.1405808,12.8921095,0 80.1407640,12.8921331,0 80.1408327,12.8922018,0 80.1408327,12.8922474,0 80.1409243,12.8923162,0 80.1409244,12.8923846,0 80.1409702,12.8924077,0 80.1410160,12.8925219,0 80.1411306,12.8926136,0 80.1411306,12.8926821,0 80.1412452,12.8927738,0 80.1412452,12.8928422,0 80.1413139,12.8928881,0 80.1413139,12.8929338,0 80.1414056,12.8930026,0 80.1414056,12.8930710,0 80.1414514,12.8930712,0 80.1414514,12.8931396,0 80.1414972,12.8931626,0 80.1416348,12.8934141,0 80.1417035,12.8934601,0 80.1418868,12.8937802,0 80.1419785,12.8938490,0 80.1419785,12.8939174,0 80.1420243,12.8939176,0 80.1420243,12.8939861,0 80.1420930,12.8940320,0 80.1421847,12.8942148,0 80.1422993,12.8943066,0 80.1422993,12.8943750,0 80.1423451,12.8944436,0 80.1424368,12.8945124,0 80.1424368,12.8945809,0 80.1425055,12.8946496,0 80.1425057,12.8950146,0 80.1425286,12.8950147,0 80.1425298,12.8969766,0 80.1425069,12.8969765,0 80.1425071,12.8973415,0 80.1425300,12.8973416,0 80.1425315,12.8998509,0 80.1424857,12.8998964,0 80.1424400,12.9000787,0 80.1424858,12.9001245,0 80.1424859,12.9002614,0 80.1425318,12.9003300,0 80.1425324,12.9013566,0 80.1425095,12.9013565,0 80.1425095,12.9014705,0 80.1424866,12.9014704,0 80.1424867,12.9016073,0 80.1424638,12.9016072,0 80.1424639,12.9017213,0 80.1424410,12.9017212,0 80.1424411,12.9018581,0 80.1424182,12.9018580,0 80.1424182,12.9019948,0 80.1423954,12.9019947,0 80.1423954,12.9021316,0 80.1423725,12.9021315,0 80.1423726,12.9022684,0 80.1423497,12.9022683,0 80.1423498,12.9024280,0 80.1423269,12.9024279,0 80.1423270,12.9025876,0 80.1423041,12.9025875,0 80.1423042,12.9027016,0 80.1422813,12.9027471,0 80.1422814,12.9029068,0 80.1422585,12.9029067,0 80.1422586,12.9031120,0 80.1422128,12.9031346,0 80.1422129,12.9032030,0 80.1421671,12.9032029,0 80.1420527,12.9033849,0 80.1419611,12.9033845,0 80.1419612,12.9035670,0 80.1419155,12.9035668,0 80.1418697,12.9036807,0 80.1418011,12.9037260,0 80.1418011,12.9037717,0 80.1417096,12.9038625,0 80.1417096,12.9039310,0 80.1416638,12.9039308,0 80.1416181,12.9040447,0 80.1415494,12.9040900,0 80.1415494,12.9041356,0 80.1414579,12.9042265,0 80.1414580,12.9042949,0 80.1413664,12.9043402,0 80.1412977,12.9043399,0 80.1412748,12.9043854,0 80.1409772,12.9044526,0 80.1409315,12.9044981,0 80.1408628,12.9044978,0 80.1408399,12.9045433,0 80.1405423,12.9046105,0 80.1404965,12.9046560,0 80.1404278,12.9046557,0 80.1404050,12.9047012,0 80.1401074,12.9047684,0 80.1400616,12.9048138,0 80.1399929,12.9048136,0 80.1399700,12.9048591,0 80.1396038,12.9049488,0 80.1395580,12.9049715,0 80.1390543,12.9049694,0 80.1390543,12.9049922,0 80.1385277,12.9049900,0 80.1385277,12.9050128,0 80.1380240,12.9050107,0 80.1380240,12.9050336,0 80.1375203,12.9050315,0 80.1375203,12.9050543,0 80.1369937,12.9050521,0 80.1369937,12.9050749,0 80.1366961,12.9051421,0 80.1366732,12.9051877,0 80.1365587,12.9051872,0 80.1365130,12.9052326,0 80.1364443,12.9052323,0 80.1363069,12.9053002,0 80.1361696,12.9052996,0 80.1361696,12.9053225,0 80.1360322,12.9053219,0 80.1360322,12.9053447,0 80.1358719,12.9053440,0 80.1358719,12.9053669,0 80.1357117,12.9053662,0 80.1357117,12.9053890,0 80.1355743,12.9053884,0 80.1355743,12.9054112,0 80.1354140,12.9054106,0 80.1354141,12.9054334,0 80.1352538,12.9054327,0 80.1352538,12.9054555,0 80.1351164,12.9054550,0 80.1351164,12.9054778,0 80.1349562,12.9054771,0 80.1349562,12.9054999,0 80.1348417,12.9054995,0 80.1348417,12.9055223,0 80.1347272,12.9055446,0 80.1346357,12.9055671,0 80.1344983,12.9056349,0 80.1343381,12.9056571,0 80.1343152,12.9057026,0 80.1342007,12.9057021,0 80.1342007,12.9057249,0 80.1340405,12.9057471,0 80.1340176,12.9057926,0 80.1339031,12.9057922,0 80.1338345,12.9058375,0 80.1337429,12.9058371,0 80.1337200,12.9058826,0 80.1336055,12.9058822,0 80.1335369,12.9059275,0 80.1334453,12.9059271,0 80.1334224,12.9059727,0 80.1333079,12.9059722,0 80.1332393,12.9060175,0 80.1331477,12.9060172,0 80.1331248,12.9060627,0 80.1330103,12.9060622,0 80.1329417,12.9060847,0 80.1328958,12.9060389,0 80.1328043,12.9060386,0 80.1327813,12.9059928,0 80.1326897,12.9059468,0 80.1326210,12.9059465,0 80.1325294,12.9058777,0 80.1324378,12.9058774,0 80.1324149,12.9058316,0 80.1323233,12.9057856,0 80.1322546,12.9057853,0 80.1321630,12.9057165,0 80.1320714,12.9057162,0 80.1320485,12.9056704,0 80.1319569,12.9056244,0 80.1318882,12.9056241,0 80.1317966,12.9055553,0 80.1317279,12.9055550,0 80.1316592,12.9055091,0 80.1313844,12.9054624,0 80.1313157,12.9054165,0 80.1309493,12.9053465,0 80.1308806,12.9053006,0 80.1307890,12.9052774,0 80.1306516,12.9052769,0 80.1306287,12.9052311,0 80.1304226,12.9051847,0 80.1303768,12.9051388,0 80.1301707,12.9050924,0 80.1301248,12.9050466,0 80.1299188,12.9050001,0 80.1298729,12.9049543,0 80.1297126,12.9049080,0 80.1296897,12.9048623,0 80.1295981,12.9048391,0 80.1295752,12.9047933,0 80.1294836,12.9047702,0 80.1294607,12.9047244,0 80.1293462,12.9047012,0 80.1293461,12.9046555,0 80.1292317,12.9046322,0 80.1292316,12.9045866,0 80.1291400,12.9045634,0 80.1291171,12.9045177,0 80.1290255,12.9044945,0 80.1290026,12.9044488,0 80.1289110,12.9044256,0 80.1287735,12.9043110,0 80.1285904,12.9043102,0 80.1285217,12.9043784,0 80.1284759,12.9043782,0 80.1284302,12.9044464,0 80.1283844,12.9044462,0 80.1283386,12.9045145,0 80.1282928,12.9045143,0 80.1282471,12.9045826,0 80.1282013,12.9045824,0 80.1281784,12.9046507,0 80.1281098,12.9046504,0 80.1280411,12.9047414,0 80.1279953,12.9047412,0 80.1279496,12.9048094,0 80.1279038,12.9048093,0 80.1278580,12.9048775,0 80.1278122,12.9048773,0 80.1277665,12.9049456,0 80.1277207,12.9049454,0 80.1276749,12.9050136,0 80.1276292,12.9050134,0 80.1275834,12.9050817,0 80.1275376,12.9050815,0 80.1274919,12.9051497,0 80.1274461,12.9051496,0 80.1274232,12.9052179,0 80.1273545,12.9052176,0 80.1272859,12.9053086,0 80.1272401,12.9053084,0 80.1271943,12.9053766,0 80.1271485,12.9053764,0 80.1271028,12.9054447,0 80.1270570,12.9054445,0 80.1270113,12.9055128,0 80.1269655,12.9055126,0 80.1269197,12.9055808,0 80.1268739,12.9055806,0 80.1268282,12.9056489,0 80.1267824,12.9056487,0 80.1267366,12.9057169,0 80.1266908,12.9057167,0 80.1266680,12.9057851,0 80.1265993,12.9057848,0 80.1265764,12.9058531,0 80.1264849,12.9058756,0 80.1264391,12.9059438,0 80.1263246,12.9059890,0 80.1262789,12.9060572,0 80.1260958,12.9061477,0 80.1260042,12.9061473,0 80.1259813,12.9061929,0 80.1258439,12.9061923,0 80.1258211,12.9062378,0 80.1256837,12.9062373,0 80.1256608,12.9062828,0 80.1255464,12.9062823,0 80.1255006,12.9063278,0 80.1253861,12.9063273,0 80.1253861,12.9063501,0 80.1252488,12.9063723,0 80.1251801,12.9064633,0 80.1251802,12.9065318,0 80.1251344,12.9065772,0 80.1251345,12.9066913,0 80.1250887,12.9067139,0 80.1250201,12.9069417,0 80.1249285,12.9069413,0 80.1248141,12.9070093,0 80.1247454,12.9070090,0 80.1246997,12.9070545,0 80.1245623,12.9070767,0 80.1244936,12.9071449,0 80.1244021,12.9071445,0 80.1243792,12.9071900,0 80.1242876,12.9071896,0 80.1241732,12.9072576,0 80.1241045,12.9072573,0 80.1240587,12.9073027,0 80.1239213,12.9073250,0 80.1238527,12.9073931,0 80.1237611,12.9073928,0 80.1236467,12.9074607,0 80.1235780,12.9074604,0 80.1235322,12.9075059,0 80.1234635,12.9075056,0 80.1234178,12.9075510,0 80.1233491,12.9075507,0 80.1233033,12.9075962,0 80.1232346,12.9075959,0 80.1231889,12.9076413,0 80.1231202,12.9076411,0 80.1230744,12.9076865,0 80.1229370,12.9077087,0 80.1228913,12.9077542,0 80.1228226,12.9077539,0 80.1227539,12.9078220,0 80.1226623,12.9078217,0 80.1226395,12.9078672,0 80.1225479,12.9078668,0 80.1225250,12.9079123,0 80.1224334,12.9079120,0 80.1223190,12.9079799,0 80.1221816,12.9080022,0 80.1221588,12.9080477,0 80.1220443,12.9080472,0 80.1219527,12.9080697,0 80.1218841,12.9081150,0 80.1217925,12.9081146,0 80.1217238,12.9081600,0 80.1214491,12.9081588,0 80.1214491,12.9081816,0 80.1211056,12.9081802,0 80.1211056,12.9082030,0 80.1207393,12.9082015,0 80.1207393,12.9082243,0 80.1203959,12.9082229,0 80.1203959,12.9082457,0 80.1200524,12.9082443,0 80.1200525,12.9082671,0 80.1197090,12.9082657,0 80.1197090,12.9082885,0 80.1193656,12.9082871,0 80.1192740,12.9082411,0 80.1192510,12.9081726,0 80.1191824,12.9081723,0 80.1191823,12.9081267,0 80.1191136,12.9081036,0 80.1190678,12.9080349,0 80.1190220,12.9080348,0 80.1189762,12.9079661,0 80.1189304,12.9079659,0 80.1188616,12.9078744,0 80.1187929,12.9078741,0 80.1187929,12.9078285,0 80.1187242,12.9078054,0 80.1186784,12.9077368,0 80.1186326,12.9077366,0 80.1185868,12.9076680,0 80.1185410,12.9076678,0 80.1184951,12.9075991,0 80.1184035,12.9075759,0 80.1184035,12.9075303,0 80.1183348,12.9075072,0 80.1182890,12.9074386,0 80.1182432,12.9074384,0 80.1181974,12.9073698,0 80.1181516,12.9073696,0 80.1181057,12.9073010,0 80.1180599,12.9073008,0 80.1179912,12.9072092,0 80.1179225,12.9072090,0 80.1179225,12.9071633,0 80.1178538,12.9071402,0 80.1178079,12.9070716,0 80.1177622,12.9070714,0 80.1177163,12.9070028,0 80.1176705,12.9070026,0 80.1176018,12.9069111,0 80.1175331,12.9069108,0 80.1175331,12.9068652,0 80.1174644,12.9068421,0 80.1174185,12.9067734,0 80.1173727,12.9067733,0 80.1173269,12.9067046,0 80.1172811,12.9067044,0 80.1172353,12.9066358,0 80.1171895,12.9066356,0 80.1171208,12.9065441,0 80.1170521,12.9065438,0 80.1170520,12.9064982,0 80.1169833,12.9064751,0 80.1168917,12.9063606,0 80.1168459,12.9063605,0 80.1167084,12.9062002,0 80.1166626,12.9062000,0 80.1165023,12.9060169,0 80.1163877,12.9059708,0 80.1163190,12.9058564,0 80.1162732,12.9058562,0 80.1161128,12.9056731,0 80.1160670,12.9056729,0 80.1159296,12.9055126,0 80.1158150,12.9054665,0 80.1157463,12.9053522,0 80.1157005,12.9053520,0 80.1155401,12.9051688,0 80.1154256,12.9051227,0 80.1153569,12.9050084,0 80.1153111,12.9050082,0 80.1151507,12.9048250,0 80.1151049,12.9048248,0 80.1150362,12.9047333,0 80.1149903,12.9047103,0 80.1148301,12.9047096,0 80.1147843,12.9047551,0 80.1146240,12.9047544,0 80.1145783,12.9047998,0 80.1144180,12.9047992,0 80.1143722,12.9048446,0 80.1142120,12.9048440,0 80.1141662,12.9048894,0 80.1140059,12.9048887,0 80.1139602,12.9049342,0 80.1137999,12.9049335,0 80.1137541,12.9049789,0 80.1135938,12.9049783,0 80.1135710,12.9050010,0 80.1134794,12.9050006,0 80.1133878,12.9050459,0 80.1132733,12.9050454,0 80.1131818,12.9050906,0 80.1130673,12.9050902,0 80.1129757,12.9051354,0 80.1128613,12.9051349,0 80.1127697,12.9051802,0 80.1126552,12.9051797,0 80.1125637,12.9052250,0 80.1124492,12.9052245,0 80.1123576,12.9052697,0 80.1122431,12.9052693,0 80.1121516,12.9053145,0 80.1120371,12.9053140,0 80.1119455,12.9053593,0 80.1118311,12.9053588,0 80.1117853,12.9054042,0 80.1116250,12.9054036,0 80.1115793,12.9054490,0 80.1114190,12.9054484,0 80.1113732,12.9054938,0 80.1112130,12.9054931,0 80.1111672,12.9055386,0 80.1110069,12.9055379,0 80.1110069,12.9055607,0 80.1108924,12.9055602,0 80.1108009,12.9056055,0 80.1106864,12.9056050,0 80.1105949,12.9056503,0 80.1104804,12.9056498,0 80.1103888,12.9056950,0 80.1102743,12.9056946,0 80.1101828,12.9057398,0 80.1100683,12.9057393,0 80.1099767,12.9057846,0 80.1098623,12.9057841,0 80.1097707,12.9058294,0 80.1096562,12.9058289,0 80.1095647,12.9058741,0 80.1094502,12.9058737,0 80.1094044,12.9059191,0 80.1092441,12.9059184,0 80.1091984,12.9059639,0 80.1090381,12.9059632,0 80.1089923,12.9060086,0 80.1088321,12.9060080,0 80.1088321,12.9060308,0 80.1080079,12.9062099,0 80.1079393,12.9062552,0 80.1078477,12.9062549,0 80.1078019,12.9063003,0 80.1077103,12.9062999,0 80.1075272,12.9063676,0 80.1073898,12.9063670,0 80.1068404,12.9065244,0 80.1067030,12.9065239,0 80.1066573,12.9066378,0 80.1065886,12.9066831,0 80.1065887,12.9067287,0 80.1063598,12.9069103,0 80.1062911,12.9069100,0 80.1062225,12.9069781,0 80.1057654,12.9084134,0 80.1057425,12.9084133,0 80.1057427,12.9088240,0 80.1057656,12.9088241,0 80.1057659,12.9092575,0 80.1056514,12.9093255,0 80.1056286,12.9093710,0 80.1054226,12.9094386,0 80.1051479,12.9095971,0 80.1050792,12.9095968,0 80.1046214,12.9098459,0 80.1045528,12.9098912,0 80.1043696,12.9099589,0 80.1043468,12.9100044,0 80.1041636,12.9100721,0 80.1041408,12.9101177,0 80.1039576,12.9101853,0 80.1039348,12.9102309,0 80.1037516,12.9102985,0 80.1037288,12.9103441,0 80.1035456,12.9104118,0 80.1035228,12.9104573,0 80.1033396,12.9105250,0 80.1033168,12.9105705,0 80.1031336,12.9106382,0 80.1031108,12.9106837,0 80.1030192,12.9107061,0 80.1029735,12.9107744,0 80.1029278,12.9110480,0 80.1029049,12.9110479,0 80.1029050,12.9111619,0 80.1028593,12.9112530,0 80.1028593,12.9113442,0 80.1026991,12.9114576,0 80.1026762,12.9115032,0 80.1025160,12.9115481,0 80.1024473,12.9115935,0 80.1023558,12.9117300,0 80.1023100,12.9117298,0 80.1022414,12.9118207,0 80.1021956,12.9118206,0 80.1020583,12.9120253,0 80.1020813,12.9120938,0 80.1023104,12.9123001,0 80.1023562,12.9123003,0</coordinates></LinearRing></outerBoundaryIs></Polygon></MultiGeometry></Placemark>
</Document></kml>
